time,scenario,event_id,severity,affected_node,affected_link,affected_node_position,affected_link_position,service_id,path_nodes,path_links,path_delay,path_loss,bottleneck_node,bottleneck_link
0,normal,-1,0.0,,,-1,-1,0,access_0|edge_0|cloud_0,access_0-edge_0|edge_0-cloud_0,47.59548,0.002341,cloud_0,access_0-edge_0
0,normal,-1,0.0,,,-1,-1,1,access_1|edge_3|edge_4|cloud_0,access_1-edge_3|edge_3-edge_4|edge_4-cloud_0,60.48144,0.003491,cloud_0,edge_4-cloud_0
0,normal,-1,0.0,,,-1,-1,2,access_0|edge_1|edge_2|edge_3|edge_4|cloud_0,access_0-edge_1|edge_1-edge_2|edge_2-edge_3|edge_3-edge_4|edge_4-cloud_0,81.53881,0.005076,edge_2,edge_2-edge_3
0,normal,-1,0.0,,,-1,-1,3,access_0|edge_0|edge_4|cloud_0,access_0-edge_0|edge_4-edge_0|edge_4-cloud_0,56.75829,0.005818,cloud_0,edge_4-cloud_0
0,normal,-1,0.0,,,-1,-1,4,access_0|edge_0|cloud_0,access_0-edge_0|edge_0-cloud_0,47.59548,0.002341,cloud_0,access_0-edge_0
0,normal,-1,0.0,,,-1,-1,5,access_1|edge_3|edge_4|cloud_0,access_1-edge_3|edge_3-edge_4|edge_4-cloud_0,60.48144,0.003491,cloud_0,edge_4-cloud_0
0,normal,-1,0.0,,,-1,-1,6,access_1|edge_3|edge_2|cloud_0,access_1-edge_3|edge_2-edge_3|edge_2-cloud_0,58.78125,0.002116,edge_2,edge_2-edge_3
0,normal,-1,0.0,,,-1,-1,7,access_0|edge_0|edge_4|cloud_0,access_0-edge_0|edge_4-edge_0|edge_4-cloud_0,56.75829,0.005818,cloud_0,edge_4-cloud_0
1,normal,-1,0.0,,,-1,-1,0,access_0|edge_0|cloud_0,access_0-edge_0|edge_0-cloud_0,47.40897,0.003013,cloud_0,edge_0-cloud_0
1,normal,-1,0.0,,,-1,-1,1,access_1|edge_3|edge_4|cloud_0,access_1-edge_3|edge_3-edge_4|edge_4-cloud_0,57.66388,0.006253,cloud_0,edge_4-cloud_0
1,normal,-1,0.0,,,-1,-1,2,access_0|edge_1|edge_2|edge_3|edge_4|cloud_0,access_0-edge_1|edge_1-edge_2|edge_2-edge_3|edge_3-edge_4|edge_4-cloud_0,80.96335,0.009538,edge_2,edge_4-cloud_0
1,normal,-1,0.0,,,-1,-1,3,access_0|edge_0|edge_4|cloud_0,access_0-edge_0|edge_4-edge_0|edge_4-cloud_0,58.25264,0.00545,cloud_0,edge_4-cloud_0
1,normal,-1,0.0,,,-1,-1,4,access_0|edge_0|cloud_0,access_0-edge_0|edge_0-cloud_0,47.40897,0.003013,cloud_0,edge_0-cloud_0
1,normal,-1,0.0,,,-1,-1,5,access_1|edge_3|edge_4|cloud_0,access_1-edge_3|edge_3-edge_4|edge_4-cloud_0,57.66388,0.006253,cloud_0,edge_4-cloud_0
1,normal,-1,0.0,,,-1,-1,6,access_1|edge_3|edge_2|cloud_0,access_1-edge_3|edge_2-edge_3|edge_2-cloud_0,57.72982,0.008623,edge_2,edge_2-cloud_0
1,normal,-1,0.0,,,-1,-1,7,access_0|edge_0|edge_4|cloud_0,access_0-edge_0|edge_4-edge_0|edge_4-cloud_0,58.25264,0.00545,cloud_0,edge_4-cloud_0
2,normal,-1,0.0,,,-1,-1,0,access_0|edge_0|cloud_0,access_0-edge_0|edge_0-cloud_0,48.79785,0.0046,cloud_0,edge_0-cloud_0
2,normal,-1,0.0,,,-1,-1,1,access_1|edge_3|edge_4|cloud_0,access_1-edge_3|edge_3-edge_4|edge_4-cloud_0,58.0946,0.008482,edge_4,edge_3-edge_4
2,normal,-1,0.0,,,-1,-1,2,access_0|edge_1|edge_2|edge_3|edge_4|cloud_0,access_0-edge_1|edge_1-edge_2|edge_2-edge_3|edge_3-edge_4|edge_4-cloud_0,79.30162,0.012508,edge_2,edge_3-edge_4
2,normal,-1,0.0,,,-1,-1,3,access_0|edge_0|edge_4|cloud_0,access_0-edge_0|edge_4-edge_0|edge_4-cloud_0,60.54328,0.00879,edge_4,edge_4-edge_0
2,normal,-1,0.0,,,-1,-1,4,access_0|edge_0|cloud_0,access_0-edge_0|edge_0-cloud_0,48.79785,0.0046,cloud_0,edge_0-cloud_0
2,normal,-1,0.0,,,-1,-1,5,access_1|edge_3|edge_4|cloud_0,access_1-edge_3|edge_3-edge_4|edge_4-cloud_0,58.0946,0.008482,edge_4,edge_3-edge_4
2,normal,-1,0.0,,,-1,-1,6,access_1|edge_3|edge_2|cloud_0,access_1-edge_3|edge_2-edge_3|edge_2-cloud_0,57.07133,0.006797,edge_2,access_1-edge_3
2,normal,-1,0.0,,,-1,-1,7,access_0|edge_0|edge_4|cloud_0,access_0-edge_0|edge_4-edge_0|edge_4-cloud_0,60.54328,0.00879,edge_4,edge_4-edge_0
3,normal,-1,0.0,,,-1,-1,0,access_0|edge_0|cloud_0,access_0-edge_0|edge_0-cloud_0,49.39309,0.001737,cloud_0,access_0-edge_0
3,normal,-1,0.0,,,-1,-1,1,access_1|edge_3|edge_4|cloud_0,access_1-edge_3|edge_3-edge_4|edge_4-cloud_0,54.86156,0.008093,cloud_0,access_1-edge_3
3,normal,-1,0.0,,,-1,-1,2,access_0|edge_1|edge_2|edge_3|edge_4|cloud_0,access_0-edge_1|edge_1-edge_2|edge_2-edge_3|edge_3-edge_4|edge_4-cloud_0,74.80649,0.009788,edge_2,edge_3-edge_4
3,normal,-1,0.0,,,-1,-1,3,access_0|edge_0|edge_4|cloud_0,access_0-edge_0|edge_4-edge_0|edge_4-cloud_0,56.40442,0.006365,cloud_0,edge_4-edge_0
3,normal,-1,0.0,,,-1,-1,4,access_0|edge_0|cloud_0,access_0-edge_0|edge_0-cloud_0,49.39309,0.001737,cloud_0,access_0-edge_0
3,normal,-1,0.0,,,-1,-1,5,access_1|edge_3|edge_4|cloud_0,access_1-edge_3|edge_3-edge_4|edge_4-cloud_0,54.86156,0.008093,cloud_0,access_1-edge_3
3,normal,-1,0.0,,,-1,-1,6,access_1|edge_3|edge_2|cloud_0,access_1-edge_3|edge_2-edge_3|edge_2-cloud_0,58.34776,0.007757,edge_2,access_1-edge_3
3,normal,-1,0.0,,,-1,-1,7,access_0|edge_0|edge_4|cloud_0,access_0-edge_0|edge_4-edge_0|edge_4-cloud_0,56.40442,0.006365,cloud_0,edge_4-edge_0
4,normal,-1,0.0,,,-1,-1,0,access_0|edge_0|cloud_0,access_0-edge_0|edge_0-cloud_0,50.68837,0.001976,cloud_0,access_0-edge_0
4,normal,-1,0.0,,,-1,-1,1,access_1|edge_3|edge_4|cloud_0,access_1-edge_3|edge_3-edge_4|edge_4-cloud_0,59.90885,0.004401,cloud_0,access_1-edge_3
4,normal,-1,0.0,,,-1,-1,2,access_0|edge_1|edge_2|edge_3|edge_4|cloud_0,access_0-edge_1|edge_1-edge_2|edge_2-edge_3|edge_3-edge_4|edge_4-cloud_0,76.94062,0.013093,edge_2,edge_2-edge_3
4,normal,-1,0.0,,,-1,-1,3,access_0|edge_0|edge_4|cloud_0,access_0-edge_0|edge_4-edge_0|edge_4-cloud_0,58.3404,0.003571,cloud_0,access_0-edge_0
4,normal,-1,0.0,,,-1,-1,4,access_0|edge_0|cloud_0,access_0-edge_0|edge_0-cloud_0,50.68837,0.001976,cloud_0,access_0-edge_0
4,normal,-1,0.0,,,-1,-1,5,access_1|edge_3|edge_4|cloud_0,access_1-edge_3|edge_3-edge_4|edge_4-cloud_0,59.90885,0.004401,cloud_0,access_1-edge_3
4,normal,-1,0.0,,,-1,-1,6,access_1|edge_3|edge_2|cloud_0,access_1-edge_3|edge_2-edge_3|edge_2-cloud_0,59.88624,0.012807,edge_2,edge_2-edge_3
4,normal,-1,0.0,,,-1,-1,7,access_0|edge_0|edge_4|cloud_0,access_0-edge_0|edge_4-edge_0|edge_4-cloud_0,58.3404,0.003571,cloud_0,access_0-edge_0
5,normal,-1,0.0,,,-1,-1,0,access_0|edge_0|cloud_0,access_0-edge_0|edge_0-cloud_0,51.40769,0.0045,cloud_0,edge_0-cloud_0
5,normal,-1,0.0,,,-1,-1,1,access_1|edge_3|edge_4|cloud_0,access_1-edge_3|edge_3-edge_4|edge_4-cloud_0,58.66396,0.005126,cloud_0,edge_4-cloud_0
5,normal,-1,0.0,,,-1,-1,2,access_0|edge_1|edge_2|edge_3|edge_4|cloud_0,access_0-edge_1|edge_1-edge_2|edge_2-edge_3|edge_3-edge_4|edge_4-cloud_0,75.73286,0.007862,edge_2,edge_1-edge_2
5,normal,-1,0.0,,,-1,-1,3,access_0|edge_0|edge_4|cloud_0,access_0-edge_0|edge_4-edge_0|edge_4-cloud_0,59.74784,0.003086,cloud_0,access_0-edge_0
5,normal,-1,0.0,,,-1,-1,4,access_0|edge_0|cloud_0,access_0-edge_0|edge_0-cloud_0,51.40769,0.0045,cloud_0,edge_0-cloud_0
5,normal,-1,0.0,,,-1,-1,5,access_1|edge_3|edge_4|cloud_0,access_1-edge_3|edge_3-edge_4|edge_4-cloud_0,58.66396,0.005126,cloud_0,edge_4-cloud_0
5,normal,-1,0.0,,,-1,-1,6,access_1|edge_3|edge_2|cloud_0,access_1-edge_3|edge_2-edge_3|edge_2-cloud_0,59.1846,0.003283,edge_2,edge_2-edge_3
5,normal,-1,0.0,,,-1,-1,7,access_0|edge_0|edge_4|cloud_0,access_0-edge_0|edge_4-edge_0|edge_4-cloud_0,59.74784,0.003086,cloud_0,access_0-edge_0
6,normal,-1,0.0,,,-1,-1,0,access_0|edge_0|cloud_0,access_0-edge_0|edge_0-cloud_0,49.40003,0.0043,cloud_0,access_0-edge_0
6,normal,-1,0.0,,,-1,-1,1,access_1|edge_3|edge_4|cloud_0,access_1-edge_3|edge_3-edge_4|edge_4-cloud_0,58.92525,0.008867,edge_4,edge_4-cloud_0
6,normal,-1,0.0,,,-1,-1,2,access_0|edge_1|edge_2|edge_3|edge_4|cloud_0,access_0-edge_1|edge_1-edge_2|edge_2-edge_3|edge_3-edge_4|edge_4-cloud_0,81.40023,0.011495,edge_2,edge_4-cloud_0
6,normal,-1,0.0,,,-1,-1,3,access_0|edge_0|edge_4|cloud_0,access_0-edge_0|edge_4-edge_0|edge_4-cloud_0,59.66327,0.012009,edge_4,edge_4-edge_0
6,normal,-1,0.0,,,-1,-1,4,access_0|edge_0|cloud_0,access_0-edge_0|edge_0-cloud_0,49.40003,0.0043,cloud_0,access_0-edge_0
6,normal,-1,0.0,,,-1,-1,5,access_1|edge_3|edge_4|cloud_0,access_1-edge_3|edge_3-edge_4|edge_4-cloud_0,58.92525,0.008867,edge_4,edge_4-cloud_0
6,normal,-1,0.0,,,-1,-1,6,access_1|edge_3|edge_2|cloud_0,access_1-edge_3|edge_2-edge_3|edge_2-cloud_0,58.88135,0.007088,edge_2,edge_2-cloud_0
6,normal,-1,0.0,,,-1,-1,7,access_0|edge_0|edge_4|cloud_0,access_0-edge_0|edge_4-edge_0|edge_4-cloud_0,59.66327,0.012009,edge_4,edge_4-edge_0
7,normal,-1,0.0,,,-1,-1,0,access_0|edge_0|cloud_0,access_0-edge_0|edge_0-cloud_0,47.4165,0.001299,cloud_0,access_0-edge_0
7,normal,-1,0.0,,,-1,-1,1,access_1|edge_3|edge_4|cloud_0,access_1-edge_3|edge_3-edge_4|edge_4-cloud_0,56.35972,0.006538,cloud_0,access_1-edge_3
7,normal,-1,0.0,,,-1,-1,2,access_0|edge_1|edge_2|edge_3|edge_4|cloud_0,access_0-edge_1|edge_1-edge_2|edge_2-edge_3|edge_3-edge_4|edge_4-cloud_0,75.65087,0.012369,edge_2,edge_1-edge_2
7,normal,-1,0.0,,,-1,-1,3,access_0|edge_0|edge_4|cloud_0,access_0-edge_0|edge_4-edge_0|edge_4-cloud_0,59.00348,0.006075,cloud_0,edge_4-edge_0
7,normal,-1,0.0,,,-1,-1,4,access_0|edge_0|cloud_0,access_0-edge_0|edge_0-cloud_0,47.4165,0.001299,cloud_0,access_0-edge_0
7,normal,-1,0.0,,,-1,-1,5,access_1|edge_3|edge_4|cloud_0,access_1-edge_3|edge_3-edge_4|edge_4-cloud_0,56.35972,0.006538,cloud_0,access_1-edge_3
7,normal,-1,0.0,,,-1,-1,6,access_1|edge_3|edge_2|cloud_0,access_1-edge_3|edge_2-edge_3|edge_2-cloud_0,55.86138,0.005162,edge_2,access_1-edge_3
7,normal,-1,0.0,,,-1,-1,7,access_0|edge_0|edge_4|cloud_0,access_0-edge_0|edge_4-edge_0|edge_4-cloud_0,59.00348,0.006075,cloud_0,edge_4-edge_0
8,normal,-1,0.0,,,-1,-1,0,access_0|edge_0|cloud_0,access_0-edge_0|edge_0-cloud_0,46.59643,0.005162,cloud_0,edge_0-cloud_0
8,normal,-1,0.0,,,-1,-1,1,access_1|edge_3|edge_4|cloud_0,access_1-edge_3|edge_3-edge_4|edge_4-cloud_0,61.39277,0.004508,edge_4,edge_4-cloud_0
8,normal,-1,0.0,,,-1,-1,2,access_0|edge_1|edge_2|edge_3|edge_4|cloud_0,access_0-edge_1|edge_1-edge_2|edge_2-edge_3|edge_3-edge_4|edge_4-cloud_0,80.18812,0.008417,edge_2,edge_4-cloud_0
8,normal,-1,0.0,,,-1,-1,3,access_0|edge_0|edge_4|cloud_0,access_0-edge_0|edge_4-edge_0|edge_4-cloud_0,59.09766,0.004273,edge_4,edge_4-cloud_0
8,normal,-1,0.0,,,-1,-1,4,access_0|edge_0|cloud_0,access_0-edge_0|edge_0-cloud_0,46.59643,0.005162,cloud_0,edge_0-cloud_0
8,normal,-1,0.0,,,-1,-1,5,access_1|edge_3|edge_4|cloud_0,access_1-edge_3|edge_3-edge_4|edge_4-cloud_0,61.39277,0.004508,edge_4,edge_4-cloud_0
8,normal,-1,0.0,,,-1,-1,6,access_1|edge_3|edge_2|cloud_0,access_1-edge_3|edge_2-edge_3|edge_2-cloud_0,59.63099,0.006797,edge_2,access_1-edge_3
8,normal,-1,0.0,,,-1,-1,7,access_0|edge_0|edge_4|cloud_0,access_0-edge_0|edge_4-edge_0|edge_4-cloud_0,59.09766,0.004273,edge_4,edge_4-cloud_0
9,normal,-1,0.0,,,-1,-1,0,access_0|edge_0|cloud_0,access_0-edge_0|edge_0-cloud_0,50.3764,0.003363,cloud_0,access_0-edge_0
9,normal,-1,0.0,,,-1,-1,1,access_1|edge_3|edge_4|cloud_0,access_1-edge_3|edge_3-edge_4|edge_4-cloud_0,56.94782,0.003979,cloud_0,edge_3-edge_4
9,normal,-1,0.0,,,-1,-1,2,access_0|edge_1|edge_2|edge_3|edge_4|cloud_0,access_0-edge_1|edge_1-edge_2|edge_2-edge_3|edge_3-edge_4|edge_4-cloud_0,78.8436,0.012984,edge_2,edge_2-edge_3
9,normal,-1,0.0,,,-1,-1,3,access_0|edge_0|edge_4|cloud_0,access_0-edge_0|edge_4-edge_0|edge_4-cloud_0,58.38731,0.0,cloud_0,edge_4-cloud_0
9,normal,-1,0.0,,,-1,-1,4,access_0|edge_0|cloud_0,access_0-edge_0|edge_0-cloud_0,50.3764,0.003363,cloud_0,access_0-edge_0
9,normal,-1,0.0,,,-1,-1,5,access_1|edge_3|edge_4|cloud_0,access_1-edge_3|edge_3-edge_4|edge_4-cloud_0,56.94782,0.003979,cloud_0,edge_3-edge_4
9,normal,-1,0.0,,,-1,-1,6,access_1|edge_3|edge_2|cloud_0,access_1-edge_3|edge_2-edge_3|edge_2-cloud_0,58.02057,0.006024,edge_2,edge_2-edge_3
9,normal,-1,0.0,,,-1,-1,7,access_0|edge_0|edge_4|cloud_0,access_0-edge_0|edge_4-edge_0|edge_4-cloud_0,58.38731,0.0,cloud_0,edge_4-cloud_0
10,normal,-1,0.0,,,-1,-1,0,access_0|edge_0|cloud_0,access_0-edge_0|edge_0-cloud_0,47.28789,0.006615,cloud_0,access_0-edge_0
10,normal,-1,0.0,,,-1,-1,1,access_1|edge_3|edge_4|cloud_0,access_1-edge_3|edge_3-edge_4|edge_4-cloud_0,56.4192,0.005419,cloud_0,access_1-edge_3
10,normal,-1,0.0,,,-1,-1,2,access_0|edge_1|edge_2|edge_3|edge_4|cloud_0,access_0-edge_1|edge_1-edge_2|edge_2-edge_3|edge_3-edge_4|edge_4-cloud_0,76.83345,0.009094,edge_2,edge_1-edge_2
10,normal,-1,0.0,,,-1,-1,3,access_0|edge_0|edge_4|cloud_0,access_0-edge_0|edge_4-edge_0|edge_4-cloud_0,57.19473,0.006299,cloud_0,access_0-edge_0
10,normal,-1,0.0,,,-1,-1,4,access_0|edge_0|cloud_0,access_0-edge_0|edge_0-cloud_0,47.28789,0.006615,cloud_0,access_0-edge_0
10,normal,-1,0.0,,,-1,-1,5,access_1|edge_3|edge_4|cloud_0,access_1-edge_3|edge_3-edge_4|edge_4-cloud_0,56.4192,0.005419,cloud_0,access_1-edge_3
10,normal,-1,0.0,,,-1,-1,6,access_1|edge_3|edge_2|cloud_0,access_1-edge_3|edge_2-edge_3|edge_2-cloud_0,58.34588,0.007868,edge_2,access_1-edge_3
10,normal,-1,0.0,,,-1,-1,7,access_0|edge_0|edge_4|cloud_0,access_0-edge_0|edge_4-edge_0|edge_4-cloud_0,57.19473,0.006299,cloud_0,access_0-edge_0
11,normal,-1,0.0,,,-1,-1,0,access_0|edge_0|cloud_0,access_0-edge_0|edge_0-cloud_0,48.5433,0.003559,cloud_0,access_0-edge_0
11,normal,-1,0.0,,,-1,-1,1,access_1|edge_3|edge_4|cloud_0,access_1-edge_3|edge_3-edge_4|edge_4-cloud_0,60.61959,0.008137,cloud_0,edge_3-edge_4
11,normal,-1,0.0,,,-1,-1,2,access_0|edge_1|edge_2|edge_3|edge_4|cloud_0,access_0-edge_1|edge_1-edge_2|edge_2-edge_3|edge_3-edge_4|edge_4-cloud_0,78.17536,0.010428,edge_2,access_0-edge_1
11,normal,-1,0.0,,,-1,-1,3,access_0|edge_0|edge_4|cloud_0,access_0-edge_0|edge_4-edge_0|edge_4-cloud_0,58.0015,0.005396,cloud_0,access_0-edge_0
11,normal,-1,0.0,,,-1,-1,4,access_0|edge_0|cloud_0,access_0-edge_0|edge_0-cloud_0,48.5433,0.003559,cloud_0,access_0-edge_0
11,normal,-1,0.0,,,-1,-1,5,access_1|edge_3|edge_4|cloud_0,access_1-edge_3|edge_3-edge_4|edge_4-cloud_0,60.61959,0.008137,cloud_0,edge_3-edge_4
11,normal,-1,0.0,,,-1,-1,6,access_1|edge_3|edge_2|cloud_0,access_1-edge_3|edge_2-edge_3|edge_2-cloud_0,57.01316,0.006884,edge_2,access_1-edge_3
11,normal,-1,0.0,,,-1,-1,7,access_0|edge_0|edge_4|cloud_0,access_0-edge_0|edge_4-edge_0|edge_4-cloud_0,58.0015,0.005396,cloud_0,access_0-edge_0
12,normal,-1,0.0,,,-1,-1,0,access_0|edge_0|cloud_0,access_0-edge_0|edge_0-cloud_0,45.97001,0.002975,cloud_0,access_0-edge_0
12,normal,-1,0.0,,,-1,-1,1,access_1|edge_3|edge_4|cloud_0,access_1-edge_3|edge_3-edge_4|edge_4-cloud_0,56.86623,0.004576,cloud_0,edge_3-edge_4
12,link_congestion,14,0.2708,edge_2,edge_1-edge_2,2,1,2,access_0|edge_1|edge_2|edge_3|edge_4|cloud_0,access_0-edge_1|edge_1-edge_2|edge_2-edge_3|edge_3-edge_4|edge_4-cloud_0,78.79131,0.009396,edge_2,edge_1-edge_2
12,normal,-1,0.0,,,-1,-1,3,access_0|edge_0|edge_4|cloud_0,access_0-edge_0|edge_4-edge_0|edge_4-cloud_0,57.55935,0.003578,cloud_0,edge_4-cloud_0
12,normal,-1,0.0,,,-1,-1,4,access_0|edge_0|cloud_0,access_0-edge_0|edge_0-cloud_0,45.97001,0.002975,cloud_0,access_0-edge_0
12,normal,-1,0.0,,,-1,-1,5,access_1|edge_3|edge_4|cloud_0,access_1-edge_3|edge_3-edge_4|edge_4-cloud_0,56.86623,0.004576,cloud_0,edge_3-edge_4
12,link_congestion,14,0.2708,edge_2,edge_1-edge_2,2,1,6,access_1|edge_3|edge_2|cloud_0,access_1-edge_3|edge_2-edge_3|edge_2-cloud_0,58.51255,0.004429,edge_2,access_1-edge_3
12,normal,-1,0.0,,,-1,-1,7,access_0|edge_0|edge_4|cloud_0,access_0-edge_0|edge_4-edge_0|edge_4-cloud_0,57.55935,0.003578,cloud_0,edge_4-cloud_0
13,normal,-1,0.0,,,-1,-1,0,access_0|edge_0|cloud_0,access_0-edge_0|edge_0-cloud_0,49.65118,0.004234,cloud_0,edge_0-cloud_0
13,normal,-1,0.0,,,-1,-1,1,access_1|edge_3|edge_4|cloud_0,access_1-edge_3|edge_3-edge_4|edge_4-cloud_0,58.83783,0.010782,edge_4,edge_4-cloud_0
13,link_congestion,14,0.2708,edge_2,edge_1-edge_2,2,1,2,access_0|edge_1|edge_2|edge_3|edge_4|cloud_0,access_0-edge_1|edge_1-edge_2|edge_2-edge_3|edge_3-edge_4|edge_4-cloud_0,79.88816,0.015047,edge_2,edge_1-edge_2
13,normal,-1,0.0,,,-1,-1,3,access_0|edge_0|edge_4|cloud_0,access_0-edge_0|edge_4-edge_0|edge_4-cloud_0,59.90642,0.008878,edge_4,edge_4-cloud_0
13,normal,-1,0.0,,,-1,-1,4,access_0|edge_0|cloud_0,access_0-edge_0|edge_0-cloud_0,49.65118,0.004234,cloud_0,edge_0-cloud_0
13,normal,-1,0.0,,,-1,-1,5,access_1|edge_3|edge_4|cloud_0,access_1-edge_3|edge_3-edge_4|edge_4-cloud_0,58.83783,0.010782,edge_4,edge_4-cloud_0
13,link_congestion,14,0.2708,edge_2,edge_1-edge_2,2,1,6,access_1|edge_3|edge_2|cloud_0,access_1-edge_3|edge_2-edge_3|edge_2-cloud_0,59.13542,0.006089,edge_2,edge_2-cloud_0
13,normal,-1,0.0,,,-1,-1,7,access_0|edge_0|edge_4|cloud_0,access_0-edge_0|edge_4-edge_0|edge_4-cloud_0,59.90642,0.008878,edge_4,edge_4-cloud_0
14,normal,-1,0.0,,,-1,-1,0,access_0|edge_0|cloud_0,access_0-edge_0|edge_0-cloud_0,48.83108,0.009204,cloud_0,access_0-edge_0
14,normal,-1,0.0,,,-1,-1,1,access_1|edge_3|edge_4|cloud_0,access_1-edge_3|edge_3-edge_4|edge_4-cloud_0,57.85208,0.006319,edge_4,edge_3-edge_4
14,link_congestion,14,0.2708,edge_2,edge_1-edge_2,2,1,2,access_0|edge_1|edge_2|edge_3|edge_4|cloud_0,access_0-edge_1|edge_1-edge_2|edge_2-edge_3|edge_3-edge_4|edge_4-cloud_0,81.93842,0.018087,edge_4,edge_1-edge_2
14,mixed,20,0.25824,edge_4,edge_4-edge_0,2,1,3,access_0|edge_0|edge_4|cloud_0,access_0-edge_0|edge_4-edge_0|edge_4-cloud_0,60.15971,0.012629,edge_4,edge_4-edge_0
14,normal,-1,0.0,,,-1,-1,4,access_0|edge_0|cloud_0,access_0-edge_0|edge_0-cloud_0,48.83108,0.009204,cloud_0,access_0-edge_0
14,normal,-1,0.0,,,-1,-1,5,access_1|edge_3|edge_4|cloud_0,access_1-edge_3|edge_3-edge_4|edge_4-cloud_0,57.85208,0.006319,edge_4,edge_3-edge_4
14,link_congestion,14,0.2708,edge_2,edge_1-edge_2,2,1,6,access_1|edge_3|edge_2|cloud_0,access_1-edge_3|edge_2-edge_3|edge_2-cloud_0,55.26232,0.00454,edge_2,edge_2-edge_3
14,mixed,20,0.25824,edge_4,edge_4-edge_0,2,1,7,access_0|edge_0|edge_4|cloud_0,access_0-edge_0|edge_4-edge_0|edge_4-cloud_0,60.15971,0.012629,edge_4,edge_4-edge_0
15,normal,-1,0.0,,,-1,-1,0,access_0|edge_0|cloud_0,access_0-edge_0|edge_0-cloud_0,46.85582,0.001549,cloud_0,edge_0-cloud_0
15,normal,-1,0.0,,,-1,-1,1,access_1|edge_3|edge_4|cloud_0,access_1-edge_3|edge_3-edge_4|edge_4-cloud_0,60.98872,0.009536,edge_4,edge_3-edge_4
15,link_congestion,14,0.2708,edge_2,edge_1-edge_2,2,1,2,access_0|edge_1|edge_2|edge_3|edge_4|cloud_0,access_0-edge_1|edge_1-edge_2|edge_2-edge_3|edge_3-edge_4|edge_4-cloud_0,85.39404,0.018526,edge_4,edge_1-edge_2
15,mixed,20,0.25824,edge_4,edge_4-edge_0,2,1,3,access_0|edge_0|edge_4|cloud_0,access_0-edge_0|edge_4-edge_0|edge_4-cloud_0,60.16344,0.01022,edge_4,edge_4-edge_0
15,normal,-1,0.0,,,-1,-1,4,access_0|edge_0|cloud_0,access_0-edge_0|edge_0-cloud_0,46.85582,0.001549,cloud_0,edge_0-cloud_0
15,normal,-1,0.0,,,-1,-1,5,access_1|edge_3|edge_4|cloud_0,access_1-edge_3|edge_3-edge_4|edge_4-cloud_0,60.98872,0.009536,edge_4,edge_3-edge_4
15,link_congestion,14,0.2708,edge_2,edge_1-edge_2,2,1,6,access_1|edge_3|edge_2|cloud_0,access_1-edge_3|edge_2-edge_3|edge_2-cloud_0,57.852,0.011193,edge_2,access_1-edge_3
15,mixed,20,0.25824,edge_4,edge_4-edge_0,2,1,7,access_0|edge_0|edge_4|cloud_0,access_0-edge_0|edge_4-edge_0|edge_4-cloud_0,60.16344,0.01022,edge_4,edge_4-edge_0
16,normal,-1,0.0,,,-1,-1,0,access_0|edge_0|cloud_0,access_0-edge_0|edge_0-cloud_0,45.84913,0.001947,cloud_0,access_0-edge_0
16,mixed,26,0.39268,edge_4,edge_3-edge_4,4,3,1,access_1|edge_3|edge_4|cloud_0,access_1-edge_3|edge_3-edge_4|edge_4-cloud_0,61.15784,0.014494,edge_4,edge_3-edge_4
16,link_congestion,14,0.2708,edge_2,edge_1-edge_2,2,1,2,access_0|edge_1|edge_2|edge_3|edge_4|cloud_0,access_0-edge_1|edge_1-edge_2|edge_2-edge_3|edge_3-edge_4|edge_4-cloud_0,85.167,0.03616,edge_1,edge_1-edge_2
16,mixed,20,0.25824,edge_4,edge_4-edge_0,2,1,3,access_0|edge_0|edge_4|cloud_0,access_0-edge_0|edge_4-edge_0|edge_4-cloud_0,59.90293,0.012111,edge_4,edge_4-edge_0
16,normal,-1,0.0,,,-1,-1,4,access_0|edge_0|cloud_0,access_0-edge_0|edge_0-cloud_0,45.84913,0.001947,cloud_0,access_0-edge_0
16,normal,-1,0.0,,,-1,-1,5,access_1|edge_3|edge_4|cloud_0,access_1-edge_3|edge_3-edge_4|edge_4-cloud_0,61.15784,0.014494,edge_4,edge_3-edge_4
16,link_congestion,14,0.2708,edge_2,edge_1-edge_2,2,1,6,access_1|edge_3|edge_2|cloud_0,access_1-edge_3|edge_2-edge_3|edge_2-cloud_0,59.91278,0.006616,edge_2,access_1-edge_3
16,mixed,20,0.25824,edge_4,edge_4-edge_0,2,1,7,access_0|edge_0|edge_4|cloud_0,access_0-edge_0|edge_4-edge_0|edge_4-cloud_0,59.90293,0.012111,edge_4,edge_4-edge_0
17,burst,2,0.27767,edge_0,edge_0-edge_1,3,2,0,access_0|edge_0|edge_4|cloud_0,access_0-edge_0|edge_4-edge_0|edge_4-cloud_0,61.83429,0.015708,edge_4,edge_4-edge_0
17,mixed,26,0.39268,edge_4,edge_3-edge_4,4,3,1,access_0|edge_0|cloud_0,access_0-edge_0|edge_0-cloud_0,48.14084,0.006775,edge_0,edge_0-cloud_0
17,link_congestion,14,0.2708,edge_2,edge_1-edge_2,2,1,2,access_1|edge_3|edge_4|cloud_0,access_1-edge_3|edge_3-edge_4|edge_4-cloud_0,59.24366,0.012368,edge_4,edge_3-edge_4
17,mixed,20,0.25824,edge_4,edge_4-edge_0,2,1,3,access_1|edge_3|edge_2|cloud_0,access_1-edge_3|edge_2-edge_3|edge_2-cloud_0,57.65911,0.008556,edge_2,edge_2-edge_3
17,normal,-1,0.0,,,-1,-1,4,access_0|edge_0|edge_4|cloud_0,access_0-edge_0|edge_4-edge_0|edge_4-cloud_0,61.83429,0.015708,edge_4,edge_4-edge_0
17,normal,-1,0.0,,,-1,-1,5,access_0|edge_0|cloud_0,access_0-edge_0|edge_0-cloud_0,48.14084,0.006775,edge_0,edge_0-cloud_0
17,burst,2,0.27767,edge_0,edge_0-edge_1,3,2,6,access_1|edge_2|edge_1|edge_0|edge_4|cloud_0,access_1-edge_2|edge_1-edge_2|edge_0-edge_1|edge_4-edge_0|edge_4-cloud_0,85.17947,0.027981,edge_4,edge_4-edge_0
17,mixed,20,0.25824,edge_4,edge_4-edge_0,2,1,7,access_1|edge_3|edge_2|cloud_0,access_1-edge_3|edge_2-edge_3|edge_2-cloud_0,57.65911,0.008556,edge_2,edge_2-edge_3
18,burst,2,0.27767,edge_0,edge_0-edge_1,3,2,0,access_0|edge_0|edge_4|cloud_0,access_0-edge_0|edge_4-edge_0|edge_4-cloud_0,61.20488,0.012432,edge_4,edge_4-edge_0
18,mixed,26,0.39268,edge_4,edge_3-edge_4,4,3,1,access_0|edge_0|cloud_0,access_0-edge_0|edge_0-cloud_0,49.74113,0.003243,edge_0,access_0-edge_0
18,link_congestion,14,0.2708,edge_2,edge_1-edge_2,2,1,2,access_1|edge_3|edge_4|cloud_0,access_1-edge_3|edge_3-edge_4|edge_4-cloud_0,62.76022,0.01591,edge_4,edge_3-edge_4
18,mixed,20,0.25824,edge_4,edge_4-edge_0,2,1,3,access_1|edge_3|edge_2|cloud_0,access_1-edge_3|edge_2-edge_3|edge_2-cloud_0,59.90288,0.004835,edge_2,edge_2-edge_3
18,normal,-1,0.0,,,-1,-1,4,access_0|edge_0|edge_4|cloud_0,access_0-edge_0|edge_4-edge_0|edge_4-cloud_0,61.20488,0.012432,edge_4,edge_4-edge_0
18,normal,-1,0.0,,,-1,-1,5,access_0|edge_0|cloud_0,access_0-edge_0|edge_0-cloud_0,49.74113,0.003243,edge_0,access_0-edge_0
18,burst,2,0.27767,edge_0,edge_0-edge_1,3,2,6,access_1|edge_2|edge_1|edge_0|edge_4|cloud_0,access_1-edge_2|edge_1-edge_2|edge_0-edge_1|edge_4-edge_0|edge_4-cloud_0,84.74392,0.028296,edge_1,edge_4-edge_0
18,mixed,20,0.25824,edge_4,edge_4-edge_0,2,1,7,access_1|edge_3|edge_2|cloud_0,access_1-edge_3|edge_2-edge_3|edge_2-cloud_0,59.90288,0.004835,edge_2,edge_2-edge_3
19,burst,2,0.27767,edge_0,edge_0-edge_1,3,2,0,access_0|edge_0|edge_4|cloud_0,access_0-edge_0|edge_4-edge_0|edge_4-cloud_0,61.38776,0.016364,edge_4,edge_4-edge_0
19,mixed,26,0.39268,edge_4,edge_3-edge_4,4,3,1,access_0|edge_0|cloud_0,access_0-edge_0|edge_0-cloud_0,45.96077,0.003178,edge_0,access_0-edge_0
19,link_congestion,14,0.2708,edge_2,edge_1-edge_2,2,1,2,access_1|edge_3|edge_4|cloud_0,access_1-edge_3|edge_3-edge_4|edge_4-cloud_0,65.3143,0.024481,edge_4,edge_3-edge_4
19,mixed,20,0.25824,edge_4,edge_4-edge_0,2,1,3,access_1|edge_3|edge_2|cloud_0,access_1-edge_3|edge_2-edge_3|edge_2-cloud_0,59.17963,0.011524,edge_2,edge_2-edge_3
19,normal,-1,0.0,,,-1,-1,4,access_0|edge_0|edge_4|cloud_0,access_0-edge_0|edge_4-edge_0|edge_4-cloud_0,61.38776,0.016364,edge_4,edge_4-edge_0
19,normal,-1,0.0,,,-1,-1,5,access_0|edge_0|cloud_0,access_0-edge_0|edge_0-cloud_0,45.96077,0.003178,edge_0,access_0-edge_0
19,burst,2,0.27767,edge_0,edge_0-edge_1,3,2,6,access_1|edge_2|edge_1|edge_0|edge_4|cloud_0,access_1-edge_2|edge_1-edge_2|edge_0-edge_1|edge_4-edge_0|edge_4-cloud_0,86.92471,0.027372,edge_4,edge_4-edge_0
19,mixed,20,0.25824,edge_4,edge_4-edge_0,2,1,7,access_1|edge_3|edge_2|cloud_0,access_1-edge_3|edge_2-edge_3|edge_2-cloud_0,59.17963,0.011524,edge_2,edge_2-edge_3
20,burst,2,0.27767,edge_0,edge_0-edge_1,3,2,0,access_0|edge_0|edge_4|cloud_0,access_0-edge_0|edge_4-edge_0|edge_4-cloud_0,59.86019,0.007655,edge_4,edge_4-edge_0
20,mixed,26,0.39268,edge_4,edge_3-edge_4,4,3,1,access_0|edge_0|cloud_0,access_0-edge_0|edge_0-cloud_0,49.97131,0.002463,edge_0,edge_0-cloud_0
20,link_congestion,14,0.2708,edge_2,edge_1-edge_2,2,1,2,access_1|edge_3|edge_4|cloud_0,access_1-edge_3|edge_3-edge_4|edge_4-cloud_0,63.804,0.021539,edge_4,edge_3-edge_4
20,mixed,20,0.25824,edge_4,edge_4-edge_0,2,1,3,access_1|edge_3|edge_2|cloud_0,access_1-edge_3|edge_2-edge_3|edge_2-cloud_0,55.26385,0.008434,edge_2,access_1-edge_3
20,node_overload,6,0.30405,edge_4,edge_4-edge_0,4,3,4,access_0|edge_0|edge_4|cloud_0,access_0-edge_0|edge_4-edge_0|edge_4-cloud_0,59.86019,0.007655,edge_4,edge_4-edge_0
20,normal,-1,0.0,,,-1,-1,5,access_0|edge_0|cloud_0,access_0-edge_0|edge_0-cloud_0,49.97131,0.002463,edge_0,edge_0-cloud_0
20,burst,2,0.27767,edge_0,edge_0-edge_1,3,2,6,access_1|edge_2|edge_1|edge_0|edge_4|cloud_0,access_1-edge_2|edge_1-edge_2|edge_0-edge_1|edge_4-edge_0|edge_4-cloud_0,84.63539,0.024418,edge_1,edge_0-edge_1
20,mixed,20,0.25824,edge_4,edge_4-edge_0,2,1,7,access_1|edge_3|edge_2|cloud_0,access_1-edge_3|edge_2-edge_3|edge_2-cloud_0,55.26385,0.008434,edge_2,access_1-edge_3
21,burst,2,0.27767,edge_0,edge_0-edge_1,3,2,0,access_0|edge_0|edge_4|cloud_0,access_0-edge_0|edge_4-edge_0|edge_4-cloud_0,59.37299,0.005724,edge_4,edge_4-edge_0
21,mixed,26,0.39268,edge_4,edge_3-edge_4,4,3,1,access_0|edge_0|cloud_0,access_0-edge_0|edge_0-cloud_0,46.14842,0.00518,edge_0,edge_0-cloud_0
21,link_congestion,14,0.2708,edge_2,edge_1-edge_2,2,1,2,access_1|edge_3|edge_4|cloud_0,access_1-edge_3|edge_3-edge_4|edge_4-cloud_0,67.0426,0.019095,edge_4,edge_3-edge_4
21,mixed,20,0.25824,edge_4,edge_4-edge_0,2,1,3,access_1|edge_3|edge_2|cloud_0,access_1-edge_3|edge_2-edge_3|edge_2-cloud_0,58.57342,0.006213,edge_2,access_1-edge_3
21,node_overload,6,0.30405,edge_4,edge_4-edge_0,4,3,4,access_0|edge_0|edge_4|cloud_0,access_0-edge_0|edge_4-edge_0|edge_4-cloud_0,59.37299,0.005724,edge_4,edge_4-edge_0
21,normal,-1,0.0,,,-1,-1,5,access_0|edge_0|cloud_0,access_0-edge_0|edge_0-cloud_0,46.14842,0.00518,edge_0,edge_0-cloud_0
21,burst,2,0.27767,edge_0,edge_0-edge_1,3,2,6,access_1|edge_2|edge_1|edge_0|edge_4|cloud_0,access_1-edge_2|edge_1-edge_2|edge_0-edge_1|edge_4-edge_0|edge_4-cloud_0,86.38673,0.017533,edge_4,edge_1-edge_2
21,mixed,20,0.25824,edge_4,edge_4-edge_0,2,1,7,access_1|edge_3|edge_2|cloud_0,access_1-edge_3|edge_2-edge_3|edge_2-cloud_0,58.57342,0.006213,edge_2,access_1-edge_3
22,burst,2,0.27767,edge_0,edge_0-edge_1,3,2,0,access_0|edge_0|edge_4|cloud_0,access_0-edge_0|edge_4-edge_0|edge_4-cloud_0,57.24845,0.008568,edge_4,edge_4-edge_0
22,mixed,26,0.39268,edge_4,edge_3-edge_4,4,3,1,access_0|edge_0|cloud_0,access_0-edge_0|edge_0-cloud_0,43.88224,0.004063,edge_0,edge_0-cloud_0
22,link_congestion,14,0.2708,edge_2,edge_1-edge_2,2,1,2,access_1|edge_3|edge_4|cloud_0,access_1-edge_3|edge_3-edge_4|edge_4-cloud_0,63.95399,0.023862,edge_4,edge_3-edge_4
22,mixed,20,0.25824,edge_4,edge_4-edge_0,2,1,3,access_1|edge_3|edge_2|cloud_0,access_1-edge_3|edge_2-edge_3|edge_2-cloud_0,56.09133,0.00463,edge_2,edge_2-edge_3
22,node_overload,6,0.30405,edge_4,edge_4-edge_0,4,3,4,access_0|edge_0|edge_4|cloud_0,access_0-edge_0|edge_4-edge_0|edge_4-cloud_0,57.24845,0.008568,edge_4,edge_4-edge_0
22,normal,-1,0.0,,,-1,-1,5,access_0|edge_0|cloud_0,access_0-edge_0|edge_0-cloud_0,43.88224,0.004063,edge_0,edge_0-cloud_0
22,burst,2,0.27767,edge_0,edge_0-edge_1,3,2,6,access_1|edge_2|edge_1|edge_0|edge_4|cloud_0,access_1-edge_2|edge_1-edge_2|edge_0-edge_1|edge_4-edge_0|edge_4-cloud_0,84.0943,0.026712,edge_4,edge_0-edge_1
22,mixed,20,0.25824,edge_4,edge_4-edge_0,2,1,7,access_1|edge_3|edge_2|cloud_0,access_1-edge_3|edge_2-edge_3|edge_2-cloud_0,56.09133,0.00463,edge_2,edge_2-edge_3
23,burst,2,0.27767,edge_0,edge_0-edge_1,3,2,0,access_0|edge_0|edge_4|cloud_0,access_0-edge_0|edge_4-edge_0|edge_4-cloud_0,59.70573,0.002378,edge_4,edge_4-edge_0
23,mixed,26,0.39268,edge_4,edge_3-edge_4,4,3,1,access_0|edge_0|cloud_0,access_0-edge_0|edge_0-cloud_0,48.8723,0.003615,edge_0,access_0-edge_0
23,mixed,19,0.36038,edge_1,access_0-edge_1,1,0,2,access_1|edge_3|edge_4|cloud_0,access_1-edge_3|edge_3-edge_4|edge_4-cloud_0,63.03865,0.022148,edge_4,edge_3-edge_4
23,mixed,20,0.25824,edge_4,edge_4-edge_0,2,1,3,access_1|edge_3|edge_2|cloud_0,access_1-edge_3|edge_2-edge_3|edge_2-cloud_0,57.6506,0.006386,edge_2,access_1-edge_3
23,node_overload,6,0.30405,edge_4,edge_4-edge_0,4,3,4,access_0|edge_0|edge_4|cloud_0,access_0-edge_0|edge_4-edge_0|edge_4-cloud_0,59.70573,0.002378,edge_4,edge_4-edge_0
23,normal,-1,0.0,,,-1,-1,5,access_0|edge_0|cloud_0,access_0-edge_0|edge_0-cloud_0,48.8723,0.003615,edge_0,access_0-edge_0
23,burst,2,0.27767,edge_0,edge_0-edge_1,3,2,6,access_1|edge_2|edge_1|edge_0|edge_4|cloud_0,access_1-edge_2|edge_1-edge_2|edge_0-edge_1|edge_4-edge_0|edge_4-cloud_0,80.70258,0.013622,edge_4,edge_4-edge_0
23,mixed,20,0.25824,edge_4,edge_4-edge_0,2,1,7,access_1|edge_3|edge_2|cloud_0,access_1-edge_3|edge_2-edge_3|edge_2-cloud_0,57.6506,0.006386,edge_2,access_1-edge_3
24,burst,2,0.27767,edge_0,edge_0-edge_1,3,2,0,access_0|edge_0|edge_4|cloud_0,access_0-edge_0|edge_4-edge_0|edge_4-cloud_0,62.11348,0.010063,edge_4,edge_4-edge_0
24,mixed,26,0.39268,edge_4,edge_3-edge_4,4,3,1,access_0|edge_0|cloud_0,access_0-edge_0|edge_0-cloud_0,47.69539,0.003037,edge_0,access_0-edge_0
24,mixed,19,0.36038,edge_1,access_0-edge_1,1,0,2,access_1|edge_3|edge_4|cloud_0,access_1-edge_3|edge_3-edge_4|edge_4-cloud_0,63.96183,0.012608,edge_4,edge_3-edge_4
24,normal,-1,0.0,,,-1,-1,3,access_1|edge_3|edge_2|cloud_0,access_1-edge_3|edge_2-edge_3|edge_2-cloud_0,59.80848,0.006175,edge_2,access_1-edge_3
24,node_overload,6,0.30405,edge_4,edge_4-edge_0,4,3,4,access_0|edge_0|edge_4|cloud_0,access_0-edge_0|edge_4-edge_0|edge_4-cloud_0,62.11348,0.010063,edge_4,edge_4-edge_0
24,normal,-1,0.0,,,-1,-1,5,access_0|edge_0|cloud_0,access_0-edge_0|edge_0-cloud_0,47.69539,0.003037,edge_0,access_0-edge_0
24,burst,2,0.27767,edge_0,edge_0-edge_1,3,2,6,access_1|edge_2|edge_1|edge_0|edge_4|cloud_0,access_1-edge_2|edge_1-edge_2|edge_0-edge_1|edge_4-edge_0|edge_4-cloud_0,86.23053,0.022997,edge_4,edge_0-edge_1
24,normal,-1,0.0,,,-1,-1,7,access_1|edge_3|edge_2|cloud_0,access_1-edge_3|edge_2-edge_3|edge_2-cloud_0,59.80848,0.006175,edge_2,access_1-edge_3
25,burst,1,0.29598,edge_4,edge_4-edge_0,2,1,0,access_0|edge_0|edge_4|cloud_0,access_0-edge_0|edge_4-edge_0|edge_4-cloud_0,60.98263,0.010479,edge_4,edge_4-edge_0
25,mixed,26,0.39268,edge_4,edge_3-edge_4,4,3,1,access_0|edge_0|cloud_0,access_0-edge_0|edge_0-cloud_0,48.16884,0.00433,edge_0,edge_0-cloud_0
25,mixed,19,0.36038,edge_1,access_0-edge_1,1,0,2,access_1|edge_3|edge_4|cloud_0,access_1-edge_3|edge_3-edge_4|edge_4-cloud_0,64.44584,0.023124,edge_4,edge_3-edge_4
25,normal,-1,0.0,,,-1,-1,3,access_1|edge_3|edge_2|cloud_0,access_1-edge_3|edge_2-edge_3|edge_2-cloud_0,57.7826,0.008052,edge_2,edge_2-edge_3
25,burst,1,0.29598,edge_4,edge_4-edge_0,2,1,4,access_0|edge_0|edge_4|cloud_0,access_0-edge_0|edge_4-edge_0|edge_4-cloud_0,60.98263,0.010479,edge_4,edge_4-edge_0
25,normal,-1,0.0,,,-1,-1,5,access_0|edge_0|cloud_0,access_0-edge_0|edge_0-cloud_0,48.16884,0.00433,edge_0,edge_0-cloud_0
25,burst,2,0.27767,edge_0,edge_0-edge_1,3,2,6,access_1|edge_2|edge_1|edge_0|edge_4|cloud_0,access_1-edge_2|edge_1-edge_2|edge_0-edge_1|edge_4-edge_0|edge_4-cloud_0,85.87176,0.021857,edge_4,edge_0-edge_1
25,normal,-1,0.0,,,-1,-1,7,access_1|edge_3|edge_2|cloud_0,access_1-edge_3|edge_2-edge_3|edge_2-cloud_0,57.7826,0.008052,edge_2,edge_2-edge_3
26,burst,1,0.29598,edge_4,edge_4-edge_0,2,1,0,access_0|edge_0|edge_4|cloud_0,access_0-edge_0|edge_4-edge_0|edge_4-cloud_0,61.82136,0.009186,edge_4,edge_4-edge_0
26,mixed,26,0.39268,edge_4,edge_3-edge_4,4,3,1,access_0|edge_0|cloud_0,access_0-edge_0|edge_0-cloud_0,47.9607,0.00137,edge_0,access_0-edge_0
26,mixed,19,0.36038,edge_1,access_0-edge_1,1,0,2,access_1|edge_3|edge_4|cloud_0,access_1-edge_3|edge_3-edge_4|edge_4-cloud_0,64.84676,0.019559,edge_4,edge_3-edge_4
26,normal,-1,0.0,,,-1,-1,3,access_1|edge_3|edge_2|cloud_0,access_1-edge_3|edge_2-edge_3|edge_2-cloud_0,59.6978,0.006176,edge_2,access_1-edge_3
26,burst,1,0.29598,edge_4,edge_4-edge_0,2,1,4,access_0|edge_0|edge_4|cloud_0,access_0-edge_0|edge_4-edge_0|edge_4-cloud_0,61.82136,0.009186,edge_4,edge_4-edge_0
26,normal,-1,0.0,,,-1,-1,5,access_0|edge_0|cloud_0,access_0-edge_0|edge_0-cloud_0,47.9607,0.00137,edge_0,access_0-edge_0
26,burst,2,0.27767,edge_0,edge_0-edge_1,3,2,6,access_1|edge_2|edge_1|edge_0|edge_4|cloud_0,access_1-edge_2|edge_1-edge_2|edge_0-edge_1|edge_4-edge_0|edge_4-cloud_0,88.1078,0.026561,edge_4,edge_0-edge_1
26,normal,-1,0.0,,,-1,-1,7,access_1|edge_3|edge_2|cloud_0,access_1-edge_3|edge_2-edge_3|edge_2-cloud_0,59.6978,0.006176,edge_2,access_1-edge_3
27,burst,1,0.29598,edge_4,edge_4-edge_0,2,1,0,access_0|edge_0|edge_4|cloud_0,access_0-edge_0|edge_4-edge_0|edge_4-cloud_0,58.41439,0.008335,edge_4,edge_4-edge_0
27,mixed,26,0.39268,edge_4,edge_3-edge_4,4,3,1,access_0|edge_0|cloud_0,access_0-edge_0|edge_0-cloud_0,47.19293,0.003245,edge_0,edge_0-cloud_0
27,mixed,19,0.36038,edge_1,access_0-edge_1,1,0,2,access_1|edge_3|edge_4|cloud_0,access_1-edge_3|edge_3-edge_4|edge_4-cloud_0,62.56963,0.017385,edge_4,edge_3-edge_4
27,normal,-1,0.0,,,-1,-1,3,access_1|edge_3|edge_2|cloud_0,access_1-edge_3|edge_2-edge_3|edge_2-cloud_0,59.2113,0.002085,cloud_0,edge_2-cloud_0
27,burst,1,0.29598,edge_4,edge_4-edge_0,2,1,4,access_0|edge_0|edge_4|cloud_0,access_0-edge_0|edge_4-edge_0|edge_4-cloud_0,58.41439,0.008335,edge_4,edge_4-edge_0
27,normal,-1,0.0,,,-1,-1,5,access_0|edge_0|cloud_0,access_0-edge_0|edge_0-cloud_0,47.19293,0.003245,edge_0,edge_0-cloud_0
27,burst,2,0.27767,edge_0,edge_0-edge_1,3,2,6,access_1|edge_2|edge_1|edge_0|edge_4|cloud_0,access_1-edge_2|edge_1-edge_2|edge_0-edge_1|edge_4-edge_0|edge_4-cloud_0,83.53747,0.024061,edge_4,edge_0-edge_1
27,normal,-1,0.0,,,-1,-1,7,access_1|edge_3|edge_2|cloud_0,access_1-edge_3|edge_2-edge_3|edge_2-cloud_0,59.2113,0.002085,cloud_0,edge_2-cloud_0
28,burst,1,0.29598,edge_4,edge_4-edge_0,2,1,0,access_0|edge_0|edge_4|cloud_0,access_0-edge_0|edge_4-edge_0|edge_4-cloud_0,60.6582,0.008735,edge_4,edge_4-edge_0
28,normal,-1,0.0,,,-1,-1,1,access_0|edge_0|cloud_0,access_0-edge_0|edge_0-cloud_0,50.74781,0.002419,edge_0,edge_0-cloud_0
28,node_overload,8,0.27734,edge_4,edge_4-edge_0,2,1,2,access_1|edge_3|edge_4|cloud_0,access_1-edge_3|edge_3-edge_4|edge_4-cloud_0,63.11638,0.011401,edge_4,access_1-edge_3
28,link_congestion,17,0.39554,edge_3,access_1-edge_3,1,0,3,access_1|edge_3|edge_2|cloud_0,access_1-edge_3|edge_2-edge_3|edge_2-cloud_0,60.18589,0.016244,edge_3,access_1-edge_3
28,burst,1,0.29598,edge_4,edge_4-edge_0,2,1,4,access_0|edge_0|edge_4|cloud_0,access_0-edge_0|edge_4-edge_0|edge_4-cloud_0,60.6582,0.008735,edge_4,edge_4-edge_0
28,normal,-1,0.0,,,-1,-1,5,access_0|edge_0|cloud_0,access_0-edge_0|edge_0-cloud_0,50.74781,0.002419,edge_0,edge_0-cloud_0
28,burst,2,0.27767,edge_0,edge_0-edge_1,3,2,6,access_1|edge_2|edge_1|edge_0|edge_4|cloud_0,access_1-edge_2|edge_1-edge_2|edge_0-edge_1|edge_4-edge_0|edge_4-cloud_0,85.49547,0.019353,edge_4,edge_0-edge_1
28,normal,-1,0.0,,,-1,-1,7,access_1|edge_3|edge_2|cloud_0,access_1-edge_3|edge_2-edge_3|edge_2-cloud_0,60.18589,0.016244,edge_3,access_1-edge_3
29,burst,1,0.29598,edge_4,edge_4-edge_0,2,1,0,access_0|edge_0|edge_4|cloud_0,access_0-edge_0|edge_4-edge_0|edge_4-cloud_0,61.60842,0.010679,edge_4,edge_4-edge_0
29,normal,-1,0.0,,,-1,-1,1,access_0|edge_0|cloud_0,access_0-edge_0|edge_0-cloud_0,50.72669,0.002924,cloud_0,edge_0-cloud_0
29,node_overload,8,0.27734,edge_4,edge_4-edge_0,2,1,2,access_1|edge_3|edge_4|cloud_0,access_1-edge_3|edge_3-edge_4|edge_4-cloud_0,61.27387,0.00816,edge_4,access_1-edge_3
29,link_congestion,17,0.39554,edge_3,access_1-edge_3,1,0,3,access_1|edge_3|edge_2|cloud_0,access_1-edge_3|edge_2-edge_3|edge_2-cloud_0,61.69539,0.008381,edge_3,access_1-edge_3
29,burst,1,0.29598,edge_4,edge_4-edge_0,2,1,4,access_0|edge_0|edge_4|cloud_0,access_0-edge_0|edge_4-edge_0|edge_4-cloud_0,61.60842,0.010679,edge_4,edge_4-edge_0
29,normal,-1,0.0,,,-1,-1,5,access_0|edge_0|cloud_0,access_0-edge_0|edge_0-cloud_0,50.72669,0.002924,cloud_0,edge_0-cloud_0
29,burst,2,0.27767,edge_0,edge_0-edge_1,3,2,6,access_1|edge_2|edge_1|edge_0|edge_4|cloud_0,access_1-edge_2|edge_1-edge_2|edge_0-edge_1|edge_4-edge_0|edge_4-cloud_0,85.06579,0.022207,edge_4,edge_0-edge_1
29,normal,-1,0.0,,,-1,-1,7,access_1|edge_3|edge_2|cloud_0,access_1-edge_3|edge_2-edge_3|edge_2-cloud_0,61.69539,0.008381,edge_3,access_1-edge_3
30,burst,1,0.29598,edge_4,edge_4-edge_0,2,1,0,access_0|edge_0|edge_4|cloud_0,access_0-edge_0|edge_4-edge_0|edge_4-cloud_0,56.94401,0.006581,edge_4,edge_4-edge_0
30,normal,-1,0.0,,,-1,-1,1,access_0|edge_0|cloud_0,access_0-edge_0|edge_0-cloud_0,47.39521,0.002933,edge_0,access_0-edge_0
30,node_overload,8,0.27734,edge_4,edge_4-edge_0,2,1,2,access_1|edge_3|edge_4|cloud_0,access_1-edge_3|edge_3-edge_4|edge_4-cloud_0,61.29976,0.012457,edge_4,access_1-edge_3
30,link_congestion,17,0.39554,edge_3,access_1-edge_3,1,0,3,access_1|edge_3|edge_2|cloud_0,access_1-edge_3|edge_2-edge_3|edge_2-cloud_0,62.17024,0.016812,edge_3,access_1-edge_3
30,burst,1,0.29598,edge_4,edge_4-edge_0,2,1,4,access_0|edge_0|edge_4|cloud_0,access_0-edge_0|edge_4-edge_0|edge_4-cloud_0,56.94401,0.006581,edge_4,edge_4-edge_0
30,normal,-1,0.0,,,-1,-1,5,access_0|edge_0|cloud_0,access_0-edge_0|edge_0-cloud_0,47.39521,0.002933,edge_0,access_0-edge_0
30,burst,2,0.27767,edge_0,edge_0-edge_1,3,2,6,access_1|edge_2|edge_1|edge_0|edge_4|cloud_0,access_1-edge_2|edge_1-edge_2|edge_0-edge_1|edge_4-edge_0|edge_4-cloud_0,82.07519,0.021048,edge_4,edge_0-edge_1
30,normal,-1,0.0,,,-1,-1,7,access_1|edge_3|edge_2|cloud_0,access_1-edge_3|edge_2-edge_3|edge_2-cloud_0,62.17024,0.016812,edge_3,access_1-edge_3
31,burst,1,0.29598,edge_4,edge_4-edge_0,2,1,0,access_0|edge_0|edge_4|cloud_0,access_0-edge_0|edge_4-edge_0|edge_4-cloud_0,59.9491,0.012455,edge_4,edge_4-edge_0
31,normal,-1,0.0,,,-1,-1,1,access_0|edge_0|cloud_0,access_0-edge_0|edge_0-cloud_0,50.5662,0.003958,edge_0,access_0-edge_0
31,node_overload,8,0.27734,edge_4,edge_4-edge_0,2,1,2,access_1|edge_3|edge_4|cloud_0,access_1-edge_3|edge_3-edge_4|edge_4-cloud_0,63.17211,0.01807,edge_4,access_1-edge_3
31,link_congestion,17,0.39554,edge_3,access_1-edge_3,1,0,3,access_1|edge_3|edge_2|cloud_0,access_1-edge_3|edge_2-edge_3|edge_2-cloud_0,63.30751,0.018098,edge_3,access_1-edge_3
31,burst,1,0.29598,edge_4,edge_4-edge_0,2,1,4,access_0|edge_0|edge_4|cloud_0,access_0-edge_0|edge_4-edge_0|edge_4-cloud_0,59.9491,0.012455,edge_4,edge_4-edge_0
31,normal,-1,0.0,,,-1,-1,5,access_0|edge_0|cloud_0,access_0-edge_0|edge_0-cloud_0,50.5662,0.003958,edge_0,access_0-edge_0
31,node_overload,6,0.30405,edge_4,edge_4-edge_0,4,3,6,access_1|edge_2|edge_1|edge_0|edge_4|cloud_0,access_1-edge_2|edge_1-edge_2|edge_0-edge_1|edge_4-edge_0|edge_4-cloud_0,86.61538,0.022872,edge_4,edge_0-edge_1
31,normal,-1,0.0,,,-1,-1,7,access_1|edge_3|edge_2|cloud_0,access_1-edge_3|edge_2-edge_3|edge_2-cloud_0,63.30751,0.018098,edge_3,access_1-edge_3
32,burst,1,0.29598,edge_4,edge_4-edge_0,2,1,0,access_0|edge_0|edge_4|cloud_0,access_0-edge_0|edge_4-edge_0|edge_4-cloud_0,60.30581,0.010263,edge_4,edge_4-edge_0
32,normal,-1,0.0,,,-1,-1,1,access_0|edge_0|cloud_0,access_0-edge_0|edge_0-cloud_0,51.44173,0.004642,edge_0,access_0-edge_0
32,node_overload,8,0.27734,edge_4,edge_4-edge_0,2,1,2,access_1|edge_3|edge_4|cloud_0,access_1-edge_3|edge_3-edge_4|edge_4-cloud_0,65.57492,0.020985,edge_3,access_1-edge_3
32,link_congestion,17,0.39554,edge_3,access_1-edge_3,1,0,3,access_1|edge_3|edge_2|cloud_0,access_1-edge_3|edge_2-edge_3|edge_2-cloud_0,62.76929,0.022421,edge_3,access_1-edge_3
32,burst,1,0.29598,edge_4,edge_4-edge_0,2,1,4,access_0|edge_0|edge_4|cloud_0,access_0-edge_0|edge_4-edge_0|edge_4-cloud_0,60.30581,0.010263,edge_4,edge_4-edge_0
32,normal,-1,0.0,,,-1,-1,5,access_0|edge_0|cloud_0,access_0-edge_0|edge_0-cloud_0,51.44173,0.004642,edge_0,access_0-edge_0
32,node_overload,6,0.30405,edge_4,edge_4-edge_0,4,3,6,access_1|edge_2|edge_1|edge_0|edge_4|cloud_0,access_1-edge_2|edge_1-edge_2|edge_0-edge_1|edge_4-edge_0|edge_4-cloud_0,83.16157,0.023708,edge_4,edge_0-edge_1
32,normal,-1,0.0,,,-1,-1,7,access_1|edge_3|edge_2|cloud_0,access_1-edge_3|edge_2-edge_3|edge_2-cloud_0,62.76929,0.022421,edge_3,access_1-edge_3
33,burst,1,0.29598,edge_4,edge_4-edge_0,2,1,0,access_0|edge_0|edge_4|cloud_0,access_0-edge_0|edge_4-edge_0|edge_4-cloud_0,60.89562,0.008799,edge_4,edge_4-edge_0
33,normal,-1,0.0,,,-1,-1,1,access_0|edge_0|cloud_0,access_0-edge_0|edge_0-cloud_0,46.90402,0.002258,edge_0,access_0-edge_0
33,node_overload,8,0.27734,edge_4,edge_4-edge_0,2,1,2,access_1|edge_3|edge_4|cloud_0,access_1-edge_3|edge_3-edge_4|edge_4-cloud_0,65.72668,0.020933,edge_3,access_1-edge_3
33,link_congestion,17,0.39554,edge_3,access_1-edge_3,1,0,3,access_1|edge_3|edge_2|cloud_0,access_1-edge_3|edge_2-edge_3|edge_2-cloud_0,66.74173,0.020215,edge_3,access_1-edge_3
33,burst,1,0.29598,edge_4,edge_4-edge_0,2,1,4,access_0|edge_0|edge_4|cloud_0,access_0-edge_0|edge_4-edge_0|edge_4-cloud_0,60.89562,0.008799,edge_4,edge_4-edge_0
33,normal,-1,0.0,,,-1,-1,5,access_0|edge_0|cloud_0,access_0-edge_0|edge_0-cloud_0,46.90402,0.002258,edge_0,access_0-edge_0
33,link_congestion,11,0.28541,edge_0,edge_0-edge_1,3,2,6,access_1|edge_2|edge_1|edge_0|edge_4|cloud_0,access_1-edge_2|edge_1-edge_2|edge_0-edge_1|edge_4-edge_0|edge_4-cloud_0,84.38147,0.020253,edge_4,edge_0-edge_1
33,normal,-1,0.0,,,-1,-1,7,access_1|edge_3|edge_2|cloud_0,access_1-edge_3|edge_2-edge_3|edge_2-cloud_0,66.74173,0.020215,edge_3,access_1-edge_3
34,burst,1,0.29598,edge_4,edge_4-edge_0,2,1,0,access_1|edge_3|edge_2|cloud_0,access_1-edge_3|edge_2-edge_3|edge_2-cloud_0,60.27246,0.016213,edge_3,access_1-edge_3
34,normal,-1,0.0,,,-1,-1,1,access_0|edge_0|edge_4|cloud_0,access_0-edge_0|edge_4-edge_0|edge_4-cloud_0,62.10616,0.008995,edge_4,edge_4-edge_0
34,node_overload,8,0.27734,edge_4,edge_4-edge_0,2,1,2,access_0|edge_0|cloud_0,access_0-edge_0|edge_0-cloud_0,51.51958,0.003313,edge_0,access_0-edge_0
34,link_congestion,17,0.39554,edge_3,access_1-edge_3,1,0,3,access_1|edge_2|edge_1|edge_0|edge_4|cloud_0,access_1-edge_2|edge_1-edge_2|edge_0-edge_1|edge_4-edge_0|edge_4-cloud_0,83.69048,0.02258,edge_4,edge_4-edge_0
34,burst,1,0.29598,edge_4,edge_4-edge_0,2,1,4,access_1|edge_3|edge_2|cloud_0,access_1-edge_3|edge_2-edge_3|edge_2-cloud_0,60.27246,0.016213,edge_3,access_1-edge_3
34,normal,-1,0.0,,,-1,-1,5,access_0|edge_0|edge_4|cloud_0,access_0-edge_0|edge_4-edge_0|edge_4-cloud_0,62.10616,0.008995,edge_4,edge_4-edge_0
34,link_congestion,11,0.28541,edge_0,edge_0-edge_1,3,2,6,access_0|edge_1|edge_2|cloud_0,access_0-edge_1|edge_1-edge_2|edge_2-cloud_0,57.25466,0.008353,cloud_0,access_0-edge_1
34,normal,-1,0.0,,,-1,-1,7,access_1|edge_2|edge_1|edge_0|edge_4|cloud_0,access_1-edge_2|edge_1-edge_2|edge_0-edge_1|edge_4-edge_0|edge_4-cloud_0,83.69048,0.02258,edge_4,edge_4-edge_0
35,burst,1,0.29598,edge_4,edge_4-edge_0,2,1,0,access_1|edge_3|edge_2|cloud_0,access_1-edge_3|edge_2-edge_3|edge_2-cloud_0,64.09083,0.020208,edge_3,access_1-edge_3
35,normal,-1,0.0,,,-1,-1,1,access_0|edge_0|edge_4|cloud_0,access_0-edge_0|edge_4-edge_0|edge_4-cloud_0,58.85071,0.009837,edge_4,edge_4-edge_0
35,node_overload,8,0.27734,edge_4,edge_4-edge_0,2,1,2,access_0|edge_0|cloud_0,access_0-edge_0|edge_0-cloud_0,47.93124,0.007261,edge_0,access_0-edge_0
35,link_congestion,17,0.39554,edge_3,access_1-edge_3,1,0,3,access_1|edge_2|edge_1|edge_0|edge_4|cloud_0,access_1-edge_2|edge_1-edge_2|edge_0-edge_1|edge_4-edge_0|edge_4-cloud_0,83.24013,0.014679,edge_4,edge_0-edge_1
35,burst,1,0.29598,edge_4,edge_4-edge_0,2,1,4,access_1|edge_3|edge_2|cloud_0,access_1-edge_3|edge_2-edge_3|edge_2-cloud_0,64.09083,0.020208,edge_3,access_1-edge_3
35,normal,-1,0.0,,,-1,-1,5,access_0|edge_0|edge_4|cloud_0,access_0-edge_0|edge_4-edge_0|edge_4-cloud_0,58.85071,0.009837,edge_4,edge_4-edge_0
35,link_congestion,11,0.28541,edge_0,edge_0-edge_1,3,2,6,access_0|edge_1|edge_2|cloud_0,access_0-edge_1|edge_1-edge_2|edge_2-cloud_0,59.10193,0.001753,edge_2,edge_2-cloud_0
35,normal,-1,0.0,,,-1,-1,7,access_1|edge_2|edge_1|edge_0|edge_4|cloud_0,access_1-edge_2|edge_1-edge_2|edge_0-edge_1|edge_4-edge_0|edge_4-cloud_0,83.24013,0.014679,edge_4,edge_0-edge_1
36,burst,1,0.29598,edge_4,edge_4-edge_0,2,1,0,access_1|edge_3|edge_2|cloud_0,access_1-edge_3|edge_2-edge_3|edge_2-cloud_0,67.28586,0.01931,edge_3,access_1-edge_3
36,normal,-1,0.0,,,-1,-1,1,access_0|edge_0|edge_4|cloud_0,access_0-edge_0|edge_4-edge_0|edge_4-cloud_0,61.23237,0.006517,edge_4,edge_4-edge_0
36,node_overload,8,0.27734,edge_4,edge_4-edge_0,2,1,2,access_0|edge_0|cloud_0,access_0-edge_0|edge_0-cloud_0,49.27159,0.002829,edge_0,access_0-edge_0
36,link_congestion,17,0.39554,edge_3,access_1-edge_3,1,0,3,access_1|edge_2|edge_1|edge_0|edge_4|cloud_0,access_1-edge_2|edge_1-edge_2|edge_0-edge_1|edge_4-edge_0|edge_4-cloud_0,84.03888,0.01694,edge_4,edge_0-edge_1
36,burst,1,0.29598,edge_4,edge_4-edge_0,2,1,4,access_1|edge_3|edge_2|cloud_0,access_1-edge_3|edge_2-edge_3|edge_2-cloud_0,67.28586,0.01931,edge_3,access_1-edge_3
36,normal,-1,0.0,,,-1,-1,5,access_0|edge_0|edge_4|cloud_0,access_0-edge_0|edge_4-edge_0|edge_4-cloud_0,61.23237,0.006517,edge_4,edge_4-edge_0
36,link_congestion,15,0.28459,edge_0,edge_0-edge_1,3,2,6,access_0|edge_1|edge_2|cloud_0,access_0-edge_1|edge_1-edge_2|edge_2-cloud_0,58.06897,0.010196,cloud_0,edge_2-cloud_0
36,normal,-1,0.0,,,-1,-1,7,access_1|edge_2|edge_1|edge_0|edge_4|cloud_0,access_1-edge_2|edge_1-edge_2|edge_0-edge_1|edge_4-edge_0|edge_4-cloud_0,84.03888,0.01694,edge_4,edge_0-edge_1
37,burst,1,0.29598,edge_4,edge_4-edge_0,2,1,0,access_1|edge_3|edge_2|cloud_0,access_1-edge_3|edge_2-edge_3|edge_2-cloud_0,64.05818,0.018116,edge_3,access_1-edge_3
37,normal,-1,0.0,,,-1,-1,1,access_0|edge_0|edge_4|cloud_0,access_0-edge_0|edge_4-edge_0|edge_4-cloud_0,57.16443,0.007371,edge_4,edge_4-edge_0
37,node_overload,8,0.27734,edge_4,edge_4-edge_0,2,1,2,access_0|edge_0|cloud_0,access_0-edge_0|edge_0-cloud_0,47.16656,0.003174,cloud_0,access_0-edge_0
37,link_congestion,17,0.39554,edge_3,access_1-edge_3,1,0,3,access_1|edge_2|edge_1|edge_0|edge_4|cloud_0,access_1-edge_2|edge_1-edge_2|edge_0-edge_1|edge_4-edge_0|edge_4-cloud_0,80.06209,0.01876,edge_4,edge_0-edge_1
37,burst,1,0.29598,edge_4,edge_4-edge_0,2,1,4,access_1|edge_3|edge_2|cloud_0,access_1-edge_3|edge_2-edge_3|edge_2-cloud_0,64.05818,0.018116,edge_3,access_1-edge_3
37,normal,-1,0.0,,,-1,-1,5,access_0|edge_0|edge_4|cloud_0,access_0-edge_0|edge_4-edge_0|edge_4-cloud_0,57.16443,0.007371,edge_4,edge_4-edge_0
37,link_congestion,15,0.28459,edge_0,edge_0-edge_1,3,2,6,access_0|edge_1|edge_2|cloud_0,access_0-edge_1|edge_1-edge_2|edge_2-cloud_0,59.11015,0.002657,cloud_0,edge_1-edge_2
37,normal,-1,0.0,,,-1,-1,7,access_1|edge_2|edge_1|edge_0|edge_4|cloud_0,access_1-edge_2|edge_1-edge_2|edge_0-edge_1|edge_4-edge_0|edge_4-cloud_0,80.06209,0.01876,edge_4,edge_0-edge_1
38,burst,1,0.29598,edge_4,edge_4-edge_0,2,1,0,access_1|edge_3|edge_2|cloud_0,access_1-edge_3|edge_2-edge_3|edge_2-cloud_0,63.48315,0.020193,edge_3,access_1-edge_3
38,normal,-1,0.0,,,-1,-1,1,access_0|edge_0|edge_4|cloud_0,access_0-edge_0|edge_4-edge_0|edge_4-cloud_0,60.48244,0.009255,edge_0,edge_4-edge_0
38,node_overload,8,0.27734,edge_4,edge_4-edge_0,2,1,2,access_0|edge_0|cloud_0,access_0-edge_0|edge_0-cloud_0,47.44946,0.003486,edge_0,access_0-edge_0
38,link_congestion,17,0.39554,edge_3,access_1-edge_3,1,0,3,access_1|edge_2|edge_1|edge_0|edge_4|cloud_0,access_1-edge_2|edge_1-edge_2|edge_0-edge_1|edge_4-edge_0|edge_4-cloud_0,81.31247,0.021866,edge_0,edge_0-edge_1
38,burst,1,0.29598,edge_4,edge_4-edge_0,2,1,4,access_1|edge_3|edge_2|cloud_0,access_1-edge_3|edge_2-edge_3|edge_2-cloud_0,63.48315,0.020193,edge_3,access_1-edge_3
38,normal,-1,0.0,,,-1,-1,5,access_0|edge_0|edge_4|cloud_0,access_0-edge_0|edge_4-edge_0|edge_4-cloud_0,60.48244,0.009255,edge_0,edge_4-edge_0
38,link_congestion,15,0.28459,edge_0,edge_0-edge_1,3,2,6,access_0|edge_1|edge_2|cloud_0,access_0-edge_1|edge_1-edge_2|edge_2-cloud_0,57.37726,0.010965,edge_2,access_0-edge_1
38,normal,-1,0.0,,,-1,-1,7,access_1|edge_2|edge_1|edge_0|edge_4|cloud_0,access_1-edge_2|edge_1-edge_2|edge_0-edge_1|edge_4-edge_0|edge_4-cloud_0,81.31247,0.021866,edge_0,edge_0-edge_1
39,link_congestion,15,0.28459,edge_0,edge_0-edge_1,3,2,0,access_1|edge_3|edge_2|cloud_0,access_1-edge_3|edge_2-edge_3|edge_2-cloud_0,62.42181,0.018387,edge_3,access_1-edge_3
39,normal,-1,0.0,,,-1,-1,1,access_0|edge_0|edge_4|cloud_0,access_0-edge_0|edge_4-edge_0|edge_4-cloud_0,57.49425,0.01193,edge_4,edge_4-edge_0
39,node_overload,8,0.27734,edge_4,edge_4-edge_0,2,1,2,access_0|edge_0|cloud_0,access_0-edge_0|edge_0-cloud_0,46.05438,0.005392,edge_0,access_0-edge_0
39,link_congestion,17,0.39554,edge_3,access_1-edge_3,1,0,3,access_1|edge_2|edge_1|edge_0|edge_4|cloud_0,access_1-edge_2|edge_1-edge_2|edge_0-edge_1|edge_4-edge_0|edge_4-cloud_0,82.32953,0.019884,edge_4,edge_0-edge_1
39,node_overload,8,0.27734,edge_4,edge_4-edge_0,2,1,4,access_1|edge_3|edge_2|cloud_0,access_1-edge_3|edge_2-edge_3|edge_2-cloud_0,62.42181,0.018387,edge_3,access_1-edge_3
39,normal,-1,0.0,,,-1,-1,5,access_0|edge_0|edge_4|cloud_0,access_0-edge_0|edge_4-edge_0|edge_4-cloud_0,57.49425,0.01193,edge_4,edge_4-edge_0
39,link_congestion,15,0.28459,edge_0,edge_0-edge_1,3,2,6,access_0|edge_1|edge_2|cloud_0,access_0-edge_1|edge_1-edge_2|edge_2-cloud_0,58.88161,0.00512,edge_2,access_0-edge_1
39,normal,-1,0.0,,,-1,-1,7,access_1|edge_2|edge_1|edge_0|edge_4|cloud_0,access_1-edge_2|edge_1-edge_2|edge_0-edge_1|edge_4-edge_0|edge_4-cloud_0,82.32953,0.019884,edge_4,edge_0-edge_1
40,link_congestion,15,0.28459,edge_0,edge_0-edge_1,3,2,0,access_1|edge_3|edge_2|cloud_0,access_1-edge_3|edge_2-edge_3|edge_2-cloud_0,63.2755,0.015124,edge_3,access_1-edge_3
40,normal,-1,0.0,,,-1,-1,1,access_0|edge_0|edge_4|cloud_0,access_0-edge_0|edge_4-edge_0|edge_4-cloud_0,57.69879,0.006148,edge_4,edge_4-edge_0
40,node_overload,8,0.27734,edge_4,edge_4-edge_0,2,1,2,access_0|edge_0|cloud_0,access_0-edge_0|edge_0-cloud_0,49.1654,0.004201,edge_0,access_0-edge_0
40,node_overload,3,0.31768,edge_1,access_0-edge_1,1,0,3,access_1|edge_2|edge_1|edge_0|edge_4|cloud_0,access_1-edge_2|edge_1-edge_2|edge_0-edge_1|edge_4-edge_0|edge_4-cloud_0,79.31674,0.020152,edge_1,edge_0-edge_1
40,node_overload,8,0.27734,edge_4,edge_4-edge_0,2,1,4,access_1|edge_3|edge_2|cloud_0,access_1-edge_3|edge_2-edge_3|edge_2-cloud_0,63.2755,0.015124,edge_3,access_1-edge_3
40,normal,-1,0.0,,,-1,-1,5,access_0|edge_0|edge_4|cloud_0,access_0-edge_0|edge_4-edge_0|edge_4-cloud_0,57.69879,0.006148,edge_4,edge_4-edge_0
40,node_overload,3,0.31768,edge_1,access_0-edge_1,1,0,6,access_0|edge_1|edge_2|cloud_0,access_0-edge_1|edge_1-edge_2|edge_2-cloud_0,56.6057,0.008885,edge_1,access_0-edge_1
40,normal,-1,0.0,,,-1,-1,7,access_1|edge_2|edge_1|edge_0|edge_4|cloud_0,access_1-edge_2|edge_1-edge_2|edge_0-edge_1|edge_4-edge_0|edge_4-cloud_0,79.31674,0.020152,edge_1,edge_0-edge_1
41,link_congestion,15,0.28459,edge_0,edge_0-edge_1,3,2,0,access_1|edge_3|edge_2|cloud_0,access_1-edge_3|edge_2-edge_3|edge_2-cloud_0,64.84043,0.020156,edge_3,access_1-edge_3
41,normal,-1,0.0,,,-1,-1,1,access_0|edge_0|edge_4|cloud_0,access_0-edge_0|edge_4-edge_0|edge_4-cloud_0,58.90291,0.009323,edge_4,edge_4-edge_0
41,node_overload,8,0.27734,edge_4,edge_4-edge_0,2,1,2,access_0|edge_0|cloud_0,access_0-edge_0|edge_0-cloud_0,48.23196,0.003258,edge_0,edge_0-cloud_0
41,node_overload,3,0.31768,edge_1,access_0-edge_1,1,0,3,access_1|edge_2|edge_1|edge_0|edge_4|cloud_0,access_1-edge_2|edge_1-edge_2|edge_0-edge_1|edge_4-edge_0|edge_4-cloud_0,80.37158,0.021309,edge_1,edge_0-edge_1
41,node_overload,8,0.27734,edge_4,edge_4-edge_0,2,1,4,access_1|edge_3|edge_2|cloud_0,access_1-edge_3|edge_2-edge_3|edge_2-cloud_0,64.84043,0.020156,edge_3,access_1-edge_3
41,normal,-1,0.0,,,-1,-1,5,access_0|edge_0|edge_4|cloud_0,access_0-edge_0|edge_4-edge_0|edge_4-cloud_0,58.90291,0.009323,edge_4,edge_4-edge_0
41,node_overload,3,0.31768,edge_1,access_0-edge_1,1,0,6,access_0|edge_1|edge_2|cloud_0,access_0-edge_1|edge_1-edge_2|edge_2-cloud_0,58.02985,0.005147,edge_1,access_0-edge_1
41,normal,-1,0.0,,,-1,-1,7,access_1|edge_2|edge_1|edge_0|edge_4|cloud_0,access_1-edge_2|edge_1-edge_2|edge_0-edge_1|edge_4-edge_0|edge_4-cloud_0,80.37158,0.021309,edge_1,edge_0-edge_1
42,link_congestion,15,0.28459,edge_0,edge_0-edge_1,3,2,0,access_1|edge_3|edge_2|cloud_0,access_1-edge_3|edge_2-edge_3|edge_2-cloud_0,64.4726,0.015511,edge_3,access_1-edge_3
42,normal,-1,0.0,,,-1,-1,1,access_0|edge_0|edge_4|cloud_0,access_0-edge_0|edge_4-edge_0|edge_4-cloud_0,58.5575,0.006012,edge_4,edge_4-edge_0
42,node_overload,8,0.27734,edge_4,edge_4-edge_0,2,1,2,access_0|edge_0|cloud_0,access_0-edge_0|edge_0-cloud_0,45.68715,0.002917,cloud_0,edge_0-cloud_0
42,node_overload,3,0.31768,edge_1,access_0-edge_1,1,0,3,access_1|edge_2|edge_1|edge_0|edge_4|cloud_0,access_1-edge_2|edge_1-edge_2|edge_0-edge_1|edge_4-edge_0|edge_4-cloud_0,83.80569,0.018086,edge_1,edge_0-edge_1
42,node_overload,8,0.27734,edge_4,edge_4-edge_0,2,1,4,access_1|edge_3|edge_2|cloud_0,access_1-edge_3|edge_2-edge_3|edge_2-cloud_0,64.4726,0.015511,edge_3,access_1-edge_3
42,normal,-1,0.0,,,-1,-1,5,access_0|edge_0|edge_4|cloud_0,access_0-edge_0|edge_4-edge_0|edge_4-cloud_0,58.5575,0.006012,edge_4,edge_4-edge_0
42,node_overload,3,0.31768,edge_1,access_0-edge_1,1,0,6,access_0|edge_1|edge_2|cloud_0,access_0-edge_1|edge_1-edge_2|edge_2-cloud_0,56.29703,0.005394,edge_1,access_0-edge_1
42,mixed,25,0.28113,edge_0,edge_0-edge_1,3,2,7,access_1|edge_2|edge_1|edge_0|edge_4|cloud_0,access_1-edge_2|edge_1-edge_2|edge_0-edge_1|edge_4-edge_0|edge_4-cloud_0,83.80569,0.018086,edge_1,edge_0-edge_1
43,link_congestion,15,0.28459,edge_0,edge_0-edge_1,3,2,0,access_1|edge_3|edge_2|cloud_0,access_1-edge_3|edge_2-edge_3|edge_2-cloud_0,64.05528,0.02065,edge_3,access_1-edge_3
43,normal,-1,0.0,,,-1,-1,1,access_0|edge_0|edge_4|cloud_0,access_0-edge_0|edge_4-edge_0|edge_4-cloud_0,59.21133,0.003312,edge_4,edge_4-edge_0
43,mixed,27,0.43958,edge_3,access_1-edge_3,1,0,2,access_0|edge_0|cloud_0,access_0-edge_0|edge_0-cloud_0,47.23748,0.003063,edge_0,access_0-edge_0
43,node_overload,3,0.31768,edge_1,access_0-edge_1,1,0,3,access_1|edge_2|edge_1|edge_0|edge_4|cloud_0,access_1-edge_2|edge_1-edge_2|edge_0-edge_1|edge_4-edge_0|edge_4-cloud_0,80.37685,0.014652,edge_1,edge_0-edge_1
43,link_congestion,18,0.23559,edge_2,edge_2-edge_3,2,1,4,access_1|edge_3|edge_2|cloud_0,access_1-edge_3|edge_2-edge_3|edge_2-cloud_0,64.05528,0.02065,edge_3,access_1-edge_3
43,normal,-1,0.0,,,-1,-1,5,access_0|edge_0|edge_4|cloud_0,access_0-edge_0|edge_4-edge_0|edge_4-cloud_0,59.21133,0.003312,edge_4,edge_4-edge_0
43,node_overload,3,0.31768,edge_1,access_0-edge_1,1,0,6,access_0|edge_1|edge_2|cloud_0,access_0-edge_1|edge_1-edge_2|edge_2-cloud_0,58.20489,0.009474,edge_1,access_0-edge_1
43,mixed,25,0.28113,edge_0,edge_0-edge_1,3,2,7,access_1|edge_2|edge_1|edge_0|edge_4|cloud_0,access_1-edge_2|edge_1-edge_2|edge_0-edge_1|edge_4-edge_0|edge_4-cloud_0,80.37685,0.014652,edge_1,edge_0-edge_1
44,link_congestion,15,0.28459,edge_0,edge_0-edge_1,3,2,0,access_1|edge_3|edge_2|cloud_0,access_1-edge_3|edge_2-edge_3|edge_2-cloud_0,60.60809,0.01531,edge_2,edge_2-edge_3
44,node_overload,7,0.27438,edge_0,access_0-edge_0,1,0,1,access_0|edge_0|edge_4|cloud_0,access_0-edge_0|edge_4-edge_0|edge_4-cloud_0,57.4761,0.013244,edge_0,access_0-edge_0
44,normal,-1,0.0,,,-1,-1,2,access_0|edge_0|cloud_0,access_0-edge_0|edge_0-cloud_0,48.54503,0.004655,edge_0,access_0-edge_0
44,node_overload,3,0.31768,edge_1,access_0-edge_1,1,0,3,access_1|edge_2|edge_1|edge_0|edge_4|cloud_0,access_1-edge_2|edge_1-edge_2|edge_0-edge_1|edge_4-edge_0|edge_4-cloud_0,79.66718,0.024897,edge_1,edge_0-edge_1
44,link_congestion,18,0.23559,edge_2,edge_2-edge_3,2,1,4,access_1|edge_3|edge_2|cloud_0,access_1-edge_3|edge_2-edge_3|edge_2-cloud_0,60.60809,0.01531,edge_2,edge_2-edge_3
44,node_overload,7,0.27438,edge_0,access_0-edge_0,1,0,5,access_0|edge_0|edge_4|cloud_0,access_0-edge_0|edge_4-edge_0|edge_4-cloud_0,57.4761,0.013244,edge_0,access_0-edge_0
44,node_overload,3,0.31768,edge_1,access_0-edge_1,1,0,6,access_0|edge_1|edge_2|cloud_0,access_0-edge_1|edge_1-edge_2|edge_2-cloud_0,58.07475,0.006922,edge_1,access_0-edge_1
44,mixed,25,0.28113,edge_0,edge_0-edge_1,3,2,7,access_1|edge_2|edge_1|edge_0|edge_4|cloud_0,access_1-edge_2|edge_1-edge_2|edge_0-edge_1|edge_4-edge_0|edge_4-cloud_0,79.66718,0.024897,edge_1,edge_0-edge_1
45,link_congestion,15,0.28459,edge_0,edge_0-edge_1,3,2,0,access_1|edge_3|edge_2|cloud_0,access_1-edge_3|edge_2-edge_3|edge_2-cloud_0,58.98706,0.012416,edge_2,edge_2-edge_3
45,node_overload,7,0.27438,edge_0,access_0-edge_0,1,0,1,access_0|edge_0|edge_4|cloud_0,access_0-edge_0|edge_4-edge_0|edge_4-cloud_0,60.01088,0.009608,edge_0,access_0-edge_0
45,normal,-1,0.0,,,-1,-1,2,access_0|edge_0|cloud_0,access_0-edge_0|edge_0-cloud_0,50.09576,0.006431,edge_0,access_0-edge_0
45,node_overload,3,0.31768,edge_1,access_0-edge_1,1,0,3,access_1|edge_2|edge_1|edge_0|edge_4|cloud_0,access_1-edge_2|edge_1-edge_2|edge_0-edge_1|edge_4-edge_0|edge_4-cloud_0,80.62902,0.020097,edge_1,edge_0-edge_1
45,link_congestion,18,0.23559,edge_2,edge_2-edge_3,2,1,4,access_1|edge_3|edge_2|cloud_0,access_1-edge_3|edge_2-edge_3|edge_2-cloud_0,58.98706,0.012416,edge_2,edge_2-edge_3
45,node_overload,7,0.27438,edge_0,access_0-edge_0,1,0,5,access_0|edge_0|edge_4|cloud_0,access_0-edge_0|edge_4-edge_0|edge_4-cloud_0,60.01088,0.009608,edge_0,access_0-edge_0
45,node_overload,3,0.31768,edge_1,access_0-edge_1,1,0,6,access_0|edge_1|edge_2|cloud_0,access_0-edge_1|edge_1-edge_2|edge_2-cloud_0,57.67871,0.013091,edge_1,access_0-edge_1
45,mixed,25,0.28113,edge_0,edge_0-edge_1,3,2,7,access_1|edge_2|edge_1|edge_0|edge_4|cloud_0,access_1-edge_2|edge_1-edge_2|edge_0-edge_1|edge_4-edge_0|edge_4-cloud_0,80.62902,0.020097,edge_1,edge_0-edge_1
46,link_congestion,15,0.28459,edge_0,edge_0-edge_1,3,2,0,access_1|edge_3|edge_2|cloud_0,access_1-edge_3|edge_2-edge_3|edge_2-cloud_0,59.56094,0.009107,edge_2,edge_2-edge_3
46,node_overload,7,0.27438,edge_0,access_0-edge_0,1,0,1,access_0|edge_0|edge_4|cloud_0,access_0-edge_0|edge_4-edge_0|edge_4-cloud_0,62.02384,0.01133,edge_4,edge_4-edge_0
46,normal,-1,0.0,,,-1,-1,2,access_0|edge_0|cloud_0,access_0-edge_0|edge_0-cloud_0,50.87391,0.008356,edge_0,access_0-edge_0
46,node_overload,3,0.31768,edge_1,access_0-edge_1,1,0,3,access_1|edge_2|edge_1|edge_0|edge_4|cloud_0,access_1-edge_2|edge_1-edge_2|edge_0-edge_1|edge_4-edge_0|edge_4-cloud_0,85.60651,0.020578,edge_1,edge_4-edge_0
46,link_congestion,18,0.23559,edge_2,edge_2-edge_3,2,1,4,access_1|edge_3|edge_2|cloud_0,access_1-edge_3|edge_2-edge_3|edge_2-cloud_0,59.56094,0.009107,edge_2,edge_2-edge_3
46,node_overload,7,0.27438,edge_0,access_0-edge_0,1,0,5,access_0|edge_0|edge_4|cloud_0,access_0-edge_0|edge_4-edge_0|edge_4-cloud_0,62.02384,0.01133,edge_4,edge_4-edge_0
46,node_overload,3,0.31768,edge_1,access_0-edge_1,1,0,6,access_0|edge_1|edge_2|cloud_0,access_0-edge_1|edge_1-edge_2|edge_2-cloud_0,59.99751,0.010515,edge_1,access_0-edge_1
46,mixed,22,0.39821,edge_4,edge_4-edge_0,4,3,7,access_1|edge_2|edge_1|edge_0|edge_4|cloud_0,access_1-edge_2|edge_1-edge_2|edge_0-edge_1|edge_4-edge_0|edge_4-cloud_0,85.60651,0.020578,edge_1,edge_4-edge_0
47,link_congestion,15,0.28459,edge_0,edge_0-edge_1,3,2,0,access_1|edge_3|edge_2|cloud_0,access_1-edge_3|edge_2-edge_3|edge_2-cloud_0,58.13893,0.011332,edge_2,edge_2-edge_3
47,node_overload,7,0.27438,edge_0,access_0-edge_0,1,0,1,access_0|edge_0|edge_4|cloud_0,access_0-edge_0|edge_4-edge_0|edge_4-cloud_0,63.78574,0.017753,edge_4,edge_4-edge_0
47,normal,-1,0.0,,,-1,-1,2,access_0|edge_0|cloud_0,access_0-edge_0|edge_0-cloud_0,49.01087,0.005753,edge_0,access_0-edge_0
47,node_overload,3,0.31768,edge_1,access_0-edge_1,1,0,3,access_1|edge_2|edge_1|edge_0|edge_4|cloud_0,access_1-edge_2|edge_1-edge_2|edge_0-edge_1|edge_4-edge_0|edge_4-cloud_0,85.29213,0.019956,edge_1,edge_4-edge_0
47,link_congestion,18,0.23559,edge_2,edge_2-edge_3,2,1,4,access_1|edge_3|edge_2|cloud_0,access_1-edge_3|edge_2-edge_3|edge_2-cloud_0,58.13893,0.011332,edge_2,edge_2-edge_3
47,node_overload,7,0.27438,edge_0,access_0-edge_0,1,0,5,access_0|edge_0|edge_4|cloud_0,access_0-edge_0|edge_4-edge_0|edge_4-cloud_0,63.78574,0.017753,edge_4,edge_4-edge_0
47,node_overload,3,0.31768,edge_1,access_0-edge_1,1,0,6,access_0|edge_1|edge_2|cloud_0,access_0-edge_1|edge_1-edge_2|edge_2-cloud_0,56.82129,0.008446,edge_1,access_0-edge_1
47,mixed,22,0.39821,edge_4,edge_4-edge_0,4,3,7,access_1|edge_2|edge_1|edge_0|edge_4|cloud_0,access_1-edge_2|edge_1-edge_2|edge_0-edge_1|edge_4-edge_0|edge_4-cloud_0,85.29213,0.019956,edge_1,edge_4-edge_0
48,link_congestion,18,0.23559,edge_2,edge_2-edge_3,2,1,0,access_1|edge_3|edge_2|cloud_0,access_1-edge_3|edge_2-edge_3|edge_2-cloud_0,62.46275,0.013576,edge_2,edge_2-edge_3
48,node_overload,7,0.27438,edge_0,access_0-edge_0,1,0,1,access_0|edge_0|edge_4|cloud_0,access_0-edge_0|edge_4-edge_0|edge_4-cloud_0,64.53693,0.020234,edge_4,edge_4-edge_0
48,normal,-1,0.0,,,-1,-1,2,access_0|edge_0|cloud_0,access_0-edge_0|edge_0-cloud_0,48.98387,0.003283,edge_0,access_0-edge_0
48,node_overload,3,0.31768,edge_1,access_0-edge_1,1,0,3,access_1|edge_2|edge_1|edge_0|edge_4|cloud_0,access_1-edge_2|edge_1-edge_2|edge_0-edge_1|edge_4-edge_0|edge_4-cloud_0,87.82506,0.034063,edge_4,edge_4-edge_0
48,link_congestion,18,0.23559,edge_2,edge_2-edge_3,2,1,4,access_1|edge_3|edge_2|cloud_0,access_1-edge_3|edge_2-edge_3|edge_2-cloud_0,62.46275,0.013576,edge_2,edge_2-edge_3
48,node_overload,7,0.27438,edge_0,access_0-edge_0,1,0,5,access_0|edge_0|edge_4|cloud_0,access_0-edge_0|edge_4-edge_0|edge_4-cloud_0,64.53693,0.020234,edge_4,edge_4-edge_0
48,node_overload,3,0.31768,edge_1,access_0-edge_1,1,0,6,access_0|edge_1|edge_2|cloud_0,access_0-edge_1|edge_1-edge_2|edge_2-cloud_0,60.83786,0.010332,edge_1,access_0-edge_1
48,mixed,22,0.39821,edge_4,edge_4-edge_0,4,3,7,access_1|edge_2|edge_1|edge_0|edge_4|cloud_0,access_1-edge_2|edge_1-edge_2|edge_0-edge_1|edge_4-edge_0|edge_4-cloud_0,87.82506,0.034063,edge_4,edge_4-edge_0
49,normal,-1,0.0,,,-1,-1,0,access_1|edge_3|edge_2|cloud_0,access_1-edge_3|edge_2-edge_3|edge_2-cloud_0,56.19922,0.0057,edge_2,edge_2-edge_3
49,node_overload,7,0.27438,edge_0,access_0-edge_0,1,0,1,access_0|edge_0|edge_4|cloud_0,access_0-edge_0|edge_4-edge_0|edge_4-cloud_0,68.87874,0.021992,edge_4,edge_4-edge_0
49,normal,-1,0.0,,,-1,-1,2,access_0|edge_0|cloud_0,access_0-edge_0|edge_0-cloud_0,50.08657,0.006556,edge_0,access_0-edge_0
49,burst,0,0.30723,edge_1,access_0-edge_1,1,0,3,access_1|edge_2|edge_1|edge_0|edge_4|cloud_0,access_1-edge_2|edge_1-edge_2|edge_0-edge_1|edge_4-edge_0|edge_4-cloud_0,92.55108,0.03581,edge_4,edge_4-edge_0
49,normal,-1,0.0,,,-1,-1,4,access_1|edge_3|edge_2|cloud_0,access_1-edge_3|edge_2-edge_3|edge_2-cloud_0,56.19922,0.0057,edge_2,edge_2-edge_3
49,node_overload,7,0.27438,edge_0,access_0-edge_0,1,0,5,access_0|edge_0|edge_4|cloud_0,access_0-edge_0|edge_4-edge_0|edge_4-cloud_0,68.87874,0.021992,edge_4,edge_4-edge_0
49,burst,0,0.30723,edge_1,access_0-edge_1,1,0,6,access_0|edge_1|edge_2|cloud_0,access_0-edge_1|edge_1-edge_2|edge_2-cloud_0,57.37538,0.010422,edge_1,access_0-edge_1
49,link_congestion,16,0.3327,edge_4,edge_4-edge_0,4,3,7,access_1|edge_2|edge_1|edge_0|edge_4|cloud_0,access_1-edge_2|edge_1-edge_2|edge_0-edge_1|edge_4-edge_0|edge_4-cloud_0,92.55108,0.03581,edge_4,edge_4-edge_0
50,normal,-1,0.0,,,-1,-1,0,access_1|edge_3|edge_2|cloud_0,access_1-edge_3|edge_2-edge_3|edge_2-cloud_0,56.53734,0.009998,edge_2,edge_2-edge_3
50,node_overload,7,0.27438,edge_0,access_0-edge_0,1,0,1,access_0|edge_0|edge_4|cloud_0,access_0-edge_0|edge_4-edge_0|edge_4-cloud_0,65.1582,0.021577,edge_4,edge_4-edge_0
50,normal,-1,0.0,,,-1,-1,2,access_0|edge_0|cloud_0,access_0-edge_0|edge_0-cloud_0,48.78894,0.005321,edge_0,access_0-edge_0
50,burst,0,0.30723,edge_1,access_0-edge_1,1,0,3,access_1|edge_2|edge_1|edge_0|edge_4|cloud_0,access_1-edge_2|edge_1-edge_2|edge_0-edge_1|edge_4-edge_0|edge_4-cloud_0,90.84349,0.037126,edge_4,edge_4-edge_0
50,normal,-1,0.0,,,-1,-1,4,access_1|edge_3|edge_2|cloud_0,access_1-edge_3|edge_2-edge_3|edge_2-cloud_0,56.53734,0.009998,edge_2,edge_2-edge_3
50,node_overload,7,0.27438,edge_0,access_0-edge_0,1,0,5,access_0|edge_0|edge_4|cloud_0,access_0-edge_0|edge_4-edge_0|edge_4-cloud_0,65.1582,0.021577,edge_4,edge_4-edge_0
50,burst,0,0.30723,edge_1,access_0-edge_1,1,0,6,access_0|edge_1|edge_2|cloud_0,access_0-edge_1|edge_1-edge_2|edge_2-cloud_0,59.16258,0.017315,edge_1,edge_1-edge_2
50,node_overload,4,0.26867,edge_1,edge_1-edge_2,2,1,7,access_1|edge_2|edge_1|edge_0|edge_4|cloud_0,access_1-edge_2|edge_1-edge_2|edge_0-edge_1|edge_4-edge_0|edge_4-cloud_0,90.84349,0.037126,edge_4,edge_4-edge_0
51,mixed,30,0.29011,edge_4,edge_4-edge_0,4,3,0,access_1|edge_2|edge_1|edge_0|edge_4|cloud_0,access_1-edge_2|edge_1-edge_2|edge_0-edge_1|edge_4-edge_0|edge_4-cloud_0,88.165,0.028421,edge_4,edge_4-edge_0
51,node_overload,7,0.27438,edge_0,access_0-edge_0,1,0,1,access_1|edge_3|edge_2|cloud_0,access_1-edge_3|edge_2-edge_3|edge_2-cloud_0,61.66405,0.005285,cloud_0,access_1-edge_3
51,normal,-1,0.0,,,-1,-1,2,access_0|edge_0|edge_4|cloud_0,access_0-edge_0|edge_4-edge_0|edge_4-cloud_0,64.6894,0.01891,edge_4,edge_4-edge_0
51,burst,0,0.30723,edge_1,access_0-edge_1,1,0,3,access_0|edge_1|edge_2|cloud_0,access_0-edge_1|edge_1-edge_2|edge_2-cloud_0,64.76259,0.015818,edge_1,edge_1-edge_2
51,mixed,30,0.29011,edge_4,edge_4-edge_0,4,3,4,access_1|edge_2|edge_1|edge_0|edge_4|cloud_0,access_1-edge_2|edge_1-edge_2|edge_0-edge_1|edge_4-edge_0|edge_4-cloud_0,88.165,0.028421,edge_4,edge_4-edge_0
51,node_overload,7,0.27438,edge_0,access_0-edge_0,1,0,5,access_1|edge_3|edge_2|cloud_0,access_1-edge_3|edge_2-edge_3|edge_2-cloud_0,61.66405,0.005285,cloud_0,access_1-edge_3
51,burst,0,0.30723,edge_1,access_0-edge_1,1,0,6,access_1|edge_2|cloud_0,access_1-edge_2|edge_2-cloud_0,49.85857,0.003466,cloud_0,access_1-edge_2
51,node_overload,4,0.26867,edge_1,edge_1-edge_2,2,1,7,access_0|edge_1|edge_2|cloud_0,access_0-edge_1|edge_1-edge_2|edge_2-cloud_0,64.76259,0.015818,edge_1,edge_1-edge_2
52,mixed,30,0.29011,edge_4,edge_4-edge_0,4,3,0,access_1|edge_2|edge_1|edge_0|edge_4|cloud_0,access_1-edge_2|edge_1-edge_2|edge_0-edge_1|edge_4-edge_0|edge_4-cloud_0,86.74732,0.027808,edge_4,edge_4-edge_0
52,mixed,28,0.39243,edge_2,edge_2-edge_3,2,1,1,access_1|edge_3|edge_2|cloud_0,access_1-edge_3|edge_2-edge_3|edge_2-cloud_0,60.52316,0.012912,edge_2,edge_2-edge_3
52,normal,-1,0.0,,,-1,-1,2,access_0|edge_0|edge_4|cloud_0,access_0-edge_0|edge_4-edge_0|edge_4-cloud_0,62.16103,0.018649,edge_4,edge_4-edge_0
52,burst,0,0.30723,edge_1,access_0-edge_1,1,0,3,access_0|edge_1|edge_2|cloud_0,access_0-edge_1|edge_1-edge_2|edge_2-cloud_0,61.06715,0.01555,edge_2,edge_1-edge_2
52,mixed,30,0.29011,edge_4,edge_4-edge_0,4,3,4,access_1|edge_2|edge_1|edge_0|edge_4|cloud_0,access_1-edge_2|edge_1-edge_2|edge_0-edge_1|edge_4-edge_0|edge_4-cloud_0,86.74732,0.027808,edge_4,edge_4-edge_0
52,mixed,28,0.39243,edge_2,edge_2-edge_3,2,1,5,access_1|edge_3|edge_2|cloud_0,access_1-edge_3|edge_2-edge_3|edge_2-cloud_0,60.52316,0.012912,edge_2,edge_2-edge_3
52,burst,0,0.30723,edge_1,access_0-edge_1,1,0,6,access_1|edge_2|cloud_0,access_1-edge_2|edge_2-cloud_0,45.9363,0.002599,edge_2,access_1-edge_2
52,node_overload,4,0.26867,edge_1,edge_1-edge_2,2,1,7,access_0|edge_1|edge_2|cloud_0,access_0-edge_1|edge_1-edge_2|edge_2-cloud_0,61.06715,0.01555,edge_2,edge_1-edge_2
53,mixed,21,0.28507,edge_0,edge_0-edge_1,3,2,0,access_1|edge_2|edge_1|edge_0|edge_4|cloud_0,access_1-edge_2|edge_1-edge_2|edge_0-edge_1|edge_4-edge_0|edge_4-cloud_0,92.63322,0.037001,edge_4,edge_4-edge_0
53,mixed,28,0.39243,edge_2,edge_2-edge_3,2,1,1,access_1|edge_3|edge_2|cloud_0,access_1-edge_3|edge_2-edge_3|edge_2-cloud_0,62.94987,0.016316,edge_2,edge_2-edge_3
53,normal,-1,0.0,,,-1,-1,2,access_0|edge_0|edge_4|cloud_0,access_0-edge_0|edge_4-edge_0|edge_4-cloud_0,64.67257,0.018371,edge_4,edge_4-edge_0
53,burst,0,0.30723,edge_1,access_0-edge_1,1,0,3,access_0|edge_1|edge_2|cloud_0,access_0-edge_1|edge_1-edge_2|edge_2-cloud_0,66.65449,0.020488,edge_2,edge_1-edge_2
53,mixed,21,0.28507,edge_0,edge_0-edge_1,3,2,4,access_1|edge_2|edge_1|edge_0|edge_4|cloud_0,access_1-edge_2|edge_1-edge_2|edge_0-edge_1|edge_4-edge_0|edge_4-cloud_0,92.63322,0.037001,edge_4,edge_4-edge_0
53,mixed,28,0.39243,edge_2,edge_2-edge_3,2,1,5,access_1|edge_3|edge_2|cloud_0,access_1-edge_3|edge_2-edge_3|edge_2-cloud_0,62.94987,0.016316,edge_2,edge_2-edge_3
53,burst,0,0.30723,edge_1,access_0-edge_1,1,0,6,access_1|edge_2|cloud_0,access_1-edge_2|edge_2-cloud_0,49.82882,0.005119,edge_2,edge_2-cloud_0
53,node_overload,4,0.26867,edge_1,edge_1-edge_2,2,1,7,access_0|edge_1|edge_2|cloud_0,access_0-edge_1|edge_1-edge_2|edge_2-cloud_0,66.65449,0.020488,edge_2,edge_1-edge_2
54,mixed,21,0.28507,edge_0,edge_0-edge_1,3,2,0,access_1|edge_2|edge_1|edge_0|edge_4|cloud_0,access_1-edge_2|edge_1-edge_2|edge_0-edge_1|edge_4-edge_0|edge_4-cloud_0,92.71378,0.032609,edge_2,edge_4-edge_0
54,mixed,28,0.39243,edge_2,edge_2-edge_3,2,1,1,access_1|edge_3|edge_2|cloud_0,access_1-edge_3|edge_2-edge_3|edge_2-cloud_0,63.83609,0.017439,edge_2,edge_2-edge_3
54,normal,-1,0.0,,,-1,-1,2,access_0|edge_0|edge_4|cloud_0,access_0-edge_0|edge_4-edge_0|edge_4-cloud_0,66.19375,0.015602,edge_4,edge_4-edge_0
54,burst,0,0.30723,edge_1,access_0-edge_1,1,0,3,access_0|edge_1|edge_2|cloud_0,access_0-edge_1|edge_1-edge_2|edge_2-cloud_0,65.72043,0.020497,edge_2,access_0-edge_1
54,mixed,21,0.28507,edge_0,edge_0-edge_1,3,2,4,access_1|edge_2|edge_1|edge_0|edge_4|cloud_0,access_1-edge_2|edge_1-edge_2|edge_0-edge_1|edge_4-edge_0|edge_4-cloud_0,92.71378,0.032609,edge_2,edge_4-edge_0
54,mixed,28,0.39243,edge_2,edge_2-edge_3,2,1,5,access_1|edge_3|edge_2|cloud_0,access_1-edge_3|edge_2-edge_3|edge_2-cloud_0,63.83609,0.017439,edge_2,edge_2-edge_3
54,burst,0,0.30723,edge_1,access_0-edge_1,1,0,6,access_1|edge_2|cloud_0,access_1-edge_2|edge_2-cloud_0,47.78975,0.003032,edge_2,edge_2-cloud_0
54,node_overload,4,0.26867,edge_1,edge_1-edge_2,2,1,7,access_0|edge_1|edge_2|cloud_0,access_0-edge_1|edge_1-edge_2|edge_2-cloud_0,65.72043,0.020497,edge_2,access_0-edge_1
55,node_overload,5,0.3818,edge_0,edge_0-edge_1,3,2,0,access_1|edge_2|edge_1|edge_0|edge_4|cloud_0,access_1-edge_2|edge_1-edge_2|edge_0-edge_1|edge_4-edge_0|edge_4-cloud_0,91.46946,0.033499,edge_4,edge_4-edge_0
55,mixed,28,0.39243,edge_2,edge_2-edge_3,2,1,1,access_1|edge_3|edge_2|cloud_0,access_1-edge_3|edge_2-edge_3|edge_2-cloud_0,64.43679,0.017566,edge_2,edge_2-edge_3
55,normal,-1,0.0,,,-1,-1,2,access_0|edge_0|edge_4|cloud_0,access_0-edge_0|edge_4-edge_0|edge_4-cloud_0,64.97359,0.017233,edge_4,edge_4-edge_0
55,burst,0,0.30723,edge_1,access_0-edge_1,1,0,3,access_0|edge_1|edge_2|cloud_0,access_0-edge_1|edge_1-edge_2|edge_2-cloud_0,65.85703,0.022079,edge_2,access_0-edge_1
55,node_overload,5,0.3818,edge_0,edge_0-edge_1,3,2,4,access_1|edge_2|edge_1|edge_0|edge_4|cloud_0,access_1-edge_2|edge_1-edge_2|edge_0-edge_1|edge_4-edge_0|edge_4-cloud_0,91.46946,0.033499,edge_4,edge_4-edge_0
55,mixed,28,0.39243,edge_2,edge_2-edge_3,2,1,5,access_1|edge_3|edge_2|cloud_0,access_1-edge_3|edge_2-edge_3|edge_2-cloud_0,64.43679,0.017566,edge_2,edge_2-edge_3
55,burst,0,0.30723,edge_1,access_0-edge_1,1,0,6,access_1|edge_2|cloud_0,access_1-edge_2|edge_2-cloud_0,49.36347,0.007094,edge_2,edge_2-cloud_0
55,node_overload,4,0.26867,edge_1,edge_1-edge_2,2,1,7,access_0|edge_1|edge_2|cloud_0,access_0-edge_1|edge_1-edge_2|edge_2-cloud_0,65.85703,0.022079,edge_2,access_0-edge_1
56,node_overload,5,0.3818,edge_0,edge_0-edge_1,3,2,0,access_1|edge_2|edge_1|edge_0|edge_4|cloud_0,access_1-edge_2|edge_1-edge_2|edge_0-edge_1|edge_4-edge_0|edge_4-cloud_0,89.48125,0.030098,edge_2,edge_4-edge_0
56,mixed,28,0.39243,edge_2,edge_2-edge_3,2,1,1,access_1|edge_3|edge_2|cloud_0,access_1-edge_3|edge_2-edge_3|edge_2-cloud_0,65.05378,0.023372,edge_2,edge_2-edge_3
56,normal,-1,0.0,,,-1,-1,2,access_0|edge_0|edge_4|cloud_0,access_0-edge_0|edge_4-edge_0|edge_4-cloud_0,61.71132,0.01446,edge_4,edge_4-edge_0
56,burst,0,0.30723,edge_1,access_0-edge_1,1,0,3,access_0|edge_1|edge_2|cloud_0,access_0-edge_1|edge_1-edge_2|edge_2-cloud_0,67.90041,0.024421,edge_2,access_0-edge_1
56,node_overload,5,0.3818,edge_0,edge_0-edge_1,3,2,4,access_1|edge_2|edge_1|edge_0|edge_4|cloud_0,access_1-edge_2|edge_1-edge_2|edge_0-edge_1|edge_4-edge_0|edge_4-cloud_0,89.48125,0.030098,edge_2,edge_4-edge_0
56,mixed,28,0.39243,edge_2,edge_2-edge_3,2,1,5,access_1|edge_3|edge_2|cloud_0,access_1-edge_3|edge_2-edge_3|edge_2-cloud_0,65.05378,0.023372,edge_2,edge_2-edge_3
56,burst,0,0.30723,edge_1,access_0-edge_1,1,0,6,access_1|edge_2|cloud_0,access_1-edge_2|edge_2-cloud_0,48.47639,0.005847,edge_2,edge_2-cloud_0
56,node_overload,4,0.26867,edge_1,edge_1-edge_2,2,1,7,access_0|edge_1|edge_2|cloud_0,access_0-edge_1|edge_1-edge_2|edge_2-cloud_0,67.90041,0.024421,edge_2,access_0-edge_1
57,node_overload,5,0.3818,edge_0,edge_0-edge_1,3,2,0,access_1|edge_2|edge_1|edge_0|edge_4|cloud_0,access_1-edge_2|edge_1-edge_2|edge_0-edge_1|edge_4-edge_0|edge_4-cloud_0,85.58761,0.034659,edge_2,edge_1-edge_2
57,mixed,28,0.39243,edge_2,edge_2-edge_3,2,1,1,access_1|edge_3|edge_2|cloud_0,access_1-edge_3|edge_2-edge_3|edge_2-cloud_0,61.50231,0.016506,edge_2,edge_2-edge_3
57,normal,-1,0.0,,,-1,-1,2,access_0|edge_0|edge_4|cloud_0,access_0-edge_0|edge_4-edge_0|edge_4-cloud_0,62.75842,0.016972,edge_0,edge_4-edge_0
57,burst,0,0.30723,edge_1,access_0-edge_1,1,0,3,access_0|edge_1|edge_2|cloud_0,access_0-edge_1|edge_1-edge_2|edge_2-cloud_0,66.97529,0.023075,edge_2,access_0-edge_1
57,node_overload,5,0.3818,edge_0,edge_0-edge_1,3,2,4,access_1|edge_2|edge_1|edge_0|edge_4|cloud_0,access_1-edge_2|edge_1-edge_2|edge_0-edge_1|edge_4-edge_0|edge_4-cloud_0,85.58761,0.034659,edge_2,edge_1-edge_2
57,mixed,28,0.39243,edge_2,edge_2-edge_3,2,1,5,access_1|edge_3|edge_2|cloud_0,access_1-edge_3|edge_2-edge_3|edge_2-cloud_0,61.50231,0.016506,edge_2,edge_2-edge_3
57,burst,0,0.30723,edge_1,access_0-edge_1,1,0,6,access_1|edge_2|cloud_0,access_1-edge_2|edge_2-cloud_0,47.55512,0.00244,edge_2,access_1-edge_2
57,node_overload,4,0.26867,edge_1,edge_1-edge_2,2,1,7,access_0|edge_1|edge_2|cloud_0,access_0-edge_1|edge_1-edge_2|edge_2-cloud_0,66.97529,0.023075,edge_2,access_0-edge_1
58,node_overload,5,0.3818,edge_0,edge_0-edge_1,3,2,0,access_1|edge_2|edge_1|edge_0|edge_4|cloud_0,access_1-edge_2|edge_1-edge_2|edge_0-edge_1|edge_4-edge_0|edge_4-cloud_0,88.55101,0.032922,edge_2,edge_4-edge_0
58,mixed,28,0.39243,edge_2,edge_2-edge_3,2,1,1,access_1|edge_3|edge_2|cloud_0,access_1-edge_3|edge_2-edge_3|edge_2-cloud_0,62.77644,0.023839,edge_2,edge_2-edge_3
58,normal,-1,0.0,,,-1,-1,2,access_0|edge_0|edge_4|cloud_0,access_0-edge_0|edge_4-edge_0|edge_4-cloud_0,63.52169,0.019743,edge_0,edge_4-edge_0
58,burst,0,0.30723,edge_1,access_0-edge_1,1,0,3,access_0|edge_1|edge_2|cloud_0,access_0-edge_1|edge_1-edge_2|edge_2-cloud_0,62.92723,0.020908,edge_2,access_0-edge_1
58,node_overload,5,0.3818,edge_0,edge_0-edge_1,3,2,4,access_1|edge_2|edge_1|edge_0|edge_4|cloud_0,access_1-edge_2|edge_1-edge_2|edge_0-edge_1|edge_4-edge_0|edge_4-cloud_0,88.55101,0.032922,edge_2,edge_4-edge_0
58,mixed,28,0.39243,edge_2,edge_2-edge_3,2,1,5,access_1|edge_3|edge_2|cloud_0,access_1-edge_3|edge_2-edge_3|edge_2-cloud_0,62.77644,0.023839,edge_2,edge_2-edge_3
58,burst,0,0.30723,edge_1,access_0-edge_1,1,0,6,access_1|edge_2|cloud_0,access_1-edge_2|edge_2-cloud_0,47.65924,0.003725,edge_2,edge_2-cloud_0
58,node_overload,4,0.26867,edge_1,edge_1-edge_2,2,1,7,access_0|edge_1|edge_2|cloud_0,access_0-edge_1|edge_1-edge_2|edge_2-cloud_0,62.92723,0.020908,edge_2,access_0-edge_1
59,node_overload,5,0.3818,edge_0,edge_0-edge_1,3,2,0,access_1|edge_2|edge_1|edge_0|edge_4|cloud_0,access_1-edge_2|edge_1-edge_2|edge_0-edge_1|edge_4-edge_0|edge_4-cloud_0,89.19994,0.036182,edge_0,edge_1-edge_2
59,mixed,28,0.39243,edge_2,edge_2-edge_3,2,1,1,access_1|edge_3|edge_2|cloud_0,access_1-edge_3|edge_2-edge_3|edge_2-cloud_0,61.46542,0.016029,edge_2,edge_2-edge_3
59,normal,-1,0.0,,,-1,-1,2,access_0|edge_0|edge_4|cloud_0,access_0-edge_0|edge_4-edge_0|edge_4-cloud_0,60.45426,0.016898,edge_0,edge_4-edge_0
59,burst,0,0.30723,edge_1,access_0-edge_1,1,0,3,access_0|edge_1|edge_2|cloud_0,access_0-edge_1|edge_1-edge_2|edge_2-cloud_0,66.34072,0.021713,edge_2,edge_1-edge_2
59,node_overload,5,0.3818,edge_0,edge_0-edge_1,3,2,4,access_1|edge_2|edge_1|edge_0|edge_4|cloud_0,access_1-edge_2|edge_1-edge_2|edge_0-edge_1|edge_4-edge_0|edge_4-cloud_0,89.19994,0.036182,edge_0,edge_1-edge_2
59,mixed,28,0.39243,edge_2,edge_2-edge_3,2,1,5,access_1|edge_3|edge_2|cloud_0,access_1-edge_3|edge_2-edge_3|edge_2-cloud_0,61.46542,0.016029,edge_2,edge_2-edge_3
59,burst,0,0.30723,edge_1,access_0-edge_1,1,0,6,access_1|edge_2|cloud_0,access_1-edge_2|edge_2-cloud_0,48.16727,0.004328,edge_2,edge_2-cloud_0
59,link_congestion,10,0.37062,edge_1,edge_1-edge_2,2,1,7,access_0|edge_1|edge_2|cloud_0,access_0-edge_1|edge_1-edge_2|edge_2-cloud_0,66.34072,0.021713,edge_2,edge_1-edge_2
60,node_overload,5,0.3818,edge_0,edge_0-edge_1,3,2,0,access_1|edge_2|edge_1|edge_0|edge_4|cloud_0,access_1-edge_2|edge_1-edge_2|edge_0-edge_1|edge_4-edge_0|edge_4-cloud_0,90.19438,0.033409,edge_0,edge_1-edge_2
60,normal,-1,0.0,,,-1,-1,1,access_1|edge_3|edge_2|cloud_0,access_1-edge_3|edge_2-edge_3|edge_2-cloud_0,56.07925,0.005852,edge_2,access_1-edge_3
60,normal,-1,0.0,,,-1,-1,2,access_0|edge_0|edge_4|cloud_0,access_0-edge_0|edge_4-edge_0|edge_4-cloud_0,61.75712,0.016299,edge_0,edge_4-edge_0
60,burst,0,0.30723,edge_1,access_0-edge_1,1,0,3,access_0|edge_1|edge_2|cloud_0,access_0-edge_1|edge_1-edge_2|edge_2-cloud_0,64.29,0.022316,edge_1,edge_1-edge_2
60,node_overload,5,0.3818,edge_0,edge_0-edge_1,3,2,4,access_1|edge_2|edge_1|edge_0|edge_4|cloud_0,access_1-edge_2|edge_1-edge_2|edge_0-edge_1|edge_4-edge_0|edge_4-cloud_0,90.19438,0.033409,edge_0,edge_1-edge_2
60,normal,-1,0.0,,,-1,-1,5,access_1|edge_3|edge_2|cloud_0,access_1-edge_3|edge_2-edge_3|edge_2-cloud_0,56.07925,0.005852,edge_2,access_1-edge_3
60,burst,0,0.30723,edge_1,access_0-edge_1,1,0,6,access_1|edge_2|cloud_0,access_1-edge_2|edge_2-cloud_0,48.79463,0.005499,edge_2,access_1-edge_2
60,link_congestion,10,0.37062,edge_1,edge_1-edge_2,2,1,7,access_0|edge_1|edge_2|cloud_0,access_0-edge_1|edge_1-edge_2|edge_2-cloud_0,64.29,0.022316,edge_1,edge_1-edge_2
61,node_overload,5,0.3818,edge_0,edge_0-edge_1,3,2,0,access_1|edge_2|edge_1|edge_0|edge_4|cloud_0,access_1-edge_2|edge_1-edge_2|edge_0-edge_1|edge_4-edge_0|edge_4-cloud_0,83.8961,0.030214,edge_0,edge_1-edge_2
61,normal,-1,0.0,,,-1,-1,1,access_1|edge_3|edge_2|cloud_0,access_1-edge_3|edge_2-edge_3|edge_2-cloud_0,59.03145,0.003859,edge_2,edge_2-cloud_0
61,normal,-1,0.0,,,-1,-1,2,access_0|edge_0|edge_4|cloud_0,access_0-edge_0|edge_4-edge_0|edge_4-cloud_0,58.30823,0.011651,edge_0,edge_4-edge_0
61,burst,0,0.30723,edge_1,access_0-edge_1,1,0,3,access_0|edge_1|edge_2|cloud_0,access_0-edge_1|edge_1-edge_2|edge_2-cloud_0,64.20746,0.019807,edge_1,edge_1-edge_2
61,node_overload,5,0.3818,edge_0,edge_0-edge_1,3,2,4,access_1|edge_2|edge_1|edge_0|edge_4|cloud_0,access_1-edge_2|edge_1-edge_2|edge_0-edge_1|edge_4-edge_0|edge_4-cloud_0,83.8961,0.030214,edge_0,edge_1-edge_2
61,normal,-1,0.0,,,-1,-1,5,access_1|edge_3|edge_2|cloud_0,access_1-edge_3|edge_2-edge_3|edge_2-cloud_0,59.03145,0.003859,edge_2,edge_2-cloud_0
61,burst,0,0.30723,edge_1,access_0-edge_1,1,0,6,access_1|edge_2|cloud_0,access_1-edge_2|edge_2-cloud_0,47.39432,0.00339,edge_2,edge_2-cloud_0
61,link_congestion,10,0.37062,edge_1,edge_1-edge_2,2,1,7,access_0|edge_1|edge_2|cloud_0,access_0-edge_1|edge_1-edge_2|edge_2-cloud_0,64.20746,0.019807,edge_1,edge_1-edge_2
62,node_overload,5,0.3818,edge_0,edge_0-edge_1,3,2,0,access_1|edge_2|edge_1|edge_0|edge_4|cloud_0,access_1-edge_2|edge_1-edge_2|edge_0-edge_1|edge_4-edge_0|edge_4-cloud_0,80.92064,0.017535,edge_0,edge_1-edge_2
62,normal,-1,0.0,,,-1,-1,1,access_1|edge_3|edge_2|cloud_0,access_1-edge_3|edge_2-edge_3|edge_2-cloud_0,56.54135,0.007804,edge_2,edge_2-cloud_0
62,normal,-1,0.0,,,-1,-1,2,access_0|edge_0|edge_4|cloud_0,access_0-edge_0|edge_4-edge_0|edge_4-cloud_0,60.10292,0.005832,edge_0,access_0-edge_0
62,burst,0,0.30723,edge_1,access_0-edge_1,1,0,3,access_0|edge_1|edge_2|cloud_0,access_0-edge_1|edge_1-edge_2|edge_2-cloud_0,60.67683,0.015543,edge_1,edge_1-edge_2
62,node_overload,5,0.3818,edge_0,edge_0-edge_1,3,2,4,access_1|edge_2|edge_1|edge_0|edge_4|cloud_0,access_1-edge_2|edge_1-edge_2|edge_0-edge_1|edge_4-edge_0|edge_4-cloud_0,80.92064,0.017535,edge_0,edge_1-edge_2
62,normal,-1,0.0,,,-1,-1,5,access_1|edge_3|edge_2|cloud_0,access_1-edge_3|edge_2-edge_3|edge_2-cloud_0,56.54135,0.007804,edge_2,edge_2-cloud_0
62,burst,0,0.30723,edge_1,access_0-edge_1,1,0,6,access_1|edge_2|cloud_0,access_1-edge_2|edge_2-cloud_0,45.87817,0.005668,edge_2,access_1-edge_2
62,link_congestion,10,0.37062,edge_1,edge_1-edge_2,2,1,7,access_0|edge_1|edge_2|cloud_0,access_0-edge_1|edge_1-edge_2|edge_2-cloud_0,60.67683,0.015543,edge_1,edge_1-edge_2
63,node_overload,5,0.3818,edge_0,edge_0-edge_1,3,2,0,access_1|edge_2|edge_1|edge_0|edge_4|cloud_0,access_1-edge_2|edge_1-edge_2|edge_0-edge_1|edge_4-edge_0|edge_4-cloud_0,81.77079,0.00935,edge_0,edge_0-edge_1
63,normal,-1,0.0,,,-1,-1,1,access_1|edge_3|edge_2|cloud_0,access_1-edge_3|edge_2-edge_3|edge_2-cloud_0,58.30971,0.006207,edge_2,edge_2-cloud_0
63,normal,-1,0.0,,,-1,-1,2,access_0|edge_0|edge_4|cloud_0,access_0-edge_0|edge_4-edge_0|edge_4-cloud_0,58.06206,0.005832,edge_0,access_0-edge_0
63,burst,0,0.30723,edge_1,access_0-edge_1,1,0,3,access_0|edge_1|edge_2|cloud_0,access_0-edge_1|edge_1-edge_2|edge_2-cloud_0,58.72396,0.005475,edge_1,access_0-edge_1
63,node_overload,5,0.3818,edge_0,edge_0-edge_1,3,2,4,access_1|edge_2|edge_1|edge_0|edge_4|cloud_0,access_1-edge_2|edge_1-edge_2|edge_0-edge_1|edge_4-edge_0|edge_4-cloud_0,81.77079,0.00935,edge_0,edge_0-edge_1
63,normal,-1,0.0,,,-1,-1,5,access_1|edge_3|edge_2|cloud_0,access_1-edge_3|edge_2-edge_3|edge_2-cloud_0,58.30971,0.006207,edge_2,edge_2-cloud_0
63,burst,0,0.30723,edge_1,access_0-edge_1,1,0,6,access_1|edge_2|cloud_0,access_1-edge_2|edge_2-cloud_0,49.06596,0.003354,edge_2,edge_2-cloud_0
63,normal,-1,0.0,,,-1,-1,7,access_0|edge_1|edge_2|cloud_0,access_0-edge_1|edge_1-edge_2|edge_2-cloud_0,58.72396,0.005475,edge_1,access_0-edge_1
64,node_overload,5,0.3818,edge_0,edge_0-edge_1,3,2,0,access_1|edge_2|edge_1|edge_0|edge_4|cloud_0,access_1-edge_2|edge_1-edge_2|edge_0-edge_1|edge_4-edge_0|edge_4-cloud_0,80.67886,0.016154,edge_0,edge_0-edge_1
64,normal,-1,0.0,,,-1,-1,1,access_1|edge_3|edge_2|cloud_0,access_1-edge_3|edge_2-edge_3|edge_2-cloud_0,58.9071,0.005815,edge_2,edge_2-edge_3
64,normal,-1,0.0,,,-1,-1,2,access_0|edge_0|edge_4|cloud_0,access_0-edge_0|edge_4-edge_0|edge_4-cloud_0,56.02541,0.005831,edge_0,edge_4-edge_0
64,normal,-1,0.0,,,-1,-1,3,access_0|edge_1|edge_2|cloud_0,access_0-edge_1|edge_1-edge_2|edge_2-cloud_0,57.41212,0.007764,edge_2,access_0-edge_1
64,node_overload,5,0.3818,edge_0,edge_0-edge_1,3,2,4,access_1|edge_2|edge_1|edge_0|edge_4|cloud_0,access_1-edge_2|edge_1-edge_2|edge_0-edge_1|edge_4-edge_0|edge_4-cloud_0,80.67886,0.016154,edge_0,edge_0-edge_1
64,normal,-1,0.0,,,-1,-1,5,access_1|edge_3|edge_2|cloud_0,access_1-edge_3|edge_2-edge_3|edge_2-cloud_0,58.9071,0.005815,edge_2,edge_2-edge_3
64,normal,-1,0.0,,,-1,-1,6,access_1|edge_2|cloud_0,access_1-edge_2|edge_2-cloud_0,48.09599,0.003422,edge_2,access_1-edge_2
64,normal,-1,0.0,,,-1,-1,7,access_0|edge_1|edge_2|cloud_0,access_0-edge_1|edge_1-edge_2|edge_2-cloud_0,57.41212,0.007764,edge_2,access_0-edge_1
65,node_overload,5,0.3818,edge_0,edge_0-edge_1,3,2,0,access_1|edge_2|edge_1|edge_0|edge_4|cloud_0,access_1-edge_2|edge_1-edge_2|edge_0-edge_1|edge_4-edge_0|edge_4-cloud_0,79.48355,0.012811,edge_0,edge_1-edge_2
65,normal,-1,0.0,,,-1,-1,1,access_1|edge_3|edge_2|cloud_0,access_1-edge_3|edge_2-edge_3|edge_2-cloud_0,56.62325,0.006019,edge_2,access_1-edge_3
65,normal,-1,0.0,,,-1,-1,2,access_0|edge_0|edge_4|cloud_0,access_0-edge_0|edge_4-edge_0|edge_4-cloud_0,58.30931,0.003136,edge_0,edge_4-edge_0
65,mixed,24,0.35006,edge_1,edge_1-edge_2,2,1,3,access_0|edge_1|edge_2|cloud_0,access_0-edge_1|edge_1-edge_2|edge_2-cloud_0,60.57694,0.012428,edge_1,edge_1-edge_2
65,node_overload,5,0.3818,edge_0,edge_0-edge_1,3,2,4,access_1|edge_2|edge_1|edge_0|edge_4|cloud_0,access_1-edge_2|edge_1-edge_2|edge_0-edge_1|edge_4-edge_0|edge_4-cloud_0,79.48355,0.012811,edge_0,edge_1-edge_2
65,normal,-1,0.0,,,-1,-1,5,access_1|edge_3|edge_2|cloud_0,access_1-edge_3|edge_2-edge_3|edge_2-cloud_0,56.62325,0.006019,edge_2,access_1-edge_3
65,normal,-1,0.0,,,-1,-1,6,access_1|edge_2|cloud_0,access_1-edge_2|edge_2-cloud_0,46.61269,0.005518,edge_2,edge_2-cloud_0
65,normal,-1,0.0,,,-1,-1,7,access_0|edge_1|edge_2|cloud_0,access_0-edge_1|edge_1-edge_2|edge_2-cloud_0,60.57694,0.012428,edge_1,edge_1-edge_2
66,mixed,21,0.28507,edge_0,edge_0-edge_1,3,2,0,access_1|edge_2|edge_1|edge_0|edge_4|cloud_0,access_1-edge_2|edge_1-edge_2|edge_0-edge_1|edge_4-edge_0|edge_4-cloud_0,85.81897,0.02216,edge_1,edge_0-edge_1
66,normal,-1,0.0,,,-1,-1,1,access_1|edge_3|edge_2|cloud_0,access_1-edge_3|edge_2-edge_3|edge_2-cloud_0,58.86746,0.009077,edge_2,edge_2-cloud_0
66,normal,-1,0.0,,,-1,-1,2,access_0|edge_0|edge_4|cloud_0,access_0-edge_0|edge_4-edge_0|edge_4-cloud_0,59.68698,0.002991,edge_0,edge_4-edge_0
66,mixed,24,0.35006,edge_1,edge_1-edge_2,2,1,3,access_0|edge_1|edge_2|cloud_0,access_0-edge_1|edge_1-edge_2|edge_2-cloud_0,63.39017,0.011945,edge_1,edge_1-edge_2
66,mixed,21,0.28507,edge_0,edge_0-edge_1,3,2,4,access_1|edge_2|edge_1|edge_0|edge_4|cloud_0,access_1-edge_2|edge_1-edge_2|edge_0-edge_1|edge_4-edge_0|edge_4-cloud_0,85.81897,0.02216,edge_1,edge_0-edge_1
66,normal,-1,0.0,,,-1,-1,5,access_1|edge_3|edge_2|cloud_0,access_1-edge_3|edge_2-edge_3|edge_2-cloud_0,58.86746,0.009077,edge_2,edge_2-cloud_0
66,normal,-1,0.0,,,-1,-1,6,access_1|edge_2|cloud_0,access_1-edge_2|edge_2-cloud_0,49.13529,0.002164,edge_2,edge_2-cloud_0
66,normal,-1,0.0,,,-1,-1,7,access_0|edge_1|edge_2|cloud_0,access_0-edge_1|edge_1-edge_2|edge_2-cloud_0,63.39017,0.011945,edge_1,edge_1-edge_2
67,link_congestion,12,0.24813,edge_4,edge_4-edge_0,4,3,0,access_1|edge_2|edge_1|edge_0|edge_4|cloud_0,access_1-edge_2|edge_1-edge_2|edge_0-edge_1|edge_4-edge_0|edge_4-cloud_0,89.91572,0.022371,edge_1,edge_1-edge_2
67,normal,-1,0.0,,,-1,-1,1,access_1|edge_3|edge_2|cloud_0,access_1-edge_3|edge_2-edge_3|edge_2-cloud_0,55.06019,0.005427,edge_2,access_1-edge_3
67,normal,-1,0.0,,,-1,-1,2,access_0|edge_0|edge_4|cloud_0,access_0-edge_0|edge_4-edge_0|edge_4-cloud_0,58.92187,0.009804,edge_0,edge_4-edge_0
67,link_congestion,9,0.24518,edge_1,access_0-edge_1,1,0,3,access_0|edge_1|edge_2|cloud_0,access_0-edge_1|edge_1-edge_2|edge_2-cloud_0,61.38987,0.01516,edge_1,edge_1-edge_2
67,link_congestion,12,0.24813,edge_4,edge_4-edge_0,4,3,4,access_1|edge_2|edge_1|edge_0|edge_4|cloud_0,access_1-edge_2|edge_1-edge_2|edge_0-edge_1|edge_4-edge_0|edge_4-cloud_0,89.91572,0.022371,edge_1,edge_1-edge_2
67,normal,-1,0.0,,,-1,-1,5,access_1|edge_3|edge_2|cloud_0,access_1-edge_3|edge_2-edge_3|edge_2-cloud_0,55.06019,0.005427,edge_2,access_1-edge_3
67,normal,-1,0.0,,,-1,-1,6,access_1|edge_2|cloud_0,access_1-edge_2|edge_2-cloud_0,45.21769,0.002238,edge_2,access_1-edge_2
67,link_congestion,9,0.24518,edge_1,access_0-edge_1,1,0,7,access_0|edge_1|edge_2|cloud_0,access_0-edge_1|edge_1-edge_2|edge_2-cloud_0,61.38987,0.01516,edge_1,edge_1-edge_2
68,link_congestion,12,0.24813,edge_4,edge_4-edge_0,4,3,0,access_0|edge_1|edge_2|cloud_0,access_0-edge_1|edge_1-edge_2|edge_2-cloud_0,63.34408,0.024627,edge_1,edge_1-edge_2
68,link_congestion,13,0.2917,edge_2,access_1-edge_2,1,0,1,access_1|edge_2|edge_1|edge_0|edge_4|cloud_0,access_1-edge_2|edge_1-edge_2|edge_0-edge_1|edge_4-edge_0|edge_4-cloud_0,86.12499,0.032759,edge_1,edge_1-edge_2
68,normal,-1,0.0,,,-1,-1,2,access_1|edge_3|edge_2|cloud_0,access_1-edge_3|edge_2-edge_3|edge_2-cloud_0,60.05231,0.006016,edge_2,access_1-edge_3
68,link_congestion,9,0.24518,edge_1,access_0-edge_1,1,0,3,access_1|edge_2|cloud_0,access_1-edge_2|edge_2-cloud_0,48.57623,0.010491,edge_2,access_1-edge_2
68,link_congestion,12,0.24813,edge_4,edge_4-edge_0,4,3,4,access_0|edge_1|edge_2|cloud_0,access_0-edge_1|edge_1-edge_2|edge_2-cloud_0,63.34408,0.024627,edge_1,edge_1-edge_2
68,normal,-1,0.0,,,-1,-1,5,access_1|edge_2|edge_1|edge_0|edge_4|cloud_0,access_1-edge_2|edge_1-edge_2|edge_0-edge_1|edge_4-edge_0|edge_4-cloud_0,86.12499,0.032759,edge_1,edge_1-edge_2
68,normal,-1,0.0,,,-1,-1,6,access_1|edge_2|edge_1|edge_0|cloud_0,access_1-edge_2|edge_1-edge_2|edge_0-edge_1|edge_0-cloud_0,74.19731,0.023868,edge_1,edge_1-edge_2
68,link_congestion,9,0.24518,edge_1,access_0-edge_1,1,0,7,access_1|edge_2|cloud_0,access_1-edge_2|edge_2-cloud_0,48.57623,0.010491,edge_2,access_1-edge_2
69,link_congestion,12,0.24813,edge_4,edge_4-edge_0,4,3,0,access_0|edge_1|edge_2|cloud_0,access_0-edge_1|edge_1-edge_2|edge_2-cloud_0,63.06285,0.026263,edge_1,edge_1-edge_2
69,link_congestion,13,0.2917,edge_2,access_1-edge_2,1,0,1,access_1|edge_2|edge_1|edge_0|edge_4|cloud_0,access_1-edge_2|edge_1-edge_2|edge_0-edge_1|edge_4-edge_0|edge_4-cloud_0,91.10696,0.034751,edge_1,edge_1-edge_2
69,normal,-1,0.0,,,-1,-1,2,access_1|edge_3|edge_2|cloud_0,access_1-edge_3|edge_2-edge_3|edge_2-cloud_0,59.04595,0.010979,edge_2,edge_2-edge_3
69,link_congestion,9,0.24518,edge_1,access_0-edge_1,1,0,3,access_1|edge_2|cloud_0,access_1-edge_2|edge_2-cloud_0,48.78807,0.009592,edge_2,access_1-edge_2
69,link_congestion,12,0.24813,edge_4,edge_4-edge_0,4,3,4,access_0|edge_1|edge_2|cloud_0,access_0-edge_1|edge_1-edge_2|edge_2-cloud_0,63.06285,0.026263,edge_1,edge_1-edge_2
69,normal,-1,0.0,,,-1,-1,5,access_1|edge_2|edge_1|edge_0|edge_4|cloud_0,access_1-edge_2|edge_1-edge_2|edge_0-edge_1|edge_4-edge_0|edge_4-cloud_0,91.10696,0.034751,edge_1,edge_1-edge_2
69,mixed,29,0.27612,edge_0,edge_0-edge_1,3,2,6,access_1|edge_2|edge_1|edge_0|cloud_0,access_1-edge_2|edge_1-edge_2|edge_0-edge_1|edge_0-cloud_0,78.85781,0.025502,edge_1,edge_1-edge_2
69,link_congestion,9,0.24518,edge_1,access_0-edge_1,1,0,7,access_1|edge_2|cloud_0,access_1-edge_2|edge_2-cloud_0,48.78807,0.009592,edge_2,access_1-edge_2
70,link_congestion,12,0.24813,edge_4,edge_4-edge_0,4,3,0,access_0|edge_1|edge_2|cloud_0,access_0-edge_1|edge_1-edge_2|edge_2-cloud_0,68.77697,0.019138,edge_1,edge_1-edge_2
70,link_congestion,13,0.2917,edge_2,access_1-edge_2,1,0,1,access_1|edge_2|edge_1|edge_0|edge_4|cloud_0,access_1-edge_2|edge_1-edge_2|edge_0-edge_1|edge_4-edge_0|edge_4-cloud_0,90.78291,0.04205,edge_1,edge_1-edge_2
70,normal,-1,0.0,,,-1,-1,2,access_1|edge_3|edge_2|cloud_0,access_1-edge_3|edge_2-edge_3|edge_2-cloud_0,57.15533,0.003349,edge_2,access_1-edge_3
70,link_congestion,9,0.24518,edge_1,access_0-edge_1,1,0,3,access_1|edge_2|cloud_0,access_1-edge_2|edge_2-cloud_0,52.6823,0.008446,edge_2,access_1-edge_2
70,link_congestion,12,0.24813,edge_4,edge_4-edge_0,4,3,4,access_0|edge_1|edge_2|cloud_0,access_0-edge_1|edge_1-edge_2|edge_2-cloud_0,68.77697,0.019138,edge_1,edge_1-edge_2
70,mixed,23,0.33804,edge_2,access_1-edge_2,1,0,5,access_1|edge_2|edge_1|edge_0|edge_4|cloud_0,access_1-edge_2|edge_1-edge_2|edge_0-edge_1|edge_4-edge_0|edge_4-cloud_0,90.78291,0.04205,edge_1,edge_1-edge_2
70,mixed,29,0.27612,edge_0,edge_0-edge_1,3,2,6,access_1|edge_2|edge_1|edge_0|cloud_0,access_1-edge_2|edge_1-edge_2|edge_0-edge_1|edge_0-cloud_0,77.46141,0.031992,edge_1,edge_1-edge_2
70,link_congestion,9,0.24518,edge_1,access_0-edge_1,1,0,7,access_1|edge_2|cloud_0,access_1-edge_2|edge_2-cloud_0,52.6823,0.008446,edge_2,access_1-edge_2
71,link_congestion,12,0.24813,edge_4,edge_4-edge_0,4,3,0,access_0|edge_1|edge_2|cloud_0,access_0-edge_1|edge_1-edge_2|edge_2-cloud_0,67.79247,0.026514,edge_1,edge_1-edge_2
71,link_congestion,13,0.2917,edge_2,access_1-edge_2,1,0,1,access_1|edge_2|edge_1|edge_0|edge_4|cloud_0,access_1-edge_2|edge_1-edge_2|edge_0-edge_1|edge_4-edge_0|edge_4-cloud_0,93.80797,0.043887,edge_1,edge_1-edge_2
71,normal,-1,0.0,,,-1,-1,2,access_1|edge_3|edge_2|cloud_0,access_1-edge_3|edge_2-edge_3|edge_2-cloud_0,58.58235,0.003134,edge_2,edge_2-cloud_0
71,link_congestion,9,0.24518,edge_1,access_0-edge_1,1,0,3,access_1|edge_2|cloud_0,access_1-edge_2|edge_2-cloud_0,50.4744,0.009181,edge_2,access_1-edge_2
71,link_congestion,12,0.24813,edge_4,edge_4-edge_0,4,3,4,access_0|edge_1|edge_2|cloud_0,access_0-edge_1|edge_1-edge_2|edge_2-cloud_0,67.79247,0.026514,edge_1,edge_1-edge_2
71,mixed,23,0.33804,edge_2,access_1-edge_2,1,0,5,access_1|edge_2|edge_1|edge_0|edge_4|cloud_0,access_1-edge_2|edge_1-edge_2|edge_0-edge_1|edge_4-edge_0|edge_4-cloud_0,93.80797,0.043887,edge_1,edge_1-edge_2
71,mixed,29,0.27612,edge_0,edge_0-edge_1,3,2,6,access_1|edge_2|edge_1|edge_0|cloud_0,access_1-edge_2|edge_1-edge_2|edge_0-edge_1|edge_0-cloud_0,79.27762,0.031679,edge_1,edge_1-edge_2
71,link_congestion,9,0.24518,edge_1,access_0-edge_1,1,0,7,access_1|edge_2|cloud_0,access_1-edge_2|edge_2-cloud_0,50.4744,0.009181,edge_2,access_1-edge_2
72,link_congestion,12,0.24813,edge_4,edge_4-edge_0,4,3,0,access_0|edge_1|edge_2|cloud_0,access_0-edge_1|edge_1-edge_2|edge_2-cloud_0,68.83551,0.023302,edge_2,edge_1-edge_2
72,link_congestion,13,0.2917,edge_2,access_1-edge_2,1,0,1,access_1|edge_2|edge_1|edge_0|edge_4|cloud_0,access_1-edge_2|edge_1-edge_2|edge_0-edge_1|edge_4-edge_0|edge_4-cloud_0,98.54872,0.050277,edge_2,access_1-edge_2
72,normal,-1,0.0,,,-1,-1,2,access_1|edge_3|edge_2|cloud_0,access_1-edge_3|edge_2-edge_3|edge_2-cloud_0,59.14503,0.007171,edge_2,edge_2-edge_3
72,link_congestion,9,0.24518,edge_1,access_0-edge_1,1,0,3,access_1|edge_2|cloud_0,access_1-edge_2|edge_2-cloud_0,55.60776,0.015221,edge_2,access_1-edge_2
72,link_congestion,12,0.24813,edge_4,edge_4-edge_0,4,3,4,access_0|edge_1|edge_2|cloud_0,access_0-edge_1|edge_1-edge_2|edge_2-cloud_0,68.83551,0.023302,edge_2,edge_1-edge_2
72,mixed,23,0.33804,edge_2,access_1-edge_2,1,0,5,access_1|edge_2|edge_1|edge_0|edge_4|cloud_0,access_1-edge_2|edge_1-edge_2|edge_0-edge_1|edge_4-edge_0|edge_4-cloud_0,98.54872,0.050277,edge_2,access_1-edge_2
72,mixed,29,0.27612,edge_0,edge_0-edge_1,3,2,6,access_1|edge_2|edge_1|edge_0|cloud_0,access_1-edge_2|edge_1-edge_2|edge_0-edge_1|edge_0-cloud_0,84.95549,0.043531,edge_2,access_1-edge_2
72,link_congestion,9,0.24518,edge_1,access_0-edge_1,1,0,7,access_1|edge_2|cloud_0,access_1-edge_2|edge_2-cloud_0,55.60776,0.015221,edge_2,access_1-edge_2
73,normal,-1,0.0,,,-1,-1,0,access_0|edge_1|edge_2|cloud_0,access_0-edge_1|edge_1-edge_2|edge_2-cloud_0,67.38987,0.023942,edge_1,edge_1-edge_2
73,link_congestion,47,0.30472,edge_4,edge_4-edge_0,4,3,1,access_1|edge_2|edge_1|edge_0|edge_4|cloud_0,access_1-edge_2|edge_1-edge_2|edge_0-edge_1|edge_4-edge_0|edge_4-cloud_0,96.1231,0.041165,edge_1,edge_0-edge_1
73,normal,-1,0.0,,,-1,-1,2,access_1|edge_3|edge_2|cloud_0,access_1-edge_3|edge_2-edge_3|edge_2-cloud_0,57.6254,0.008517,edge_2,access_1-edge_3
73,normal,-1,0.0,,,-1,-1,3,access_1|edge_2|cloud_0,access_1-edge_2|edge_2-cloud_0,53.88223,0.014543,edge_2,access_1-edge_2
73,normal,-1,0.0,,,-1,-1,4,access_0|edge_1|edge_2|cloud_0,access_0-edge_1|edge_1-edge_2|edge_2-cloud_0,67.38987,0.023942,edge_1,edge_1-edge_2
73,link_congestion,47,0.30472,edge_4,edge_4-edge_0,4,3,5,access_1|edge_2|edge_1|edge_0|edge_4|cloud_0,access_1-edge_2|edge_1-edge_2|edge_0-edge_1|edge_4-edge_0|edge_4-cloud_0,96.1231,0.041165,edge_1,edge_0-edge_1
73,mixed,60,0.3428,edge_1,edge_1-edge_2,2,1,6,access_1|edge_2|edge_1|edge_0|cloud_0,access_1-edge_2|edge_1-edge_2|edge_0-edge_1|edge_0-cloud_0,84.28732,0.035811,edge_1,edge_0-edge_1
73,normal,-1,0.0,,,-1,-1,7,access_1|edge_2|cloud_0,access_1-edge_2|edge_2-cloud_0,53.88223,0.014543,edge_2,access_1-edge_2
74,normal,-1,0.0,,,-1,-1,0,access_0|edge_1|edge_2|cloud_0,access_0-edge_1|edge_1-edge_2|edge_2-cloud_0,63.41351,0.025079,edge_2,edge_1-edge_2
74,link_congestion,43,0.2563,edge_4,edge_4-edge_0,4,3,1,access_1|edge_2|edge_1|edge_0|edge_4|cloud_0,access_1-edge_2|edge_1-edge_2|edge_0-edge_1|edge_4-edge_0|edge_4-cloud_0,95.2596,0.045836,edge_2,access_1-edge_2
74,normal,-1,0.0,,,-1,-1,2,access_1|edge_3|edge_2|cloud_0,access_1-edge_3|edge_2-edge_3|edge_2-cloud_0,55.53085,0.005321,edge_2,access_1-edge_3
74,normal,-1,0.0,,,-1,-1,3,access_1|edge_2|cloud_0,access_1-edge_2|edge_2-cloud_0,52.50742,0.015763,edge_2,access_1-edge_2
74,normal,-1,0.0,,,-1,-1,4,access_0|edge_1|edge_2|cloud_0,access_0-edge_1|edge_1-edge_2|edge_2-cloud_0,63.41351,0.025079,edge_2,edge_1-edge_2
74,link_congestion,43,0.2563,edge_4,edge_4-edge_0,4,3,5,access_1|edge_2|edge_1|edge_0|edge_4|cloud_0,access_1-edge_2|edge_1-edge_2|edge_0-edge_1|edge_4-edge_0|edge_4-cloud_0,95.2596,0.045836,edge_2,access_1-edge_2
74,link_congestion,46,0.37155,edge_0,edge_0-edge_1,3,2,6,access_1|edge_2|edge_1|edge_0|cloud_0,access_1-edge_2|edge_1-edge_2|edge_0-edge_1|edge_0-cloud_0,83.49941,0.036807,edge_2,access_1-edge_2
74,normal,-1,0.0,,,-1,-1,7,access_1|edge_2|cloud_0,access_1-edge_2|edge_2-cloud_0,52.50742,0.015763,edge_2,access_1-edge_2
75,normal,-1,0.0,,,-1,-1,0,access_0|edge_1|edge_2|cloud_0,access_0-edge_1|edge_1-edge_2|edge_2-cloud_0,67.58451,0.025228,edge_2,edge_1-edge_2
75,burst,31,0.32336,edge_4,edge_4-edge_0,4,3,1,access_1|edge_2|edge_1|edge_0|edge_4|cloud_0,access_1-edge_2|edge_1-edge_2|edge_0-edge_1|edge_4-edge_0|edge_4-cloud_0,93.90883,0.042765,edge_2,access_1-edge_2
75,node_overload,40,0.3255,edge_2,edge_1-edge_2,2,1,2,access_1|edge_3|edge_2|cloud_0,access_1-edge_3|edge_2-edge_3|edge_2-cloud_0,61.02682,0.007636,edge_2,edge_2-cloud_0
75,normal,-1,0.0,,,-1,-1,3,access_1|edge_2|cloud_0,access_1-edge_2|edge_2-cloud_0,54.47314,0.015825,edge_2,access_1-edge_2
75,node_overload,40,0.3255,edge_2,edge_1-edge_2,2,1,4,access_0|edge_1|edge_2|cloud_0,access_0-edge_1|edge_1-edge_2|edge_2-cloud_0,67.58451,0.025228,edge_2,edge_1-edge_2
75,burst,31,0.32336,edge_4,edge_4-edge_0,4,3,5,access_1|edge_2|edge_1|edge_0|edge_4|cloud_0,access_1-edge_2|edge_1-edge_2|edge_0-edge_1|edge_4-edge_0|edge_4-cloud_0,93.90883,0.042765,edge_2,access_1-edge_2
75,node_overload,37,0.35838,edge_0,edge_0-edge_1,3,2,6,access_1|edge_2|edge_1|edge_0|cloud_0,access_1-edge_2|edge_1-edge_2|edge_0-edge_1|edge_0-cloud_0,80.57507,0.039599,edge_2,access_1-edge_2
75,normal,-1,0.0,,,-1,-1,7,access_1|edge_2|cloud_0,access_1-edge_2|edge_2-cloud_0,54.47314,0.015825,edge_2,access_1-edge_2
76,normal,-1,0.0,,,-1,-1,0,access_0|edge_1|edge_2|cloud_0,access_0-edge_1|edge_1-edge_2|edge_2-cloud_0,67.81616,0.025115,edge_2,edge_1-edge_2
76,burst,31,0.32336,edge_4,edge_4-edge_0,4,3,1,access_1|edge_2|edge_1|edge_0|edge_4|cloud_0,access_1-edge_2|edge_1-edge_2|edge_0-edge_1|edge_4-edge_0|edge_4-cloud_0,98.93846,0.044152,edge_2,edge_1-edge_2
76,node_overload,40,0.3255,edge_2,edge_1-edge_2,2,1,2,access_1|edge_3|edge_2|cloud_0,access_1-edge_3|edge_2-edge_3|edge_2-cloud_0,60.85179,0.008626,edge_2,edge_2-cloud_0
76,normal,-1,0.0,,,-1,-1,3,access_1|edge_2|cloud_0,access_1-edge_2|edge_2-cloud_0,55.29007,0.013397,edge_2,access_1-edge_2
76,node_overload,40,0.3255,edge_2,edge_1-edge_2,2,1,4,access_0|edge_1|edge_2|cloud_0,access_0-edge_1|edge_1-edge_2|edge_2-cloud_0,67.81616,0.025115,edge_2,edge_1-edge_2
76,burst,31,0.32336,edge_4,edge_4-edge_0,4,3,5,access_1|edge_2|edge_1|edge_0|edge_4|cloud_0,access_1-edge_2|edge_1-edge_2|edge_0-edge_1|edge_4-edge_0|edge_4-cloud_0,98.93846,0.044152,edge_2,edge_1-edge_2
76,node_overload,37,0.35838,edge_0,edge_0-edge_1,3,2,6,access_1|edge_2|edge_1|edge_0|cloud_0,access_1-edge_2|edge_1-edge_2|edge_0-edge_1|edge_0-cloud_0,85.02519,0.037114,edge_2,edge_1-edge_2
76,normal,-1,0.0,,,-1,-1,7,access_1|edge_2|cloud_0,access_1-edge_2|edge_2-cloud_0,55.29007,0.013397,edge_2,access_1-edge_2
77,normal,-1,0.0,,,-1,-1,0,access_0|edge_1|edge_2|cloud_0,access_0-edge_1|edge_1-edge_2|edge_2-cloud_0,69.0992,0.021308,edge_2,edge_1-edge_2
77,burst,31,0.32336,edge_4,edge_4-edge_0,4,3,1,access_1|edge_2|edge_1|edge_0|edge_4|cloud_0,access_1-edge_2|edge_1-edge_2|edge_0-edge_1|edge_4-edge_0|edge_4-cloud_0,96.49208,0.044973,edge_2,access_1-edge_2
77,node_overload,40,0.3255,edge_2,edge_1-edge_2,2,1,2,access_1|edge_3|edge_2|cloud_0,access_1-edge_3|edge_2-edge_3|edge_2-cloud_0,60.35909,0.003989,edge_2,edge_2-edge_3
77,normal,-1,0.0,,,-1,-1,3,access_1|edge_2|cloud_0,access_1-edge_2|edge_2-cloud_0,55.47255,0.013405,edge_2,access_1-edge_2
77,node_overload,40,0.3255,edge_2,edge_1-edge_2,2,1,4,access_0|edge_1|edge_2|cloud_0,access_0-edge_1|edge_1-edge_2|edge_2-cloud_0,69.0992,0.021308,edge_2,edge_1-edge_2
77,burst,31,0.32336,edge_4,edge_4-edge_0,4,3,5,access_1|edge_2|edge_1|edge_0|edge_4|cloud_0,access_1-edge_2|edge_1-edge_2|edge_0-edge_1|edge_4-edge_0|edge_4-cloud_0,96.49208,0.044973,edge_2,access_1-edge_2
77,node_overload,37,0.35838,edge_0,edge_0-edge_1,3,2,6,access_1|edge_2|edge_1|edge_0|cloud_0,access_1-edge_2|edge_1-edge_2|edge_0-edge_1|edge_0-cloud_0,85.40431,0.040415,edge_2,access_1-edge_2
77,normal,-1,0.0,,,-1,-1,7,access_1|edge_2|cloud_0,access_1-edge_2|edge_2-cloud_0,55.47255,0.013405,edge_2,access_1-edge_2
78,normal,-1,0.0,,,-1,-1,0,access_0|edge_1|edge_2|cloud_0,access_0-edge_1|edge_1-edge_2|edge_2-cloud_0,69.15413,0.022155,edge_2,edge_1-edge_2
78,burst,31,0.32336,edge_4,edge_4-edge_0,4,3,1,access_1|edge_2|edge_1|edge_0|edge_4|cloud_0,access_1-edge_2|edge_1-edge_2|edge_0-edge_1|edge_4-edge_0|edge_4-cloud_0,94.20822,0.034997,edge_2,edge_1-edge_2
78,normal,-1,0.0,,,-1,-1,2,access_1|edge_3|edge_2|cloud_0,access_1-edge_3|edge_2-edge_3|edge_2-cloud_0,60.37414,0.004353,edge_2,access_1-edge_3
78,normal,-1,0.0,,,-1,-1,3,access_1|edge_2|cloud_0,access_1-edge_2|edge_2-cloud_0,55.87003,0.013849,edge_2,access_1-edge_2
78,mixed,52,0.3467,edge_1,edge_1-edge_2,2,1,4,access_0|edge_1|edge_2|cloud_0,access_0-edge_1|edge_1-edge_2|edge_2-cloud_0,69.15413,0.022155,edge_2,edge_1-edge_2
78,burst,31,0.32336,edge_4,edge_4-edge_0,4,3,5,access_1|edge_2|edge_1|edge_0|edge_4|cloud_0,access_1-edge_2|edge_1-edge_2|edge_0-edge_1|edge_4-edge_0|edge_4-cloud_0,94.20822,0.034997,edge_2,edge_1-edge_2
78,node_overload,37,0.35838,edge_0,edge_0-edge_1,3,2,6,access_1|edge_2|edge_1|edge_0|cloud_0,access_1-edge_2|edge_1-edge_2|edge_0-edge_1|edge_0-cloud_0,85.60844,0.033169,edge_2,edge_1-edge_2
78,normal,-1,0.0,,,-1,-1,7,access_1|edge_2|cloud_0,access_1-edge_2|edge_2-cloud_0,55.87003,0.013849,edge_2,access_1-edge_2
79,normal,-1,0.0,,,-1,-1,0,access_0|edge_1|edge_2|cloud_0,access_0-edge_1|edge_1-edge_2|edge_2-cloud_0,65.7005,0.022172,edge_1,edge_1-edge_2
79,burst,34,0.35559,edge_0,edge_0-edge_1,3,2,1,access_1|edge_2|edge_1|edge_0|edge_4|cloud_0,access_1-edge_2|edge_1-edge_2|edge_0-edge_1|edge_4-edge_0|edge_4-cloud_0,85.72449,0.021982,edge_1,edge_1-edge_2
79,mixed,59,0.26078,edge_3,access_1-edge_3,1,0,2,access_1|edge_3|edge_2|cloud_0,access_1-edge_3|edge_2-edge_3|edge_2-cloud_0,59.94227,0.0119,edge_3,access_1-edge_3
79,normal,-1,0.0,,,-1,-1,3,access_1|edge_2|cloud_0,access_1-edge_2|edge_2-cloud_0,49.27419,0.00347,edge_2,access_1-edge_2
79,mixed,52,0.3467,edge_1,edge_1-edge_2,2,1,4,access_0|edge_1|edge_2|cloud_0,access_0-edge_1|edge_1-edge_2|edge_2-cloud_0,65.7005,0.022172,edge_1,edge_1-edge_2
79,burst,34,0.35559,edge_0,edge_0-edge_1,3,2,5,access_1|edge_2|edge_1|edge_0|edge_4|cloud_0,access_1-edge_2|edge_1-edge_2|edge_0-edge_1|edge_4-edge_0|edge_4-cloud_0,85.72449,0.021982,edge_1,edge_1-edge_2
79,node_overload,37,0.35838,edge_0,edge_0-edge_1,3,2,6,access_1|edge_2|edge_1|edge_0|cloud_0,access_1-edge_2|edge_1-edge_2|edge_0-edge_1|edge_0-cloud_0,75.5747,0.01992,edge_1,edge_1-edge_2
79,normal,-1,0.0,,,-1,-1,7,access_1|edge_2|cloud_0,access_1-edge_2|edge_2-cloud_0,49.27419,0.00347,edge_2,access_1-edge_2
80,node_overload,39,0.27203,edge_1,access_0-edge_1,1,0,0,access_0|edge_1|edge_2|cloud_0,access_0-edge_1|edge_1-edge_2|edge_2-cloud_0,66.04365,0.02068,edge_1,edge_1-edge_2
80,link_congestion,42,0.33998,edge_0,edge_0-edge_1,3,2,1,access_1|edge_2|edge_1|edge_0|edge_4|cloud_0,access_1-edge_2|edge_1-edge_2|edge_0-edge_1|edge_4-edge_0|edge_4-cloud_0,87.07475,0.024005,edge_1,edge_1-edge_2
80,mixed,59,0.26078,edge_3,access_1-edge_3,1,0,2,access_1|edge_3|edge_2|cloud_0,access_1-edge_3|edge_2-edge_3|edge_2-cloud_0,63.56952,0.015895,edge_3,access_1-edge_3
80,normal,-1,0.0,,,-1,-1,3,access_1|edge_2|cloud_0,access_1-edge_2|edge_2-cloud_0,51.66042,0.007061,edge_2,access_1-edge_2
80,node_overload,39,0.27203,edge_1,access_0-edge_1,1,0,4,access_0|edge_1|edge_2|cloud_0,access_0-edge_1|edge_1-edge_2|edge_2-cloud_0,66.04365,0.02068,edge_1,edge_1-edge_2
80,burst,36,0.27819,edge_2,access_1-edge_2,1,0,5,access_1|edge_2|edge_1|edge_0|edge_4|cloud_0,access_1-edge_2|edge_1-edge_2|edge_0-edge_1|edge_4-edge_0|edge_4-cloud_0,87.07475,0.024005,edge_1,edge_1-edge_2
80,link_congestion,50,0.28801,edge_0,edge_0-edge_1,3,2,6,access_1|edge_2|edge_1|edge_0|cloud_0,access_1-edge_2|edge_1-edge_2|edge_0-edge_1|edge_0-cloud_0,79.22588,0.026305,edge_1,edge_1-edge_2
80,burst,36,0.27819,edge_2,access_1-edge_2,1,0,7,access_1|edge_2|cloud_0,access_1-edge_2|edge_2-cloud_0,51.66042,0.007061,edge_2,access_1-edge_2
81,node_overload,39,0.27203,edge_1,access_0-edge_1,1,0,0,access_0|edge_1|edge_2|cloud_0,access_0-edge_1|edge_1-edge_2|edge_2-cloud_0,65.79543,0.019815,edge_1,edge_1-edge_2
81,link_congestion,42,0.33998,edge_0,edge_0-edge_1,3,2,1,access_1|edge_2|edge_1|edge_0|edge_4|cloud_0,access_1-edge_2|edge_1-edge_2|edge_0-edge_1|edge_4-edge_0|edge_4-cloud_0,85.23157,0.033893,edge_1,edge_1-edge_2
81,burst,32,0.25463,edge_3,access_1-edge_3,1,0,2,access_1|edge_3|edge_2|cloud_0,access_1-edge_3|edge_2-edge_3|edge_2-cloud_0,62.25588,0.016158,edge_3,access_1-edge_3
81,normal,-1,0.0,,,-1,-1,3,access_1|edge_2|cloud_0,access_1-edge_2|edge_2-cloud_0,49.25837,0.004749,edge_2,access_1-edge_2
81,node_overload,39,0.27203,edge_1,access_0-edge_1,1,0,4,access_0|edge_1|edge_2|cloud_0,access_0-edge_1|edge_1-edge_2|edge_2-cloud_0,65.79543,0.019815,edge_1,edge_1-edge_2
81,burst,36,0.27819,edge_2,access_1-edge_2,1,0,5,access_1|edge_2|edge_1|edge_0|edge_4|cloud_0,access_1-edge_2|edge_1-edge_2|edge_0-edge_1|edge_4-edge_0|edge_4-cloud_0,85.23157,0.033893,edge_1,edge_1-edge_2
81,link_congestion,50,0.28801,edge_0,edge_0-edge_1,3,2,6,access_1|edge_2|edge_1|edge_0|cloud_0,access_1-edge_2|edge_1-edge_2|edge_0-edge_1|edge_0-cloud_0,77.19018,0.03317,edge_1,edge_1-edge_2
81,burst,36,0.27819,edge_2,access_1-edge_2,1,0,7,access_1|edge_2|cloud_0,access_1-edge_2|edge_2-cloud_0,49.25837,0.004749,edge_2,access_1-edge_2
82,node_overload,39,0.27203,edge_1,access_0-edge_1,1,0,0,access_0|edge_1|edge_2|cloud_0,access_0-edge_1|edge_1-edge_2|edge_2-cloud_0,65.39938,0.02304,edge_1,access_0-edge_1
82,link_congestion,42,0.33998,edge_0,edge_0-edge_1,3,2,1,access_1|edge_2|edge_1|edge_0|edge_4|cloud_0,access_1-edge_2|edge_1-edge_2|edge_0-edge_1|edge_4-edge_0|edge_4-cloud_0,89.65483,0.027396,edge_1,access_1-edge_2
82,burst,32,0.25463,edge_3,access_1-edge_3,1,0,2,access_1|edge_3|edge_2|cloud_0,access_1-edge_3|edge_2-edge_3|edge_2-cloud_0,60.60201,0.011607,edge_2,access_1-edge_3
82,normal,-1,0.0,,,-1,-1,3,access_1|edge_2|cloud_0,access_1-edge_2|edge_2-cloud_0,53.84183,0.010272,edge_2,access_1-edge_2
82,node_overload,39,0.27203,edge_1,access_0-edge_1,1,0,4,access_0|edge_1|edge_2|cloud_0,access_0-edge_1|edge_1-edge_2|edge_2-cloud_0,65.39938,0.02304,edge_1,access_0-edge_1
82,burst,36,0.27819,edge_2,access_1-edge_2,1,0,5,access_1|edge_2|edge_1|edge_0|edge_4|cloud_0,access_1-edge_2|edge_1-edge_2|edge_0-edge_1|edge_4-edge_0|edge_4-cloud_0,89.65483,0.027396,edge_1,access_1-edge_2
82,link_congestion,50,0.28801,edge_0,edge_0-edge_1,3,2,6,access_1|edge_2|edge_1|edge_0|cloud_0,access_1-edge_2|edge_1-edge_2|edge_0-edge_1|edge_0-cloud_0,76.33075,0.021332,edge_1,access_1-edge_2
82,burst,36,0.27819,edge_2,access_1-edge_2,1,0,7,access_1|edge_2|cloud_0,access_1-edge_2|edge_2-cloud_0,53.84183,0.010272,edge_2,access_1-edge_2
83,mixed,55,0.4343,edge_1,access_0-edge_1,1,0,0,access_0|edge_1|edge_2|cloud_0,access_0-edge_1|edge_1-edge_2|edge_2-cloud_0,62.90349,0.012341,edge_1,access_0-edge_1
83,link_congestion,42,0.33998,edge_0,edge_0-edge_1,3,2,1,access_1|edge_2|edge_1|edge_0|edge_4|cloud_0,access_1-edge_2|edge_1-edge_2|edge_0-edge_1|edge_4-edge_0|edge_4-cloud_0,92.91243,0.03754,edge_1,edge_0-edge_1
83,burst,32,0.25463,edge_3,access_1-edge_3,1,0,2,access_1|edge_3|edge_2|cloud_0,access_1-edge_3|edge_2-edge_3|edge_2-cloud_0,57.50829,0.006762,edge_2,access_1-edge_3
83,normal,-1,0.0,,,-1,-1,3,access_1|edge_2|cloud_0,access_1-edge_2|edge_2-cloud_0,48.65709,0.007131,edge_2,access_1-edge_2
83,mixed,55,0.4343,edge_1,access_0-edge_1,1,0,4,access_0|edge_1|edge_2|cloud_0,access_0-edge_1|edge_1-edge_2|edge_2-cloud_0,62.90349,0.012341,edge_1,access_0-edge_1
83,burst,36,0.27819,edge_2,access_1-edge_2,1,0,5,access_1|edge_2|edge_1|edge_0|edge_4|cloud_0,access_1-edge_2|edge_1-edge_2|edge_0-edge_1|edge_4-edge_0|edge_4-cloud_0,92.91243,0.03754,edge_1,edge_0-edge_1
83,link_congestion,50,0.28801,edge_0,edge_0-edge_1,3,2,6,access_1|edge_2|edge_1|edge_0|cloud_0,access_1-edge_2|edge_1-edge_2|edge_0-edge_1|edge_0-cloud_0,78.18266,0.023748,edge_1,edge_0-edge_1
83,burst,36,0.27819,edge_2,access_1-edge_2,1,0,7,access_1|edge_2|cloud_0,access_1-edge_2|edge_2-cloud_0,48.65709,0.007131,edge_2,access_1-edge_2
84,normal,-1,0.0,,,-1,-1,0,access_0|edge_1|edge_2|cloud_0,access_0-edge_1|edge_1-edge_2|edge_2-cloud_0,57.42232,0.005988,edge_2,access_0-edge_1
84,mixed,58,0.339,edge_4,edge_4-edge_0,4,3,1,access_1|edge_2|edge_1|edge_0|edge_4|cloud_0,access_1-edge_2|edge_1-edge_2|edge_0-edge_1|edge_4-edge_0|edge_4-cloud_0,88.98069,0.028341,edge_4,edge_4-edge_0
84,normal,-1,0.0,,,-1,-1,2,access_1|edge_3|edge_2|cloud_0,access_1-edge_3|edge_2-edge_3|edge_2-cloud_0,59.15426,0.003854,edge_2,edge_2-edge_3
84,normal,-1,0.0,,,-1,-1,3,access_1|edge_2|cloud_0,access_1-edge_2|edge_2-cloud_0,48.17079,0.004096,edge_2,access_1-edge_2
84,normal,-1,0.0,,,-1,-1,4,access_0|edge_1|edge_2|cloud_0,access_0-edge_1|edge_1-edge_2|edge_2-cloud_0,57.42232,0.005988,edge_2,access_0-edge_1
84,burst,36,0.27819,edge_2,access_1-edge_2,1,0,5,access_1|edge_2|edge_1|edge_0|edge_4|cloud_0,access_1-edge_2|edge_1-edge_2|edge_0-edge_1|edge_4-edge_0|edge_4-cloud_0,88.98069,0.028341,edge_4,edge_4-edge_0
84,mixed,53,0.42058,edge_0,edge_0-edge_1,3,2,6,access_1|edge_2|edge_1|edge_0|cloud_0,access_1-edge_2|edge_1-edge_2|edge_0-edge_1|edge_0-cloud_0,76.24662,0.018546,edge_0,edge_0-edge_1
84,burst,36,0.27819,edge_2,access_1-edge_2,1,0,7,access_1|edge_2|cloud_0,access_1-edge_2|edge_2-cloud_0,48.17079,0.004096,edge_2,access_1-edge_2
85,normal,-1,0.0,,,-1,-1,0,access_1|edge_2|cloud_0,access_1-edge_2|edge_2-cloud_0,48.56083,0.0039,edge_2,edge_2-cloud_0
85,link_congestion,45,0.32345,edge_2,edge_1-edge_2,2,1,1,access_0|edge_1|edge_2|cloud_0,access_0-edge_1|edge_1-edge_2|edge_2-cloud_0,60.18148,0.012655,edge_2,edge_1-edge_2
85,mixed,54,0.29519,edge_4,edge_4-edge_0,4,3,2,access_1|edge_2|edge_1|edge_0|edge_4|cloud_0,access_1-edge_2|edge_1-edge_2|edge_0-edge_1|edge_4-edge_0|edge_4-cloud_0,91.03347,0.035685,edge_0,edge_0-edge_1
85,normal,-1,0.0,,,-1,-1,3,access_1|edge_2|edge_1|edge_0|cloud_0,access_1-edge_2|edge_1-edge_2|edge_0-edge_1|edge_0-cloud_0,75.48743,0.022661,edge_0,edge_0-edge_1
85,normal,-1,0.0,,,-1,-1,4,access_1|edge_2|cloud_0,access_1-edge_2|edge_2-cloud_0,48.56083,0.0039,edge_2,edge_2-cloud_0
85,mixed,56,0.2769,edge_2,edge_1-edge_2,2,1,5,access_0|edge_1|edge_2|cloud_0,access_0-edge_1|edge_1-edge_2|edge_2-cloud_0,60.18148,0.012655,edge_2,edge_1-edge_2
85,mixed,57,0.38824,edge_0,edge_0-edge_1,3,2,6,access_0|edge_1|edge_0|cloud_0,access_0-edge_1|edge_0-edge_1|edge_0-cloud_0,64.02412,0.019321,edge_0,edge_0-edge_1
85,link_congestion,45,0.32345,edge_2,edge_1-edge_2,2,1,7,access_1|edge_2|edge_1|edge_0|cloud_0,access_1-edge_2|edge_1-edge_2|edge_0-edge_1|edge_0-cloud_0,75.48743,0.022661,edge_0,edge_0-edge_1
86,normal,-1,0.0,,,-1,-1,0,access_1|edge_2|cloud_0,access_1-edge_2|edge_2-cloud_0,44.96952,0.005486,edge_2,edge_2-cloud_0
86,link_congestion,45,0.32345,edge_2,edge_1-edge_2,2,1,1,access_0|edge_1|edge_2|cloud_0,access_0-edge_1|edge_1-edge_2|edge_2-cloud_0,62.34229,0.014563,edge_2,edge_1-edge_2
86,node_overload,38,0.30215,edge_4,edge_4-edge_0,4,3,2,access_1|edge_2|edge_1|edge_0|edge_4|cloud_0,access_1-edge_2|edge_1-edge_2|edge_0-edge_1|edge_4-edge_0|edge_4-cloud_0,88.31979,0.029269,edge_0,edge_0-edge_1
86,normal,-1,0.0,,,-1,-1,3,access_1|edge_2|edge_1|edge_0|cloud_0,access_1-edge_2|edge_1-edge_2|edge_0-edge_1|edge_0-cloud_0,78.32715,0.024848,edge_0,edge_0-edge_1
86,normal,-1,0.0,,,-1,-1,4,access_1|edge_2|cloud_0,access_1-edge_2|edge_2-cloud_0,44.96952,0.005486,edge_2,edge_2-cloud_0
86,mixed,56,0.2769,edge_2,edge_1-edge_2,2,1,5,access_0|edge_1|edge_2|cloud_0,access_0-edge_1|edge_1-edge_2|edge_2-cloud_0,62.34229,0.014563,edge_2,edge_1-edge_2
86,mixed,57,0.38824,edge_0,edge_0-edge_1,3,2,6,access_0|edge_1|edge_0|cloud_0,access_0-edge_1|edge_0-edge_1|edge_0-cloud_0,64.13873,0.012657,edge_0,edge_0-edge_1
86,link_congestion,45,0.32345,edge_2,edge_1-edge_2,2,1,7,access_1|edge_2|edge_1|edge_0|cloud_0,access_1-edge_2|edge_1-edge_2|edge_0-edge_1|edge_0-cloud_0,78.32715,0.024848,edge_0,edge_0-edge_1
87,normal,-1,0.0,,,-1,-1,0,access_1|edge_2|cloud_0,access_1-edge_2|edge_2-cloud_0,49.06753,0.006657,edge_2,access_1-edge_2
87,link_congestion,45,0.32345,edge_2,edge_1-edge_2,2,1,1,access_0|edge_1|edge_2|cloud_0,access_0-edge_1|edge_1-edge_2|edge_2-cloud_0,63.80225,0.0175,edge_1,edge_1-edge_2
87,node_overload,38,0.30215,edge_4,edge_4-edge_0,4,3,2,access_1|edge_2|edge_1|edge_0|edge_4|cloud_0,access_1-edge_2|edge_1-edge_2|edge_0-edge_1|edge_4-edge_0|edge_4-cloud_0,87.61891,0.032666,edge_4,edge_0-edge_1
87,node_overload,41,0.28607,edge_0,edge_0-edge_1,3,2,3,access_1|edge_2|edge_1|edge_0|cloud_0,access_1-edge_2|edge_1-edge_2|edge_0-edge_1|edge_0-cloud_0,76.1786,0.026715,edge_0,edge_0-edge_1
87,normal,-1,0.0,,,-1,-1,4,access_1|edge_2|cloud_0,access_1-edge_2|edge_2-cloud_0,49.06753,0.006657,edge_2,access_1-edge_2
87,mixed,51,0.29608,edge_1,access_0-edge_1,1,0,5,access_0|edge_1|edge_2|cloud_0,access_0-edge_1|edge_1-edge_2|edge_2-cloud_0,63.80225,0.0175,edge_1,edge_1-edge_2
87,mixed,57,0.38824,edge_0,edge_0-edge_1,3,2,6,access_0|edge_1|edge_0|cloud_0,access_0-edge_1|edge_0-edge_1|edge_0-cloud_0,63.1175,0.016288,edge_0,edge_0-edge_1
87,node_overload,41,0.28607,edge_0,edge_0-edge_1,3,2,7,access_1|edge_2|edge_1|edge_0|cloud_0,access_1-edge_2|edge_1-edge_2|edge_0-edge_1|edge_0-cloud_0,76.1786,0.026715,edge_0,edge_0-edge_1
88,normal,-1,0.0,,,-1,-1,0,access_1|edge_2|cloud_0,access_1-edge_2|edge_2-cloud_0,46.62342,0.010906,edge_2,access_1-edge_2
88,mixed,51,0.29608,edge_1,access_0-edge_1,1,0,1,access_0|edge_1|edge_2|cloud_0,access_0-edge_1|edge_1-edge_2|edge_2-cloud_0,63.74117,0.022198,edge_1,access_0-edge_1
88,node_overload,38,0.30215,edge_4,edge_4-edge_0,4,3,2,access_1|edge_2|edge_1|edge_0|edge_4|cloud_0,access_1-edge_2|edge_1-edge_2|edge_0-edge_1|edge_4-edge_0|edge_4-cloud_0,83.8347,0.029464,edge_4,edge_1-edge_2
88,node_overload,41,0.28607,edge_0,edge_0-edge_1,3,2,3,access_1|edge_2|edge_1|edge_0|cloud_0,access_1-edge_2|edge_1-edge_2|edge_0-edge_1|edge_0-cloud_0,70.58249,0.025734,edge_0,edge_1-edge_2
88,normal,-1,0.0,,,-1,-1,4,access_1|edge_2|cloud_0,access_1-edge_2|edge_2-cloud_0,46.62342,0.010906,edge_2,access_1-edge_2
88,mixed,51,0.29608,edge_1,access_0-edge_1,1,0,5,access_0|edge_1|edge_2|cloud_0,access_0-edge_1|edge_1-edge_2|edge_2-cloud_0,63.74117,0.022198,edge_1,access_0-edge_1
88,normal,-1,0.0,,,-1,-1,6,access_0|edge_1|edge_0|cloud_0,access_0-edge_1|edge_0-edge_1|edge_0-cloud_0,60.54432,0.019419,edge_0,access_0-edge_1
88,node_overload,41,0.28607,edge_0,edge_0-edge_1,3,2,7,access_1|edge_2|edge_1|edge_0|cloud_0,access_1-edge_2|edge_1-edge_2|edge_0-edge_1|edge_0-cloud_0,70.58249,0.025734,edge_0,edge_1-edge_2
89,normal,-1,0.0,,,-1,-1,0,access_1|edge_2|cloud_0,access_1-edge_2|edge_2-cloud_0,53.99145,0.014764,edge_2,access_1-edge_2
89,mixed,51,0.29608,edge_1,access_0-edge_1,1,0,1,access_0|edge_1|edge_2|cloud_0,access_0-edge_1|edge_1-edge_2|edge_2-cloud_0,65.48964,0.017762,edge_1,access_0-edge_1
89,node_overload,38,0.30215,edge_4,edge_4-edge_0,4,3,2,access_1|edge_2|edge_1|edge_0|edge_4|cloud_0,access_1-edge_2|edge_1-edge_2|edge_0-edge_1|edge_4-edge_0|edge_4-cloud_0,87.99438,0.027776,edge_4,access_1-edge_2
89,node_overload,41,0.28607,edge_0,edge_0-edge_1,3,2,3,access_1|edge_2|edge_1|edge_0|cloud_0,access_1-edge_2|edge_1-edge_2|edge_0-edge_1|edge_0-cloud_0,78.57158,0.023217,edge_1,access_1-edge_2
89,normal,-1,0.0,,,-1,-1,4,access_1|edge_2|cloud_0,access_1-edge_2|edge_2-cloud_0,53.99145,0.014764,edge_2,access_1-edge_2
89,mixed,51,0.29608,edge_1,access_0-edge_1,1,0,5,access_0|edge_1|edge_2|cloud_0,access_0-edge_1|edge_1-edge_2|edge_2-cloud_0,65.48964,0.017762,edge_1,access_0-edge_1
89,normal,-1,0.0,,,-1,-1,6,access_0|edge_1|edge_0|cloud_0,access_0-edge_1|edge_0-edge_1|edge_0-cloud_0,67.27185,0.019685,edge_1,access_0-edge_1
89,node_overload,41,0.28607,edge_0,edge_0-edge_1,3,2,7,access_1|edge_2|edge_1|edge_0|cloud_0,access_1-edge_2|edge_1-edge_2|edge_0-edge_1|edge_0-cloud_0,78.57158,0.023217,edge_1,access_1-edge_2
90,normal,-1,0.0,,,-1,-1,0,access_1|edge_2|cloud_0,access_1-edge_2|edge_2-cloud_0,49.15175,0.010419,edge_2,access_1-edge_2
90,mixed,51,0.29608,edge_1,access_0-edge_1,1,0,1,access_0|edge_1|edge_2|cloud_0,access_0-edge_1|edge_1-edge_2|edge_2-cloud_0,61.45457,0.015683,edge_1,access_0-edge_1
90,node_overload,38,0.30215,edge_4,edge_4-edge_0,4,3,2,access_1|edge_2|edge_1|edge_0|edge_4|cloud_0,access_1-edge_2|edge_1-edge_2|edge_0-edge_1|edge_4-edge_0|edge_4-cloud_0,87.20113,0.024163,edge_1,edge_0-edge_1
90,node_overload,41,0.28607,edge_0,edge_0-edge_1,3,2,3,access_1|edge_2|edge_1|edge_0|cloud_0,access_1-edge_2|edge_1-edge_2|edge_0-edge_1|edge_0-cloud_0,73.48519,0.022223,edge_1,edge_0-edge_1
90,normal,-1,0.0,,,-1,-1,4,access_1|edge_2|cloud_0,access_1-edge_2|edge_2-cloud_0,49.15175,0.010419,edge_2,access_1-edge_2
90,mixed,51,0.29608,edge_1,access_0-edge_1,1,0,5,access_0|edge_1|edge_2|cloud_0,access_0-edge_1|edge_1-edge_2|edge_2-cloud_0,61.45457,0.015683,edge_1,access_0-edge_1
90,normal,-1,0.0,,,-1,-1,6,access_0|edge_1|edge_0|cloud_0,access_0-edge_1|edge_0-edge_1|edge_0-cloud_0,64.96084,0.023678,edge_1,edge_0-edge_1
90,node_overload,41,0.28607,edge_0,edge_0-edge_1,3,2,7,access_1|edge_2|edge_1|edge_0|cloud_0,access_1-edge_2|edge_1-edge_2|edge_0-edge_1|edge_0-cloud_0,73.48519,0.022223,edge_1,edge_0-edge_1
91,link_congestion,44,0.33698,edge_2,access_1-edge_2,1,0,0,access_1|edge_2|cloud_0,access_1-edge_2|edge_2-cloud_0,52.44917,0.008547,edge_2,access_1-edge_2
91,mixed,51,0.29608,edge_1,access_0-edge_1,1,0,1,access_0|edge_1|edge_2|cloud_0,access_0-edge_1|edge_1-edge_2|edge_2-cloud_0,64.44762,0.013364,edge_1,access_0-edge_1
91,link_congestion,48,0.24878,edge_2,access_1-edge_2,1,0,2,access_1|edge_2|edge_1|edge_0|edge_4|cloud_0,access_1-edge_2|edge_1-edge_2|edge_0-edge_1|edge_4-edge_0|edge_4-cloud_0,88.66976,0.021303,edge_0,edge_0-edge_1
91,link_congestion,48,0.24878,edge_2,access_1-edge_2,1,0,3,access_1|edge_2|edge_1|edge_0|cloud_0,access_1-edge_2|edge_1-edge_2|edge_0-edge_1|edge_0-cloud_0,75.81364,0.021564,edge_0,edge_0-edge_1
91,link_congestion,44,0.33698,edge_2,access_1-edge_2,1,0,4,access_1|edge_2|cloud_0,access_1-edge_2|edge_2-cloud_0,52.44917,0.008547,edge_2,access_1-edge_2
91,burst,33,0.27667,edge_1,edge_1-edge_2,2,1,5,access_0|edge_1|edge_2|cloud_0,access_0-edge_1|edge_1-edge_2|edge_2-cloud_0,64.44762,0.013364,edge_1,access_0-edge_1
91,normal,-1,0.0,,,-1,-1,6,access_0|edge_1|edge_0|cloud_0,access_0-edge_1|edge_0-edge_1|edge_0-cloud_0,64.33113,0.020741,edge_0,edge_0-edge_1
91,burst,33,0.27667,edge_1,edge_1-edge_2,2,1,7,access_1|edge_2|edge_1|edge_0|cloud_0,access_1-edge_2|edge_1-edge_2|edge_0-edge_1|edge_0-cloud_0,75.81364,0.021564,edge_0,edge_0-edge_1
92,link_congestion,44,0.33698,edge_2,access_1-edge_2,1,0,0,access_1|edge_2|cloud_0,access_1-edge_2|edge_2-cloud_0,51.69407,0.012848,edge_2,access_1-edge_2
92,normal,-1,0.0,,,-1,-1,1,access_0|edge_1|edge_2|cloud_0,access_0-edge_1|edge_1-edge_2|edge_2-cloud_0,56.50017,0.007953,edge_2,edge_1-edge_2
92,burst,35,0.27119,edge_4,edge_4-edge_0,4,3,2,access_1|edge_2|edge_1|edge_0|edge_4|cloud_0,access_1-edge_2|edge_1-edge_2|edge_0-edge_1|edge_4-edge_0|edge_4-cloud_0,88.50643,0.031407,edge_0,edge_0-edge_1
92,mixed,61,0.29832,edge_0,edge_0-edge_1,3,2,3,access_1|edge_2|edge_1|edge_0|cloud_0,access_1-edge_2|edge_1-edge_2|edge_0-edge_1|edge_0-cloud_0,78.71902,0.029988,edge_0,edge_0-edge_1
92,link_congestion,44,0.33698,edge_2,access_1-edge_2,1,0,4,access_1|edge_2|cloud_0,access_1-edge_2|edge_2-cloud_0,51.69407,0.012848,edge_2,access_1-edge_2
92,burst,33,0.27667,edge_1,edge_1-edge_2,2,1,5,access_0|edge_1|edge_2|cloud_0,access_0-edge_1|edge_1-edge_2|edge_2-cloud_0,56.50017,0.007953,edge_2,edge_1-edge_2
92,normal,-1,0.0,,,-1,-1,6,access_0|edge_1|edge_0|cloud_0,access_0-edge_1|edge_0-edge_1|edge_0-cloud_0,61.40178,0.012694,edge_0,edge_0-edge_1
92,burst,33,0.27667,edge_1,edge_1-edge_2,2,1,7,access_1|edge_2|edge_1|edge_0|cloud_0,access_1-edge_2|edge_1-edge_2|edge_0-edge_1|edge_0-cloud_0,78.71902,0.029988,edge_0,edge_0-edge_1
93,link_congestion,44,0.33698,edge_2,access_1-edge_2,1,0,0,access_1|edge_2|cloud_0,access_1-edge_2|edge_2-cloud_0,52.90687,0.013012,edge_2,access_1-edge_2
93,normal,-1,0.0,,,-1,-1,1,access_0|edge_1|edge_2|cloud_0,access_0-edge_1|edge_1-edge_2|edge_2-cloud_0,63.91828,0.007301,edge_1,edge_1-edge_2
93,burst,35,0.27119,edge_4,edge_4-edge_0,4,3,2,access_1|edge_2|edge_1|edge_0|edge_4|cloud_0,access_1-edge_2|edge_1-edge_2|edge_0-edge_1|edge_4-edge_0|edge_4-cloud_0,89.70951,0.02926,edge_1,edge_1-edge_2
93,link_congestion,49,0.27164,edge_0,edge_0-edge_1,2,1,3,access_1|edge_2|edge_1|edge_0|cloud_0,access_1-edge_2|edge_1-edge_2|edge_0-edge_1|edge_0-cloud_0,76.1847,0.02249,edge_1,edge_1-edge_2
93,link_congestion,44,0.33698,edge_2,access_1-edge_2,1,0,4,access_1|edge_2|cloud_0,access_1-edge_2|edge_2-cloud_0,52.90687,0.013012,edge_2,access_1-edge_2
93,burst,33,0.27667,edge_1,edge_1-edge_2,2,1,5,access_0|edge_1|edge_2|cloud_0,access_0-edge_1|edge_1-edge_2|edge_2-cloud_0,63.91828,0.007301,edge_1,edge_1-edge_2
93,link_congestion,49,0.27164,edge_0,edge_0-edge_1,2,1,6,access_0|edge_1|edge_0|cloud_0,access_0-edge_1|edge_0-edge_1|edge_0-cloud_0,59.37211,0.009102,edge_1,edge_0-edge_1
93,burst,33,0.27667,edge_1,edge_1-edge_2,2,1,7,access_1|edge_2|edge_1|edge_0|cloud_0,access_1-edge_2|edge_1-edge_2|edge_0-edge_1|edge_0-cloud_0,76.1847,0.02249,edge_1,edge_1-edge_2
94,normal,-1,0.0,,,-1,-1,0,access_1|edge_2|cloud_0,access_1-edge_2|edge_2-cloud_0,52.32893,0.012083,edge_2,access_1-edge_2
94,normal,-1,0.0,,,-1,-1,1,access_0|edge_1|edge_2|cloud_0,access_0-edge_1|edge_1-edge_2|edge_2-cloud_0,59.48901,0.008707,edge_2,edge_1-edge_2
94,burst,63,0.25497,edge_0,edge_0-edge_1,3,2,2,access_1|edge_2|edge_1|edge_0|edge_4|cloud_0,access_1-edge_2|edge_1-edge_2|edge_0-edge_1|edge_4-edge_0|edge_4-cloud_0,93.96155,0.029275,edge_4,edge_4-edge_0
94,node_overload,70,0.23457,edge_0,edge_0-edge_1,3,2,3,access_1|edge_2|edge_1|edge_0|cloud_0,access_1-edge_2|edge_1-edge_2|edge_0-edge_1|edge_0-cloud_0,77.07612,0.026738,edge_2,edge_0-edge_1
94,normal,-1,0.0,,,-1,-1,4,access_1|edge_2|cloud_0,access_1-edge_2|edge_2-cloud_0,52.32893,0.012083,edge_2,access_1-edge_2
94,normal,-1,0.0,,,-1,-1,5,access_0|edge_1|edge_2|cloud_0,access_0-edge_1|edge_1-edge_2|edge_2-cloud_0,59.48901,0.008707,edge_2,edge_1-edge_2
94,normal,-1,0.0,,,-1,-1,6,access_0|edge_1|edge_0|cloud_0,access_0-edge_1|edge_0-edge_1|edge_0-cloud_0,61.35575,0.014269,edge_1,edge_0-edge_1
94,burst,63,0.25497,edge_0,edge_0-edge_1,3,2,7,access_1|edge_2|edge_1|edge_0|cloud_0,access_1-edge_2|edge_1-edge_2|edge_0-edge_1|edge_0-cloud_0,77.07612,0.026738,edge_2,edge_0-edge_1
95,normal,-1,0.0,,,-1,-1,0,access_1|edge_2|cloud_0,access_1-edge_2|edge_2-cloud_0,48.16731,0.003387,cloud_0,access_1-edge_2
95,normal,-1,0.0,,,-1,-1,1,access_0|edge_1|edge_2|cloud_0,access_0-edge_1|edge_1-edge_2|edge_2-cloud_0,58.9463,0.005008,edge_1,edge_1-edge_2
95,burst,63,0.25497,edge_0,edge_0-edge_1,3,2,2,access_1|edge_2|edge_1|edge_0|edge_4|cloud_0,access_1-edge_2|edge_1-edge_2|edge_0-edge_1|edge_4-edge_0|edge_4-cloud_0,82.80149,0.019231,edge_4,edge_0-edge_1
95,node_overload,70,0.23457,edge_0,edge_0-edge_1,3,2,3,access_1|edge_2|edge_1|edge_0|cloud_0,access_1-edge_2|edge_1-edge_2|edge_0-edge_1|edge_0-cloud_0,70.20481,0.016703,edge_0,edge_0-edge_1
95,normal,-1,0.0,,,-1,-1,4,access_1|edge_2|cloud_0,access_1-edge_2|edge_2-cloud_0,48.16731,0.003387,cloud_0,access_1-edge_2
95,normal,-1,0.0,,,-1,-1,5,access_0|edge_1|edge_2|cloud_0,access_0-edge_1|edge_1-edge_2|edge_2-cloud_0,58.9463,0.005008,edge_1,edge_1-edge_2
95,normal,-1,0.0,,,-1,-1,6,access_0|edge_1|edge_0|cloud_0,access_0-edge_1|edge_0-edge_1|edge_0-cloud_0,57.9995,0.01706,edge_0,edge_0-edge_1
95,burst,63,0.25497,edge_0,edge_0-edge_1,3,2,7,access_1|edge_2|edge_1|edge_0|cloud_0,access_1-edge_2|edge_1-edge_2|edge_0-edge_1|edge_0-cloud_0,70.20481,0.016703,edge_0,edge_0-edge_1
96,normal,-1,0.0,,,-1,-1,0,access_1|edge_2|cloud_0,access_1-edge_2|edge_2-cloud_0,52.02471,0.003343,edge_2,edge_2-cloud_0
96,normal,-1,0.0,,,-1,-1,1,access_0|edge_1|edge_2|cloud_0,access_0-edge_1|edge_1-edge_2|edge_2-cloud_0,60.6321,0.008423,edge_2,edge_2-cloud_0
96,burst,63,0.25497,edge_0,edge_0-edge_1,3,2,2,access_1|edge_2|edge_1|edge_0|edge_4|cloud_0,access_1-edge_2|edge_1-edge_2|edge_0-edge_1|edge_4-edge_0|edge_4-cloud_0,85.02822,0.020547,edge_4,edge_0-edge_1
96,node_overload,70,0.23457,edge_0,edge_0-edge_1,3,2,3,access_1|edge_2|edge_1|edge_0|cloud_0,access_1-edge_2|edge_1-edge_2|edge_0-edge_1|edge_0-cloud_0,71.63771,0.01791,edge_2,edge_0-edge_1
96,normal,-1,0.0,,,-1,-1,4,access_1|edge_2|cloud_0,access_1-edge_2|edge_2-cloud_0,52.02471,0.003343,edge_2,edge_2-cloud_0
96,normal,-1,0.0,,,-1,-1,5,access_0|edge_1|edge_2|cloud_0,access_0-edge_1|edge_1-edge_2|edge_2-cloud_0,60.6321,0.008423,edge_2,edge_2-cloud_0
96,normal,-1,0.0,,,-1,-1,6,access_0|edge_1|edge_0|cloud_0,access_0-edge_1|edge_0-edge_1|edge_0-cloud_0,62.04091,0.016427,edge_0,edge_0-edge_1
96,burst,63,0.25497,edge_0,edge_0-edge_1,3,2,7,access_1|edge_2|edge_1|edge_0|cloud_0,access_1-edge_2|edge_1-edge_2|edge_0-edge_1|edge_0-cloud_0,71.63771,0.01791,edge_2,edge_0-edge_1
97,normal,-1,0.0,,,-1,-1,0,access_1|edge_2|cloud_0,access_1-edge_2|edge_2-cloud_0,48.19832,0.001931,edge_2,access_1-edge_2
97,mixed,81,0.38378,edge_1,access_0-edge_1,1,0,1,access_0|edge_1|edge_2|cloud_0,access_0-edge_1|edge_1-edge_2|edge_2-cloud_0,60.19701,0.012937,edge_1,access_0-edge_1
97,burst,63,0.25497,edge_0,edge_0-edge_1,3,2,2,access_1|edge_2|edge_1|edge_0|edge_4|cloud_0,access_1-edge_2|edge_1-edge_2|edge_0-edge_1|edge_4-edge_0|edge_4-cloud_0,77.29284,0.016445,edge_1,edge_4-edge_0
97,node_overload,70,0.23457,edge_0,edge_0-edge_1,3,2,3,access_1|edge_2|edge_1|edge_0|cloud_0,access_1-edge_2|edge_1-edge_2|edge_0-edge_1|edge_0-cloud_0,67.89957,0.009589,edge_1,edge_0-edge_1
97,normal,-1,0.0,,,-1,-1,4,access_1|edge_2|cloud_0,access_1-edge_2|edge_2-cloud_0,48.19832,0.001931,edge_2,access_1-edge_2
97,normal,-1,0.0,,,-1,-1,5,access_0|edge_1|edge_2|cloud_0,access_0-edge_1|edge_1-edge_2|edge_2-cloud_0,60.19701,0.012937,edge_1,access_0-edge_1
97,mixed,81,0.38378,edge_1,access_0-edge_1,1,0,6,access_0|edge_1|edge_0|cloud_0,access_0-edge_1|edge_0-edge_1|edge_0-cloud_0,60.47667,0.015694,edge_1,access_0-edge_1
97,burst,63,0.25497,edge_0,edge_0-edge_1,3,2,7,access_1|edge_2|edge_1|edge_0|cloud_0,access_1-edge_2|edge_1-edge_2|edge_0-edge_1|edge_0-cloud_0,67.89957,0.009589,edge_1,edge_0-edge_1
98,normal,-1,0.0,,,-1,-1,0,access_1|edge_2|cloud_0,access_1-edge_2|edge_2-cloud_0,49.39055,0.007915,edge_2,access_1-edge_2
98,mixed,81,0.38378,edge_1,access_0-edge_1,1,0,1,access_0|edge_1|edge_2|cloud_0,access_0-edge_1|edge_1-edge_2|edge_2-cloud_0,61.5759,0.020158,edge_1,access_0-edge_1
98,node_overload,70,0.23457,edge_0,edge_0-edge_1,3,2,2,access_1|edge_2|edge_1|edge_0|edge_4|cloud_0,access_1-edge_2|edge_1-edge_2|edge_0-edge_1|edge_4-edge_0|edge_4-cloud_0,82.16206,0.014276,edge_1,access_1-edge_2
98,node_overload,70,0.23457,edge_0,edge_0-edge_1,3,2,3,access_1|edge_2|edge_1|edge_0|cloud_0,access_1-edge_2|edge_1-edge_2|edge_0-edge_1|edge_0-cloud_0,72.52107,0.01252,edge_1,access_1-edge_2
98,normal,-1,0.0,,,-1,-1,4,access_1|edge_2|cloud_0,access_1-edge_2|edge_2-cloud_0,49.39055,0.007915,edge_2,access_1-edge_2
98,normal,-1,0.0,,,-1,-1,5,access_0|edge_1|edge_2|cloud_0,access_0-edge_1|edge_1-edge_2|edge_2-cloud_0,61.5759,0.020158,edge_1,access_0-edge_1
98,mixed,81,0.38378,edge_1,access_0-edge_1,1,0,6,access_0|edge_1|edge_0|cloud_0,access_0-edge_1|edge_0-edge_1|edge_0-cloud_0,66.24571,0.021675,edge_1,access_0-edge_1
98,link_congestion,78,0.39612,edge_2,access_1-edge_2,1,0,7,access_1|edge_2|edge_1|edge_0|cloud_0,access_1-edge_2|edge_1-edge_2|edge_0-edge_1|edge_0-cloud_0,72.52107,0.01252,edge_1,access_1-edge_2
99,normal,-1,0.0,,,-1,-1,0,access_1|edge_2|cloud_0,access_1-edge_2|edge_2-cloud_0,52.17648,0.013079,edge_2,access_1-edge_2
99,mixed,81,0.38378,edge_1,access_0-edge_1,1,0,1,access_0|edge_1|edge_2|cloud_0,access_0-edge_1|edge_1-edge_2|edge_2-cloud_0,65.06183,0.014911,edge_1,access_0-edge_1
99,node_overload,71,0.25556,edge_4,edge_4-edge_0,4,3,2,access_1|edge_2|edge_1|edge_0|edge_4|cloud_0,access_1-edge_2|edge_1-edge_2|edge_0-edge_1|edge_4-edge_0|edge_4-cloud_0,85.43684,0.027337,edge_1,access_1-edge_2
99,link_congestion,76,0.29824,edge_0,edge_0-edge_1,3,2,3,access_1|edge_2|edge_1|edge_0|cloud_0,access_1-edge_2|edge_1-edge_2|edge_0-edge_1|edge_0-cloud_0,74.25457,0.022482,edge_1,access_1-edge_2
99,normal,-1,0.0,,,-1,-1,4,access_1|edge_2|cloud_0,access_1-edge_2|edge_2-cloud_0,52.17648,0.013079,edge_2,access_1-edge_2
99,normal,-1,0.0,,,-1,-1,5,access_0|edge_1|edge_2|cloud_0,access_0-edge_1|edge_1-edge_2|edge_2-cloud_0,65.06183,0.014911,edge_1,access_0-edge_1
99,mixed,81,0.38378,edge_1,access_0-edge_1,1,0,6,access_0|edge_1|edge_0|cloud_0,access_0-edge_1|edge_0-edge_1|edge_0-cloud_0,67.29722,0.020667,edge_1,access_0-edge_1
99,link_congestion,76,0.29824,edge_0,edge_0-edge_1,3,2,7,access_1|edge_2|edge_1|edge_0|cloud_0,access_1-edge_2|edge_1-edge_2|edge_0-edge_1|edge_0-cloud_0,74.25457,0.022482,edge_1,access_1-edge_2
100,normal,-1,0.0,,,-1,-1,0,access_1|edge_2|cloud_0,access_1-edge_2|edge_2-cloud_0,52.36001,0.012388,edge_2,access_1-edge_2
100,mixed,81,0.38378,edge_1,access_0-edge_1,1,0,1,access_0|edge_1|edge_2|cloud_0,access_0-edge_1|edge_1-edge_2|edge_2-cloud_0,62.71864,0.016931,edge_1,access_0-edge_1
100,node_overload,71,0.25556,edge_4,edge_4-edge_0,4,3,2,access_1|edge_2|edge_1|edge_0|edge_4|cloud_0,access_1-edge_2|edge_1-edge_2|edge_0-edge_1|edge_4-edge_0|edge_4-cloud_0,88.12124,0.031899,edge_1,edge_0-edge_1
100,link_congestion,74,0.23104,edge_2,access_1-edge_2,1,0,3,access_1|edge_2|edge_1|edge_0|cloud_0,access_1-edge_2|edge_1-edge_2|edge_0-edge_1|edge_0-cloud_0,75.65608,0.026661,edge_1,edge_0-edge_1
100,normal,-1,0.0,,,-1,-1,4,access_1|edge_2|cloud_0,access_1-edge_2|edge_2-cloud_0,52.36001,0.012388,edge_2,access_1-edge_2
100,normal,-1,0.0,,,-1,-1,5,access_0|edge_1|edge_2|cloud_0,access_0-edge_1|edge_1-edge_2|edge_2-cloud_0,62.71864,0.016931,edge_1,access_0-edge_1
100,mixed,81,0.38378,edge_1,access_0-edge_1,1,0,6,access_0|edge_1|edge_0|cloud_0,access_0-edge_1|edge_0-edge_1|edge_0-cloud_0,67.71296,0.026845,edge_1,access_0-edge_1
100,link_congestion,76,0.29824,edge_0,edge_0-edge_1,3,2,7,access_1|edge_2|edge_1|edge_0|cloud_0,access_1-edge_2|edge_1-edge_2|edge_0-edge_1|edge_0-cloud_0,75.65608,0.026661,edge_1,edge_0-edge_1
101,normal,-1,0.0,,,-1,-1,0,access_1|edge_2|cloud_0,access_1-edge_2|edge_2-cloud_0,53.03197,0.007369,edge_2,access_1-edge_2
101,mixed,81,0.38378,edge_1,access_0-edge_1,1,0,1,access_0|edge_1|edge_2|cloud_0,access_0-edge_1|edge_1-edge_2|edge_2-cloud_0,68.21567,0.01883,edge_1,access_0-edge_1
101,node_overload,67,0.39571,edge_4,edge_4-edge_0,4,3,2,access_1|edge_2|edge_1|edge_0|edge_4|cloud_0,access_1-edge_2|edge_1-edge_2|edge_0-edge_1|edge_4-edge_0|edge_4-cloud_0,92.93326,0.033367,edge_4,edge_0-edge_1
101,link_congestion,74,0.23104,edge_2,access_1-edge_2,1,0,3,access_1|edge_2|edge_1|edge_0|cloud_0,access_1-edge_2|edge_1-edge_2|edge_0-edge_1|edge_0-cloud_0,79.07847,0.032723,edge_1,edge_0-edge_1
101,normal,-1,0.0,,,-1,-1,4,access_1|edge_2|cloud_0,access_1-edge_2|edge_2-cloud_0,53.03197,0.007369,edge_2,access_1-edge_2
101,mixed,82,0.30115,edge_1,edge_1-edge_2,2,1,5,access_0|edge_1|edge_2|cloud_0,access_0-edge_1|edge_1-edge_2|edge_2-cloud_0,68.21567,0.01883,edge_1,access_0-edge_1
101,mixed,81,0.38378,edge_1,access_0-edge_1,1,0,6,access_0|edge_1|edge_0|cloud_0,access_0-edge_1|edge_0-edge_1|edge_0-cloud_0,66.96441,0.028064,edge_1,access_0-edge_1
101,link_congestion,76,0.29824,edge_0,edge_0-edge_1,3,2,7,access_1|edge_2|edge_1|edge_0|cloud_0,access_1-edge_2|edge_1-edge_2|edge_0-edge_1|edge_0-cloud_0,79.07847,0.032723,edge_1,edge_0-edge_1
102,mixed,83,0.32476,edge_0,edge_0-edge_1,3,2,0,access_1|edge_2|edge_1|edge_0|cloud_0,access_1-edge_2|edge_1-edge_2|edge_0-edge_1|edge_0-cloud_0,78.62578,0.025751,edge_1,edge_1-edge_2
102,normal,-1,0.0,,,-1,-1,1,access_1|edge_2|cloud_0,access_1-edge_2|edge_2-cloud_0,50.06913,0.008696,edge_2,access_1-edge_2
102,node_overload,67,0.39571,edge_4,edge_4-edge_0,4,3,2,access_0|edge_1|edge_2|cloud_0,access_0-edge_1|edge_1-edge_2|edge_2-cloud_0,62.37859,0.018627,edge_1,edge_1-edge_2
102,link_congestion,74,0.23104,edge_2,access_1-edge_2,1,0,3,access_0|edge_1|edge_0|cloud_0,access_0-edge_1|edge_0-edge_1|edge_0-cloud_0,61.41431,0.011771,edge_1,edge_0-edge_1
102,mixed,83,0.32476,edge_0,edge_0-edge_1,3,2,4,access_1|edge_2|edge_1|edge_0|cloud_0,access_1-edge_2|edge_1-edge_2|edge_0-edge_1|edge_0-cloud_0,78.62578,0.025751,edge_1,edge_1-edge_2
102,mixed,82,0.30115,edge_1,edge_1-edge_2,2,1,5,access_1|edge_2|cloud_0,access_1-edge_2|edge_2-cloud_0,50.06913,0.008696,edge_2,access_1-edge_2
102,mixed,80,0.37797,edge_4,edge_3-edge_4,4,3,6,access_0|edge_1|edge_2|edge_3|edge_4|cloud_0,access_0-edge_1|edge_1-edge_2|edge_2-edge_3|edge_3-edge_4|edge_4-cloud_0,83.72503,0.029806,edge_4,edge_1-edge_2
102,link_congestion,76,0.29824,edge_0,edge_0-edge_1,3,2,7,access_0|edge_1|edge_0|cloud_0,access_0-edge_1|edge_0-edge_1|edge_0-cloud_0,61.41431,0.011771,edge_1,edge_0-edge_1
103,mixed,83,0.32476,edge_0,edge_0-edge_1,3,2,0,access_1|edge_2|edge_1|edge_0|cloud_0,access_1-edge_2|edge_1-edge_2|edge_0-edge_1|edge_0-cloud_0,78.42513,0.02737,edge_0,edge_0-edge_1
103,normal,-1,0.0,,,-1,-1,1,access_1|edge_2|cloud_0,access_1-edge_2|edge_2-cloud_0,48.93418,0.004318,edge_2,access_1-edge_2
103,node_overload,67,0.39571,edge_4,edge_4-edge_0,4,3,2,access_0|edge_1|edge_2|cloud_0,access_0-edge_1|edge_1-edge_2|edge_2-cloud_0,64.32614,0.011051,edge_1,edge_1-edge_2
103,link_congestion,76,0.29824,edge_0,edge_0-edge_1,3,2,3,access_0|edge_1|edge_0|cloud_0,access_0-edge_1|edge_0-edge_1|edge_0-cloud_0,65.92588,0.017116,edge_0,edge_0-edge_1
103,mixed,83,0.32476,edge_0,edge_0-edge_1,3,2,4,access_1|edge_2|edge_1|edge_0|cloud_0,access_1-edge_2|edge_1-edge_2|edge_0-edge_1|edge_0-cloud_0,78.42513,0.02737,edge_0,edge_0-edge_1
103,mixed,82,0.30115,edge_1,edge_1-edge_2,2,1,5,access_1|edge_2|cloud_0,access_1-edge_2|edge_2-cloud_0,48.93418,0.004318,edge_2,access_1-edge_2
103,mixed,80,0.37797,edge_4,edge_3-edge_4,4,3,6,access_0|edge_1|edge_2|edge_3|edge_4|cloud_0,access_0-edge_1|edge_1-edge_2|edge_2-edge_3|edge_3-edge_4|edge_4-cloud_0,89.12223,0.030053,edge_4,edge_3-edge_4
103,link_congestion,76,0.29824,edge_0,edge_0-edge_1,3,2,7,access_0|edge_1|edge_0|cloud_0,access_0-edge_1|edge_0-edge_1|edge_0-cloud_0,65.92588,0.017116,edge_0,edge_0-edge_1
104,mixed,83,0.32476,edge_0,edge_0-edge_1,3,2,0,access_1|edge_2|edge_1|edge_0|cloud_0,access_1-edge_2|edge_1-edge_2|edge_0-edge_1|edge_0-cloud_0,76.14044,0.017835,edge_0,edge_0-edge_1
104,normal,-1,0.0,,,-1,-1,1,access_1|edge_2|cloud_0,access_1-edge_2|edge_2-cloud_0,49.27323,0.002645,edge_2,access_1-edge_2
104,node_overload,67,0.39571,edge_4,edge_4-edge_0,4,3,2,access_0|edge_1|edge_2|cloud_0,access_0-edge_1|edge_1-edge_2|edge_2-cloud_0,58.95772,0.006052,edge_2,edge_1-edge_2
104,link_congestion,79,0.30487,edge_0,edge_0-edge_1,2,1,3,access_0|edge_1|edge_0|cloud_0,access_0-edge_1|edge_0-edge_1|edge_0-cloud_0,65.34716,0.014961,edge_0,edge_0-edge_1
104,mixed,83,0.32476,edge_0,edge_0-edge_1,3,2,4,access_1|edge_2|edge_1|edge_0|cloud_0,access_1-edge_2|edge_1-edge_2|edge_0-edge_1|edge_0-cloud_0,76.14044,0.017835,edge_0,edge_0-edge_1
104,normal,-1,0.0,,,-1,-1,5,access_1|edge_2|cloud_0,access_1-edge_2|edge_2-cloud_0,49.27323,0.002645,edge_2,access_1-edge_2
104,link_congestion,73,0.28384,edge_4,edge_3-edge_4,4,3,6,access_0|edge_1|edge_2|edge_3|edge_4|cloud_0,access_0-edge_1|edge_1-edge_2|edge_2-edge_3|edge_3-edge_4|edge_4-cloud_0,87.51109,0.02022,edge_4,edge_3-edge_4
104,link_congestion,79,0.30487,edge_0,edge_0-edge_1,2,1,7,access_0|edge_1|edge_0|cloud_0,access_0-edge_1|edge_0-edge_1|edge_0-cloud_0,65.34716,0.014961,edge_0,edge_0-edge_1
105,node_overload,68,0.34184,edge_2,access_1-edge_2,1,0,0,access_1|edge_2|edge_1|edge_0|cloud_0,access_1-edge_2|edge_1-edge_2|edge_0-edge_1|edge_0-cloud_0,73.48756,0.018675,edge_2,edge_0-edge_1
105,normal,-1,0.0,,,-1,-1,1,access_1|edge_2|cloud_0,access_1-edge_2|edge_2-cloud_0,50.35656,0.007435,edge_2,access_1-edge_2
105,node_overload,67,0.39571,edge_4,edge_4-edge_0,4,3,2,access_0|edge_1|edge_2|cloud_0,access_0-edge_1|edge_1-edge_2|edge_2-cloud_0,60.46238,0.004191,edge_2,edge_2-cloud_0
105,link_congestion,79,0.30487,edge_0,edge_0-edge_1,2,1,3,access_0|edge_1|edge_0|cloud_0,access_0-edge_1|edge_0-edge_1|edge_0-cloud_0,62.02741,0.015468,edge_0,edge_0-edge_1
105,node_overload,68,0.34184,edge_2,access_1-edge_2,1,0,4,access_1|edge_2|edge_1|edge_0|cloud_0,access_1-edge_2|edge_1-edge_2|edge_0-edge_1|edge_0-cloud_0,73.48756,0.018675,edge_2,edge_0-edge_1
105,normal,-1,0.0,,,-1,-1,5,access_1|edge_2|cloud_0,access_1-edge_2|edge_2-cloud_0,50.35656,0.007435,edge_2,access_1-edge_2
105,link_congestion,73,0.28384,edge_4,edge_3-edge_4,4,3,6,access_0|edge_1|edge_2|edge_3|edge_4|cloud_0,access_0-edge_1|edge_1-edge_2|edge_2-edge_3|edge_3-edge_4|edge_4-cloud_0,84.95812,0.015395,edge_4,edge_3-edge_4
105,link_congestion,79,0.30487,edge_0,edge_0-edge_1,2,1,7,access_0|edge_1|edge_0|cloud_0,access_0-edge_1|edge_0-edge_1|edge_0-cloud_0,62.02741,0.015468,edge_0,edge_0-edge_1
106,node_overload,68,0.34184,edge_2,access_1-edge_2,1,0,0,access_1|edge_2|edge_1|edge_0|cloud_0,access_1-edge_2|edge_1-edge_2|edge_0-edge_1|edge_0-cloud_0,74.41096,0.025381,edge_2,edge_0-edge_1
106,normal,-1,0.0,,,-1,-1,1,access_1|edge_2|cloud_0,access_1-edge_2|edge_2-cloud_0,50.60987,0.00442,edge_2,access_1-edge_2
106,link_congestion,75,0.25306,edge_2,edge_1-edge_2,2,1,2,access_0|edge_1|edge_2|cloud_0,access_0-edge_1|edge_1-edge_2|edge_2-cloud_0,59.98322,0.01218,edge_2,edge_1-edge_2
106,link_congestion,79,0.30487,edge_0,edge_0-edge_1,2,1,3,access_0|edge_1|edge_0|cloud_0,access_0-edge_1|edge_0-edge_1|edge_0-cloud_0,64.19803,0.0161,edge_0,edge_0-edge_1
106,burst,62,0.26497,edge_2,edge_1-edge_2,2,1,4,access_1|edge_2|edge_1|edge_0|cloud_0,access_1-edge_2|edge_1-edge_2|edge_0-edge_1|edge_0-cloud_0,74.41096,0.025381,edge_2,edge_0-edge_1
106,normal,-1,0.0,,,-1,-1,5,access_1|edge_2|cloud_0,access_1-edge_2|edge_2-cloud_0,50.60987,0.00442,edge_2,access_1-edge_2
106,burst,62,0.26497,edge_2,edge_1-edge_2,2,1,6,access_0|edge_1|edge_2|edge_3|edge_4|cloud_0,access_0-edge_1|edge_1-edge_2|edge_2-edge_3|edge_3-edge_4|edge_4-cloud_0,85.14907,0.026179,edge_2,edge_3-edge_4
106,link_congestion,79,0.30487,edge_0,edge_0-edge_1,2,1,7,access_0|edge_1|edge_0|cloud_0,access_0-edge_1|edge_0-edge_1|edge_0-cloud_0,64.19803,0.0161,edge_0,edge_0-edge_1
107,node_overload,68,0.34184,edge_2,access_1-edge_2,1,0,0,access_1|edge_2|edge_1|edge_0|cloud_0,access_1-edge_2|edge_1-edge_2|edge_0-edge_1|edge_0-cloud_0,80.13633,0.028869,edge_2,edge_1-edge_2
107,normal,-1,0.0,,,-1,-1,1,access_1|edge_2|cloud_0,access_1-edge_2|edge_2-cloud_0,51.39208,0.006246,edge_2,access_1-edge_2
107,link_congestion,75,0.25306,edge_2,edge_1-edge_2,2,1,2,access_0|edge_1|edge_2|cloud_0,access_0-edge_1|edge_1-edge_2|edge_2-cloud_0,64.27215,0.008221,edge_2,edge_1-edge_2
107,link_congestion,79,0.30487,edge_0,edge_0-edge_1,2,1,3,access_0|edge_1|edge_0|cloud_0,access_0-edge_1|edge_0-edge_1|edge_0-cloud_0,63.47106,0.014664,edge_0,edge_0-edge_1
107,burst,62,0.26497,edge_2,edge_1-edge_2,2,1,4,access_1|edge_2|edge_1|edge_0|cloud_0,access_1-edge_2|edge_1-edge_2|edge_0-edge_1|edge_0-cloud_0,80.13633,0.028869,edge_2,edge_1-edge_2
107,normal,-1,0.0,,,-1,-1,5,access_1|edge_2|cloud_0,access_1-edge_2|edge_2-cloud_0,51.39208,0.006246,edge_2,access_1-edge_2
107,burst,62,0.26497,edge_2,edge_1-edge_2,2,1,6,access_0|edge_1|edge_2|edge_3|edge_4|cloud_0,access_0-edge_1|edge_1-edge_2|edge_2-edge_3|edge_3-edge_4|edge_4-cloud_0,86.44788,0.019549,edge_2,edge_1-edge_2
107,link_congestion,79,0.30487,edge_0,edge_0-edge_1,2,1,7,access_0|edge_1|edge_0|cloud_0,access_0-edge_1|edge_0-edge_1|edge_0-cloud_0,63.47106,0.014664,edge_0,edge_0-edge_1
108,node_overload,68,0.34184,edge_2,access_1-edge_2,1,0,0,access_1|edge_2|edge_1|edge_0|cloud_0,access_1-edge_2|edge_1-edge_2|edge_0-edge_1|edge_0-cloud_0,71.11478,0.011978,edge_2,edge_1-edge_2
108,normal,-1,0.0,,,-1,-1,1,access_1|edge_2|cloud_0,access_1-edge_2|edge_2-cloud_0,49.57077,0.005942,edge_2,access_1-edge_2
108,link_congestion,75,0.25306,edge_2,edge_1-edge_2,2,1,2,access_0|edge_1|edge_2|cloud_0,access_0-edge_1|edge_1-edge_2|edge_2-cloud_0,62.57283,0.009945,edge_2,edge_1-edge_2
108,normal,-1,0.0,,,-1,-1,3,access_0|edge_1|edge_0|cloud_0,access_0-edge_1|edge_0-edge_1|edge_0-cloud_0,58.70373,0.005893,edge_1,edge_0-cloud_0
108,burst,62,0.26497,edge_2,edge_1-edge_2,2,1,4,access_1|edge_2|edge_1|edge_0|cloud_0,access_1-edge_2|edge_1-edge_2|edge_0-edge_1|edge_0-cloud_0,71.11478,0.011978,edge_2,edge_1-edge_2
108,normal,-1,0.0,,,-1,-1,5,access_1|edge_2|cloud_0,access_1-edge_2|edge_2-cloud_0,49.57077,0.005942,edge_2,access_1-edge_2
108,burst,62,0.26497,edge_2,edge_1-edge_2,2,1,6,access_0|edge_1|edge_2|edge_3|edge_4|cloud_0,access_0-edge_1|edge_1-edge_2|edge_2-edge_3|edge_3-edge_4|edge_4-cloud_0,79.50929,0.013609,edge_2,edge_1-edge_2
108,normal,-1,0.0,,,-1,-1,7,access_0|edge_1|edge_0|cloud_0,access_0-edge_1|edge_0-edge_1|edge_0-cloud_0,58.70373,0.005893,edge_1,edge_0-cloud_0
109,burst,65,0.31847,edge_2,access_1-edge_2,1,0,0,access_1|edge_2|edge_1|edge_0|cloud_0,access_1-edge_2|edge_1-edge_2|edge_0-edge_1|edge_0-cloud_0,71.28324,0.014828,edge_1,edge_1-edge_2
109,burst,65,0.31847,edge_2,access_1-edge_2,1,0,1,access_1|edge_2|cloud_0,access_1-edge_2|edge_2-cloud_0,45.24647,0.009,edge_2,access_1-edge_2
109,link_congestion,75,0.25306,edge_2,edge_1-edge_2,2,1,2,access_0|edge_1|edge_2|cloud_0,access_0-edge_1|edge_1-edge_2|edge_2-cloud_0,62.07642,0.013624,edge_1,edge_1-edge_2
109,node_overload,72,0.39619,edge_1,access_0-edge_1,1,0,3,access_0|edge_1|edge_0|cloud_0,access_0-edge_1|edge_0-edge_1|edge_0-cloud_0,61.49734,0.007292,edge_1,access_0-edge_1
109,burst,66,0.39854,edge_2,edge_1-edge_2,2,1,4,access_1|edge_2|edge_1|edge_0|cloud_0,access_1-edge_2|edge_1-edge_2|edge_0-edge_1|edge_0-cloud_0,71.28324,0.014828,edge_1,edge_1-edge_2
109,normal,-1,0.0,,,-1,-1,5,access_1|edge_2|cloud_0,access_1-edge_2|edge_2-cloud_0,45.24647,0.009,edge_2,access_1-edge_2
109,burst,66,0.39854,edge_2,edge_1-edge_2,2,1,6,access_0|edge_1|edge_2|edge_3|edge_4|cloud_0,access_0-edge_1|edge_1-edge_2|edge_2-edge_3|edge_3-edge_4|edge_4-cloud_0,80.97392,0.01627,edge_1,edge_1-edge_2
109,node_overload,72,0.39619,edge_1,access_0-edge_1,1,0,7,access_0|edge_1|edge_0|cloud_0,access_0-edge_1|edge_0-edge_1|edge_0-cloud_0,61.49734,0.007292,edge_1,access_0-edge_1
110,burst,65,0.31847,edge_2,access_1-edge_2,1,0,0,access_1|edge_2|edge_1|edge_0|cloud_0,access_1-edge_2|edge_1-edge_2|edge_0-edge_1|edge_0-cloud_0,73.14373,0.017105,edge_1,access_1-edge_2
110,burst,65,0.31847,edge_2,access_1-edge_2,1,0,1,access_1|edge_2|cloud_0,access_1-edge_2|edge_2-cloud_0,53.5019,0.008341,edge_2,access_1-edge_2
110,link_congestion,75,0.25306,edge_2,edge_1-edge_2,2,1,2,access_0|edge_1|edge_2|cloud_0,access_0-edge_1|edge_1-edge_2|edge_2-cloud_0,63.23467,0.013826,edge_1,edge_1-edge_2
110,node_overload,72,0.39619,edge_1,access_0-edge_1,1,0,3,access_0|edge_1|edge_0|cloud_0,access_0-edge_1|edge_0-edge_1|edge_0-cloud_0,59.75211,0.014561,edge_1,access_0-edge_1
110,burst,66,0.39854,edge_2,edge_1-edge_2,2,1,4,access_1|edge_2|edge_1|edge_0|cloud_0,access_1-edge_2|edge_1-edge_2|edge_0-edge_1|edge_0-cloud_0,73.14373,0.017105,edge_1,access_1-edge_2
110,normal,-1,0.0,,,-1,-1,5,access_1|edge_2|cloud_0,access_1-edge_2|edge_2-cloud_0,53.5019,0.008341,edge_2,access_1-edge_2
110,burst,66,0.39854,edge_2,edge_1-edge_2,2,1,6,access_0|edge_1|edge_2|edge_3|edge_4|cloud_0,access_0-edge_1|edge_1-edge_2|edge_2-edge_3|edge_3-edge_4|edge_4-cloud_0,81.10868,0.018135,edge_1,edge_1-edge_2
110,node_overload,72,0.39619,edge_1,access_0-edge_1,1,0,7,access_0|edge_1|edge_0|cloud_0,access_0-edge_1|edge_0-edge_1|edge_0-cloud_0,59.75211,0.014561,edge_1,access_0-edge_1
111,burst,65,0.31847,edge_2,access_1-edge_2,1,0,0,access_1|edge_2|edge_1|edge_0|cloud_0,access_1-edge_2|edge_1-edge_2|edge_0-edge_1|edge_0-cloud_0,69.45093,0.011302,edge_1,access_1-edge_2
111,burst,65,0.31847,edge_2,access_1-edge_2,1,0,1,access_1|edge_2|cloud_0,access_1-edge_2|edge_2-cloud_0,51.48157,0.005763,edge_2,access_1-edge_2
111,normal,-1,0.0,,,-1,-1,2,access_0|edge_1|edge_2|cloud_0,access_0-edge_1|edge_1-edge_2|edge_2-cloud_0,61.64513,0.010292,edge_1,access_0-edge_1
111,node_overload,72,0.39619,edge_1,access_0-edge_1,1,0,3,access_0|edge_1|edge_0|cloud_0,access_0-edge_1|edge_0-edge_1|edge_0-cloud_0,57.12692,0.008026,edge_1,access_0-edge_1
111,burst,66,0.39854,edge_2,edge_1-edge_2,2,1,4,access_1|edge_2|edge_1|edge_0|cloud_0,access_1-edge_2|edge_1-edge_2|edge_0-edge_1|edge_0-cloud_0,69.45093,0.011302,edge_1,access_1-edge_2
111,normal,-1,0.0,,,-1,-1,5,access_1|edge_2|cloud_0,access_1-edge_2|edge_2-cloud_0,51.48157,0.005763,edge_2,access_1-edge_2
111,burst,66,0.39854,edge_2,edge_1-edge_2,2,1,6,access_0|edge_1|edge_2|edge_3|edge_4|cloud_0,access_0-edge_1|edge_1-edge_2|edge_2-edge_3|edge_3-edge_4|edge_4-cloud_0,78.71164,0.01592,edge_1,access_0-edge_1
111,node_overload,72,0.39619,edge_1,access_0-edge_1,1,0,7,access_0|edge_1|edge_0|cloud_0,access_0-edge_1|edge_0-edge_1|edge_0-cloud_0,57.12692,0.008026,edge_1,access_0-edge_1
112,node_overload,69,0.35578,edge_1,edge_1-edge_2,2,1,0,access_1|edge_2|edge_1|edge_0|cloud_0,access_1-edge_2|edge_1-edge_2|edge_0-edge_1|edge_0-cloud_0,65.93351,0.009671,edge_1,edge_1-edge_2
112,normal,-1,0.0,,,-1,-1,1,access_1|edge_2|cloud_0,access_1-edge_2|edge_2-cloud_0,46.54603,0.004731,edge_2,edge_2-cloud_0
112,normal,-1,0.0,,,-1,-1,2,access_0|edge_1|edge_2|cloud_0,access_0-edge_1|edge_1-edge_2|edge_2-cloud_0,60.78604,0.010024,edge_1,edge_1-edge_2
112,node_overload,72,0.39619,edge_1,access_0-edge_1,1,0,3,access_0|edge_1|edge_0|cloud_0,access_0-edge_1|edge_0-edge_1|edge_0-cloud_0,58.71422,0.008125,edge_1,access_0-edge_1
112,node_overload,69,0.35578,edge_1,edge_1-edge_2,2,1,4,access_1|edge_2|edge_1|edge_0|cloud_0,access_1-edge_2|edge_1-edge_2|edge_0-edge_1|edge_0-cloud_0,65.93351,0.009671,edge_1,edge_1-edge_2
112,normal,-1,0.0,,,-1,-1,5,access_1|edge_2|cloud_0,access_1-edge_2|edge_2-cloud_0,46.54603,0.004731,edge_2,edge_2-cloud_0
112,link_congestion,77,0.23066,edge_4,edge_3-edge_4,4,3,6,access_0|edge_1|edge_2|edge_3|edge_4|cloud_0,access_0-edge_1|edge_1-edge_2|edge_2-edge_3|edge_3-edge_4|edge_4-cloud_0,82.21359,0.017112,edge_1,edge_3-edge_4
112,node_overload,72,0.39619,edge_1,access_0-edge_1,1,0,7,access_0|edge_1|edge_0|cloud_0,access_0-edge_1|edge_0-edge_1|edge_0-cloud_0,58.71422,0.008125,edge_1,access_0-edge_1
113,node_overload,69,0.35578,edge_1,edge_1-edge_2,2,1,0,access_1|edge_2|edge_1|edge_0|cloud_0,access_1-edge_2|edge_1-edge_2|edge_0-edge_1|edge_0-cloud_0,68.67135,0.010011,edge_1,edge_1-edge_2
113,normal,-1,0.0,,,-1,-1,1,access_1|edge_2|cloud_0,access_1-edge_2|edge_2-cloud_0,47.50481,0.001731,edge_2,edge_2-cloud_0
113,normal,-1,0.0,,,-1,-1,2,access_0|edge_1|edge_2|cloud_0,access_0-edge_1|edge_1-edge_2|edge_2-cloud_0,59.5871,0.008049,edge_1,edge_1-edge_2
113,node_overload,72,0.39619,edge_1,access_0-edge_1,1,0,3,access_0|edge_1|edge_0|cloud_0,access_0-edge_1|edge_0-edge_1|edge_0-cloud_0,57.61566,0.008537,edge_1,access_0-edge_1
113,node_overload,69,0.35578,edge_1,edge_1-edge_2,2,1,4,access_1|edge_2|edge_1|edge_0|cloud_0,access_1-edge_2|edge_1-edge_2|edge_0-edge_1|edge_0-cloud_0,68.67135,0.010011,edge_1,edge_1-edge_2
113,normal,-1,0.0,,,-1,-1,5,access_1|edge_2|cloud_0,access_1-edge_2|edge_2-cloud_0,47.50481,0.001731,edge_2,edge_2-cloud_0
113,burst,64,0.33141,edge_4,edge_3-edge_4,4,3,6,access_0|edge_1|edge_2|edge_3|edge_4|cloud_0,access_0-edge_1|edge_1-edge_2|edge_2-edge_3|edge_3-edge_4|edge_4-cloud_0,78.8594,0.016996,edge_1,edge_1-edge_2
113,node_overload,72,0.39619,edge_1,access_0-edge_1,1,0,7,access_0|edge_1|edge_0|cloud_0,access_0-edge_1|edge_0-edge_1|edge_0-cloud_0,57.61566,0.008537,edge_1,access_0-edge_1
114,node_overload,69,0.35578,edge_1,edge_1-edge_2,2,1,0,access_1|edge_2|edge_1|edge_0|cloud_0,access_1-edge_2|edge_1-edge_2|edge_0-edge_1|edge_0-cloud_0,68.9335,0.017692,edge_1,edge_1-edge_2
114,normal,-1,0.0,,,-1,-1,1,access_1|edge_2|cloud_0,access_1-edge_2|edge_2-cloud_0,49.69476,0.006891,edge_2,access_1-edge_2
114,normal,-1,0.0,,,-1,-1,2,access_0|edge_1|edge_2|cloud_0,access_0-edge_1|edge_1-edge_2|edge_2-cloud_0,57.28712,0.011325,edge_1,edge_1-edge_2
114,normal,-1,0.0,,,-1,-1,3,access_0|edge_1|edge_0|cloud_0,access_0-edge_1|edge_0-edge_1|edge_0-cloud_0,57.28514,0.012291,edge_1,access_0-edge_1
114,node_overload,69,0.35578,edge_1,edge_1-edge_2,2,1,4,access_1|edge_2|edge_1|edge_0|cloud_0,access_1-edge_2|edge_1-edge_2|edge_0-edge_1|edge_0-cloud_0,68.9335,0.017692,edge_1,edge_1-edge_2
114,normal,-1,0.0,,,-1,-1,5,access_1|edge_2|cloud_0,access_1-edge_2|edge_2-cloud_0,49.69476,0.006891,edge_2,access_1-edge_2
114,burst,64,0.33141,edge_4,edge_3-edge_4,4,3,6,access_0|edge_1|edge_2|edge_3|edge_4|cloud_0,access_0-edge_1|edge_1-edge_2|edge_2-edge_3|edge_3-edge_4|edge_4-cloud_0,82.29968,0.025437,edge_1,edge_3-edge_4
114,normal,-1,0.0,,,-1,-1,7,access_0|edge_1|edge_0|cloud_0,access_0-edge_1|edge_0-edge_1|edge_0-cloud_0,57.28514,0.012291,edge_1,access_0-edge_1
115,normal,-1,0.0,,,-1,-1,0,access_1|edge_2|edge_1|edge_0|cloud_0,access_1-edge_2|edge_1-edge_2|edge_0-edge_1|edge_0-cloud_0,70.81587,0.009643,edge_1,edge_1-edge_2
115,normal,-1,0.0,,,-1,-1,1,access_1|edge_2|cloud_0,access_1-edge_2|edge_2-cloud_0,48.8063,0.007386,edge_2,edge_2-cloud_0
115,normal,-1,0.0,,,-1,-1,2,access_0|edge_1|edge_2|cloud_0,access_0-edge_1|edge_1-edge_2|edge_2-cloud_0,58.89562,0.011536,edge_1,edge_1-edge_2
115,normal,-1,0.0,,,-1,-1,3,access_0|edge_1|edge_0|cloud_0,access_0-edge_1|edge_0-edge_1|edge_0-cloud_0,57.36894,0.005493,edge_1,access_0-edge_1
115,normal,-1,0.0,,,-1,-1,4,access_1|edge_2|edge_1|edge_0|cloud_0,access_1-edge_2|edge_1-edge_2|edge_0-edge_1|edge_0-cloud_0,70.81587,0.009643,edge_1,edge_1-edge_2
115,normal,-1,0.0,,,-1,-1,5,access_1|edge_2|cloud_0,access_1-edge_2|edge_2-cloud_0,48.8063,0.007386,edge_2,edge_2-cloud_0
115,normal,-1,0.0,,,-1,-1,6,access_0|edge_1|edge_2|edge_3|edge_4|cloud_0,access_0-edge_1|edge_1-edge_2|edge_2-edge_3|edge_3-edge_4|edge_4-cloud_0,78.11784,0.015385,edge_1,edge_3-edge_4
115,normal,-1,0.0,,,-1,-1,7,access_0|edge_1|edge_0|cloud_0,access_0-edge_1|edge_0-edge_1|edge_0-cloud_0,57.36894,0.005493,edge_1,access_0-edge_1
116,normal,-1,0.0,,,-1,-1,0,access_1|edge_2|edge_1|edge_0|cloud_0,access_1-edge_2|edge_1-edge_2|edge_0-edge_1|edge_0-cloud_0,68.4432,0.00866,edge_2,edge_0-edge_1
116,normal,-1,0.0,,,-1,-1,1,access_1|edge_2|cloud_0,access_1-edge_2|edge_2-cloud_0,49.38418,0.003304,edge_2,access_1-edge_2
116,normal,-1,0.0,,,-1,-1,2,access_0|edge_1|edge_2|cloud_0,access_0-edge_1|edge_1-edge_2|edge_2-cloud_0,57.94729,0.003514,edge_2,access_0-edge_1
116,normal,-1,0.0,,,-1,-1,3,access_0|edge_1|edge_0|cloud_0,access_0-edge_1|edge_0-edge_1|edge_0-cloud_0,56.08207,0.008869,edge_1,edge_0-edge_1
116,normal,-1,0.0,,,-1,-1,4,access_1|edge_2|edge_1|edge_0|cloud_0,access_1-edge_2|edge_1-edge_2|edge_0-edge_1|edge_0-cloud_0,68.4432,0.00866,edge_2,edge_0-edge_1
116,normal,-1,0.0,,,-1,-1,5,access_1|edge_2|cloud_0,access_1-edge_2|edge_2-cloud_0,49.38418,0.003304,edge_2,access_1-edge_2
116,normal,-1,0.0,,,-1,-1,6,access_0|edge_1|edge_2|edge_3|edge_4|cloud_0,access_0-edge_1|edge_1-edge_2|edge_2-edge_3|edge_3-edge_4|edge_4-cloud_0,76.14515,0.011434,edge_4,edge_3-edge_4
116,normal,-1,0.0,,,-1,-1,7,access_0|edge_1|edge_0|cloud_0,access_0-edge_1|edge_0-edge_1|edge_0-cloud_0,56.08207,0.008869,edge_1,edge_0-edge_1
117,normal,-1,0.0,,,-1,-1,0,access_1|edge_2|edge_1|edge_0|cloud_0,access_1-edge_2|edge_1-edge_2|edge_0-edge_1|edge_0-cloud_0,65.78886,0.003866,edge_2,edge_1-edge_2
117,normal,-1,0.0,,,-1,-1,1,access_1|edge_2|cloud_0,access_1-edge_2|edge_2-cloud_0,47.92732,0.004281,edge_2,edge_2-cloud_0
117,normal,-1,0.0,,,-1,-1,2,access_0|edge_1|edge_2|cloud_0,access_0-edge_1|edge_1-edge_2|edge_2-cloud_0,58.07296,0.002686,edge_2,edge_1-edge_2
117,normal,-1,0.0,,,-1,-1,3,access_0|edge_1|edge_0|cloud_0,access_0-edge_1|edge_0-edge_1|edge_0-cloud_0,55.58121,0.00227,cloud_0,edge_0-edge_1
117,normal,-1,0.0,,,-1,-1,4,access_1|edge_2|edge_1|edge_0|cloud_0,access_1-edge_2|edge_1-edge_2|edge_0-edge_1|edge_0-cloud_0,65.78886,0.003866,edge_2,edge_1-edge_2
117,normal,-1,0.0,,,-1,-1,5,access_1|edge_2|cloud_0,access_1-edge_2|edge_2-cloud_0,47.92732,0.004281,edge_2,edge_2-cloud_0
117,normal,-1,0.0,,,-1,-1,6,access_0|edge_1|edge_2|edge_3|edge_4|cloud_0,access_0-edge_1|edge_1-edge_2|edge_2-edge_3|edge_3-edge_4|edge_4-cloud_0,76.87651,0.004376,edge_2,edge_1-edge_2
117,normal,-1,0.0,,,-1,-1,7,access_0|edge_1|edge_0|cloud_0,access_0-edge_1|edge_0-edge_1|edge_0-cloud_0,55.58121,0.00227,cloud_0,edge_0-edge_1
118,normal,-1,0.0,,,-1,-1,0,access_1|edge_2|edge_1|edge_0|cloud_0,access_1-edge_2|edge_1-edge_2|edge_0-edge_1|edge_0-cloud_0,67.60191,0.008465,edge_2,edge_0-cloud_0
118,normal,-1,0.0,,,-1,-1,1,access_1|edge_2|cloud_0,access_1-edge_2|edge_2-cloud_0,45.75911,0.001889,edge_2,access_1-edge_2
118,normal,-1,0.0,,,-1,-1,2,access_0|edge_1|edge_2|cloud_0,access_0-edge_1|edge_1-edge_2|edge_2-cloud_0,60.09155,0.003821,edge_2,access_0-edge_1
118,normal,-1,0.0,,,-1,-1,3,access_0|edge_1|edge_0|cloud_0,access_0-edge_1|edge_0-edge_1|edge_0-cloud_0,59.95038,0.007072,edge_1,edge_0-cloud_0
118,normal,-1,0.0,,,-1,-1,4,access_1|edge_2|edge_1|edge_0|cloud_0,access_1-edge_2|edge_1-edge_2|edge_0-edge_1|edge_0-cloud_0,67.60191,0.008465,edge_2,edge_0-cloud_0
118,normal,-1,0.0,,,-1,-1,5,access_1|edge_2|cloud_0,access_1-edge_2|edge_2-cloud_0,45.75911,0.001889,edge_2,access_1-edge_2
118,normal,-1,0.0,,,-1,-1,6,access_0|edge_1|edge_2|edge_3|edge_4|cloud_0,access_0-edge_1|edge_1-edge_2|edge_2-edge_3|edge_3-edge_4|edge_4-cloud_0,82.60105,0.009843,edge_2,edge_3-edge_4
118,normal,-1,0.0,,,-1,-1,7,access_0|edge_1|edge_0|cloud_0,access_0-edge_1|edge_0-edge_1|edge_0-cloud_0,59.95038,0.007072,edge_1,edge_0-cloud_0
119,normal,-1,0.0,,,-1,-1,0,access_0|edge_1|edge_0|cloud_0,access_0-edge_1|edge_0-edge_1|edge_0-cloud_0,58.56568,0.00143,cloud_0,edge_0-edge_1
119,normal,-1,0.0,,,-1,-1,1,access_1|edge_2|edge_1|edge_0|cloud_0,access_1-edge_2|edge_1-edge_2|edge_0-edge_1|edge_0-cloud_0,71.25679,0.008604,edge_2,access_1-edge_2
119,normal,-1,0.0,,,-1,-1,2,access_1|edge_2|cloud_0,access_1-edge_2|edge_2-cloud_0,47.11044,0.004308,edge_2,access_1-edge_2
119,normal,-1,0.0,,,-1,-1,3,access_0|edge_1|edge_2|edge_3|edge_4|cloud_0,access_0-edge_1|edge_1-edge_2|edge_2-edge_3|edge_3-edge_4|edge_4-cloud_0,77.13898,0.01112,edge_2,edge_3-edge_4
119,normal,-1,0.0,,,-1,-1,4,access_0|edge_1|edge_0|cloud_0,access_0-edge_1|edge_0-edge_1|edge_0-cloud_0,58.56568,0.00143,cloud_0,edge_0-edge_1
119,normal,-1,0.0,,,-1,-1,5,access_1|edge_2|edge_1|edge_0|cloud_0,access_1-edge_2|edge_1-edge_2|edge_0-edge_1|edge_0-cloud_0,71.25679,0.008604,edge_2,access_1-edge_2
119,normal,-1,0.0,,,-1,-1,6,access_1|edge_3|edge_4|cloud_0,access_1-edge_3|edge_3-edge_4|edge_4-cloud_0,61.10456,0.009067,cloud_0,access_1-edge_3
119,normal,-1,0.0,,,-1,-1,7,access_0|edge_1|edge_2|edge_3|edge_4|cloud_0,access_0-edge_1|edge_1-edge_2|edge_2-edge_3|edge_3-edge_4|edge_4-cloud_0,77.13898,0.01112,edge_2,edge_3-edge_4
