time,scenario,event_id,severity,affected_node,affected_link,affected_node_position,affected_link_position,node_id,node_type,cpu_util,mem_util,queue_len,available_cpu,available_mem,request_load_on_node,node_degree
0,normal,-1,0.0,,,-1,-1,access_0,access,0.25123,0.25516,0.0,0.74877,0.74484,0.3024,2
0,normal,-1,0.0,,,-1,-1,access_1,access,0.22141,0.24327,0.0,0.77859,0.75673,0.3024,2
0,normal,-1,0.0,,,-1,-1,edge_0,edge,0.33748,0.4398,0.0,0.66252,0.5602,0.6805,4
0,normal,-1,0.0,,,-1,-1,edge_1,edge,0.3558,0.44796,0.0,0.6442,0.55204,0.6805,3
0,normal,-1,0.0,,,-1,-1,edge_2,edge,0.41751,0.49191,0.0,0.58249,0.50809,0.6805,4
0,normal,-1,0.0,,,-1,-1,edge_3,edge,0.32849,0.42808,0.0,0.67151,0.57192,0.6805,3
0,normal,-1,0.0,,,-1,-1,edge_4,edge,0.38878,0.47632,0.0,0.61122,0.52368,0.6805,3
0,normal,-1,0.0,,,-1,-1,cloud_0,cloud,0.38739,0.48198,0.0,0.61261,0.51802,0.538,3
1,normal,-1,0.0,,,-1,-1,access_0,access,0.22968,0.25132,0.0,0.77032,0.74868,0.30629,2
1,normal,-1,0.0,,,-1,-1,access_1,access,0.22911,0.26717,0.0,0.77089,0.73283,0.30629,2
1,normal,-1,0.0,,,-1,-1,edge_0,edge,0.34017,0.43423,0.0,0.65983,0.56577,0.69143,4
1,normal,-1,0.0,,,-1,-1,edge_1,edge,0.37616,0.46287,0.0,0.62384,0.53713,0.69143,3
1,normal,-1,0.0,,,-1,-1,edge_2,edge,0.41787,0.48764,0.0,0.58213,0.51236,0.69143,4
1,normal,-1,0.0,,,-1,-1,edge_3,edge,0.36628,0.45787,0.0,0.63372,0.54213,0.69143,3
1,normal,-1,0.0,,,-1,-1,edge_4,edge,0.37866,0.46494,0.0,0.62134,0.53506,0.69143,3
1,normal,-1,0.0,,,-1,-1,cloud_0,cloud,0.38356,0.48447,0.0,0.61644,0.51553,0.54286,3
2,normal,-1,0.0,,,-1,-1,access_0,access,0.23412,0.24549,0.0,0.76588,0.75451,0.30988,2
2,normal,-1,0.0,,,-1,-1,access_1,access,0.21727,0.25309,0.0,0.78273,0.74691,0.30988,2
2,normal,-1,0.0,,,-1,-1,edge_0,edge,0.37731,0.47538,0.0,0.62269,0.52462,0.70154,4
2,normal,-1,0.0,,,-1,-1,edge_1,edge,0.37665,0.46372,0.0,0.62335,0.53628,0.70154,3
2,normal,-1,0.0,,,-1,-1,edge_2,edge,0.43119,0.48657,0.0,0.56881,0.51343,0.70154,4
2,normal,-1,0.0,,,-1,-1,edge_3,edge,0.36707,0.44575,0.0,0.63293,0.55425,0.70154,3
2,normal,-1,0.0,,,-1,-1,edge_4,edge,0.37882,0.45881,0.0,0.62118,0.54119,0.70154,3
2,normal,-1,0.0,,,-1,-1,cloud_0,cloud,0.38402,0.45446,0.0,0.61598,0.54554,0.54735,3
3,normal,-1,0.0,,,-1,-1,access_0,access,0.22272,0.25423,0.0,0.77728,0.74577,0.31292,2
3,normal,-1,0.0,,,-1,-1,access_1,access,0.23793,0.26035,0.0,0.76207,0.73965,0.31292,2
3,normal,-1,0.0,,,-1,-1,edge_0,edge,0.36154,0.46052,0.0,0.63846,0.53948,0.7101,4
3,normal,-1,0.0,,,-1,-1,edge_1,edge,0.38098,0.46315,0.0,0.61902,0.53685,0.7101,3
3,normal,-1,0.0,,,-1,-1,edge_2,edge,0.44155,0.48636,0.0,0.55845,0.51364,0.7101,4
3,normal,-1,0.0,,,-1,-1,edge_3,edge,0.3558,0.4613,0.0,0.6442,0.5387,0.7101,3
3,normal,-1,0.0,,,-1,-1,edge_4,edge,0.35907,0.44496,0.0,0.64093,0.55504,0.7101,3
3,normal,-1,0.0,,,-1,-1,cloud_0,cloud,0.38511,0.47503,0.0,0.61489,0.52497,0.55116,3
4,normal,-1,0.0,,,-1,-1,access_0,access,0.23902,0.24228,0.0,0.76098,0.75772,0.31519,2
4,normal,-1,0.0,,,-1,-1,access_1,access,0.223,0.26634,0.0,0.777,0.73366,0.31519,2
4,normal,-1,0.0,,,-1,-1,edge_0,edge,0.36659,0.44098,0.0,0.63341,0.55902,0.71646,4
4,normal,-1,0.0,,,-1,-1,edge_1,edge,0.41482,0.46816,0.0,0.58518,0.53184,0.71646,3
4,normal,-1,0.0,,,-1,-1,edge_2,edge,0.41897,0.47324,0.0,0.58103,0.52676,0.71646,4
4,normal,-1,0.0,,,-1,-1,edge_3,edge,0.3389,0.42791,0.0,0.6611,0.57209,0.71646,3
4,normal,-1,0.0,,,-1,-1,edge_4,edge,0.41212,0.45198,0.0,0.58788,0.54802,0.71646,3
4,normal,-1,0.0,,,-1,-1,cloud_0,cloud,0.38329,0.4838,0.0,0.61671,0.5162,0.55398,3
5,normal,-1,0.0,,,-1,-1,access_0,access,0.22615,0.2695,0.0,0.77385,0.7305,0.3165,2
5,normal,-1,0.0,,,-1,-1,access_1,access,0.2287,0.26277,0.0,0.7713,0.73723,0.3165,2
5,normal,-1,0.0,,,-1,-1,edge_0,edge,0.34965,0.45397,0.0,0.65035,0.54603,0.72015,4
5,normal,-1,0.0,,,-1,-1,edge_1,edge,0.38444,0.45759,0.0,0.61556,0.54241,0.72015,3
5,normal,-1,0.0,,,-1,-1,edge_2,edge,0.40626,0.45986,0.0,0.59374,0.54014,0.72015,4
5,normal,-1,0.0,,,-1,-1,edge_3,edge,0.35773,0.44267,0.0,0.64227,0.55733,0.72015,3
5,normal,-1,0.0,,,-1,-1,edge_4,edge,0.37257,0.45926,0.0,0.62743,0.54074,0.72015,3
5,normal,-1,0.0,,,-1,-1,cloud_0,cloud,0.40192,0.46497,0.0,0.59808,0.53503,0.55562,3
6,normal,-1,0.0,,,-1,-1,access_0,access,0.21051,0.25593,0.0,0.78949,0.74407,0.31677,2
6,normal,-1,0.0,,,-1,-1,access_1,access,0.21344,0.24993,0.0,0.78656,0.75007,0.31677,2
6,normal,-1,0.0,,,-1,-1,edge_0,edge,0.32599,0.42402,0.0,0.67401,0.57598,0.72091,4
6,normal,-1,0.0,,,-1,-1,edge_1,edge,0.3841,0.4387,0.0,0.6159,0.5613,0.72091,3
6,normal,-1,0.0,,,-1,-1,edge_2,edge,0.41995,0.47384,0.0,0.58005,0.52616,0.72091,4
6,normal,-1,0.0,,,-1,-1,edge_3,edge,0.36116,0.46569,0.0,0.63884,0.53431,0.72091,3
6,normal,-1,0.0,,,-1,-1,edge_4,edge,0.39493,0.47532,0.0,0.60507,0.52468,0.72091,3
6,normal,-1,0.0,,,-1,-1,cloud_0,cloud,0.40233,0.49568,0.0,0.59767,0.50432,0.55596,3
7,normal,-1,0.0,,,-1,-1,access_0,access,0.2428,0.25955,0.0,0.7572,0.74045,0.31597,2
7,normal,-1,0.0,,,-1,-1,access_1,access,0.22897,0.27356,0.0,0.77103,0.72644,0.31597,2
7,normal,-1,0.0,,,-1,-1,edge_0,edge,0.34651,0.45735,0.0,0.65349,0.54265,0.71866,4
7,normal,-1,0.0,,,-1,-1,edge_1,edge,0.38938,0.45492,0.0,0.61062,0.54508,0.71866,3
7,normal,-1,0.0,,,-1,-1,edge_2,edge,0.41082,0.48311,0.0,0.58918,0.51689,0.71866,4
7,normal,-1,0.0,,,-1,-1,edge_3,edge,0.3608,0.44296,0.0,0.6392,0.55704,0.71866,3
7,normal,-1,0.0,,,-1,-1,edge_4,edge,0.42243,0.4623,0.0,0.57757,0.5377,0.71866,3
7,normal,-1,0.0,,,-1,-1,cloud_0,cloud,0.41213,0.48621,0.0,0.58787,0.51379,0.55496,3
8,normal,-1,0.0,,,-1,-1,access_0,access,0.21908,0.2542,0.0,0.78092,0.7458,0.31416,2
8,normal,-1,0.0,,,-1,-1,access_1,access,0.23328,0.25087,0.0,0.76672,0.74913,0.31416,2
8,normal,-1,0.0,,,-1,-1,edge_0,edge,0.36111,0.45602,0.0,0.63889,0.54398,0.71359,4
8,normal,-1,0.0,,,-1,-1,edge_1,edge,0.37174,0.44748,0.0,0.62826,0.55252,0.71359,3
8,normal,-1,0.0,,,-1,-1,edge_2,edge,0.41508,0.4795,0.0,0.58492,0.5205,0.71359,4
8,normal,-1,0.0,,,-1,-1,edge_3,edge,0.34127,0.45263,0.0,0.65873,0.54737,0.71359,3
8,normal,-1,0.0,,,-1,-1,edge_4,edge,0.40003,0.47441,0.0,0.59997,0.52559,0.71359,3
8,normal,-1,0.0,,,-1,-1,cloud_0,cloud,0.40116,0.45086,0.0,0.59884,0.54914,0.55271,3
9,normal,-1,0.0,,,-1,-1,access_0,access,0.21082,0.27472,0.0,0.78918,0.72528,0.31149,2
9,normal,-1,0.0,,,-1,-1,access_1,access,0.23747,0.26776,0.0,0.76253,0.73224,0.31149,2
9,normal,-1,0.0,,,-1,-1,edge_0,edge,0.3546,0.46414,0.0,0.6454,0.53586,0.70606,4
9,normal,-1,0.0,,,-1,-1,edge_1,edge,0.36656,0.47493,0.0,0.63344,0.52507,0.70606,3
9,normal,-1,0.0,,,-1,-1,edge_2,edge,0.41829,0.49476,0.0,0.58171,0.50524,0.70606,4
9,normal,-1,0.0,,,-1,-1,edge_3,edge,0.34989,0.44486,0.0,0.65011,0.55514,0.70606,3
9,normal,-1,0.0,,,-1,-1,edge_4,edge,0.39597,0.45701,0.0,0.60403,0.54299,0.70606,3
9,normal,-1,0.0,,,-1,-1,cloud_0,cloud,0.40608,0.46563,0.0,0.59392,0.53437,0.54936,3
10,normal,-1,0.0,,,-1,-1,access_0,access,0.22766,0.26353,0.0,0.77234,0.73647,0.30814,2
10,normal,-1,0.0,,,-1,-1,access_1,access,0.23454,0.25177,0.0,0.76546,0.74823,0.30814,2
10,normal,-1,0.0,,,-1,-1,edge_0,edge,0.38273,0.46453,0.0,0.61727,0.53547,0.69664,4
10,normal,-1,0.0,,,-1,-1,edge_1,edge,0.3922,0.47231,0.0,0.6078,0.52769,0.69664,3
10,normal,-1,0.0,,,-1,-1,edge_2,edge,0.40026,0.46053,0.0,0.59974,0.53947,0.69664,4
10,normal,-1,0.0,,,-1,-1,edge_3,edge,0.3657,0.4337,0.0,0.6343,0.5663,0.69664,3
10,normal,-1,0.0,,,-1,-1,edge_4,edge,0.36267,0.46378,0.0,0.63733,0.53622,0.69664,3
10,normal,-1,0.0,,,-1,-1,cloud_0,cloud,0.37945,0.46786,0.0,0.62055,0.53214,0.54517,3
11,normal,-1,0.0,,,-1,-1,access_0,access,0.23598,0.23768,0.0,0.76402,0.76232,0.30436,2
11,normal,-1,0.0,,,-1,-1,access_1,access,0.22636,0.24669,0.0,0.77364,0.75331,0.30436,2
11,normal,-1,0.0,,,-1,-1,edge_0,edge,0.37018,0.45726,0.0,0.62982,0.54274,0.68601,4
11,normal,-1,0.0,,,-1,-1,edge_1,edge,0.39048,0.47358,0.0,0.60952,0.52642,0.68601,3
11,normal,-1,0.0,,,-1,-1,edge_2,edge,0.44025,0.50871,0.0,0.55975,0.49129,0.68601,4
11,normal,-1,0.0,,,-1,-1,edge_3,edge,0.35902,0.45887,0.0,0.64098,0.54113,0.68601,3
11,mixed,202,0.48243,edge_4,edge_4-edge_0,2,1,edge_4,edge,0.53942,0.52655,14.02964,0.46058,0.47345,1.0133,3
11,normal,-1,0.0,,,-1,-1,cloud_0,cloud,0.38435,0.49123,0.0,0.61565,0.50877,0.54045,3
12,normal,-1,0.0,,,-1,-1,access_0,access,0.21105,0.26191,0.0,0.78895,0.73809,0.30044,2
12,normal,-1,0.0,,,-1,-1,access_1,access,0.22715,0.2752,0.0,0.77285,0.7248,0.30044,2
12,normal,-1,0.0,,,-1,-1,edge_0,edge,0.3507,0.45466,0.0,0.6493,0.54534,0.67499,4
12,normal,-1,0.0,,,-1,-1,edge_1,edge,0.39254,0.47579,0.0,0.60746,0.52421,0.67499,3
12,normal,-1,0.0,,,-1,-1,edge_2,edge,0.42319,0.47851,0.0,0.57681,0.52149,0.67499,4
12,normal,-1,0.0,,,-1,-1,edge_3,edge,0.34894,0.45871,0.0,0.65106,0.54129,0.67499,3
12,mixed,202,0.48243,edge_4,edge_4-edge_0,2,1,edge_4,edge,0.58531,0.56667,17.41571,0.41469,0.43333,1.09923,3
12,normal,-1,0.0,,,-1,-1,cloud_0,cloud,0.37929,0.45598,0.0,0.62071,0.54402,0.53555,3
13,normal,-1,0.0,,,-1,-1,access_0,access,0.21504,0.25081,0.0,0.78496,0.74919,0.29666,2
13,normal,-1,0.0,,,-1,-1,access_1,access,0.22578,0.25493,0.0,0.77422,0.74507,0.29666,2
13,normal,-1,0.0,,,-1,-1,edge_0,edge,0.35115,0.45014,0.0,0.64885,0.54986,0.66436,4
13,normal,-1,0.0,,,-1,-1,edge_1,edge,0.38762,0.47534,0.0,0.61238,0.52466,0.66436,3
13,normal,-1,0.0,,,-1,-1,edge_2,edge,0.41265,0.48456,0.0,0.58735,0.51544,0.66436,4
13,normal,-1,0.0,,,-1,-1,edge_3,edge,0.3412,0.44757,0.0,0.6588,0.55243,0.66436,3
13,mixed,202,0.48243,edge_4,edge_4-edge_0,2,1,edge_4,edge,0.62642,0.58661,20.12376,0.37358,0.41339,1.19769,3
13,normal,-1,0.0,,,-1,-1,cloud_0,cloud,0.39478,0.46968,0.0,0.60522,0.53032,0.53083,3
14,normal,-1,0.0,,,-1,-1,access_0,access,0.21174,0.2447,0.0,0.78826,0.7553,0.29331,2
14,normal,-1,0.0,,,-1,-1,access_1,access,0.23178,0.2434,0.0,0.76822,0.7566,0.29331,2
14,normal,-1,0.0,,,-1,-1,edge_0,edge,0.33879,0.45217,0.0,0.66121,0.54783,0.65494,4
14,normal,-1,0.0,,,-1,-1,edge_1,edge,0.36718,0.4585,0.0,0.63282,0.5415,0.65494,3
14,normal,-1,0.0,,,-1,-1,edge_2,edge,0.43175,0.47939,0.0,0.56825,0.52061,0.65494,4
14,normal,-1,0.0,,,-1,-1,edge_3,edge,0.33876,0.46088,0.0,0.66124,0.53912,0.65494,3
14,mixed,202,0.48243,edge_4,edge_4-edge_0,2,1,edge_4,edge,0.67678,0.61713,23.4432,0.32322,0.38287,1.29472,3
14,normal,-1,0.0,,,-1,-1,cloud_0,cloud,0.39273,0.44974,0.0,0.60727,0.55026,0.52664,3
15,normal,-1,0.0,,,-1,-1,access_0,access,0.2152,0.23354,0.0,0.7848,0.76646,0.29064,2
15,normal,-1,0.0,,,-1,-1,access_1,access,0.22516,0.24878,0.0,0.77484,0.75122,0.29064,2
15,normal,-1,0.0,,,-1,-1,edge_0,edge,0.35587,0.46334,0.0,0.64413,0.53666,0.64741,4
15,normal,-1,0.0,,,-1,-1,edge_1,edge,0.35111,0.42497,0.0,0.64889,0.57503,0.64741,3
15,normal,-1,0.0,,,-1,-1,edge_2,edge,0.41164,0.49652,0.0,0.58836,0.50348,0.64741,4
15,normal,-1,0.0,,,-1,-1,edge_3,edge,0.33831,0.45048,0.0,0.66169,0.54952,0.64741,3
15,mixed,202,0.48243,edge_4,edge_4-edge_0,2,1,edge_4,edge,0.67895,0.62844,23.97273,0.32105,0.37156,1.37126,3
15,normal,-1,0.0,,,-1,-1,cloud_0,cloud,0.37886,0.45255,0.0,0.62114,0.54745,0.52329,3
16,normal,-1,0.0,,,-1,-1,access_0,access,0.20207,0.23686,0.0,0.79793,0.76314,0.28883,2
16,normal,-1,0.0,,,-1,-1,access_1,access,0.22281,0.24803,0.0,0.77719,0.75197,0.28883,2
16,normal,-1,0.0,,,-1,-1,edge_0,edge,0.32743,0.43826,0.0,0.67257,0.56174,0.64234,4
16,mixed,162,0.43558,edge_1,edge_1-edge_2,2,1,edge_1,edge,0.54673,0.5263,14.53858,0.45327,0.4737,1.00486,3
16,normal,-1,0.0,,,-1,-1,edge_2,edge,0.41985,0.49342,0.0,0.58015,0.50658,0.64234,4
16,normal,-1,0.0,,,-1,-1,edge_3,edge,0.35867,0.46427,0.0,0.64133,0.53573,0.64234,3
16,mixed,202,0.48243,edge_4,edge_4-edge_0,2,1,edge_4,edge,0.70867,0.65989,25.99086,0.29133,0.34011,1.4089,3
16,normal,-1,0.0,,,-1,-1,cloud_0,cloud,0.36784,0.46108,0.0,0.63216,0.53892,0.52104,3
17,normal,-1,0.0,,,-1,-1,access_0,access,0.20923,0.23635,0.0,0.79077,0.76365,0.28803,2
17,normal,-1,0.0,,,-1,-1,access_1,access,0.21131,0.25544,0.0,0.78869,0.74456,0.28803,2
17,normal,-1,0.0,,,-1,-1,edge_0,edge,0.3357,0.43384,0.0,0.6643,0.56616,0.64009,4
17,mixed,162,0.43558,edge_1,edge_1-edge_2,2,1,edge_1,edge,0.59912,0.56325,18.22398,0.40088,0.43675,1.0856,3
17,normal,-1,0.0,,,-1,-1,edge_2,edge,0.40395,0.47583,0.0,0.59605,0.52417,0.64009,4
17,normal,-1,0.0,,,-1,-1,edge_3,edge,0.35868,0.45138,0.0,0.64132,0.54862,0.64009,3
17,mixed,202,0.48243,edge_4,edge_4-edge_0,2,1,edge_4,edge,0.69915,0.62638,26.03342,0.30085,0.37362,1.39705,3
17,normal,-1,0.0,,,-1,-1,cloud_0,cloud,0.3942,0.45552,0.0,0.6058,0.54448,0.52004,3
18,normal,-1,0.0,,,-1,-1,access_0,access,0.2235,0.22433,0.0,0.7765,0.77567,0.2883,2
18,normal,-1,0.0,,,-1,-1,access_1,access,0.21811,0.25155,0.0,0.78189,0.74845,0.2883,2
18,normal,-1,0.0,,,-1,-1,edge_0,edge,0.32982,0.47195,0.0,0.67018,0.52805,0.64085,4
18,mixed,162,0.43558,edge_1,edge_1-edge_2,2,1,edge_1,edge,0.61432,0.59534,18.24348,0.38568,0.40466,1.17808,3
18,normal,-1,0.0,,,-1,-1,edge_2,edge,0.39205,0.45628,0.0,0.60795,0.54372,0.64085,4
18,normal,-1,0.0,,,-1,-1,edge_3,edge,0.34889,0.46217,0.0,0.65111,0.53783,0.64085,3
18,mixed,202,0.48243,edge_4,edge_4-edge_0,2,1,edge_4,edge,0.65018,0.57663,23.06356,0.34982,0.42337,1.33769,3
18,normal,-1,0.0,,,-1,-1,cloud_0,cloud,0.37383,0.45251,0.0,0.62617,0.54749,0.52038,3
19,normal,-1,0.0,,,-1,-1,access_0,access,0.22338,0.24166,0.0,0.77662,0.75834,0.28961,2
19,normal,-1,0.0,,,-1,-1,access_1,access,0.21903,0.26484,0.0,0.78097,0.73516,0.28961,2
19,link_congestion,143,0.44222,edge_0,edge_0-edge_1,3,2,edge_0,edge,0.42013,0.50854,0.19141,0.57987,0.49146,0.85685,4
19,mixed,162,0.43558,edge_1,edge_1-edge_2,2,1,edge_1,edge,0.62345,0.58579,20.74049,0.37655,0.41421,1.27099,3
19,normal,-1,0.0,,,-1,-1,edge_2,edge,0.41713,0.47319,0.0,0.58287,0.52681,0.64454,4
19,normal,-1,0.0,,,-1,-1,edge_3,edge,0.34456,0.44138,0.0,0.65544,0.55862,0.64454,3
19,mixed,202,0.48243,edge_4,edge_4-edge_0,2,1,edge_4,edge,0.63921,0.57889,22.51752,0.36079,0.42111,1.30688,3
19,normal,-1,0.0,,,-1,-1,cloud_0,cloud,0.38367,0.45871,0.0,0.61633,0.54129,0.52202,3
20,normal,-1,0.0,,,-1,-1,access_0,access,0.23708,0.24432,0.0,0.76292,0.75568,0.29188,2
20,normal,-1,0.0,,,-1,-1,access_1,access,0.20413,0.24819,0.0,0.79587,0.75181,0.29188,2
20,link_congestion,143,0.44222,edge_0,edge_0-edge_1,3,2,edge_0,edge,0.47447,0.54356,3.31633,0.52553,0.45644,0.89301,4
20,mixed,162,0.43558,edge_1,edge_1-edge_2,2,1,edge_1,edge,0.64945,0.60293,20.6975,0.35055,0.39707,1.3486,3
20,normal,-1,0.0,,,-1,-1,edge_2,edge,0.40747,0.48583,0.0,0.59253,0.51417,0.6509,4
20,normal,-1,0.0,,,-1,-1,edge_3,edge,0.37991,0.47431,0.0,0.62009,0.52569,0.6509,3
20,mixed,202,0.48243,edge_4,edge_4-edge_0,2,1,edge_4,edge,0.69131,0.61472,26.3462,0.30869,0.38528,1.33458,3
20,normal,-1,0.0,,,-1,-1,cloud_0,cloud,0.36147,0.46679,0.0,0.63853,0.53321,0.52484,3
21,normal,-1,0.0,,,-1,-1,access_0,access,0.23897,0.24876,0.0,0.76103,0.75124,0.29492,2
21,normal,-1,0.0,,,-1,-1,access_1,access,0.22699,0.25417,0.0,0.77301,0.74583,0.29492,2
21,link_congestion,143,0.44222,edge_0,edge_0-edge_1,3,2,edge_0,edge,0.46358,0.51608,3.85051,0.53642,0.48392,0.91225,4
21,mixed,162,0.43558,edge_1,edge_1-edge_2,2,1,edge_1,edge,0.64919,0.58191,21.45673,0.35081,0.41809,1.39473,3
21,normal,-1,0.0,,,-1,-1,edge_2,edge,0.39423,0.46167,0.0,0.60577,0.53833,0.65946,4
21,normal,-1,0.0,,,-1,-1,edge_3,edge,0.33954,0.45702,0.0,0.66046,0.54298,0.65946,3
21,mixed,202,0.48243,edge_4,edge_4-edge_0,2,1,edge_4,edge,0.66713,0.59185,22.52586,0.33287,0.40815,1.32909,3
21,normal,-1,0.0,,,-1,-1,cloud_0,cloud,0.38932,0.42521,0.0,0.61068,0.57479,0.52865,3
22,normal,-1,0.0,,,-1,-1,access_0,access,0.21529,0.26695,0.0,0.78471,0.73305,0.29851,2
22,normal,-1,0.0,,,-1,-1,access_1,access,0.22986,0.2476,0.0,0.77014,0.7524,0.29851,2
22,link_congestion,143,0.44222,edge_0,edge_0-edge_1,3,2,edge_0,edge,0.47296,0.53615,5.06385,0.52704,0.46385,0.90556,4
22,mixed,162,0.43558,edge_1,edge_1-edge_2,2,1,edge_1,edge,0.68738,0.61218,22.75959,0.31262,0.38782,1.39823,3
22,normal,-1,0.0,,,-1,-1,edge_2,edge,0.42356,0.47687,0.0,0.57644,0.52313,0.66957,4
22,normal,-1,0.0,,,-1,-1,edge_3,edge,0.35882,0.43274,0.0,0.64118,0.56726,0.66957,3
22,mixed,202,0.48243,edge_4,edge_4-edge_0,2,1,edge_4,edge,0.66809,0.58202,23.79844,0.33191,0.41798,1.2896,3
22,normal,-1,0.0,,,-1,-1,cloud_0,cloud,0.38169,0.46906,0.0,0.61831,0.53094,0.53314,3
23,normal,-1,0.0,,,-1,-1,access_0,access,0.23615,0.25115,0.0,0.76385,0.74885,0.3024,2
23,normal,-1,0.0,,,-1,-1,access_1,access,0.21909,0.24639,0.0,0.78091,0.75361,0.3024,2
23,link_congestion,143,0.44222,edge_0,edge_0-edge_1,3,2,edge_0,edge,0.4387,0.53082,1.81862,0.5613,0.46918,0.87609,4
23,mixed,162,0.43558,edge_1,edge_1-edge_2,2,1,edge_1,edge,0.64974,0.5543,21.62975,0.35026,0.4457,1.35731,3
23,normal,-1,0.0,,,-1,-1,edge_2,edge,0.39676,0.47545,0.0,0.60324,0.52455,0.6805,4
23,normal,-1,0.0,,,-1,-1,edge_3,edge,0.35511,0.48063,0.0,0.64489,0.51937,0.6805,3
23,mixed,202,0.48243,edge_4,edge_4-edge_0,2,1,edge_4,edge,0.6449,0.60138,23.08879,0.3551,0.39862,1.22412,3
23,normal,-1,0.0,,,-1,-1,cloud_0,cloud,0.39473,0.45827,0.0,0.60527,0.54173,0.538,3
24,normal,-1,0.0,,,-1,-1,access_0,access,0.20968,0.24178,0.0,0.79032,0.75822,0.3024,2
24,normal,-1,0.0,,,-1,-1,access_1,access,0.22623,0.26403,0.0,0.77377,0.73597,0.3024,2
24,link_congestion,143,0.44222,edge_0,edge_0-edge_1,3,2,edge_0,edge,0.42094,0.50505,1.31034,0.57906,0.49495,0.83761,4
24,mixed,162,0.43558,edge_1,edge_1-edge_2,2,1,edge_1,edge,0.61127,0.53501,18.42854,0.38873,0.46499,1.28058,3
24,normal,-1,0.0,,,-1,-1,edge_2,edge,0.40775,0.48963,0.0,0.59225,0.51037,0.6805,4
24,normal,-1,0.0,,,-1,-1,edge_3,edge,0.33472,0.43733,0.0,0.66528,0.56267,0.6805,3
24,mixed,202,0.48243,edge_4,edge_4-edge_0,2,1,edge_4,edge,0.63112,0.59178,22.57956,0.36888,0.40822,1.25484,3
24,normal,-1,0.0,,,-1,-1,cloud_0,cloud,0.38432,0.4818,0.0,0.61568,0.5182,0.538,3
25,normal,-1,0.0,,,-1,-1,access_0,access,0.23542,0.25023,0.0,0.76458,0.74977,0.30629,2
25,normal,-1,0.0,,,-1,-1,access_1,access,0.23117,0.25329,0.0,0.76883,0.74671,0.30629,2
25,link_congestion,143,0.44222,edge_0,edge_0-edge_1,3,2,edge_0,edge,0.44349,0.50189,3.93932,0.55651,0.49811,0.80814,4
25,mixed,162,0.43558,edge_1,edge_1-edge_2,2,1,edge_1,edge,0.61087,0.59441,18.65662,0.38913,0.40559,1.31606,3
25,normal,-1,0.0,,,-1,-1,edge_2,edge,0.40584,0.47329,0.0,0.59416,0.52671,0.69143,4
25,normal,-1,0.0,,,-1,-1,edge_3,edge,0.34519,0.44058,0.0,0.65481,0.55942,0.69143,3
25,mixed,202,0.48243,edge_4,edge_4-edge_0,2,1,edge_4,edge,0.70395,0.57457,25.61951,0.29605,0.42543,1.3063,3
25,normal,-1,0.0,,,-1,-1,cloud_0,cloud,0.38498,0.46766,0.0,0.61502,0.53234,0.54286,3
26,normal,-1,0.0,,,-1,-1,access_0,access,0.21309,0.25714,0.0,0.78691,0.74286,0.30988,2
26,normal,-1,0.0,,,-1,-1,access_1,access,0.22288,0.25808,0.0,0.77712,0.74192,0.30988,2
26,link_congestion,143,0.44222,edge_0,edge_0-edge_1,3,2,edge_0,edge,0.48218,0.52201,6.31556,0.51782,0.47799,0.80145,4
26,mixed,162,0.43558,edge_1,edge_1-edge_2,2,1,edge_1,edge,0.62776,0.57135,20.98261,0.37224,0.42865,1.32807,3
26,normal,-1,0.0,,,-1,-1,edge_2,edge,0.43229,0.50066,0.0,0.56771,0.49934,0.70154,4
26,normal,-1,0.0,,,-1,-1,edge_3,edge,0.34946,0.4522,0.0,0.65054,0.5478,0.70154,3
26,mixed,202,0.48243,edge_4,edge_4-edge_0,2,1,edge_4,edge,0.63439,0.59811,21.93581,0.36561,0.40189,1.30533,3
26,normal,-1,0.0,,,-1,-1,cloud_0,cloud,0.38488,0.46688,0.0,0.61512,0.53312,0.54735,3
27,normal,-1,0.0,,,-1,-1,access_0,access,0.22296,0.26213,0.0,0.77704,0.73787,0.31292,2
27,normal,-1,0.0,,,-1,-1,access_1,access,0.24174,0.24846,0.0,0.75826,0.75154,0.31292,2
27,link_congestion,143,0.44222,edge_0,edge_0-edge_1,3,2,edge_0,edge,0.40581,0.46617,0.02839,0.59419,0.53383,0.82069,4
27,mixed,162,0.43558,edge_1,edge_1-edge_2,2,1,edge_1,edge,0.6216,0.59295,19.87821,0.3784,0.40705,1.30909,3
27,normal,-1,0.0,,,-1,-1,edge_2,edge,0.39178,0.47347,0.0,0.60822,0.52653,0.7101,4
27,normal,-1,0.0,,,-1,-1,edge_3,edge,0.35059,0.44425,0.0,0.64941,0.55575,0.7101,3
27,mixed,202,0.48243,edge_4,edge_4-edge_0,2,1,edge_4,edge,0.6348,0.58031,20.65942,0.3652,0.41969,1.25546,3
27,normal,-1,0.0,,,-1,-1,cloud_0,cloud,0.40558,0.47632,0.0,0.59442,0.52368,0.55116,3
28,normal,-1,0.0,,,-1,-1,access_0,access,0.23052,0.26427,0.0,0.76948,0.73573,0.31519,2
28,normal,-1,0.0,,,-1,-1,access_1,access,0.21865,0.25276,0.0,0.78135,0.74724,0.31519,2
28,link_congestion,143,0.44222,edge_0,edge_0-edge_1,3,2,edge_0,edge,0.43292,0.4777,2.95202,0.56708,0.5223,0.85685,4
28,mixed,162,0.43558,edge_1,edge_1-edge_2,2,1,edge_1,edge,0.59681,0.54402,18.9406,0.40319,0.45598,1.26161,3
28,normal,-1,0.0,,,-1,-1,edge_2,edge,0.40372,0.48889,0.0,0.59628,0.51111,0.71646,4
28,normal,-1,0.0,,,-1,-1,edge_3,edge,0.37431,0.46818,0.0,0.62569,0.53182,0.71646,3
28,mixed,202,0.48243,edge_4,edge_4-edge_0,2,1,edge_4,edge,0.61274,0.57488,20.10287,0.38726,0.42512,1.17877,3
28,normal,-1,0.0,,,-1,-1,cloud_0,cloud,0.37701,0.46652,0.0,0.62299,0.53348,0.55398,3
29,normal,-1,0.0,,,-1,-1,access_0,access,0.22519,0.25488,0.0,0.77481,0.74512,0.3165,2
29,normal,-1,0.0,,,-1,-1,access_1,access,0.22483,0.27965,0.0,0.77517,0.72035,0.3165,2
29,node_overload,66,0.36237,edge_0,access_0-edge_0,1,0,edge_0,edge,0.54482,0.52869,21.90045,0.45518,0.47131,0.89777,4
29,mixed,162,0.43558,edge_1,edge_1-edge_2,2,1,edge_1,edge,0.63276,0.58732,19.95292,0.36724,0.41268,1.19473,3
29,normal,-1,0.0,,,-1,-1,edge_2,edge,0.43551,0.50694,0.0,0.56449,0.49306,0.72015,4
29,normal,-1,0.0,,,-1,-1,edge_3,edge,0.37563,0.45369,0.0,0.62437,0.54631,0.72015,3
29,burst,11,0.37683,edge_4,edge_3-edge_4,4,3,edge_4,edge,0.49018,0.49906,3.28648,0.50982,0.50094,0.91012,3
29,normal,-1,0.0,,,-1,-1,cloud_0,cloud,0.40998,0.47851,0.0,0.59002,0.52149,0.55562,3
30,normal,-1,0.0,,,-1,-1,access_0,access,0.22359,0.23811,0.0,0.77641,0.76189,0.31677,2
30,normal,-1,0.0,,,-1,-1,access_1,access,0.21914,0.26299,0.0,0.78086,0.73701,0.31677,2
30,node_overload,66,0.36237,edge_0,access_0-edge_0,1,0,edge_0,edge,0.53693,0.53038,22.59725,0.46307,0.46962,0.89029,4
30,mixed,162,0.43558,edge_1,edge_1-edge_2,2,1,edge_1,edge,0.61047,0.57096,19.00359,0.38953,0.42904,1.26173,3
30,normal,-1,0.0,,,-1,-1,edge_2,edge,0.44255,0.50068,0.0,0.55745,0.49932,0.72091,4
30,normal,-1,0.0,,,-1,-1,edge_3,edge,0.32357,0.41929,0.0,0.67643,0.58071,0.72091,3
30,burst,11,0.37683,edge_4,edge_3-edge_4,4,3,edge_4,edge,0.48294,0.50406,4.011,0.51706,0.49594,1.01771,3
30,normal,-1,0.0,,,-1,-1,cloud_0,cloud,0.39729,0.48101,0.0,0.60271,0.51899,0.55596,3
31,normal,-1,0.0,,,-1,-1,access_0,access,0.22334,0.26546,0.0,0.77666,0.73454,0.31597,2
31,normal,-1,0.0,,,-1,-1,access_1,access,0.22111,0.25565,0.0,0.77889,0.74435,0.31597,2
31,node_overload,66,0.36237,edge_0,access_0-edge_0,1,0,edge_0,edge,0.49562,0.51175,20.67122,0.50438,0.48825,0.85727,4
31,mixed,162,0.43558,edge_1,edge_1-edge_2,2,1,edge_1,edge,0.62901,0.57566,20.19306,0.37099,0.42434,1.30154,3
31,normal,-1,0.0,,,-1,-1,edge_2,edge,0.42266,0.50126,0.0,0.57734,0.49874,0.71866,4
31,normal,-1,0.0,,,-1,-1,edge_3,edge,0.36272,0.44329,0.0,0.63728,0.55671,0.71866,3
31,burst,11,0.37683,edge_4,edge_3-edge_4,4,3,edge_4,edge,0.5093,0.52248,3.56704,0.4907,0.47752,1.18084,3
31,normal,-1,0.0,,,-1,-1,cloud_0,cloud,0.38775,0.47404,0.0,0.61225,0.52596,0.55496,3
32,normal,-1,0.0,,,-1,-1,access_0,access,0.23564,0.24886,0.0,0.76436,0.75114,0.31416,2
32,normal,-1,0.0,,,-1,-1,access_1,access,0.21662,0.24831,0.0,0.78338,0.75169,0.31416,2
32,node_overload,66,0.36237,edge_0,access_0-edge_0,1,0,edge_0,edge,0.48332,0.54057,19.3924,0.51668,0.45943,0.81418,4
32,mixed,162,0.43558,edge_1,edge_1-edge_2,2,1,edge_1,edge,0.62097,0.58631,18.57924,0.37903,0.41369,1.29349,3
32,burst,4,0.33918,edge_2,access_1-edge_2,1,0,edge_2,edge,0.48358,0.50437,4.60908,0.51642,0.49563,0.84357,4
32,normal,-1,0.0,,,-1,-1,edge_3,edge,0.36888,0.45412,0.0,0.63112,0.54588,0.71359,3
32,burst,11,0.37683,edge_4,edge_3-edge_4,4,3,edge_4,edge,0.60064,0.5757,10.46158,0.39936,0.4243,1.34442,3
32,normal,-1,0.0,,,-1,-1,cloud_0,cloud,0.40306,0.482,0.0,0.59694,0.518,0.55271,3
33,normal,-1,0.0,,,-1,-1,access_0,access,0.22699,0.25977,0.0,0.77301,0.74023,0.31149,2
33,normal,-1,0.0,,,-1,-1,access_1,access,0.23146,0.26798,0.0,0.76854,0.73202,0.31149,2
33,node_overload,66,0.36237,edge_0,access_0-edge_0,1,0,edge_0,edge,0.52523,0.55017,22.11556,0.47477,0.44983,0.78117,4
33,mixed,162,0.43558,edge_1,edge_1-edge_2,2,1,edge_1,edge,0.6244,0.57735,18.73907,0.3756,0.42265,1.24321,3
33,burst,4,0.33918,edge_2,access_1-edge_2,1,0,edge_2,edge,0.48737,0.52835,2.49879,0.51263,0.47165,0.94227,4
33,normal,-1,0.0,,,-1,-1,edge_3,edge,0.35331,0.45018,0.0,0.64669,0.54982,0.70606,3
33,burst,11,0.37683,edge_4,edge_3-edge_4,4,3,edge_4,edge,0.59366,0.57775,10.25766,0.40634,0.42225,1.40083,3
33,normal,-1,0.0,,,-1,-1,cloud_0,cloud,0.39236,0.46917,0.0,0.60764,0.53083,0.54936,3
34,normal,-1,0.0,,,-1,-1,access_0,access,0.20996,0.23593,0.0,0.79004,0.76407,0.30814,2
34,normal,-1,0.0,,,-1,-1,access_1,access,0.21883,0.26253,0.0,0.78117,0.73747,0.30814,2
34,node_overload,66,0.36237,edge_0,access_0-edge_0,1,0,edge_0,edge,0.49435,0.47963,19.5717,0.50565,0.52037,0.77368,4
34,mixed,162,0.43558,edge_1,edge_1-edge_2,2,1,edge_1,edge,0.61289,0.57664,18.05281,0.38711,0.42336,1.17034,3
34,burst,4,0.33918,edge_2,access_1-edge_2,1,0,edge_2,edge,0.54891,0.52645,8.26764,0.45109,0.47355,1.14857,4
34,normal,-1,0.0,,,-1,-1,edge_3,edge,0.32599,0.44815,0.0,0.67401,0.55185,0.69664,3
34,burst,11,0.37683,edge_4,edge_3-edge_4,4,3,edge_4,edge,0.55277,0.53004,9.00566,0.44723,0.46996,1.29681,3
34,normal,-1,0.0,,,-1,-1,cloud_0,cloud,0.39962,0.46068,0.0,0.60038,0.53932,0.54517,3
35,normal,-1,0.0,,,-1,-1,access_0,access,0.21897,0.25694,0.0,0.78103,0.74306,0.30436,2
35,normal,-1,0.0,,,-1,-1,access_1,access,0.21256,0.24878,0.0,0.78744,0.75122,0.30436,2
35,node_overload,66,0.36237,edge_0,access_0-edge_0,1,0,edge_0,edge,0.48535,0.46411,20.14095,0.51465,0.53589,0.79523,4
35,burst,8,0.43384,edge_1,access_0-edge_1,1,0,edge_1,edge,0.58937,0.5708,11.12623,0.41063,0.4292,1.35106,3
35,burst,4,0.33918,edge_2,access_1-edge_2,1,0,edge_2,edge,0.59244,0.55984,9.48116,0.40756,0.44016,1.36916,4
35,normal,-1,0.0,,,-1,-1,edge_3,edge,0.3608,0.46854,0.0,0.6392,0.53146,0.68601,3
35,burst,11,0.37683,edge_4,edge_3-edge_4,4,3,edge_4,edge,0.53444,0.51025,8.10244,0.46556,0.48975,1.1038,3
35,normal,-1,0.0,,,-1,-1,cloud_0,cloud,0.38387,0.48272,0.0,0.61613,0.51728,0.54045,3
36,normal,-1,0.0,,,-1,-1,access_0,access,0.21097,0.25949,0.0,0.78903,0.74051,0.30044,2
36,normal,-1,0.0,,,-1,-1,access_1,access,0.21479,0.24628,0.0,0.78521,0.75372,0.30044,2
36,node_overload,66,0.36237,edge_0,access_0-edge_0,1,0,edge_0,edge,0.42286,0.49239,13.18152,0.57714,0.50761,0.83573,4
36,burst,8,0.43384,edge_1,access_0-edge_1,1,0,edge_1,edge,0.47541,0.50507,5.52034,0.52459,0.49493,1.08664,3
36,burst,4,0.33918,edge_2,access_1-edge_2,1,0,edge_2,edge,0.6338,0.58612,10.98252,0.3662,0.41388,1.33402,4
36,normal,-1,0.0,,,-1,-1,edge_3,edge,0.3354,0.44011,0.0,0.6646,0.55989,0.67499,3
36,burst,11,0.37683,edge_4,edge_3-edge_4,4,3,edge_4,edge,0.50825,0.53317,4.1752,0.49175,0.46683,0.94067,3
36,normal,-1,0.0,,,-1,-1,cloud_0,cloud,0.38325,0.48097,0.0,0.61675,0.51903,0.53555,3
37,normal,-1,0.0,,,-1,-1,access_0,access,0.20602,0.25169,0.0,0.79398,0.74831,0.29666,2
37,normal,-1,0.0,,,-1,-1,access_1,access,0.22448,0.24902,0.0,0.77552,0.75098,0.29666,2
37,node_overload,74,0.35942,edge_0,access_0-edge_0,1,0,edge_0,edge,0.55111,0.54593,23.19497,0.44889,0.45407,0.8352,4
37,burst,8,0.43384,edge_1,access_0-edge_1,1,0,edge_1,edge,0.47087,0.50528,4.18172,0.52913,0.49472,0.89598,3
37,burst,4,0.33918,edge_2,access_1-edge_2,1,0,edge_2,edge,0.55346,0.54314,7.97461,0.44654,0.45686,1.06961,4
37,normal,-1,0.0,,,-1,-1,edge_3,edge,0.34566,0.44511,0.0,0.65434,0.55489,0.66436,3
37,burst,11,0.37683,edge_4,edge_3-edge_4,4,3,edge_4,edge,0.469,0.49773,3.09727,0.531,0.50227,0.86251,3
37,normal,-1,0.0,,,-1,-1,cloud_0,cloud,0.39059,0.45894,0.0,0.60941,0.54106,0.53083,3
38,normal,-1,0.0,,,-1,-1,access_0,access,0.21212,0.24817,0.0,0.78788,0.75183,0.29331,2
38,normal,-1,0.0,,,-1,-1,access_1,access,0.22867,0.24435,0.0,0.77133,0.75565,0.29331,2
38,node_overload,74,0.35942,edge_0,access_0-edge_0,1,0,edge_0,edge,0.509,0.52481,18.98517,0.491,0.47519,0.81109,4
38,burst,8,0.43384,edge_1,access_0-edge_1,1,0,edge_1,edge,0.46627,0.5019,3.51849,0.53373,0.4981,0.86061,3
38,burst,4,0.33918,edge_2,access_1-edge_2,1,0,edge_2,edge,0.48244,0.50804,4.63986,0.51756,0.49196,0.87894,4
38,normal,-1,0.0,,,-1,-1,edge_3,edge,0.34054,0.4406,0.0,0.65946,0.5594,0.65494,3
38,burst,11,0.37683,edge_4,edge_3-edge_4,4,3,edge_4,edge,0.45527,0.50056,3.1644,0.54473,0.49944,0.85035,3
38,normal,-1,0.0,,,-1,-1,cloud_0,cloud,0.3764,0.46241,0.0,0.6236,0.53759,0.52664,3
39,normal,-1,0.0,,,-1,-1,access_0,access,0.22166,0.24028,0.0,0.77834,0.75972,0.29064,2
39,normal,-1,0.0,,,-1,-1,access_1,access,0.20935,0.25336,0.0,0.79065,0.74664,0.29064,2
39,node_overload,74,0.35942,edge_0,access_0-edge_0,1,0,edge_0,edge,0.49267,0.52324,20.39303,0.50733,0.47676,0.79065,4
39,normal,-1,0.0,,,-1,-1,edge_1,edge,0.3836,0.46222,0.0,0.6164,0.53778,0.64741,3
39,burst,4,0.33918,edge_2,access_1-edge_2,1,0,edge_2,edge,0.48961,0.5203,4.10747,0.51039,0.4797,0.84357,4
39,normal,-1,0.0,,,-1,-1,edge_3,edge,0.31018,0.42823,0.0,0.68982,0.57177,0.64741,3
39,normal,-1,0.0,,,-1,-1,edge_4,edge,0.35518,0.45391,0.0,0.64482,0.54609,0.64741,3
39,normal,-1,0.0,,,-1,-1,cloud_0,cloud,0.37683,0.46326,0.0,0.62317,0.53674,0.52329,3
40,normal,-1,0.0,,,-1,-1,access_0,access,0.20677,0.2634,0.0,0.79323,0.7366,0.28883,2
40,normal,-1,0.0,,,-1,-1,access_1,access,0.20936,0.25044,0.0,0.79064,0.74956,0.28883,2
40,node_overload,74,0.35942,edge_0,access_0-edge_0,1,0,edge_0,edge,0.55904,0.54331,23.19057,0.44096,0.45669,0.77699,4
40,normal,-1,0.0,,,-1,-1,edge_1,edge,0.36927,0.44593,0.0,0.63073,0.55407,0.64234,3
40,normal,-1,0.0,,,-1,-1,edge_2,edge,0.43337,0.47323,0.0,0.56663,0.52677,0.64234,4
40,normal,-1,0.0,,,-1,-1,edge_3,edge,0.34644,0.45481,0.0,0.65356,0.54519,0.64234,3
40,normal,-1,0.0,,,-1,-1,edge_4,edge,0.39251,0.46214,0.0,0.60749,0.53786,0.64234,3
40,normal,-1,0.0,,,-1,-1,cloud_0,cloud,0.37441,0.45218,0.0,0.62559,0.54782,0.52104,3
41,normal,-1,0.0,,,-1,-1,access_0,access,0.20211,0.24109,0.0,0.79789,0.75891,0.28803,2
41,normal,-1,0.0,,,-1,-1,access_1,access,0.22055,0.23898,0.0,0.77945,0.76102,0.28803,2
41,node_overload,74,0.35942,edge_0,access_0-edge_0,1,0,edge_0,edge,0.51484,0.54903,21.17244,0.48516,0.45097,0.7722,4
41,normal,-1,0.0,,,-1,-1,edge_1,edge,0.36169,0.44403,0.0,0.63831,0.55597,0.64009,3
41,normal,-1,0.0,,,-1,-1,edge_2,edge,0.39916,0.46632,0.0,0.60084,0.53368,0.64009,4
41,normal,-1,0.0,,,-1,-1,edge_3,edge,0.32617,0.44794,0.0,0.67383,0.55206,0.64009,3
41,normal,-1,0.0,,,-1,-1,edge_4,edge,0.38062,0.46402,0.0,0.61938,0.53598,0.64009,3
41,normal,-1,0.0,,,-1,-1,cloud_0,cloud,0.38625,0.44319,0.0,0.61375,0.55681,0.52004,3
42,normal,-1,0.0,,,-1,-1,access_0,access,0.19796,0.24931,0.0,0.80204,0.75069,0.2883,2
42,normal,-1,0.0,,,-1,-1,access_1,access,0.2269,0.22942,0.0,0.7731,0.77058,0.2883,2
42,mixed,159,0.58948,edge_0,edge_0-edge_1,3,2,edge_0,edge,0.52204,0.54791,14.89258,0.47796,0.45209,1.03256,4
42,normal,-1,0.0,,,-1,-1,edge_1,edge,0.39787,0.48661,0.0,0.60213,0.51339,0.64085,3
42,normal,-1,0.0,,,-1,-1,edge_2,edge,0.39459,0.46665,0.0,0.60541,0.53335,0.64085,4
42,normal,-1,0.0,,,-1,-1,edge_3,edge,0.35256,0.44499,0.0,0.64744,0.55501,0.64085,3
42,normal,-1,0.0,,,-1,-1,edge_4,edge,0.35169,0.44818,0.0,0.64831,0.55182,0.64085,3
42,normal,-1,0.0,,,-1,-1,cloud_0,cloud,0.36254,0.45386,0.0,0.63746,0.54614,0.52038,3
43,normal,-1,0.0,,,-1,-1,access_0,access,0.20705,0.24001,0.0,0.79295,0.75999,0.28961,2
43,normal,-1,0.0,,,-1,-1,access_1,access,0.20889,0.24557,0.0,0.79111,0.75443,0.28961,2
43,mixed,159,0.58948,edge_0,edge_0-edge_1,3,2,edge_0,edge,0.5363,0.5325,18.08305,0.4637,0.4675,1.1244,4
43,normal,-1,0.0,,,-1,-1,edge_1,edge,0.37648,0.44398,0.0,0.62352,0.55602,0.64454,3
43,normal,-1,0.0,,,-1,-1,edge_2,edge,0.40176,0.46846,0.0,0.59824,0.53154,0.64454,4
43,normal,-1,0.0,,,-1,-1,edge_3,edge,0.34369,0.44071,0.0,0.65631,0.55929,0.64454,3
43,normal,-1,0.0,,,-1,-1,edge_4,edge,0.36247,0.43477,0.0,0.63753,0.56523,0.64454,3
43,normal,-1,0.0,,,-1,-1,cloud_0,cloud,0.37257,0.44547,0.0,0.62743,0.55453,0.52202,3
44,normal,-1,0.0,,,-1,-1,access_0,access,0.19846,0.24379,0.0,0.80154,0.75621,0.29188,2
44,normal,-1,0.0,,,-1,-1,access_1,access,0.22366,0.24225,0.0,0.77634,0.75775,0.29188,2
44,mixed,159,0.58948,edge_0,edge_0-edge_1,3,2,edge_0,edge,0.62064,0.5783,22.99934,0.37936,0.4217,1.22953,4
44,normal,-1,0.0,,,-1,-1,edge_1,edge,0.36441,0.46886,0.0,0.63559,0.53114,0.6509,3
44,normal,-1,0.0,,,-1,-1,edge_2,edge,0.41761,0.48317,0.0,0.58239,0.51683,0.6509,4
44,normal,-1,0.0,,,-1,-1,edge_3,edge,0.34748,0.43985,0.0,0.65252,0.56015,0.6509,3
44,normal,-1,0.0,,,-1,-1,edge_4,edge,0.3981,0.46691,0.0,0.6019,0.53309,0.6509,3
44,normal,-1,0.0,,,-1,-1,cloud_0,cloud,0.38107,0.46371,0.0,0.61893,0.53629,0.52484,3
45,normal,-1,0.0,,,-1,-1,access_0,access,0.21498,0.25324,0.0,0.78502,0.74676,0.29492,2
45,normal,-1,0.0,,,-1,-1,access_1,access,0.22528,0.25803,0.0,0.77472,0.74197,0.29492,2
45,mixed,159,0.58948,edge_0,edge_0-edge_1,3,2,edge_0,edge,0.62191,0.57651,23.62829,0.37809,0.42349,1.3305,4
45,normal,-1,0.0,,,-1,-1,edge_1,edge,0.38163,0.46825,0.0,0.61837,0.53175,0.65946,3
45,normal,-1,0.0,,,-1,-1,edge_2,edge,0.41623,0.49189,0.0,0.58377,0.50811,0.65946,4
45,normal,-1,0.0,,,-1,-1,edge_3,edge,0.37289,0.44862,0.0,0.62711,0.55138,0.65946,3
45,normal,-1,0.0,,,-1,-1,edge_4,edge,0.3768,0.47501,0.0,0.6232,0.52499,0.65946,3
45,normal,-1,0.0,,,-1,-1,cloud_0,cloud,0.37978,0.48128,0.0,0.62022,0.51872,0.52865,3
46,normal,-1,0.0,,,-1,-1,access_0,access,0.22658,0.24258,0.0,0.77342,0.75742,0.29851,2
46,normal,-1,0.0,,,-1,-1,access_1,access,0.23191,0.25019,0.0,0.76809,0.74981,0.29851,2
46,mixed,159,0.58948,edge_0,edge_0-edge_1,3,2,edge_0,edge,0.66702,0.56988,24.88998,0.33298,0.43012,1.40418,4
46,normal,-1,0.0,,,-1,-1,edge_1,edge,0.38785,0.46932,0.0,0.61215,0.53068,0.66957,3
46,normal,-1,0.0,,,-1,-1,edge_2,edge,0.4182,0.4722,0.0,0.5818,0.5278,0.66957,4
46,normal,-1,0.0,,,-1,-1,edge_3,edge,0.35358,0.46342,0.0,0.64642,0.53658,0.66957,3
46,normal,-1,0.0,,,-1,-1,edge_4,edge,0.37639,0.45531,0.0,0.62361,0.54469,0.66957,3
46,normal,-1,0.0,,,-1,-1,cloud_0,cloud,0.39444,0.46266,0.0,0.60556,0.53734,0.53314,3
47,normal,-1,0.0,,,-1,-1,access_0,access,0.22032,0.25774,0.0,0.77968,0.74226,0.3024,2
47,normal,-1,0.0,,,-1,-1,access_1,access,0.21619,0.26355,0.0,0.78381,0.73645,0.3024,2
47,mixed,159,0.58948,edge_0,edge_0-edge_1,3,2,edge_0,edge,0.74724,0.62973,30.01804,0.25276,0.37027,1.42996,4
47,normal,-1,0.0,,,-1,-1,edge_1,edge,0.3728,0.46325,0.0,0.6272,0.53675,0.6805,3
47,normal,-1,0.0,,,-1,-1,edge_2,edge,0.41716,0.49434,0.0,0.58284,0.50566,0.6805,4
47,normal,-1,0.0,,,-1,-1,edge_3,edge,0.3628,0.43875,0.0,0.6372,0.56125,0.6805,3
47,normal,-1,0.0,,,-1,-1,edge_4,edge,0.38704,0.47886,0.0,0.61296,0.52114,0.6805,3
47,normal,-1,0.0,,,-1,-1,cloud_0,cloud,0.38419,0.48132,0.0,0.61581,0.51868,0.538,3
48,normal,-1,0.0,,,-1,-1,access_0,access,0.22413,0.26101,0.0,0.77587,0.73899,0.3024,2
48,normal,-1,0.0,,,-1,-1,access_1,access,0.23089,0.25066,0.0,0.76911,0.74934,0.3024,2
48,mixed,159,0.58948,edge_0,edge_0-edge_1,3,2,edge_0,edge,0.66316,0.64847,26.40789,0.33684,0.35153,1.3991,4
48,normal,-1,0.0,,,-1,-1,edge_1,edge,0.37389,0.46539,0.0,0.62611,0.53461,0.6805,3
48,normal,-1,0.0,,,-1,-1,edge_2,edge,0.41837,0.47395,0.0,0.58163,0.52605,0.6805,4
48,normal,-1,0.0,,,-1,-1,edge_3,edge,0.35176,0.44977,0.0,0.64824,0.55023,0.6805,3
48,normal,-1,0.0,,,-1,-1,edge_4,edge,0.37476,0.45368,0.0,0.62524,0.54632,0.6805,3
48,normal,-1,0.0,,,-1,-1,cloud_0,cloud,0.40306,0.45781,0.0,0.59694,0.54219,0.538,3
49,normal,-1,0.0,,,-1,-1,access_0,access,0.20893,0.25788,0.0,0.79107,0.74212,0.30629,2
49,normal,-1,0.0,,,-1,-1,access_1,access,0.20237,0.24333,0.0,0.79763,0.75667,0.30629,2
49,mixed,159,0.58948,edge_0,edge_0-edge_1,3,2,edge_0,edge,0.62033,0.59476,22.0273,0.37967,0.40524,1.31933,4
49,normal,-1,0.0,,,-1,-1,edge_1,edge,0.36447,0.43638,0.0,0.63553,0.56362,0.69143,3
49,link_congestion,97,0.37019,edge_2,access_1-edge_2,1,0,edge_2,edge,0.51103,0.52971,3.94755,0.48897,0.47029,0.84389,4
49,normal,-1,0.0,,,-1,-1,edge_3,edge,0.3652,0.46436,0.0,0.6348,0.53564,0.69143,3
49,normal,-1,0.0,,,-1,-1,edge_4,edge,0.37151,0.44494,0.0,0.62849,0.55506,0.69143,3
49,normal,-1,0.0,,,-1,-1,cloud_0,cloud,0.38623,0.47331,0.0,0.61377,0.52669,0.54286,3
50,normal,-1,0.0,,,-1,-1,access_0,access,0.22152,0.25847,0.0,0.77848,0.74153,0.30988,2
50,normal,-1,0.0,,,-1,-1,access_1,access,0.22123,0.24537,0.0,0.77877,0.75463,0.30988,2
50,mixed,159,0.58948,edge_0,edge_0-edge_1,3,2,edge_0,edge,0.63482,0.56562,24.70953,0.36518,0.43438,1.34376,4
50,normal,-1,0.0,,,-1,-1,edge_1,edge,0.38057,0.47293,0.0,0.61943,0.52707,0.70154,3
50,link_congestion,97,0.37019,edge_2,access_1-edge_2,1,0,edge_2,edge,0.53189,0.56296,7.53756,0.46811,0.43704,0.88786,4
50,normal,-1,0.0,,,-1,-1,edge_3,edge,0.33008,0.45355,0.0,0.66992,0.54645,0.70154,3
50,normal,-1,0.0,,,-1,-1,edge_4,edge,0.37654,0.4458,0.0,0.62346,0.5542,0.70154,3
50,normal,-1,0.0,,,-1,-1,cloud_0,cloud,0.38508,0.4819,0.0,0.61492,0.5181,0.54735,3
51,normal,-1,0.0,,,-1,-1,access_0,access,0.22029,0.26091,0.0,0.77971,0.73909,0.31292,2
51,normal,-1,0.0,,,-1,-1,access_1,access,0.23114,0.25133,0.0,0.76886,0.74867,0.31292,2
51,mixed,159,0.58948,edge_0,edge_0-edge_1,3,2,edge_0,edge,0.67256,0.62734,28.17091,0.32744,0.37266,1.35511,4
51,normal,-1,0.0,,,-1,-1,edge_1,edge,0.39368,0.4711,0.0,0.60632,0.5289,0.7101,3
51,link_congestion,97,0.37019,edge_2,access_1-edge_2,1,0,edge_2,edge,0.50173,0.50145,5.03714,0.49827,0.49855,0.89872,4
51,normal,-1,0.0,,,-1,-1,edge_3,edge,0.35062,0.44847,0.0,0.64938,0.55153,0.7101,3
51,normal,-1,0.0,,,-1,-1,edge_4,edge,0.39126,0.46751,0.0,0.60874,0.53249,0.7101,3
51,normal,-1,0.0,,,-1,-1,cloud_0,cloud,0.39901,0.46437,0.0,0.60099,0.53563,0.55116,3
52,normal,-1,0.0,,,-1,-1,access_0,access,0.23668,0.26698,0.0,0.76332,0.73302,0.31519,2
52,normal,-1,0.0,,,-1,-1,access_1,access,0.23158,0.26093,0.0,0.76842,0.73907,0.31519,2
52,mixed,159,0.58948,edge_0,edge_0-edge_1,3,2,edge_0,edge,0.6541,0.58997,26.20289,0.3459,0.41003,1.32733,4
52,normal,-1,0.0,,,-1,-1,edge_1,edge,0.38341,0.45397,0.0,0.61659,0.54603,0.71646,3
52,link_congestion,97,0.37019,edge_2,access_1-edge_2,1,0,edge_2,edge,0.50402,0.50846,4.66103,0.49598,0.49154,0.86829,4
52,normal,-1,0.0,,,-1,-1,edge_3,edge,0.37617,0.46618,0.0,0.62383,0.53382,0.71646,3
52,burst,13,0.55549,edge_4,edge_4-edge_0,2,1,edge_4,edge,0.47418,0.49293,5.56917,0.52582,0.50707,0.8825,3
52,normal,-1,0.0,,,-1,-1,cloud_0,cloud,0.37849,0.47567,0.0,0.62151,0.52433,0.55398,3
53,normal,-1,0.0,,,-1,-1,access_0,access,0.23449,0.28098,0.0,0.76551,0.71902,0.3165,2
53,normal,-1,0.0,,,-1,-1,access_1,access,0.21578,0.25501,0.0,0.78422,0.74499,0.3165,2
53,mixed,159,0.58948,edge_0,edge_0-edge_1,3,2,edge_0,edge,0.62092,0.61003,23.83085,0.37908,0.38997,1.26586,4
53,normal,-1,0.0,,,-1,-1,edge_1,edge,0.39438,0.47428,0.0,0.60562,0.52572,0.72015,3
53,link_congestion,97,0.37019,edge_2,access_1-edge_2,1,0,edge_2,edge,0.47329,0.51583,3.10245,0.52671,0.48417,0.81948,4
53,normal,-1,0.0,,,-1,-1,edge_3,edge,0.36715,0.45134,0.0,0.63285,0.54866,0.72015,3
53,burst,13,0.55549,edge_4,edge_4-edge_0,2,1,edge_4,edge,0.47773,0.53607,4.77799,0.52227,0.46393,0.90796,3
53,normal,-1,0.0,,,-1,-1,cloud_0,cloud,0.39166,0.48422,0.0,0.60834,0.51578,0.55562,3
54,normal,-1,0.0,,,-1,-1,access_0,access,0.23332,0.25539,0.0,0.76668,0.74461,0.31677,2
54,normal,-1,0.0,,,-1,-1,access_1,access,0.22213,0.25951,0.0,0.77787,0.74049,0.31677,2
54,mixed,159,0.58948,edge_0,edge_0-edge_1,3,2,edge_0,edge,0.66343,0.62873,27.18622,0.33657,0.37127,1.25481,4
54,normal,-1,0.0,,,-1,-1,edge_1,edge,0.41419,0.47944,0.0,0.58581,0.52056,0.72091,3
54,link_congestion,97,0.37019,edge_2,access_1-edge_2,1,0,edge_2,edge,0.50207,0.50384,4.88599,0.49793,0.49616,0.78905,4
54,normal,-1,0.0,,,-1,-1,edge_3,edge,0.36094,0.46902,0.0,0.63906,0.53098,0.72091,3
54,burst,13,0.55549,edge_4,edge_4-edge_0,2,1,edge_4,edge,0.51294,0.5441,6.91437,0.48706,0.4559,0.94228,3
54,normal,-1,0.0,,,-1,-1,cloud_0,cloud,0.40667,0.47028,0.0,0.59333,0.52972,0.55596,3
55,normal,-1,0.0,,,-1,-1,access_0,access,0.23902,0.27159,0.0,0.76098,0.72841,0.31597,2
55,normal,-1,0.0,,,-1,-1,access_1,access,0.23962,0.27857,0.0,0.76038,0.72143,0.31597,2
55,mixed,159,0.58948,edge_0,edge_0-edge_1,3,2,edge_0,edge,0.69199,0.60924,27.51888,0.30801,0.39076,1.31963,4
55,normal,-1,0.0,,,-1,-1,edge_1,edge,0.36627,0.44484,0.0,0.63373,0.55516,0.71866,3
55,link_congestion,97,0.37019,edge_2,access_1-edge_2,1,0,edge_2,edge,0.44144,0.52754,2.23616,0.55856,0.47246,0.79991,4
55,normal,-1,0.0,,,-1,-1,edge_3,edge,0.34602,0.45837,0.0,0.65398,0.54163,0.71866,3
55,burst,13,0.55549,edge_4,edge_4-edge_0,2,1,edge_4,edge,0.50666,0.48067,5.98732,0.49334,0.51933,0.98869,3
55,normal,-1,0.0,,,-1,-1,cloud_0,cloud,0.38877,0.47254,0.0,0.61123,0.52746,0.55496,3
56,normal,-1,0.0,,,-1,-1,access_0,access,0.2235,0.2704,0.0,0.7765,0.7296,0.31416,2
56,normal,-1,0.0,,,-1,-1,access_1,access,0.23408,0.22915,0.0,0.76592,0.77085,0.31416,2
56,mixed,159,0.58948,edge_0,edge_0-edge_1,3,2,edge_0,edge,0.70077,0.61222,29.80074,0.29923,0.38778,1.32769,4
56,normal,-1,0.0,,,-1,-1,edge_1,edge,0.39223,0.45595,0.0,0.60777,0.54405,0.71359,3
56,link_congestion,97,0.37019,edge_2,access_1-edge_2,1,0,edge_2,edge,0.52952,0.50747,6.82178,0.47048,0.49253,0.84389,4
56,normal,-1,0.0,,,-1,-1,edge_3,edge,0.35634,0.46339,0.0,0.64366,0.53661,0.71359,3
56,burst,13,0.55549,edge_4,edge_4-edge_0,2,1,edge_4,edge,0.5546,0.54034,11.51986,0.4454,0.45966,1.04987,3
56,normal,-1,0.0,,,-1,-1,cloud_0,cloud,0.38915,0.48041,0.0,0.61085,0.51959,0.55271,3
57,normal,-1,0.0,,,-1,-1,access_0,access,0.22734,0.26075,0.0,0.77266,0.73925,0.31149,2
57,normal,-1,0.0,,,-1,-1,access_1,access,0.2284,0.24089,0.0,0.7716,0.75911,0.31149,2
57,mixed,159,0.58948,edge_0,edge_0-edge_1,3,2,edge_0,edge,0.66693,0.62821,24.55392,0.33307,0.37179,1.27892,4
57,normal,-1,0.0,,,-1,-1,edge_1,edge,0.39465,0.46205,0.0,0.60535,0.53795,0.70606,3
57,normal,-1,0.0,,,-1,-1,edge_2,edge,0.41993,0.46984,0.0,0.58007,0.53016,0.70606,4
57,normal,-1,0.0,,,-1,-1,edge_3,edge,0.3494,0.43033,0.0,0.6506,0.56967,0.70606,3
57,burst,13,0.55549,edge_4,edge_4-edge_0,2,1,edge_4,edge,0.50948,0.52184,6.87204,0.49052,0.47816,1.12603,3
57,normal,-1,0.0,,,-1,-1,cloud_0,cloud,0.40911,0.47193,0.0,0.59089,0.52807,0.54936,3
58,normal,-1,0.0,,,-1,-1,access_0,access,0.22133,0.25555,0.0,0.77867,0.74445,0.30814,2
58,normal,-1,0.0,,,-1,-1,access_1,access,0.24275,0.26388,0.0,0.75725,0.73612,0.30814,2
58,mixed,159,0.58948,edge_0,edge_0-edge_1,3,2,edge_0,edge,0.64346,0.59687,24.64631,0.35654,0.40313,1.19804,4
58,normal,-1,0.0,,,-1,-1,edge_1,edge,0.35465,0.46578,0.0,0.64535,0.53422,0.69664,3
58,node_overload,75,0.47929,edge_2,edge_1-edge_2,2,1,edge_2,edge,0.55761,0.53743,26.74503,0.44239,0.46257,0.85677,4
58,normal,-1,0.0,,,-1,-1,edge_3,edge,0.35278,0.45844,0.0,0.64722,0.54156,0.69664,3
58,burst,13,0.55549,edge_4,edge_4-edge_0,2,1,edge_4,edge,0.57235,0.56376,10.27851,0.42765,0.43624,1.213,3
58,normal,-1,0.0,,,-1,-1,cloud_0,cloud,0.38685,0.48377,0.0,0.61315,0.51623,0.54517,3
59,normal,-1,0.0,,,-1,-1,access_0,access,0.21019,0.24474,0.0,0.78981,0.75526,0.30436,2
59,normal,-1,0.0,,,-1,-1,access_1,access,0.21468,0.24634,0.0,0.78532,0.75366,0.30436,2
59,node_overload,56,0.47598,edge_0,edge_0-edge_1,3,2,edge_0,edge,0.51575,0.55985,25.71744,0.48425,0.44015,0.90543,4
59,normal,-1,0.0,,,-1,-1,edge_1,edge,0.37118,0.4526,0.0,0.62882,0.5474,0.68601,3
59,node_overload,75,0.47929,edge_2,edge_1-edge_2,2,1,edge_2,edge,0.54541,0.54689,24.44396,0.45459,0.45311,0.87723,4
59,normal,-1,0.0,,,-1,-1,edge_3,edge,0.34064,0.46074,0.0,0.65936,0.53926,0.68601,3
59,burst,13,0.55549,edge_4,edge_4-edge_0,2,1,edge_4,edge,0.60107,0.5903,12.62817,0.39893,0.4097,1.30117,3
59,normal,-1,0.0,,,-1,-1,cloud_0,cloud,0.40203,0.47994,0.0,0.59797,0.52006,0.54045,3
60,normal,-1,0.0,,,-1,-1,access_0,access,0.21586,0.24102,0.0,0.78414,0.75898,0.30044,2
60,normal,-1,0.0,,,-1,-1,access_1,access,0.2222,0.25937,0.0,0.7778,0.74063,0.30044,2
60,node_overload,56,0.47598,edge_0,edge_0-edge_1,3,2,edge_0,edge,0.6233,0.56102,31.82114,0.3767,0.43898,0.9176,4
60,normal,-1,0.0,,,-1,-1,edge_1,edge,0.37272,0.46686,0.0,0.62728,0.53314,0.67499,3
60,node_overload,75,0.47929,edge_2,edge_1-edge_2,2,1,edge_2,edge,0.61079,0.5639,29.95776,0.38921,0.4361,0.89547,4
60,normal,-1,0.0,,,-1,-1,edge_3,edge,0.35299,0.44625,0.0,0.64701,0.55375,0.67499,3
60,burst,13,0.55549,edge_4,edge_4-edge_0,2,1,edge_4,edge,0.58913,0.55933,12.60605,0.41087,0.44067,1.37658,3
60,normal,-1,0.0,,,-1,-1,cloud_0,cloud,0.37434,0.44863,0.0,0.62566,0.55137,0.53555,3
61,normal,-1,0.0,,,-1,-1,access_0,access,0.23624,0.24887,0.0,0.76376,0.75113,0.29666,2
61,normal,-1,0.0,,,-1,-1,access_1,access,0.21649,0.25366,0.0,0.78351,0.74634,0.29666,2
61,node_overload,56,0.47598,edge_0,edge_0-edge_1,3,2,edge_0,edge,0.57558,0.54342,30.75666,0.42442,0.45658,0.88351,4
61,normal,-1,0.0,,,-1,-1,edge_1,edge,0.37132,0.45871,0.0,0.62868,0.54129,0.66436,3
61,node_overload,75,0.47929,edge_2,edge_1-edge_2,2,1,edge_2,edge,0.61888,0.58549,32.3371,0.38112,0.41451,0.90951,4
61,normal,-1,0.0,,,-1,-1,edge_3,edge,0.36967,0.45642,0.0,0.63033,0.54358,0.66436,3
61,burst,13,0.55549,edge_4,edge_4-edge_0,2,1,edge_4,edge,0.65114,0.60146,15.58603,0.34886,0.39854,1.42428,3
61,normal,-1,0.0,,,-1,-1,cloud_0,cloud,0.36799,0.45067,0.0,0.63201,0.54933,0.53083,3
62,normal,-1,0.0,,,-1,-1,access_0,access,0.23019,0.25129,0.0,0.76981,0.74871,0.29331,2
62,normal,-1,0.0,,,-1,-1,access_1,access,0.21574,0.2442,0.0,0.78426,0.7558,0.29331,2
62,node_overload,56,0.47598,edge_0,edge_0-edge_1,3,2,edge_0,edge,0.56925,0.52931,29.96875,0.43075,0.47069,0.82884,4
62,normal,-1,0.0,,,-1,-1,edge_1,edge,0.35397,0.46243,0.0,0.64603,0.53757,0.65494,3
62,burst,1,0.54802,edge_2,edge_1-edge_2,2,1,edge_2,edge,0.52215,0.52592,6.19776,0.47785,0.47408,0.88116,4
62,normal,-1,0.0,,,-1,-1,edge_3,edge,0.31728,0.44039,0.0,0.68272,0.55961,0.65494,3
62,burst,13,0.55549,edge_4,edge_4-edge_0,2,1,edge_4,edge,0.64197,0.6031,15.13493,0.35803,0.3969,1.43299,3
62,normal,-1,0.0,,,-1,-1,cloud_0,cloud,0.37741,0.47238,0.0,0.62259,0.52762,0.52664,3
63,normal,-1,0.0,,,-1,-1,access_0,access,0.2124,0.26599,0.0,0.7876,0.73401,0.29064,2
63,normal,-1,0.0,,,-1,-1,access_1,access,0.21918,0.24152,0.0,0.78082,0.75848,0.29064,2
63,node_overload,56,0.47598,edge_0,edge_0-edge_1,3,2,edge_0,edge,0.57641,0.5324,29.49335,0.42359,0.4676,0.79476,4
63,normal,-1,0.0,,,-1,-1,edge_1,edge,0.35157,0.45627,0.0,0.64843,0.54373,0.64741,3
63,burst,1,0.54802,edge_2,edge_1-edge_2,2,1,edge_2,edge,0.50072,0.53487,6.96306,0.49928,0.46513,0.90398,4
63,normal,-1,0.0,,,-1,-1,edge_3,edge,0.3824,0.45489,0.0,0.6176,0.54511,0.64741,3
63,burst,13,0.55549,edge_4,edge_4-edge_0,2,1,edge_4,edge,0.5977,0.55615,14.31722,0.4023,0.44385,1.39925,3
63,normal,-1,0.0,,,-1,-1,cloud_0,cloud,0.37817,0.43483,0.0,0.62183,0.56517,0.52329,3
64,normal,-1,0.0,,,-1,-1,access_0,access,0.22345,0.2386,0.0,0.77655,0.7614,0.28883,2
64,normal,-1,0.0,,,-1,-1,access_1,access,0.20503,0.25103,0.0,0.79497,0.74897,0.28883,2
64,burst,26,0.5781,edge_0,edge_0-edge_1,3,2,edge_0,edge,0.45467,0.4984,4.29015,0.54533,0.5016,0.88657,4
64,normal,-1,0.0,,,-1,-1,edge_1,edge,0.35058,0.43184,0.0,0.64942,0.56816,0.64234,3
64,burst,1,0.54802,edge_2,edge_1-edge_2,2,1,edge_2,edge,0.53305,0.52462,7.06515,0.46695,0.47538,0.93389,4
64,normal,-1,0.0,,,-1,-1,edge_3,edge,0.32709,0.43996,0.0,0.67291,0.56004,0.64234,3
64,burst,13,0.55549,edge_4,edge_4-edge_0,2,1,edge_4,edge,0.61296,0.57077,13.21133,0.38704,0.42923,1.32897,3
64,normal,-1,0.0,,,-1,-1,cloud_0,cloud,0.38462,0.45809,0.0,0.61538,0.54191,0.52104,3
65,normal,-1,0.0,,,-1,-1,access_0,access,0.21517,0.23964,0.0,0.78483,0.76036,0.28803,2
65,normal,-1,0.0,,,-1,-1,access_1,access,0.21585,0.25246,0.0,0.78415,0.74754,0.28803,2
65,burst,26,0.5781,edge_0,edge_0-edge_1,3,2,edge_0,edge,0.43809,0.51934,1.80993,0.56191,0.48066,0.91965,4
65,node_overload,55,0.57023,edge_1,edge_1-edge_2,2,1,edge_1,edge,0.54393,0.56232,29.59632,0.45607,0.43768,0.87314,3
65,burst,1,0.54802,edge_2,edge_1-edge_2,2,1,edge_2,edge,0.5467,0.54996,7.86399,0.4533,0.45004,0.97331,4
65,normal,-1,0.0,,,-1,-1,edge_3,edge,0.32262,0.42046,0.0,0.67738,0.57954,0.64009,3
65,burst,13,0.55549,edge_4,edge_4-edge_0,2,1,edge_4,edge,0.59473,0.57419,12.30465,0.40527,0.42581,1.23564,3
65,normal,-1,0.0,,,-1,-1,cloud_0,cloud,0.38278,0.45076,0.0,0.61722,0.54924,0.52004,3
66,normal,-1,0.0,,,-1,-1,access_0,access,0.22478,0.25258,0.0,0.77522,0.74742,0.2883,2
66,normal,-1,0.0,,,-1,-1,access_1,access,0.22055,0.24378,0.0,0.77945,0.75622,0.2883,2
66,burst,26,0.5781,edge_0,edge_0-edge_1,3,2,edge_0,edge,0.51273,0.51703,8.42035,0.48727,0.48297,0.96784,4
66,node_overload,55,0.57023,edge_1,edge_1-edge_2,2,1,edge_1,edge,0.55195,0.53153,30.02311,0.44805,0.46847,0.8959,3
66,burst,1,0.54802,edge_2,edge_1-edge_2,2,1,edge_2,edge,0.5965,0.5659,12.17575,0.4035,0.4341,1.02448,4
66,normal,-1,0.0,,,-1,-1,edge_3,edge,0.33089,0.42981,0.0,0.66911,0.57019,0.64085,3
66,burst,13,0.55549,edge_4,edge_4-edge_0,2,1,edge_4,edge,0.59034,0.58394,11.34341,0.40966,0.41606,1.13596,3
66,normal,-1,0.0,,,-1,-1,cloud_0,cloud,0.3785,0.45929,0.0,0.6215,0.54071,0.52038,3
67,normal,-1,0.0,,,-1,-1,access_0,access,0.21207,0.26029,0.0,0.78793,0.73971,0.28961,2
67,normal,-1,0.0,,,-1,-1,access_1,access,0.2157,0.24918,0.0,0.7843,0.75082,0.28961,2
67,burst,26,0.5781,edge_0,edge_0-edge_1,3,2,edge_0,edge,0.49798,0.51919,5.52565,0.50202,0.48081,1.03719,4
67,node_overload,55,0.57023,edge_1,edge_1-edge_2,2,1,edge_1,edge,0.63746,0.56069,35.77829,0.36254,0.43931,0.91558,3
67,burst,1,0.54802,edge_2,edge_1-edge_2,2,1,edge_2,edge,0.551,0.55655,9.58565,0.449,0.44345,1.08836,4
67,normal,-1,0.0,,,-1,-1,edge_3,edge,0.3413,0.45329,0.0,0.6587,0.54671,0.64454,3
67,burst,13,0.55549,edge_4,edge_4-edge_0,2,1,edge_4,edge,0.49719,0.51299,5.58387,0.50281,0.48701,1.04503,3
67,normal,-1,0.0,,,-1,-1,cloud_0,cloud,0.37916,0.46707,0.0,0.62084,0.53293,0.52202,3
68,normal,-1,0.0,,,-1,-1,access_0,access,0.20627,0.24083,0.0,0.79373,0.75917,0.29188,2
68,normal,-1,0.0,,,-1,-1,access_1,access,0.22155,0.25521,0.0,0.77845,0.74479,0.29188,2
68,burst,26,0.5781,edge_0,edge_0-edge_1,3,2,edge_0,edge,0.56037,0.53051,11.64684,0.43963,0.46949,1.1301,4
68,node_overload,55,0.57023,edge_1,edge_1-edge_2,2,1,edge_1,edge,0.60318,0.56353,35.48405,0.39682,0.43647,0.92954,3
68,burst,1,0.54802,edge_2,edge_1-edge_2,2,1,edge_2,edge,0.55628,0.55434,9.68482,0.44372,0.44566,1.16333,4
68,normal,-1,0.0,,,-1,-1,edge_3,edge,0.34165,0.43479,0.0,0.65835,0.56521,0.6509,3
68,burst,13,0.55549,edge_4,edge_4-edge_0,2,1,edge_4,edge,0.46568,0.48562,3.60649,0.53432,0.51438,0.97283,3
68,normal,-1,0.0,,,-1,-1,cloud_0,cloud,0.39958,0.47262,0.0,0.60042,0.52738,0.52484,3
69,normal,-1,0.0,,,-1,-1,access_0,access,0.21715,0.25672,0.0,0.78285,0.74328,0.29492,2
69,normal,-1,0.0,,,-1,-1,access_1,access,0.22128,0.24497,0.0,0.77872,0.75503,0.29492,2
69,mixed,185,0.62508,edge_0,access_0-edge_0,1,0,edge_0,edge,0.5452,0.53691,16.49409,0.4548,0.46309,1.03897,4
69,node_overload,55,0.57023,edge_1,edge_1-edge_2,2,1,edge_1,edge,0.62149,0.56977,38.42362,0.37851,0.43023,0.93587,3
69,burst,1,0.54802,edge_2,edge_1-edge_2,2,1,edge_2,edge,0.60375,0.55943,12.67561,0.39625,0.44057,1.24424,4
69,normal,-1,0.0,,,-1,-1,edge_3,edge,0.37599,0.46098,0.0,0.62401,0.53902,0.65946,3
69,burst,13,0.55549,edge_4,edge_4-edge_0,2,1,edge_4,edge,0.4932,0.52777,6.33328,0.5068,0.47223,0.92316,3
69,normal,-1,0.0,,,-1,-1,cloud_0,cloud,0.38378,0.45842,0.0,0.61622,0.54158,0.52865,3
70,normal,-1,0.0,,,-1,-1,access_0,access,0.22191,0.24837,0.0,0.77809,0.75163,0.29851,2
70,normal,-1,0.0,,,-1,-1,access_1,access,0.2125,0.25477,0.0,0.7875,0.74523,0.29851,2
70,mixed,185,0.62508,edge_0,access_0-edge_0,1,0,edge_0,edge,0.55573,0.53129,17.86183,0.44427,0.46871,1.10088,4
70,mixed,205,0.57375,edge_1,access_0-edge_1,1,0,edge_1,edge,0.56035,0.56569,19.7806,0.43965,0.43431,1.02973,3
70,burst,1,0.54802,edge_2,edge_1-edge_2,2,1,edge_2,edge,0.62022,0.61116,14.989,0.37978,0.38884,1.3223,4
70,normal,-1,0.0,,,-1,-1,edge_3,edge,0.34881,0.45857,0.0,0.65119,0.54143,0.66957,3
70,burst,13,0.55549,edge_4,edge_4-edge_0,2,1,edge_4,edge,0.4905,0.52898,6.43429,0.5095,0.47102,0.89467,3
70,normal,-1,0.0,,,-1,-1,cloud_0,cloud,0.38035,0.46486,0.0,0.61965,0.53514,0.53314,3
71,normal,-1,0.0,,,-1,-1,access_0,access,0.22945,0.26043,0.0,0.77055,0.73957,0.3024,2
71,normal,-1,0.0,,,-1,-1,access_1,access,0.22883,0.23322,0.0,0.77117,0.76678,0.3024,2
71,mixed,185,0.62508,edge_0,access_0-edge_0,1,0,edge_0,edge,0.56443,0.53094,18.95213,0.43557,0.46906,1.17113,4
71,mixed,205,0.57375,edge_1,access_0-edge_1,1,0,edge_1,edge,0.58469,0.5515,20.23442,0.41531,0.4485,1.20295,3
71,burst,1,0.54802,edge_2,edge_1-edge_2,2,1,edge_2,edge,0.63017,0.58834,15.30338,0.36983,0.41166,1.38638,4
71,normal,-1,0.0,,,-1,-1,edge_3,edge,0.35802,0.45469,0.0,0.64198,0.54531,0.6805,3
71,burst,13,0.55549,edge_4,edge_4-edge_0,2,1,edge_4,edge,0.48713,0.51309,4.63943,0.51287,0.48691,0.88293,3
71,normal,-1,0.0,,,-1,-1,cloud_0,cloud,0.38736,0.43892,0.0,0.61264,0.56108,0.538,3
72,normal,-1,0.0,,,-1,-1,access_0,access,0.21994,0.2579,0.0,0.78006,0.7421,0.3024,2
72,normal,-1,0.0,,,-1,-1,access_1,access,0.2124,0.25287,0.0,0.7876,0.74713,0.3024,2
72,mixed,185,0.62508,edge_0,access_0-edge_0,1,0,edge_0,edge,0.62192,0.5894,22.27669,0.37808,0.4106,1.24519,4
72,mixed,205,0.57375,edge_1,access_0-edge_1,1,0,edge_1,edge,0.7026,0.59349,26.62579,0.2974,0.40651,1.37347,3
72,burst,1,0.54802,edge_2,edge_1-edge_2,2,1,edge_2,edge,0.66162,0.59371,18.06304,0.33838,0.40629,1.42546,4
72,normal,-1,0.0,,,-1,-1,edge_3,edge,0.36574,0.45385,0.0,0.63426,0.54615,0.6805,3
72,burst,13,0.55549,edge_4,edge_4-edge_0,2,1,edge_4,edge,0.48458,0.51753,5.30854,0.51542,0.48247,0.8825,3
72,normal,-1,0.0,,,-1,-1,cloud_0,cloud,0.38894,0.47644,0.0,0.61106,0.52356,0.538,3
73,normal,-1,0.0,,,-1,-1,access_0,access,0.21994,0.26581,0.0,0.78006,0.73419,0.30629,2
73,normal,-1,0.0,,,-1,-1,access_1,access,0.20427,0.25608,0.0,0.79573,0.74392,0.30629,2
73,mixed,185,0.62508,edge_0,access_0-edge_0,1,0,edge_0,edge,0.67021,0.60424,27.92009,0.32979,0.39576,1.31645,4
73,mixed,205,0.57375,edge_1,access_0-edge_1,1,0,edge_1,edge,0.6879,0.58517,27.44371,0.3121,0.41483,1.4231,3
73,burst,1,0.54802,edge_2,edge_1-edge_2,2,1,edge_2,edge,0.67777,0.60493,16.33599,0.32223,0.39507,1.43164,4
73,normal,-1,0.0,,,-1,-1,edge_3,edge,0.37942,0.46873,0.0,0.62058,0.53127,0.69143,3
73,node_overload,53,0.54272,edge_4,edge_4-edge_0,4,3,edge_4,edge,0.62124,0.57278,35.5766,0.37876,0.42722,0.87856,3
73,normal,-1,0.0,,,-1,-1,cloud_0,cloud,0.40179,0.46376,0.0,0.59821,0.53624,0.54286,3
74,normal,-1,0.0,,,-1,-1,access_0,access,0.23101,0.24604,0.0,0.76899,0.75396,0.30988,2
74,normal,-1,0.0,,,-1,-1,access_1,access,0.21267,0.24432,0.0,0.78733,0.75568,0.30988,2
74,mixed,185,0.62508,edge_0,access_0-edge_0,1,0,edge_0,edge,0.66368,0.59518,27.01665,0.33632,0.40482,1.377,4
74,link_congestion,130,0.57741,edge_1,edge_1-edge_2,2,1,edge_1,edge,0.50667,0.52641,5.94704,0.49333,0.47359,0.88118,3
74,burst,1,0.54802,edge_2,edge_1-edge_2,2,1,edge_2,edge,0.69782,0.61118,18.72358,0.30218,0.38882,1.40264,4
74,normal,-1,0.0,,,-1,-1,edge_3,edge,0.34174,0.44079,0.0,0.65826,0.55921,0.70154,3
74,node_overload,53,0.54272,edge_4,edge_4-edge_0,4,3,edge_4,edge,0.62016,0.5737,35.23869,0.37984,0.4263,0.85782,3
74,normal,-1,0.0,,,-1,-1,cloud_0,cloud,0.38954,0.47058,0.0,0.61046,0.52942,0.54735,3
75,normal,-1,0.0,,,-1,-1,access_0,access,0.22984,0.25801,0.0,0.77016,0.74199,0.31292,2
75,normal,-1,0.0,,,-1,-1,access_1,access,0.22135,0.24688,0.0,0.77865,0.75312,0.31292,2
75,mixed,185,0.62508,edge_0,access_0-edge_0,1,0,edge_0,edge,0.72308,0.65843,30.3916,0.27692,0.34157,1.41896,4
75,link_congestion,130,0.57741,edge_1,edge_1-edge_2,2,1,edge_1,edge,0.49589,0.51148,6.53473,0.50411,0.48852,0.90406,3
75,burst,1,0.54802,edge_2,edge_1-edge_2,2,1,edge_2,edge,0.6015,0.58034,13.15216,0.3985,0.41966,1.34259,4
75,normal,-1,0.0,,,-1,-1,edge_3,edge,0.33844,0.44527,0.0,0.66156,0.55473,0.7101,3
75,node_overload,53,0.54272,edge_4,edge_4-edge_0,4,3,edge_4,edge,0.62454,0.58466,35.08551,0.37546,0.41534,0.8382,3
75,normal,-1,0.0,,,-1,-1,cloud_0,cloud,0.4046,0.4677,0.0,0.5954,0.5323,0.55116,3
76,normal,-1,0.0,,,-1,-1,access_0,access,0.22806,0.25436,0.0,0.77194,0.74564,0.31519,2
76,normal,-1,0.0,,,-1,-1,access_1,access,0.22965,0.25255,0.0,0.77035,0.74745,0.31519,2
76,mixed,185,0.62508,edge_0,access_0-edge_0,1,0,edge_0,edge,0.70582,0.60296,29.78587,0.29418,0.39704,1.43619,4
76,link_congestion,130,0.57741,edge_1,edge_1-edge_2,2,1,edge_1,edge,0.49684,0.52313,5.07845,0.50316,0.47687,0.92299,3
76,burst,1,0.54802,edge_2,edge_1-edge_2,2,1,edge_2,edge,0.60256,0.56184,12.7367,0.39744,0.43816,1.26109,4
76,normal,-1,0.0,,,-1,-1,edge_3,edge,0.36316,0.45952,0.0,0.63684,0.54048,0.71646,3
76,node_overload,53,0.54272,edge_4,edge_4-edge_0,4,3,edge_4,edge,0.66389,0.61609,38.51022,0.33611,0.38391,0.82184,3
76,normal,-1,0.0,,,-1,-1,cloud_0,cloud,0.39509,0.45999,0.0,0.60491,0.54001,0.55398,3
77,normal,-1,0.0,,,-1,-1,access_0,access,0.23385,0.2589,0.0,0.76615,0.7411,0.3165,2
77,normal,-1,0.0,,,-1,-1,access_1,access,0.22827,0.27427,0.0,0.77173,0.72573,0.3165,2
77,mixed,185,0.62508,edge_0,access_0-edge_0,1,0,edge_0,edge,0.72441,0.62417,31.30113,0.27559,0.37583,1.42577,4
77,link_congestion,130,0.57741,edge_1,edge_1-edge_2,2,1,edge_1,edge,0.51982,0.5353,7.64956,0.48018,0.4647,0.93468,3
77,burst,1,0.54802,edge_2,edge_1-edge_2,2,1,edge_2,edge,0.57467,0.55893,11.11212,0.42533,0.44107,1.17056,4
77,normal,-1,0.0,,,-1,-1,edge_3,edge,0.35312,0.45423,0.0,0.64688,0.54577,0.72015,3
77,node_overload,53,0.54272,edge_4,edge_4-edge_0,4,3,edge_4,edge,0.63249,0.58365,38.21221,0.36751,0.41635,0.8105,3
77,normal,-1,0.0,,,-1,-1,cloud_0,cloud,0.39508,0.46895,0.0,0.60492,0.53105,0.55562,3
78,normal,-1,0.0,,,-1,-1,access_0,access,0.20718,0.2772,0.0,0.79282,0.7228,0.31677,2
78,normal,-1,0.0,,,-1,-1,access_1,access,0.23258,0.23787,0.0,0.76742,0.76213,0.31677,2
78,mixed,185,0.62508,edge_0,access_0-edge_0,1,0,edge_0,edge,0.73921,0.60831,29.27975,0.26079,0.39169,1.38874,4
78,link_congestion,130,0.57741,edge_1,edge_1-edge_2,2,1,edge_1,edge,0.51575,0.52907,7.97858,0.48425,0.47093,0.93713,3
78,burst,1,0.54802,edge_2,edge_1-edge_2,2,1,edge_2,edge,0.59703,0.56038,11.74162,0.40297,0.43962,1.08316,4
78,normal,-1,0.0,,,-1,-1,edge_3,edge,0.36287,0.4597,0.0,0.63713,0.5403,0.72091,3
78,node_overload,53,0.54272,edge_4,edge_4-edge_0,4,3,edge_4,edge,0.67166,0.57511,39.39694,0.32834,0.42489,0.8054,3
78,normal,-1,0.0,,,-1,-1,cloud_0,cloud,0.42115,0.47119,0.0,0.57885,0.52881,0.55596,3
79,normal,-1,0.0,,,-1,-1,access_0,access,0.22666,0.25888,0.0,0.77334,0.74112,0.31597,2
79,normal,-1,0.0,,,-1,-1,access_1,access,0.22814,0.26035,0.0,0.77186,0.73965,0.31597,2
79,mixed,185,0.62508,edge_0,access_0-edge_0,1,0,edge_0,edge,0.66164,0.59642,26.15376,0.33836,0.40358,1.32997,4
79,link_congestion,130,0.57741,edge_1,edge_1-edge_2,2,1,edge_1,edge,0.51637,0.526,6.33803,0.48363,0.474,0.9299,3
79,burst,1,0.54802,edge_2,edge_1-edge_2,2,1,edge_2,edge,0.5795,0.5333,10.73221,0.4205,0.4667,1.00818,4
79,normal,-1,0.0,,,-1,-1,edge_3,edge,0.36435,0.44535,0.0,0.63565,0.55465,0.71866,3
79,node_overload,53,0.54272,edge_4,edge_4-edge_0,4,3,edge_4,edge,0.61741,0.57794,34.91013,0.38259,0.42206,0.80712,3
79,normal,-1,0.0,,,-1,-1,cloud_0,cloud,0.38295,0.48568,0.0,0.61705,0.51432,0.55496,3
80,normal,-1,0.0,,,-1,-1,access_0,access,0.23199,0.25585,0.0,0.76801,0.74415,0.31416,2
80,normal,-1,0.0,,,-1,-1,access_1,access,0.2315,0.26612,0.0,0.7685,0.73388,0.31416,2
80,mixed,185,0.62508,edge_0,access_0-edge_0,1,0,edge_0,edge,0.68979,0.6355,27.75252,0.31021,0.3645,1.33781,4
80,link_congestion,130,0.57741,edge_1,edge_1-edge_2,2,1,edge_1,edge,0.52819,0.52238,9.32462,0.47181,0.47762,0.91425,3
80,burst,1,0.54802,edge_2,edge_1-edge_2,2,1,edge_2,edge,0.54029,0.54792,8.38196,0.45971,0.45208,0.9508,4
80,normal,-1,0.0,,,-1,-1,edge_3,edge,0.37183,0.46641,0.0,0.62817,0.53359,0.71359,3
80,node_overload,53,0.54272,edge_4,edge_4-edge_0,4,3,edge_4,edge,0.63656,0.5982,36.56813,0.36344,0.4018,0.81545,3
80,normal,-1,0.0,,,-1,-1,cloud_0,cloud,0.38913,0.47327,0.0,0.61087,0.52673,0.55271,3
81,normal,-1,0.0,,,-1,-1,access_0,access,0.22995,0.26055,0.0,0.77005,0.73945,0.31149,2
81,normal,-1,0.0,,,-1,-1,access_1,access,0.2111,0.25529,0.0,0.7889,0.74471,0.31149,2
81,mixed,185,0.62508,edge_0,access_0-edge_0,1,0,edge_0,edge,0.65035,0.58244,27.59125,0.34965,0.41756,1.35841,4
81,link_congestion,130,0.57741,edge_1,edge_1-edge_2,2,1,edge_1,edge,0.53892,0.54429,10.38857,0.46108,0.45571,0.89288,3
81,node_overload,63,0.60283,edge_2,edge_2-edge_3,2,1,edge_2,edge,0.60882,0.58177,33.50451,0.39118,0.41823,0.87901,4
81,normal,-1,0.0,,,-1,-1,edge_3,edge,0.36593,0.44336,0.0,0.63407,0.55664,0.70606,3
81,node_overload,53,0.54272,edge_4,edge_4-edge_0,4,3,edge_4,edge,0.57334,0.5446,33.4714,0.42666,0.4554,0.82949,3
81,normal,-1,0.0,,,-1,-1,cloud_0,cloud,0.39129,0.47396,0.0,0.60871,0.52604,0.54936,3
82,normal,-1,0.0,,,-1,-1,access_0,access,0.24035,0.26589,0.0,0.75965,0.73411,0.30814,2
82,normal,-1,0.0,,,-1,-1,access_1,access,0.22757,0.25294,0.0,0.77243,0.74706,0.30814,2
82,mixed,185,0.62508,edge_0,access_0-edge_0,1,0,edge_0,edge,0.73081,0.61559,32.41196,0.26919,0.38441,1.36113,4
82,link_congestion,130,0.57741,edge_1,edge_1-edge_2,2,1,edge_1,edge,0.52641,0.5591,8.86323,0.47359,0.4409,0.86949,3
82,node_overload,63,0.60283,edge_2,edge_2-edge_3,2,1,edge_2,edge,0.60777,0.58847,34.41949,0.39223,0.41153,0.90312,4
82,normal,-1,0.0,,,-1,-1,edge_3,edge,0.34838,0.45843,0.0,0.65162,0.54157,0.69664,3
82,node_overload,53,0.54272,edge_4,edge_4-edge_0,4,3,edge_4,edge,0.57965,0.55846,32.22279,0.42035,0.44154,0.84773,3
82,normal,-1,0.0,,,-1,-1,cloud_0,cloud,0.39248,0.47406,0.0,0.60752,0.52594,0.54517,3
83,normal,-1,0.0,,,-1,-1,access_0,access,0.24309,0.26428,0.0,0.75691,0.73572,0.30436,2
83,normal,-1,0.0,,,-1,-1,access_1,access,0.2301,0.24933,0.0,0.7699,0.75067,0.30436,2
83,mixed,185,0.62508,edge_0,access_0-edge_0,1,0,edge_0,edge,0.69103,0.58889,28.75232,0.30897,0.41111,1.34466,4
83,link_congestion,130,0.57741,edge_1,edge_1-edge_2,2,1,edge_1,edge,0.49984,0.50031,7.73644,0.50016,0.49969,0.84812,3
83,node_overload,63,0.60283,edge_2,edge_2-edge_3,2,1,edge_2,edge,0.60933,0.56324,35.01608,0.39067,0.43676,0.92356,4
83,normal,-1,0.0,,,-1,-1,edge_3,edge,0.3337,0.45024,0.0,0.6663,0.54976,0.68601,3
83,node_overload,53,0.54272,edge_4,edge_4-edge_0,4,3,edge_4,edge,0.57288,0.54752,30.46208,0.42712,0.45248,0.86819,3
83,normal,-1,0.0,,,-1,-1,cloud_0,cloud,0.39203,0.48902,0.0,0.60797,0.51098,0.54045,3
84,normal,-1,0.0,,,-1,-1,access_0,access,0.21329,0.24322,0.0,0.78671,0.75678,0.30044,2
84,normal,-1,0.0,,,-1,-1,access_1,access,0.2228,0.25196,0.0,0.7772,0.74804,0.30044,2
84,mixed,185,0.62508,edge_0,access_0-edge_0,1,0,edge_0,edge,0.68703,0.64033,27.60013,0.31297,0.35967,1.31044,4
84,link_congestion,130,0.57741,edge_1,edge_1-edge_2,2,1,edge_1,edge,0.47033,0.49641,5.92824,0.52967,0.50359,0.83247,3
84,node_overload,63,0.60283,edge_2,edge_2-edge_3,2,1,edge_2,edge,0.66323,0.6132,41.80915,0.33677,0.3868,0.93721,4
84,normal,-1,0.0,,,-1,-1,edge_3,edge,0.37019,0.46687,0.0,0.62981,0.53313,0.67499,3
84,node_overload,41,0.52138,edge_4,edge_3-edge_4,4,3,edge_4,edge,0.60507,0.57966,35.293,0.39493,0.42034,0.88945,3
84,normal,-1,0.0,,,-1,-1,cloud_0,cloud,0.38509,0.47587,0.0,0.61491,0.52413,0.53555,3
85,normal,-1,0.0,,,-1,-1,access_0,access,0.20682,0.24607,0.0,0.79318,0.75393,0.29666,2
85,normal,-1,0.0,,,-1,-1,access_1,access,0.23363,0.25359,0.0,0.76637,0.74641,0.29666,2
85,mixed,185,0.62508,edge_0,access_0-edge_0,1,0,edge_0,edge,0.67646,0.64075,27.22001,0.32354,0.35925,1.26248,4
85,link_congestion,130,0.57741,edge_1,edge_1-edge_2,2,1,edge_1,edge,0.54497,0.54042,9.17283,0.45503,0.45958,0.82524,3
85,node_overload,63,0.60283,edge_2,edge_2-edge_3,2,1,edge_2,edge,0.68529,0.60207,41.46053,0.31471,0.39793,0.94201,4
85,normal,-1,0.0,,,-1,-1,edge_3,edge,0.36105,0.47085,0.0,0.63895,0.52915,0.66436,3
85,node_overload,41,0.52138,edge_4,edge_3-edge_4,4,3,edge_4,edge,0.6348,0.57019,35.39159,0.3652,0.42981,0.87293,3
85,normal,-1,0.0,,,-1,-1,cloud_0,cloud,0.38948,0.46985,0.0,0.61052,0.53015,0.53083,3
86,normal,-1,0.0,,,-1,-1,access_0,access,0.22888,0.22985,0.0,0.77112,0.77015,0.29331,2
86,normal,-1,0.0,,,-1,-1,access_1,access,0.22015,0.27467,0.0,0.77985,0.72533,0.29331,2
86,mixed,185,0.62508,edge_0,access_0-edge_0,1,0,edge_0,edge,0.68574,0.58001,28.9073,0.31426,0.41999,1.24579,4
86,link_congestion,130,0.57741,edge_1,edge_1-edge_2,2,1,edge_1,edge,0.5008,0.49551,7.31763,0.4992,0.50449,0.82769,3
86,node_overload,63,0.60283,edge_2,edge_2-edge_3,2,1,edge_2,edge,0.72426,0.63468,45.10173,0.27574,0.36532,0.93721,4
86,normal,-1,0.0,,,-1,-1,edge_3,edge,0.37514,0.44811,0.0,0.62486,0.55189,0.65494,3
86,burst,15,0.55175,edge_4,edge_3-edge_4,4,3,edge_4,edge,0.48904,0.49133,4.51477,0.51096,0.50867,0.88183,3
86,normal,-1,0.0,,,-1,-1,cloud_0,cloud,0.368,0.45717,0.0,0.632,0.54283,0.52664,3
87,normal,-1,0.0,,,-1,-1,access_0,access,0.20554,0.23597,0.0,0.79446,0.76403,0.29064,2
87,normal,-1,0.0,,,-1,-1,access_1,access,0.21681,0.22719,0.0,0.78319,0.77281,0.29064,2
87,mixed,185,0.62508,edge_0,access_0-edge_0,1,0,edge_0,edge,0.68751,0.60944,28.04379,0.31249,0.39056,1.301,4
87,link_congestion,130,0.57741,edge_1,edge_1-edge_2,2,1,edge_1,edge,0.50181,0.52301,6.98381,0.49819,0.47699,0.83938,3
87,node_overload,63,0.60283,edge_2,edge_2-edge_3,2,1,edge_2,edge,0.71694,0.6183,44.23505,0.28306,0.3817,0.92356,4
87,normal,-1,0.0,,,-1,-1,edge_3,edge,0.36879,0.44872,0.0,0.63121,0.55128,0.64741,3
87,burst,15,0.55175,edge_4,edge_3-edge_4,4,3,edge_4,edge,0.50552,0.50861,6.95407,0.49448,0.49139,0.9416,3
87,normal,-1,0.0,,,-1,-1,cloud_0,cloud,0.3861,0.44954,0.0,0.6139,0.55046,0.52329,3
88,normal,-1,0.0,,,-1,-1,access_0,access,0.20621,0.23934,0.0,0.79379,0.76066,0.28883,2
88,normal,-1,0.0,,,-1,-1,access_1,access,0.21922,0.24625,0.0,0.78078,0.75375,0.28883,2
88,mixed,185,0.62508,edge_0,access_0-edge_0,1,0,edge_0,edge,0.68891,0.64405,29.03553,0.31109,0.35595,1.33308,4
88,link_congestion,130,0.57741,edge_1,edge_1-edge_2,2,1,edge_1,edge,0.48476,0.50806,6.682,0.51524,0.49194,0.8583,3
88,node_overload,63,0.60283,edge_2,edge_2-edge_3,2,1,edge_2,edge,0.68584,0.61268,42.79235,0.31416,0.38732,0.90312,4
88,normal,-1,0.0,,,-1,-1,edge_3,edge,0.35385,0.43528,0.0,0.64615,0.56472,0.64234,3
88,burst,15,0.55175,edge_4,edge_3-edge_4,4,3,edge_4,edge,0.50817,0.51437,7.06487,0.49183,0.48563,1.04919,3
88,normal,-1,0.0,,,-1,-1,cloud_0,cloud,0.38796,0.464,0.0,0.61204,0.536,0.52104,3
89,normal,-1,0.0,,,-1,-1,access_0,access,0.21652,0.24358,0.0,0.78348,0.75642,0.28803,2
89,normal,-1,0.0,,,-1,-1,access_1,access,0.23721,0.24917,0.0,0.76279,0.75083,0.28803,2
89,mixed,185,0.62508,edge_0,access_0-edge_0,1,0,edge_0,edge,0.7017,0.59608,29.54604,0.2983,0.40392,1.33586,4
89,link_congestion,130,0.57741,edge_1,edge_1-edge_2,2,1,edge_1,edge,0.47471,0.53339,4.82364,0.52529,0.46661,0.88118,3
89,node_overload,63,0.60283,edge_2,edge_2-edge_3,2,1,edge_2,edge,0.67785,0.5882,41.90854,0.32215,0.4118,0.87901,4
89,normal,-1,0.0,,,-1,-1,edge_3,edge,0.35342,0.45216,0.0,0.64658,0.54784,0.64009,3
89,burst,15,0.55175,edge_4,edge_3-edge_4,4,3,edge_4,edge,0.56285,0.57962,9.97678,0.43715,0.42038,1.21233,3
89,normal,-1,0.0,,,-1,-1,cloud_0,cloud,0.35646,0.44847,0.0,0.64354,0.55153,0.52004,3
90,normal,-1,0.0,,,-1,-1,access_0,access,0.20523,0.23385,0.0,0.79477,0.76615,0.2883,2
90,normal,-1,0.0,,,-1,-1,access_1,access,0.21468,0.24004,0.0,0.78532,0.75996,0.2883,2
90,mixed,185,0.62508,edge_0,access_0-edge_0,1,0,edge_0,edge,0.68363,0.60587,28.29826,0.31637,0.39413,1.30999,4
90,normal,-1,0.0,,,-1,-1,edge_1,edge,0.37105,0.4266,0.0,0.62895,0.5734,0.64085,3
90,node_overload,63,0.60283,edge_2,edge_2-edge_3,2,1,edge_2,edge,0.67812,0.59492,41.69202,0.32188,0.40508,0.8549,4
90,normal,-1,0.0,,,-1,-1,edge_3,edge,0.35418,0.46486,0.0,0.64582,0.53514,0.64085,3
90,burst,15,0.55175,edge_4,edge_3-edge_4,4,3,edge_4,edge,0.58855,0.58293,14.00656,0.41145,0.41707,1.37591,3
90,normal,-1,0.0,,,-1,-1,cloud_0,cloud,0.37362,0.46677,0.0,0.62638,0.53323,0.52038,3
91,normal,-1,0.0,,,-1,-1,access_0,access,0.21121,0.24244,0.0,0.78879,0.75756,0.28961,2
91,normal,-1,0.0,,,-1,-1,access_1,access,0.22034,0.24773,0.0,0.77966,0.75227,0.28961,2
91,mixed,185,0.62508,edge_0,access_0-edge_0,1,0,edge_0,edge,0.63165,0.60038,24.73951,0.36835,0.39962,1.26258,4
91,normal,-1,0.0,,,-1,-1,edge_1,edge,0.36609,0.45142,0.0,0.63391,0.54858,0.64454,3
91,node_overload,63,0.60283,edge_2,edge_2-edge_3,2,1,edge_2,edge,0.62299,0.59395,39.55286,0.37701,0.40605,0.83446,4
91,normal,-1,0.0,,,-1,-1,edge_3,edge,0.34421,0.4476,0.0,0.65579,0.5524,0.64454,3
91,burst,15,0.55175,edge_4,edge_3-edge_4,4,3,edge_4,edge,0.62786,0.60724,14.81667,0.37214,0.39276,1.43231,3
91,normal,-1,0.0,,,-1,-1,cloud_0,cloud,0.38082,0.45634,0.0,0.61918,0.54366,0.52202,3
92,normal,-1,0.0,,,-1,-1,access_0,access,0.22444,0.25204,0.0,0.77556,0.74796,0.29188,2
92,normal,-1,0.0,,,-1,-1,access_1,access,0.20755,0.25212,0.0,0.79245,0.74788,0.29188,2
92,mixed,185,0.62508,edge_0,access_0-edge_0,1,0,edge_0,edge,0.60649,0.56536,22.95761,0.39351,0.43464,1.20445,4
92,normal,-1,0.0,,,-1,-1,edge_1,edge,0.38479,0.47941,0.0,0.61521,0.52059,0.6509,3
92,node_overload,63,0.60283,edge_2,edge_2-edge_3,2,1,edge_2,edge,0.70095,0.65623,43.87744,0.29905,0.34377,0.82081,4
92,normal,-1,0.0,,,-1,-1,edge_3,edge,0.35158,0.4634,0.0,0.64842,0.5366,0.6509,3
92,burst,15,0.55175,edge_4,edge_3-edge_4,4,3,edge_4,edge,0.64396,0.57896,14.27281,0.35604,0.42104,1.3283,3
92,normal,-1,0.0,,,-1,-1,cloud_0,cloud,0.37494,0.4493,0.0,0.62506,0.5507,0.52484,3
93,normal,-1,0.0,,,-1,-1,access_0,access,0.20687,0.2436,0.0,0.79313,0.7564,0.29492,2
93,normal,-1,0.0,,,-1,-1,access_1,access,0.21827,0.24757,0.0,0.78173,0.75243,0.29492,2
93,node_overload,64,0.56685,edge_0,edge_0-edge_1,3,2,edge_0,edge,0.58839,0.55292,35.43723,0.41161,0.44708,0.83204,4
93,normal,-1,0.0,,,-1,-1,edge_1,edge,0.37524,0.45349,0.0,0.62476,0.54651,0.65946,3
93,node_overload,63,0.60283,edge_2,edge_2-edge_3,2,1,edge_2,edge,0.68848,0.62188,44.14955,0.31152,0.37812,0.81601,4
93,normal,-1,0.0,,,-1,-1,edge_3,edge,0.33552,0.45488,0.0,0.66448,0.54512,0.65946,3
93,burst,15,0.55175,edge_4,edge_3-edge_4,4,3,edge_4,edge,0.5377,0.54557,8.28876,0.4623,0.45443,1.13529,3
93,normal,-1,0.0,,,-1,-1,cloud_0,cloud,0.39761,0.47224,0.0,0.60239,0.52776,0.52865,3
94,normal,-1,0.0,,,-1,-1,access_0,access,0.20693,0.25007,0.0,0.79307,0.74993,0.29851,2
94,normal,-1,0.0,,,-1,-1,access_1,access,0.21234,0.25619,0.0,0.78766,0.74381,0.29851,2
94,node_overload,64,0.56685,edge_0,edge_0-edge_1,3,2,edge_0,edge,0.54294,0.54247,30.52778,0.45706,0.45753,0.85099,4
94,normal,-1,0.0,,,-1,-1,edge_1,edge,0.38008,0.44981,0.0,0.61992,0.55019,0.66957,3
94,node_overload,63,0.60283,edge_2,edge_2-edge_3,2,1,edge_2,edge,0.66008,0.59331,40.79314,0.33992,0.40669,0.82081,4
94,normal,-1,0.0,,,-1,-1,edge_3,edge,0.37163,0.46593,0.0,0.62837,0.53407,0.66957,3
94,burst,15,0.55175,edge_4,edge_3-edge_4,4,3,edge_4,edge,0.52498,0.53978,7.6242,0.47502,0.46022,0.97216,3
94,normal,-1,0.0,,,-1,-1,cloud_0,cloud,0.39136,0.47326,0.0,0.60864,0.52674,0.53314,3
95,normal,-1,0.0,,,-1,-1,access_0,access,0.21748,0.25307,0.0,0.78252,0.74693,0.3024,2
95,normal,-1,0.0,,,-1,-1,access_1,access,0.21708,0.25751,0.0,0.78292,0.74249,0.3024,2
95,node_overload,64,0.56685,edge_0,edge_0-edge_1,3,2,edge_0,edge,0.53561,0.56976,30.37254,0.46439,0.43024,0.87253,4
95,normal,-1,0.0,,,-1,-1,edge_1,edge,0.39097,0.46583,0.0,0.60903,0.53417,0.6805,3
95,node_overload,63,0.60283,edge_2,edge_2-edge_3,2,1,edge_2,edge,0.65995,0.61515,38.78767,0.34005,0.38485,0.83446,4
95,normal,-1,0.0,,,-1,-1,edge_3,edge,0.34853,0.43847,0.0,0.65147,0.56153,0.6805,3
95,burst,15,0.55175,edge_4,edge_3-edge_4,4,3,edge_4,edge,0.51141,0.48749,7.15875,0.48859,0.51251,0.89399,3
95,normal,-1,0.0,,,-1,-1,cloud_0,cloud,0.40205,0.46377,0.0,0.59795,0.53623,0.538,3
96,normal,-1,0.0,,,-1,-1,access_0,access,0.22937,0.25551,0.0,0.77063,0.74449,0.3024,2
96,normal,-1,0.0,,,-1,-1,access_1,access,0.22456,0.25204,0.0,0.77544,0.74796,0.3024,2
96,normal,-1,0.0,,,-1,-1,edge_0,edge,0.34269,0.42988,0.0,0.65731,0.57012,0.6805,4
96,normal,-1,0.0,,,-1,-1,edge_1,edge,0.38353,0.45478,0.0,0.61647,0.54522,0.6805,3
96,node_overload,63,0.60283,edge_2,edge_2-edge_3,2,1,edge_2,edge,0.62233,0.56433,36.7402,0.37767,0.43567,0.8549,4
96,normal,-1,0.0,,,-1,-1,edge_3,edge,0.35888,0.45446,0.0,0.64112,0.54554,0.6805,3
96,burst,15,0.55175,edge_4,edge_3-edge_4,4,3,edge_4,edge,0.50357,0.53805,5.57873,0.49643,0.46195,0.88183,3
96,normal,-1,0.0,,,-1,-1,cloud_0,cloud,0.38025,0.46429,0.0,0.61975,0.53571,0.538,3
97,normal,-1,0.0,,,-1,-1,access_0,access,0.21189,0.24203,0.0,0.78811,0.75797,0.30629,2
97,normal,-1,0.0,,,-1,-1,access_1,access,0.22461,0.25047,0.0,0.77539,0.74953,0.30629,2
97,normal,-1,0.0,,,-1,-1,edge_0,edge,0.3723,0.45485,0.0,0.6277,0.54515,0.69143,4
97,normal,-1,0.0,,,-1,-1,edge_1,edge,0.37402,0.44564,0.0,0.62598,0.55436,0.69143,3
97,node_overload,63,0.60283,edge_2,edge_2-edge_3,2,1,edge_2,edge,0.5833,0.54101,34.2379,0.4167,0.45899,0.87901,4
97,normal,-1,0.0,,,-1,-1,edge_3,edge,0.34567,0.45321,0.0,0.65433,0.54679,0.69143,3
97,node_overload,41,0.52138,edge_4,edge_3-edge_4,4,3,edge_4,edge,0.56373,0.52423,30.52324,0.43627,0.47577,0.86435,3
97,normal,-1,0.0,,,-1,-1,cloud_0,cloud,0.3999,0.47442,0.0,0.6001,0.52558,0.54286,3
98,normal,-1,0.0,,,-1,-1,access_0,access,0.22145,0.25971,0.0,0.77855,0.74029,0.30988,2
98,normal,-1,0.0,,,-1,-1,access_1,access,0.20704,0.26197,0.0,0.79296,0.73803,0.30988,2
98,mixed,161,0.58931,edge_0,access_0-edge_0,1,0,edge_0,edge,0.51724,0.527,15.11469,0.48276,0.473,1.03253,4
98,normal,-1,0.0,,,-1,-1,edge_1,edge,0.40933,0.46132,0.0,0.59067,0.53868,0.70154,3
98,mixed,165,0.5728,edge_2,access_1-edge_2,1,0,edge_2,edge,0.70349,0.61004,28.75485,0.29651,0.38996,1.32315,4
98,normal,-1,0.0,,,-1,-1,edge_3,edge,0.37389,0.45166,0.0,0.62611,0.54834,0.70154,3
98,link_congestion,120,0.47732,edge_4,edge_4-edge_0,4,3,edge_4,edge,0.47683,0.51854,4.02422,0.52317,0.48146,0.88605,3
98,normal,-1,0.0,,,-1,-1,cloud_0,cloud,0.37988,0.48227,0.0,0.62012,0.51773,0.54735,3
99,normal,-1,0.0,,,-1,-1,access_0,access,0.23535,0.25652,0.0,0.76465,0.74348,0.31292,2
99,normal,-1,0.0,,,-1,-1,access_1,access,0.23348,0.24417,0.0,0.76652,0.75583,0.31292,2
99,mixed,161,0.58931,edge_0,access_0-edge_0,1,0,edge_0,edge,0.56017,0.54052,17.16159,0.43983,0.45948,1.11327,4
99,normal,-1,0.0,,,-1,-1,edge_1,edge,0.40191,0.4694,0.0,0.59809,0.5306,0.7101,3
99,mixed,165,0.5728,edge_2,access_1-edge_2,1,0,edge_2,edge,0.75597,0.65383,30.31799,0.24403,0.34617,1.35085,4
99,normal,-1,0.0,,,-1,-1,edge_3,edge,0.3741,0.46504,0.0,0.6259,0.53496,0.7101,3
99,link_congestion,120,0.47732,edge_4,edge_4-edge_0,4,3,edge_4,edge,0.50227,0.48571,7.16462,0.49773,0.51429,0.90497,3
99,normal,-1,0.0,,,-1,-1,cloud_0,cloud,0.3914,0.48624,0.0,0.6086,0.51376,0.55116,3
100,normal,-1,0.0,,,-1,-1,access_0,access,0.24462,0.25273,0.0,0.75538,0.74727,0.31519,2
100,normal,-1,0.0,,,-1,-1,access_1,access,0.22461,0.26557,0.0,0.77539,0.73443,0.31519,2
100,mixed,161,0.58931,edge_0,access_0-edge_0,1,0,edge_0,edge,0.5954,0.54979,21.0283,0.4046,0.45021,1.20575,4
100,normal,-1,0.0,,,-1,-1,edge_1,edge,0.38753,0.46774,0.0,0.61247,0.53226,0.71646,3
100,mixed,165,0.5728,edge_2,access_1-edge_2,1,0,edge_2,edge,0.76401,0.6315,30.45054,0.23599,0.3685,1.34536,4
100,normal,-1,0.0,,,-1,-1,edge_3,edge,0.37502,0.47225,0.0,0.62498,0.52775,0.71646,3
100,link_congestion,120,0.47732,edge_4,edge_4-edge_0,4,3,edge_4,edge,0.51136,0.53406,7.08174,0.48864,0.46594,0.91666,3
100,normal,-1,0.0,,,-1,-1,cloud_0,cloud,0.41376,0.4638,0.0,0.58624,0.5362,0.55398,3
101,normal,-1,0.0,,,-1,-1,access_0,access,0.2222,0.25596,0.0,0.7778,0.74404,0.3165,2
101,normal,-1,0.0,,,-1,-1,access_1,access,0.22769,0.25641,0.0,0.77231,0.74359,0.3165,2
101,mixed,161,0.58931,edge_0,access_0-edge_0,1,0,edge_0,edge,0.6573,0.57409,24.93071,0.3427,0.42591,1.29866,4
101,normal,-1,0.0,,,-1,-1,edge_1,edge,0.36742,0.44543,0.0,0.63258,0.55457,0.72015,3
101,mixed,165,0.5728,edge_2,access_1-edge_2,1,0,edge_2,edge,0.75876,0.62765,29.33588,0.24124,0.37235,1.30587,4
101,normal,-1,0.0,,,-1,-1,edge_3,edge,0.37289,0.43206,0.0,0.62711,0.56794,0.72015,3
101,link_congestion,120,0.47732,edge_4,edge_4-edge_0,4,3,edge_4,edge,0.476,0.50173,4.62938,0.524,0.49827,0.91911,3
101,normal,-1,0.0,,,-1,-1,cloud_0,cloud,0.41571,0.48325,0.0,0.58429,0.51675,0.55562,3
102,normal,-1,0.0,,,-1,-1,access_0,access,0.24388,0.25308,0.0,0.75612,0.74692,0.31677,2
102,normal,-1,0.0,,,-1,-1,access_1,access,0.22857,0.25843,0.0,0.77143,0.74157,0.31677,2
102,mixed,161,0.58931,edge_0,access_0-edge_0,1,0,edge_0,edge,0.65873,0.61487,27.30471,0.34127,0.38513,1.37627,4
102,normal,-1,0.0,,,-1,-1,edge_1,edge,0.36681,0.43391,0.0,0.63319,0.56609,0.72091,3
102,mixed,165,0.5728,edge_2,access_1-edge_2,1,0,edge_2,edge,0.71441,0.63306,27.38998,0.28559,0.36694,1.24039,4
102,normal,-1,0.0,,,-1,-1,edge_3,edge,0.34917,0.44091,0.0,0.65083,0.55909,0.72091,3
102,link_congestion,120,0.47732,edge_4,edge_4-edge_0,4,3,edge_4,edge,0.51082,0.52926,5.13091,0.48918,0.47074,0.91188,3
102,normal,-1,0.0,,,-1,-1,cloud_0,cloud,0.38726,0.49209,0.0,0.61274,0.50791,0.55596,3
103,normal,-1,0.0,,,-1,-1,access_0,access,0.22996,0.27351,0.0,0.77004,0.72649,0.31597,2
103,normal,-1,0.0,,,-1,-1,access_1,access,0.2275,0.25006,0.0,0.7725,0.74994,0.31597,2
103,mixed,161,0.58931,edge_0,access_0-edge_0,1,0,edge_0,edge,0.68847,0.60713,27.10474,0.31153,0.39287,1.42241,4
103,normal,-1,0.0,,,-1,-1,edge_1,edge,0.38041,0.46164,0.0,0.61959,0.53836,0.71866,3
103,mixed,165,0.5728,edge_2,access_1-edge_2,1,0,edge_2,edge,0.66144,0.60977,24.25023,0.33856,0.39023,1.27111,4
103,normal,-1,0.0,,,-1,-1,edge_3,edge,0.34259,0.4571,0.0,0.65741,0.5429,0.71866,3
103,link_congestion,120,0.47732,edge_4,edge_4-edge_0,4,3,edge_4,edge,0.4935,0.51632,6.32634,0.5065,0.48368,0.89623,3
103,normal,-1,0.0,,,-1,-1,cloud_0,cloud,0.38781,0.48157,0.0,0.61219,0.51843,0.55496,3
104,normal,-1,0.0,,,-1,-1,access_0,access,0.22812,0.26149,0.0,0.77188,0.73851,0.31416,2
104,normal,-1,0.0,,,-1,-1,access_1,access,0.23345,0.24705,0.0,0.76655,0.75295,0.31416,2
104,mixed,161,0.58931,edge_0,access_0-edge_0,1,0,edge_0,edge,0.68271,0.5918,27.9461,0.31729,0.4082,1.4259,4
104,normal,-1,0.0,,,-1,-1,edge_1,edge,0.39617,0.46976,0.0,0.60383,0.53024,0.71359,3
104,mixed,165,0.5728,edge_2,access_1-edge_2,1,0,edge_2,edge,0.72936,0.60603,29.38551,0.27064,0.39397,1.32257,4
104,normal,-1,0.0,,,-1,-1,edge_3,edge,0.36081,0.44667,0.0,0.63919,0.55333,0.71359,3
104,link_congestion,120,0.47732,edge_4,edge_4-edge_0,4,3,edge_4,edge,0.50868,0.53105,6.00605,0.49132,0.46895,0.87486,3
104,normal,-1,0.0,,,-1,-1,cloud_0,cloud,0.39832,0.47909,0.0,0.60168,0.52091,0.55271,3
105,normal,-1,0.0,,,-1,-1,access_0,access,0.22948,0.27301,0.0,0.77052,0.72699,0.31149,2
105,normal,-1,0.0,,,-1,-1,access_1,access,0.24826,0.26628,0.0,0.75174,0.73372,0.31149,2
105,mixed,161,0.58931,edge_0,access_0-edge_0,1,0,edge_0,edge,0.65735,0.58223,26.72868,0.34265,0.41777,1.38499,4
105,normal,-1,0.0,,,-1,-1,edge_1,edge,0.39576,0.47624,0.0,0.60424,0.52376,0.70606,3
105,mixed,165,0.5728,edge_2,access_1-edge_2,1,0,edge_2,edge,0.69563,0.60838,27.44956,0.30437,0.39162,1.3216,4
105,normal,-1,0.0,,,-1,-1,edge_3,edge,0.35341,0.4357,0.0,0.64659,0.5643,0.70606,3
105,mixed,192,0.6535,edge_4,edge_3-edge_4,4,3,edge_4,edge,0.59902,0.55913,21.96597,0.40098,0.44087,1.04409,3
105,normal,-1,0.0,,,-1,-1,cloud_0,cloud,0.3933,0.47455,0.0,0.6067,0.52545,0.54936,3
106,normal,-1,0.0,,,-1,-1,access_0,access,0.22032,0.2596,0.0,0.77968,0.7404,0.30814,2
106,normal,-1,0.0,,,-1,-1,access_1,access,0.2256,0.25112,0.0,0.7744,0.74888,0.30814,2
106,mixed,161,0.58931,edge_0,access_0-edge_0,1,0,edge_0,edge,0.66628,0.60236,25.95964,0.33372,0.39764,1.30825,4
106,normal,-1,0.0,,,-1,-1,edge_1,edge,0.38201,0.46462,0.0,0.61799,0.53538,0.69664,3
106,mixed,165,0.5728,edge_2,access_1-edge_2,1,0,edge_2,edge,0.75037,0.65279,31.18653,0.24963,0.34721,1.27172,4
106,normal,-1,0.0,,,-1,-1,edge_3,edge,0.37701,0.46786,0.0,0.62299,0.53214,0.69664,3
106,mixed,192,0.6535,edge_4,edge_3-edge_4,4,3,edge_4,edge,0.65501,0.61575,24.83234,0.34499,0.38425,1.27128,3
106,normal,-1,0.0,,,-1,-1,cloud_0,cloud,0.38132,0.46295,0.0,0.61868,0.53705,0.54517,3
107,normal,-1,0.0,,,-1,-1,access_0,access,0.22461,0.25605,0.0,0.77539,0.74395,0.30436,2
107,normal,-1,0.0,,,-1,-1,access_1,access,0.21904,0.24747,0.0,0.78096,0.75253,0.30436,2
107,mixed,161,0.58931,edge_0,access_0-edge_0,1,0,edge_0,edge,0.61857,0.56649,24.43038,0.38143,0.43351,1.34373,4
107,normal,-1,0.0,,,-1,-1,edge_1,edge,0.38939,0.45433,0.0,0.61061,0.54567,0.68601,3
107,mixed,165,0.5728,edge_2,access_1-edge_2,1,0,edge_2,edge,0.70073,0.63873,26.01968,0.29927,0.36127,1.19504,4
107,node_overload,80,0.54702,edge_3,edge_2-edge_3,3,2,edge_3,edge,0.51557,0.49433,25.68879,0.48443,0.50567,0.86896,3
107,mixed,192,0.6535,edge_4,edge_3-edge_4,4,3,edge_4,edge,0.7573,0.66226,33.71408,0.2427,0.33774,1.43723,3
107,normal,-1,0.0,,,-1,-1,cloud_0,cloud,0.37139,0.47386,0.0,0.62861,0.52614,0.54045,3
108,normal,-1,0.0,,,-1,-1,access_0,access,0.2353,0.25022,0.0,0.7647,0.74978,0.30044,2
108,normal,-1,0.0,,,-1,-1,access_1,access,0.21053,0.2493,0.0,0.78947,0.7507,0.30044,2
108,mixed,161,0.58931,edge_0,access_0-edge_0,1,0,edge_0,edge,0.71505,0.59361,29.32582,0.28495,0.40639,1.35574,4
108,normal,-1,0.0,,,-1,-1,edge_1,edge,0.3949,0.47443,0.0,0.6051,0.52557,0.67499,3
108,link_congestion,90,0.55654,edge_2,edge_1-edge_2,2,1,edge_2,edge,0.51145,0.56103,8.20162,0.48855,0.43897,0.83034,4
108,node_overload,80,0.54702,edge_3,edge_2-edge_3,3,2,edge_3,edge,0.53483,0.55769,28.37688,0.46517,0.44231,0.90599,3
108,mixed,192,0.6535,edge_4,edge_3-edge_4,4,3,edge_4,edge,0.69122,0.59434,28.31938,0.30878,0.40566,1.34454,3
108,normal,-1,0.0,,,-1,-1,cloud_0,cloud,0.3874,0.44946,0.0,0.6126,0.55054,0.53555,3
109,normal,-1,0.0,,,-1,-1,access_0,access,0.22046,0.26988,0.0,0.77954,0.73012,0.29666,2
109,normal,-1,0.0,,,-1,-1,access_1,access,0.21544,0.25721,0.0,0.78456,0.74279,0.29666,2
109,mixed,161,0.58931,edge_0,access_0-edge_0,1,0,edge_0,edge,0.6764,0.62498,27.38554,0.3236,0.37502,1.33676,4
109,normal,-1,0.0,,,-1,-1,edge_1,edge,0.38074,0.45409,0.0,0.61926,0.54591,0.66436,3
109,link_congestion,90,0.55654,edge_2,edge_1-edge_2,2,1,edge_2,edge,0.55835,0.50342,10.28069,0.44165,0.49658,0.84288,4
109,node_overload,80,0.54702,edge_3,edge_2-edge_3,3,2,edge_3,edge,0.59166,0.54192,33.63021,0.40834,0.45808,0.92888,3
109,mixed,192,0.6535,edge_4,edge_3-edge_4,4,3,edge_4,edge,0.71443,0.61091,30.3275,0.28557,0.38909,1.36506,3
109,normal,-1,0.0,,,-1,-1,cloud_0,cloud,0.37927,0.47676,0.0,0.62073,0.52324,0.53083,3
110,normal,-1,0.0,,,-1,-1,access_0,access,0.21632,0.23927,0.0,0.78368,0.76073,0.29331,2
110,normal,-1,0.0,,,-1,-1,access_1,access,0.22254,0.24592,0.0,0.77746,0.75408,0.29331,2
110,mixed,161,0.58931,edge_0,access_0-edge_0,1,0,edge_0,edge,0.66906,0.59735,25.9445,0.33094,0.40265,1.28928,4
110,normal,-1,0.0,,,-1,-1,edge_1,edge,0.38509,0.47083,0.0,0.61491,0.52917,0.65494,3
110,link_congestion,90,0.55654,edge_2,edge_1-edge_2,2,1,edge_2,edge,0.50202,0.55502,6.37061,0.49798,0.44498,0.85916,4
110,node_overload,80,0.54702,edge_3,edge_2-edge_3,3,2,edge_3,edge,0.57473,0.5488,33.88725,0.42527,0.4512,0.92888,3
110,mixed,192,0.6535,edge_4,edge_3-edge_4,4,3,edge_4,edge,0.69399,0.59083,29.16704,0.30601,0.40917,1.24423,3
110,normal,-1,0.0,,,-1,-1,cloud_0,cloud,0.35607,0.46133,0.0,0.64393,0.53867,0.52664,3
111,normal,-1,0.0,,,-1,-1,access_0,access,0.20925,0.24946,0.0,0.79075,0.75054,0.29064,2
111,normal,-1,0.0,,,-1,-1,access_1,access,0.21182,0.23379,0.0,0.78818,0.76621,0.29064,2
111,mixed,161,0.58931,edge_0,access_0-edge_0,1,0,edge_0,edge,0.66026,0.59393,25.94715,0.33974,0.40607,1.2224,4
111,normal,-1,0.0,,,-1,-1,edge_1,edge,0.3615,0.44898,0.0,0.6385,0.55102,0.64741,3
111,link_congestion,90,0.55654,edge_2,edge_1-edge_2,2,1,edge_2,edge,0.53521,0.5337,8.57129,0.46479,0.4663,0.87743,4
111,node_overload,80,0.54702,edge_3,edge_2-edge_3,3,2,edge_3,edge,0.63349,0.57945,38.30402,0.36651,0.42055,0.90599,3
111,mixed,192,0.6535,edge_4,edge_3-edge_4,4,3,edge_4,edge,0.70967,0.61834,31.89381,0.29033,0.38166,1.34326,3
111,normal,-1,0.0,,,-1,-1,cloud_0,cloud,0.38,0.47439,0.0,0.62,0.52561,0.52329,3
112,normal,-1,0.0,,,-1,-1,access_0,access,0.22072,0.25536,0.0,0.77928,0.74464,0.28883,2
112,normal,-1,0.0,,,-1,-1,access_1,access,0.20309,0.23984,0.0,0.79691,0.76016,0.28883,2
112,mixed,161,0.58931,edge_0,access_0-edge_0,1,0,edge_0,edge,0.66948,0.58301,25.72025,0.33052,0.41699,1.2894,4
112,normal,-1,0.0,,,-1,-1,edge_1,edge,0.36585,0.46212,0.0,0.63415,0.53788,0.64234,3
112,normal,-1,0.0,,,-1,-1,edge_2,edge,0.40805,0.47171,0.0,0.59195,0.52829,0.64234,4
112,node_overload,80,0.54702,edge_3,edge_2-edge_3,3,2,edge_3,edge,0.58981,0.54913,35.29744,0.41019,0.45087,0.86896,3
112,mixed,192,0.6535,edge_4,edge_3-edge_4,4,3,edge_4,edge,0.62834,0.59792,23.15081,0.37166,0.40208,1.20956,3
112,normal,-1,0.0,,,-1,-1,cloud_0,cloud,0.36846,0.45042,0.0,0.63154,0.54958,0.52104,3
113,normal,-1,0.0,,,-1,-1,access_0,access,0.21472,0.23761,0.0,0.78528,0.76239,0.28803,2
113,normal,-1,0.0,,,-1,-1,access_1,access,0.19606,0.26137,0.0,0.80394,0.73863,0.28803,2
113,mixed,161,0.58931,edge_0,access_0-edge_0,1,0,edge_0,edge,0.62413,0.59024,23.88734,0.37587,0.40976,1.32921,4
113,mixed,145,0.40176,edge_1,access_0-edge_1,1,0,edge_1,edge,0.52358,0.53387,11.67068,0.47642,0.46613,0.99878,3
113,normal,-1,0.0,,,-1,-1,edge_2,edge,0.41091,0.47575,0.0,0.58909,0.52425,0.64009,4
113,node_overload,80,0.54702,edge_3,edge_2-edge_3,3,2,edge_3,edge,0.59172,0.57271,35.68067,0.40828,0.42729,0.83193,3
113,link_congestion,132,0.5081,edge_4,edge_3-edge_4,4,3,edge_4,edge,0.49912,0.49939,5.7858,0.50088,0.50061,0.86871,3
113,normal,-1,0.0,,,-1,-1,cloud_0,cloud,0.38055,0.45797,0.0,0.61945,0.54203,0.52004,3
114,normal,-1,0.0,,,-1,-1,access_0,access,0.20897,0.24308,0.0,0.79103,0.75692,0.2883,2
114,normal,-1,0.0,,,-1,-1,access_1,access,0.20759,0.24174,0.0,0.79241,0.75826,0.2883,2
114,mixed,161,0.58931,edge_0,access_0-edge_0,1,0,edge_0,edge,0.67062,0.62792,26.84432,0.32938,0.37208,1.32116,4
114,mixed,145,0.40176,edge_1,access_0-edge_1,1,0,edge_1,edge,0.57202,0.54723,14.63716,0.42798,0.45277,1.1376,3
114,normal,-1,0.0,,,-1,-1,edge_2,edge,0.41347,0.48357,0.0,0.58653,0.51643,0.64085,4
114,node_overload,80,0.54702,edge_3,edge_2-edge_3,3,2,edge_3,edge,0.581,0.57776,35.17015,0.419,0.42224,0.80905,3
114,link_congestion,132,0.5081,edge_4,edge_3-edge_4,4,3,edge_4,edge,0.45944,0.49109,5.11532,0.54056,0.50891,0.89683,3
114,normal,-1,0.0,,,-1,-1,cloud_0,cloud,0.36664,0.46124,0.0,0.63336,0.53876,0.52038,3
115,normal,-1,0.0,,,-1,-1,access_0,access,0.21591,0.25943,0.0,0.78409,0.74057,0.28961,2
115,normal,-1,0.0,,,-1,-1,access_1,access,0.21504,0.24987,0.0,0.78496,0.75013,0.28961,2
115,mixed,161,0.58931,edge_0,access_0-edge_0,1,0,edge_0,edge,0.66076,0.58695,26.91612,0.33924,0.41305,1.27088,4
115,mixed,145,0.40176,edge_1,access_0-edge_1,1,0,edge_1,edge,0.61995,0.62013,18.18005,0.38005,0.37987,1.2883,3
115,normal,-1,0.0,,,-1,-1,edge_2,edge,0.40201,0.47327,0.0,0.59799,0.52673,0.64454,4
115,node_overload,80,0.54702,edge_3,edge_2-edge_3,3,2,edge_3,edge,0.56377,0.53398,33.47745,0.43623,0.46602,0.80905,3
115,link_congestion,132,0.5081,edge_4,edge_3-edge_4,4,3,edge_4,edge,0.48525,0.51653,3.44896,0.51475,0.48347,0.91742,3
115,normal,-1,0.0,,,-1,-1,cloud_0,cloud,0.37194,0.43796,0.0,0.62806,0.56204,0.52202,3
116,normal,-1,0.0,,,-1,-1,access_0,access,0.21642,0.25385,0.0,0.78358,0.74615,0.29188,2
116,normal,-1,0.0,,,-1,-1,access_1,access,0.22292,0.25015,0.0,0.77708,0.74985,0.29188,2
116,mixed,161,0.58931,edge_0,access_0-edge_0,1,0,edge_0,edge,0.60526,0.57489,22.34779,0.39474,0.42511,1.19801,4
116,mixed,145,0.40176,edge_1,access_0-edge_1,1,0,edge_1,edge,0.65077,0.61767,20.92625,0.34923,0.38233,1.38611,3
116,normal,-1,0.0,,,-1,-1,edge_2,edge,0.41388,0.45933,0.0,0.58612,0.54067,0.6509,4
116,node_overload,80,0.54702,edge_3,edge_2-edge_3,3,2,edge_3,edge,0.56945,0.55205,31.27967,0.43055,0.44795,0.83193,3
116,link_congestion,132,0.5081,edge_4,edge_3-edge_4,4,3,edge_4,edge,0.48487,0.48857,4.53892,0.51513,0.51143,0.92496,3
116,normal,-1,0.0,,,-1,-1,cloud_0,cloud,0.38535,0.46737,0.0,0.61465,0.53263,0.52484,3
117,normal,-1,0.0,,,-1,-1,access_0,access,0.21567,0.27448,0.0,0.78433,0.72552,0.29492,2
117,normal,-1,0.0,,,-1,-1,access_1,access,0.20351,0.24984,0.0,0.79649,0.75016,0.29492,2
117,normal,-1,0.0,,,-1,-1,edge_0,edge,0.34187,0.45154,0.0,0.65813,0.54846,0.65946,4
117,mixed,145,0.40176,edge_1,access_0-edge_1,1,0,edge_1,edge,0.64613,0.62674,18.90585,0.35387,0.37326,1.375,3
117,normal,-1,0.0,,,-1,-1,edge_2,edge,0.4133,0.47822,0.0,0.5867,0.52178,0.65946,4
117,node_overload,80,0.54702,edge_3,edge_2-edge_3,3,2,edge_3,edge,0.51961,0.52668,26.37629,0.48039,0.47332,0.86896,3
117,link_congestion,132,0.5081,edge_4,edge_3-edge_4,4,3,edge_4,edge,0.53485,0.54437,9.36437,0.46515,0.45563,0.91742,3
117,normal,-1,0.0,,,-1,-1,cloud_0,cloud,0.39638,0.46278,0.0,0.60362,0.53722,0.52865,3
118,normal,-1,0.0,,,-1,-1,access_0,access,0.21753,0.28153,0.0,0.78247,0.71847,0.29851,2
118,normal,-1,0.0,,,-1,-1,access_1,access,0.22018,0.26051,0.0,0.77982,0.73949,0.29851,2
118,mixed,153,0.45771,edge_0,access_0-edge_0,1,0,edge_0,edge,0.47762,0.5003,11.2657,0.52238,0.4997,1.00885,4
118,link_congestion,133,0.50636,edge_1,access_0-edge_1,1,0,edge_1,edge,0.50024,0.5025,6.3234,0.49976,0.4975,0.86839,3
118,normal,-1,0.0,,,-1,-1,edge_2,edge,0.4155,0.46346,0.0,0.5845,0.53654,0.66957,4
118,node_overload,44,0.57524,edge_3,edge_2-edge_3,3,2,edge_3,edge,0.52113,0.56434,27.87863,0.47887,0.43566,0.87404,3
118,link_congestion,132,0.5081,edge_4,edge_3-edge_4,4,3,edge_4,edge,0.53929,0.53213,9.48999,0.46071,0.46787,0.89683,3
118,normal,-1,0.0,,,-1,-1,cloud_0,cloud,0.38351,0.46229,0.0,0.61649,0.53771,0.53314,3
119,normal,-1,0.0,,,-1,-1,access_0,access,0.21128,0.25738,0.0,0.78872,0.74262,0.3024,2
119,normal,-1,0.0,,,-1,-1,access_1,access,0.23342,0.23975,0.0,0.76658,0.76025,0.3024,2
119,mixed,153,0.45771,edge_0,access_0-edge_0,1,0,edge_0,edge,0.52579,0.51354,12.52982,0.47421,0.48646,1.08497,4
119,link_congestion,133,0.50636,edge_1,access_0-edge_1,1,0,edge_1,edge,0.46103,0.48852,3.6391,0.53897,0.51148,0.88424,3
119,normal,-1,0.0,,,-1,-1,edge_2,edge,0.39341,0.46304,0.0,0.60659,0.53696,0.6805,4
119,node_overload,44,0.57524,edge_3,edge_2-edge_3,3,2,edge_3,edge,0.54878,0.54066,31.0856,0.45122,0.45934,0.90138,3
119,link_congestion,132,0.5081,edge_4,edge_3-edge_4,4,3,edge_4,edge,0.51623,0.54568,8.34155,0.48377,0.45432,0.86871,3
119,normal,-1,0.0,,,-1,-1,cloud_0,cloud,0.37202,0.47919,0.0,0.62798,0.52081,0.538,3
120,normal,-1,0.0,,,-1,-1,access_0,access,0.2238,0.26351,0.0,0.7762,0.73649,0.3024,2
120,normal,-1,0.0,,,-1,-1,access_1,access,0.21639,0.2449,0.0,0.78361,0.7551,0.3024,2
120,mixed,153,0.45771,edge_0,access_0-edge_0,1,0,edge_0,edge,0.56046,0.56481,17.21155,0.43954,0.43519,1.17206,4
120,link_congestion,133,0.50636,edge_1,access_0-edge_1,1,0,edge_1,edge,0.50699,0.51051,6.00579,0.49301,0.48949,0.89881,3
120,normal,-1,0.0,,,-1,-1,edge_2,edge,0.41187,0.49774,0.0,0.58813,0.50226,0.6805,4
120,node_overload,44,0.57524,edge_3,edge_2-edge_3,3,2,edge_3,edge,0.5499,0.52774,31.33823,0.4501,0.47226,0.9233,3
120,link_congestion,132,0.5081,edge_4,edge_3-edge_4,4,3,edge_4,edge,0.45218,0.50723,3.50905,0.54782,0.49277,0.84058,3
120,normal,-1,0.0,,,-1,-1,cloud_0,cloud,0.37599,0.45495,0.0,0.62401,0.54505,0.538,3
121,normal,-1,0.0,,,-1,-1,access_0,access,0.21917,0.25161,0.0,0.78083,0.74839,0.30629,2
121,normal,-1,0.0,,,-1,-1,access_1,access,0.22062,0.25148,0.0,0.77938,0.74852,0.30629,2
121,mixed,153,0.45771,edge_0,access_0-edge_0,1,0,edge_0,edge,0.60327,0.60008,18.61016,0.39673,0.39992,1.26088,4
121,link_congestion,133,0.50636,edge_1,access_0-edge_1,1,0,edge_1,edge,0.50359,0.50779,5.2272,0.49641,0.49221,0.91091,3
121,normal,-1,0.0,,,-1,-1,edge_2,edge,0.4002,0.47894,0.0,0.5998,0.52106,0.69143,4
121,node_overload,44,0.57524,edge_3,edge_2-edge_3,3,2,edge_3,edge,0.59696,0.57229,37.30537,0.40304,0.42771,0.93546,3
121,link_congestion,132,0.5081,edge_4,edge_3-edge_4,4,3,edge_4,edge,0.50018,0.5025,6.20076,0.49982,0.4975,0.81999,3
121,normal,-1,0.0,,,-1,-1,cloud_0,cloud,0.37683,0.46623,0.0,0.62317,0.53377,0.54286,3
122,normal,-1,0.0,,,-1,-1,access_0,access,0.22404,0.25907,0.0,0.77596,0.74093,0.30988,2
122,normal,-1,0.0,,,-1,-1,access_1,access,0.23441,0.26439,0.0,0.76559,0.73561,0.30988,2
122,mixed,153,0.45771,edge_0,access_0-edge_0,1,0,edge_0,edge,0.62329,0.56301,19.14565,0.37671,0.43699,1.33836,4
122,link_congestion,133,0.50636,edge_1,access_0-edge_1,1,0,edge_1,edge,0.47686,0.48674,3.55373,0.52314,0.51326,0.91956,3
122,node_overload,50,0.5136,edge_2,access_1-edge_2,1,0,edge_2,edge,0.56332,0.55577,28.77469,0.43668,0.44423,0.86295,4
122,node_overload,44,0.57524,edge_3,edge_2-edge_3,3,2,edge_3,edge,0.61251,0.5766,36.98181,0.38749,0.4234,0.93546,3
122,link_congestion,132,0.5081,edge_4,edge_3-edge_4,4,3,edge_4,edge,0.51748,0.54699,6.78395,0.48252,0.45301,0.81246,3
122,normal,-1,0.0,,,-1,-1,cloud_0,cloud,0.38934,0.47379,0.0,0.61066,0.52621,0.54735,3
123,normal,-1,0.0,,,-1,-1,access_0,access,0.22386,0.25504,0.0,0.77614,0.74496,0.31292,2
123,normal,-1,0.0,,,-1,-1,access_1,access,0.22019,0.24498,0.0,0.77981,0.75502,0.31292,2
123,mixed,153,0.45771,edge_0,access_0-edge_0,1,0,edge_0,edge,0.66392,0.59391,22.5276,0.33608,0.40609,1.3904,4
123,link_congestion,133,0.50636,edge_1,access_0-edge_1,1,0,edge_1,edge,0.52091,0.54442,6.70553,0.47909,0.45558,0.92407,3
123,node_overload,50,0.5136,edge_2,access_1-edge_2,1,0,edge_2,edge,0.6022,0.60268,30.44073,0.3978,0.39732,0.89701,4
123,node_overload,44,0.57524,edge_3,edge_2-edge_3,3,2,edge_3,edge,0.66172,0.60809,40.77141,0.33828,0.39191,0.9233,3
123,link_congestion,132,0.5081,edge_4,edge_3-edge_4,4,3,edge_4,edge,0.4581,0.49982,4.56494,0.5419,0.50018,0.81999,3
123,normal,-1,0.0,,,-1,-1,cloud_0,cloud,0.38725,0.46593,0.0,0.61275,0.53407,0.55116,3
124,normal,-1,0.0,,,-1,-1,access_0,access,0.22545,0.2646,0.0,0.77455,0.7354,0.31519,2
124,normal,-1,0.0,,,-1,-1,access_1,access,0.22663,0.26366,0.0,0.77337,0.73634,0.31519,2
124,mixed,153,0.45771,edge_0,access_0-edge_0,1,0,edge_0,edge,0.66289,0.58477,22.84114,0.33711,0.41523,1.40604,4
124,link_congestion,133,0.50636,edge_1,access_0-edge_1,1,0,edge_1,edge,0.50118,0.53045,6.5554,0.49882,0.46955,0.92407,3
124,node_overload,50,0.5136,edge_2,access_1-edge_2,1,0,edge_2,edge,0.67328,0.60462,35.62039,0.32672,0.39538,0.92025,4
124,node_overload,44,0.57524,edge_3,edge_2-edge_3,3,2,edge_3,edge,0.65091,0.55618,39.23106,0.34909,0.44382,0.90138,3
124,link_congestion,132,0.5081,edge_4,edge_3-edge_4,4,3,edge_4,edge,0.49865,0.50142,6.14267,0.50135,0.49858,0.84058,3
124,normal,-1,0.0,,,-1,-1,cloud_0,cloud,0.40238,0.50037,0.0,0.59762,0.49963,0.55398,3
125,normal,-1,0.0,,,-1,-1,access_0,access,0.23419,0.26559,0.0,0.76581,0.73441,0.3165,2
125,normal,-1,0.0,,,-1,-1,access_1,access,0.22379,0.27512,0.0,0.77621,0.72488,0.3165,2
125,mixed,153,0.45771,edge_0,access_0-edge_0,1,0,edge_0,edge,0.66842,0.63013,22.77327,0.33158,0.36987,1.3812,4
125,link_congestion,133,0.50636,edge_1,access_0-edge_1,1,0,edge_1,edge,0.51456,0.55723,9.16724,0.48544,0.44277,0.91956,3
125,node_overload,50,0.5136,edge_2,access_1-edge_2,1,0,edge_2,edge,0.66252,0.58499,36.9056,0.33748,0.41501,0.92531,4
125,node_overload,44,0.57524,edge_3,edge_2-edge_3,3,2,edge_3,edge,0.61339,0.55918,36.4872,0.38661,0.44082,0.87404,3
125,link_congestion,132,0.5081,edge_4,edge_3-edge_4,4,3,edge_4,edge,0.48714,0.50475,5.86341,0.51286,0.49525,0.86871,3
125,normal,-1,0.0,,,-1,-1,cloud_0,cloud,0.39065,0.47583,0.0,0.60935,0.52417,0.55562,3
126,normal,-1,0.0,,,-1,-1,access_0,access,0.22685,0.25785,0.0,0.77315,0.74215,0.31677,2
126,normal,-1,0.0,,,-1,-1,access_1,access,0.23422,0.25632,0.0,0.76578,0.74368,0.31677,2
126,mixed,153,0.45771,edge_0,access_0-edge_0,1,0,edge_0,edge,0.63933,0.625,22.47207,0.36067,0.375,1.32033,4
126,link_congestion,133,0.50636,edge_1,access_0-edge_1,1,0,edge_1,edge,0.50851,0.49774,7.37692,0.49149,0.50226,0.91091,3
126,node_overload,50,0.5136,edge_2,access_1-edge_2,1,0,edge_2,edge,0.68662,0.60026,39.12539,0.31338,0.39974,0.91056,4
126,node_overload,44,0.57524,edge_3,edge_2-edge_3,3,2,edge_3,edge,0.58914,0.56417,36.60098,0.41086,0.43583,0.84671,3
126,normal,-1,0.0,,,-1,-1,edge_4,edge,0.37736,0.46877,0.0,0.62264,0.53123,0.72091,3
126,normal,-1,0.0,,,-1,-1,cloud_0,cloud,0.39169,0.4791,0.0,0.60831,0.5209,0.55596,3
127,normal,-1,0.0,,,-1,-1,access_0,access,0.22146,0.2486,0.0,0.77854,0.7514,0.31597,2
127,normal,-1,0.0,,,-1,-1,access_1,access,0.23655,0.26374,0.0,0.76345,0.73626,0.31597,2
127,mixed,153,0.45771,edge_0,access_0-edge_0,1,0,edge_0,edge,0.63878,0.58974,22.25068,0.36122,0.41026,1.3046,4
127,link_congestion,133,0.50636,edge_1,access_0-edge_1,1,0,edge_1,edge,0.50897,0.5306,7.31998,0.49103,0.4694,0.89881,3
127,node_overload,50,0.5136,edge_2,access_1-edge_2,1,0,edge_2,edge,0.65477,0.61704,37.10666,0.34523,0.38296,0.8807,4
127,node_overload,44,0.57524,edge_3,edge_2-edge_3,3,2,edge_3,edge,0.64967,0.59042,38.13855,0.35033,0.40958,0.82479,3
127,normal,-1,0.0,,,-1,-1,edge_4,edge,0.38936,0.48519,0.0,0.61064,0.51481,0.71866,3
127,normal,-1,0.0,,,-1,-1,cloud_0,cloud,0.41156,0.47489,0.0,0.58844,0.52511,0.55496,3
128,normal,-1,0.0,,,-1,-1,access_0,access,0.2468,0.26591,0.0,0.7532,0.73409,0.31416,2
128,normal,-1,0.0,,,-1,-1,access_1,access,0.22528,0.25077,0.0,0.77472,0.74923,0.31416,2
128,mixed,153,0.45771,edge_0,access_0-edge_0,1,0,edge_0,edge,0.6127,0.55275,19.55059,0.3873,0.44725,1.32946,4
128,link_congestion,133,0.50636,edge_1,access_0-edge_1,1,0,edge_1,edge,0.46051,0.46717,4.40202,0.53949,0.53283,0.88424,3
128,node_overload,50,0.5136,edge_2,access_1-edge_2,1,0,edge_2,edge,0.61971,0.54026,34.91643,0.38029,0.45974,0.8452,4
128,node_overload,44,0.57524,edge_3,edge_2-edge_3,3,2,edge_3,edge,0.60087,0.53735,36.74343,0.39913,0.46265,0.81262,3
128,normal,-1,0.0,,,-1,-1,edge_4,edge,0.36901,0.4571,0.0,0.63099,0.5429,0.71359,3
128,normal,-1,0.0,,,-1,-1,cloud_0,cloud,0.38878,0.47802,0.0,0.61122,0.52198,0.55271,3
129,normal,-1,0.0,,,-1,-1,access_0,access,0.22776,0.25674,0.0,0.77224,0.74326,0.31149,2
129,normal,-1,0.0,,,-1,-1,access_1,access,0.22507,0.24046,0.0,0.77493,0.75954,0.31149,2
129,mixed,153,0.45771,edge_0,access_0-edge_0,1,0,edge_0,edge,0.63008,0.54231,22.76815,0.36992,0.45769,1.32786,4
129,mixed,181,0.56161,edge_1,access_0-edge_1,1,0,edge_1,edge,0.53529,0.48002,15.82646,0.46471,0.51998,1.02755,3
129,node_overload,50,0.5136,edge_2,access_1-edge_2,1,0,edge_2,edge,0.64492,0.58418,37.27513,0.35508,0.41582,0.81534,4
129,node_overload,44,0.57524,edge_3,edge_2-edge_3,3,2,edge_3,edge,0.61169,0.60798,37.6545,0.38831,0.39202,0.81262,3
129,normal,-1,0.0,,,-1,-1,edge_4,edge,0.36856,0.46632,0.0,0.63144,0.53368,0.70606,3
129,normal,-1,0.0,,,-1,-1,cloud_0,cloud,0.39606,0.4823,0.0,0.60394,0.5177,0.54936,3
130,normal,-1,0.0,,,-1,-1,access_0,access,0.22783,0.25252,0.0,0.77217,0.74748,0.30814,2
130,normal,-1,0.0,,,-1,-1,access_1,access,0.21824,0.26117,0.0,0.78176,0.73883,0.30814,2
130,mixed,153,0.45771,edge_0,access_0-edge_0,1,0,edge_0,edge,0.62816,0.58446,20.15325,0.37184,0.41554,1.29853,4
130,mixed,181,0.56161,edge_1,access_0-edge_1,1,0,edge_1,edge,0.56071,0.53949,17.64471,0.43929,0.46051,1.1339,3
130,node_overload,50,0.5136,edge_2,access_1-edge_2,1,0,edge_2,edge,0.68453,0.57505,38.26988,0.31547,0.42495,0.80059,4
130,node_overload,44,0.57524,edge_3,edge_2-edge_3,3,2,edge_3,edge,0.60284,0.52754,35.47319,0.39716,0.47246,0.82479,3
130,normal,-1,0.0,,,-1,-1,edge_4,edge,0.40178,0.47083,0.0,0.59822,0.52917,0.69664,3
130,normal,-1,0.0,,,-1,-1,cloud_0,cloud,0.40478,0.46017,0.0,0.59522,0.53983,0.54517,3
131,normal,-1,0.0,,,-1,-1,access_0,access,0.22739,0.24008,0.0,0.77261,0.75992,0.30436,2
131,normal,-1,0.0,,,-1,-1,access_1,access,0.21304,0.24223,0.0,0.78696,0.75777,0.30436,2
131,mixed,153,0.45771,edge_0,access_0-edge_0,1,0,edge_0,edge,0.55852,0.51215,16.94519,0.44148,0.48785,1.246,4
131,mixed,181,0.56161,edge_1,access_0-edge_1,1,0,edge_1,edge,0.61557,0.5534,21.17779,0.38443,0.4466,1.25475,3
131,node_overload,50,0.5136,edge_2,access_1-edge_2,1,0,edge_2,edge,0.61425,0.5612,33.79899,0.38575,0.4388,0.80564,4
131,node_overload,44,0.57524,edge_3,edge_2-edge_3,3,2,edge_3,edge,0.57982,0.52708,32.23807,0.42018,0.47292,0.84671,3
131,normal,-1,0.0,,,-1,-1,edge_4,edge,0.38119,0.47094,0.0,0.61881,0.52906,0.68601,3
131,normal,-1,0.0,,,-1,-1,cloud_0,cloud,0.39144,0.4701,0.0,0.60856,0.5299,0.54045,3
132,normal,-1,0.0,,,-1,-1,access_0,access,0.2309,0.25732,0.0,0.7691,0.74268,0.30044,2
132,normal,-1,0.0,,,-1,-1,access_1,access,0.21479,0.25,0.0,0.78521,0.75,0.30044,2
132,mixed,153,0.45771,edge_0,access_0-edge_0,1,0,edge_0,edge,0.58953,0.56891,17.78414,0.41047,0.43109,1.21231,4
132,mixed,181,0.56161,edge_1,access_0-edge_1,1,0,edge_1,edge,0.67086,0.59487,25.90826,0.32914,0.40513,1.36178,3
132,node_overload,50,0.5136,edge_2,access_1-edge_2,1,0,edge_2,edge,0.58199,0.55474,31.07727,0.41801,0.44526,0.82889,4
132,node_overload,44,0.57524,edge_3,edge_2-edge_3,3,2,edge_3,edge,0.50769,0.52388,28.92015,0.49231,0.47612,0.87404,3
132,normal,-1,0.0,,,-1,-1,edge_4,edge,0.40694,0.4802,0.0,0.59306,0.5198,0.67499,3
132,normal,-1,0.0,,,-1,-1,cloud_0,cloud,0.37695,0.46018,0.0,0.62305,0.53982,0.53555,3
133,normal,-1,0.0,,,-1,-1,access_0,access,0.21894,0.28077,0.0,0.78106,0.71923,0.29666,2
133,normal,-1,0.0,,,-1,-1,access_1,access,0.2166,0.25186,0.0,0.7834,0.74814,0.29666,2
133,mixed,153,0.45771,edge_0,access_0-edge_0,1,0,edge_0,edge,0.59501,0.58227,20.55641,0.40499,0.41773,1.27771,4
133,mixed,181,0.56161,edge_1,access_0-edge_1,1,0,edge_1,edge,0.68288,0.6188,26.84906,0.31712,0.3812,1.42069,3
133,node_overload,50,0.5136,edge_2,access_1-edge_2,1,0,edge_2,edge,0.57269,0.56446,29.13055,0.42731,0.43554,0.86295,4
133,normal,-1,0.0,,,-1,-1,edge_3,edge,0.3515,0.45934,0.0,0.6485,0.54066,0.66436,3
133,normal,-1,0.0,,,-1,-1,edge_4,edge,0.38348,0.45836,0.0,0.61652,0.54164,0.66436,3
133,normal,-1,0.0,,,-1,-1,cloud_0,cloud,0.39214,0.47225,0.0,0.60786,0.52775,0.53083,3
134,normal,-1,0.0,,,-1,-1,access_0,access,0.20683,0.25981,0.0,0.79317,0.74019,0.29331,2
134,normal,-1,0.0,,,-1,-1,access_1,access,0.22782,0.24772,0.0,0.77218,0.75228,0.29331,2
134,mixed,147,0.56048,edge_0,edge_0-edge_1,3,2,edge_0,edge,0.53108,0.51455,16.92361,0.46892,0.48545,1.02735,4
134,mixed,181,0.56161,edge_1,access_0-edge_1,1,0,edge_1,edge,0.71546,0.62801,29.69793,0.28454,0.37199,1.40854,3
134,normal,-1,0.0,,,-1,-1,edge_2,edge,0.39928,0.47334,0.0,0.60072,0.52666,0.65494,4
134,normal,-1,0.0,,,-1,-1,edge_3,edge,0.35087,0.45447,0.0,0.64913,0.54553,0.65494,3
134,mixed,164,0.52886,edge_4,edge_4-edge_0,4,3,edge_4,edge,0.56993,0.56596,18.11311,0.43007,0.43404,1.02165,3
134,normal,-1,0.0,,,-1,-1,cloud_0,cloud,0.37368,0.45388,0.0,0.62632,0.54612,0.52664,3
135,normal,-1,0.0,,,-1,-1,access_0,access,0.21272,0.23947,0.0,0.78728,0.76053,0.29064,2
135,normal,-1,0.0,,,-1,-1,access_1,access,0.21851,0.23564,0.0,0.78149,0.76436,0.29064,2
135,mixed,147,0.56048,edge_0,edge_0-edge_1,3,2,edge_0,edge,0.58259,0.51024,18.1106,0.41741,0.48976,1.11328,4
135,mixed,181,0.56161,edge_1,access_0-edge_1,1,0,edge_1,edge,0.69335,0.64072,26.48969,0.30665,0.35928,1.328,3
135,normal,-1,0.0,,,-1,-1,edge_2,edge,0.41146,0.46646,0.0,0.58854,0.53354,0.64741,4
135,normal,-1,0.0,,,-1,-1,edge_3,edge,0.34085,0.45071,0.0,0.65915,0.54929,0.64741,3
135,mixed,164,0.52886,edge_4,edge_4-edge_0,4,3,edge_4,edge,0.5382,0.5664,15.34234,0.4618,0.4336,1.08356,3
135,normal,-1,0.0,,,-1,-1,cloud_0,cloud,0.39516,0.4503,0.0,0.60484,0.5497,0.52329,3
136,normal,-1,0.0,,,-1,-1,access_0,access,0.21312,0.26098,0.0,0.78688,0.73902,0.28883,2
136,normal,-1,0.0,,,-1,-1,access_1,access,0.21422,0.25453,0.0,0.78578,0.74547,0.28883,2
136,mixed,147,0.56048,edge_0,edge_0-edge_1,3,2,edge_0,edge,0.60462,0.58703,22.03957,0.39538,0.41297,1.21174,4
136,mixed,181,0.56161,edge_1,access_0-edge_1,1,0,edge_1,edge,0.69484,0.59239,26.94096,0.30516,0.40761,1.33874,3
136,normal,-1,0.0,,,-1,-1,edge_2,edge,0.37975,0.44795,0.0,0.62025,0.55205,0.64234,4
136,normal,-1,0.0,,,-1,-1,edge_3,edge,0.36648,0.47835,0.0,0.63352,0.52165,0.64234,3
136,mixed,164,0.52886,edge_4,edge_4-edge_0,4,3,edge_4,edge,0.59967,0.57572,19.73791,0.40033,0.42428,1.15381,3
136,normal,-1,0.0,,,-1,-1,cloud_0,cloud,0.38448,0.46781,0.0,0.61552,0.53219,0.52104,3
137,normal,-1,0.0,,,-1,-1,access_0,access,0.21368,0.23743,0.0,0.78632,0.76257,0.28803,2
137,normal,-1,0.0,,,-1,-1,access_1,access,0.22446,0.24577,0.0,0.77554,0.75423,0.28803,2
137,mixed,147,0.56048,edge_0,edge_0-edge_1,3,2,edge_0,edge,0.62636,0.55858,22.99043,0.37364,0.44142,1.30877,4
137,mixed,181,0.56161,edge_1,access_0-edge_1,1,0,edge_1,edge,0.70701,0.64876,27.62274,0.29299,0.35124,1.34852,3
137,normal,-1,0.0,,,-1,-1,edge_2,edge,0.43088,0.49939,0.0,0.56912,0.50061,0.64009,4
137,normal,-1,0.0,,,-1,-1,edge_3,edge,0.34517,0.43652,0.0,0.65483,0.56348,0.64009,3
137,mixed,164,0.52886,edge_4,edge_4-edge_0,4,3,edge_4,edge,0.59647,0.58123,20.09262,0.40353,0.41877,1.22787,3
137,normal,-1,0.0,,,-1,-1,cloud_0,cloud,0.38019,0.46696,0.0,0.61981,0.53304,0.52004,3
138,normal,-1,0.0,,,-1,-1,access_0,access,0.22848,0.24817,0.0,0.77152,0.75183,0.2883,2
138,normal,-1,0.0,,,-1,-1,access_1,access,0.23079,0.24405,0.0,0.76921,0.75595,0.2883,2
138,mixed,147,0.56048,edge_0,edge_0-edge_1,3,2,edge_0,edge,0.69306,0.63706,26.82206,0.30694,0.36294,1.38531,4
138,mixed,181,0.56161,edge_1,access_0-edge_1,1,0,edge_1,edge,0.6404,0.58891,24.2277,0.3596,0.41109,1.30768,3
138,normal,-1,0.0,,,-1,-1,edge_2,edge,0.395,0.45929,0.0,0.605,0.54071,0.64085,4
138,normal,-1,0.0,,,-1,-1,edge_3,edge,0.32412,0.42938,0.0,0.67588,0.57062,0.64085,3
138,mixed,164,0.52886,edge_4,edge_4-edge_0,4,3,edge_4,edge,0.66941,0.57879,24.52775,0.33059,0.42121,1.29913,3
138,normal,-1,0.0,,,-1,-1,cloud_0,cloud,0.37074,0.45049,0.0,0.62926,0.54951,0.52038,3
139,normal,-1,0.0,,,-1,-1,access_0,access,0.20363,0.25253,0.0,0.79637,0.74747,0.28961,2
139,normal,-1,0.0,,,-1,-1,access_1,access,0.21423,0.24596,0.0,0.78577,0.75404,0.28961,2
139,mixed,147,0.56048,edge_0,edge_0-edge_1,3,2,edge_0,edge,0.69467,0.60929,27.12225,0.30533,0.39071,1.42295,4
139,mixed,181,0.56161,edge_1,access_0-edge_1,1,0,edge_1,edge,0.65306,0.6127,24.54989,0.34694,0.3873,1.22769,3
139,normal,-1,0.0,,,-1,-1,edge_2,edge,0.42459,0.45417,0.0,0.57541,0.54583,0.64454,4
139,normal,-1,0.0,,,-1,-1,edge_3,edge,0.3456,0.43582,0.0,0.6544,0.56418,0.64454,3
139,mixed,164,0.52886,edge_4,edge_4-edge_0,4,3,edge_4,edge,0.66459,0.59393,26.15809,0.33541,0.40607,1.35968,3
139,normal,-1,0.0,,,-1,-1,cloud_0,cloud,0.37395,0.47085,0.0,0.62605,0.52915,0.52202,3
140,normal,-1,0.0,,,-1,-1,access_0,access,0.23061,0.2555,0.0,0.76939,0.7445,0.29188,2
140,normal,-1,0.0,,,-1,-1,access_1,access,0.23218,0.24557,0.0,0.76782,0.75443,0.29188,2
140,mixed,147,0.56048,edge_0,edge_0-edge_1,3,2,edge_0,edge,0.66831,0.59046,26.66859,0.33169,0.40954,1.4111,4
140,mixed,181,0.56161,edge_1,access_0-edge_1,1,0,edge_1,edge,0.68777,0.59175,25.74043,0.31223,0.40825,1.29274,3
140,normal,-1,0.0,,,-1,-1,edge_2,edge,0.41386,0.47693,0.0,0.58614,0.52307,0.6509,4
140,normal,-1,0.0,,,-1,-1,edge_3,edge,0.32127,0.44667,0.0,0.67873,0.55333,0.6509,3
140,mixed,164,0.52886,edge_4,edge_4-edge_0,4,3,edge_4,edge,0.6633,0.59997,25.85569,0.3367,0.40003,1.40164,3
140,normal,-1,0.0,,,-1,-1,cloud_0,cloud,0.36584,0.46816,0.0,0.63416,0.53184,0.52484,3
141,normal,-1,0.0,,,-1,-1,access_0,access,0.22294,0.25448,0.0,0.77706,0.74552,0.29492,2
141,normal,-1,0.0,,,-1,-1,access_1,access,0.22851,0.2509,0.0,0.77149,0.7491,0.29492,2
141,mixed,147,0.56048,edge_0,edge_0-edge_1,3,2,edge_0,edge,0.67037,0.64369,25.8124,0.32963,0.35631,1.35174,4
141,mixed,181,0.56161,edge_1,access_0-edge_1,1,0,edge_1,edge,0.68394,0.62523,26.08975,0.31606,0.37477,1.32673,3
141,normal,-1,0.0,,,-1,-1,edge_2,edge,0.39093,0.45276,0.0,0.60907,0.54724,0.65946,4
141,normal,-1,0.0,,,-1,-1,edge_3,edge,0.34122,0.45409,0.0,0.65878,0.54591,0.65946,3
141,mixed,164,0.52886,edge_4,edge_4-edge_0,4,3,edge_4,edge,0.70483,0.62978,27.98488,0.29517,0.37022,1.41887,3
141,normal,-1,0.0,,,-1,-1,cloud_0,cloud,0.37735,0.46981,0.0,0.62265,0.53019,0.52865,3
142,normal,-1,0.0,,,-1,-1,access_0,access,0.21006,0.25372,0.0,0.78994,0.74628,0.29851,2
142,normal,-1,0.0,,,-1,-1,access_1,access,0.22364,0.24424,0.0,0.77636,0.75576,0.29851,2
142,mixed,147,0.56048,edge_0,edge_0-edge_1,3,2,edge_0,edge,0.66377,0.60688,24.3098,0.33623,0.39312,1.32093,4
142,mixed,181,0.56161,edge_1,access_0-edge_1,1,0,edge_1,edge,0.65406,0.58666,25.11499,0.34594,0.41334,1.28359,3
142,normal,-1,0.0,,,-1,-1,edge_2,edge,0.40804,0.47452,0.0,0.59196,0.52548,0.66957,4
142,normal,-1,0.0,,,-1,-1,edge_3,edge,0.33711,0.44629,0.0,0.66289,0.55371,0.66957,3
142,mixed,164,0.52886,edge_4,edge_4-edge_0,4,3,edge_4,edge,0.68092,0.57141,26.9335,0.31908,0.42859,1.40845,3
142,normal,-1,0.0,,,-1,-1,cloud_0,cloud,0.37832,0.47901,0.0,0.62168,0.52099,0.53314,3
143,normal,-1,0.0,,,-1,-1,access_0,access,0.22486,0.25817,0.0,0.77514,0.74183,0.3024,2
143,normal,-1,0.0,,,-1,-1,access_1,access,0.22002,0.23977,0.0,0.77998,0.76023,0.3024,2
143,mixed,147,0.56048,edge_0,edge_0-edge_1,3,2,edge_0,edge,0.72133,0.64385,28.16748,0.27867,0.35615,1.34863,4
143,mixed,181,0.56161,edge_1,access_0-edge_1,1,0,edge_1,edge,0.63403,0.58136,23.49154,0.36597,0.41864,1.19302,3
143,normal,-1,0.0,,,-1,-1,edge_2,edge,0.4094,0.49026,0.0,0.5906,0.50974,0.6805,4
143,normal,-1,0.0,,,-1,-1,edge_3,edge,0.38173,0.43725,0.0,0.61827,0.56275,0.6805,3
143,mixed,164,0.52886,edge_4,edge_4-edge_0,4,3,edge_4,edge,0.69543,0.63623,26.33773,0.30457,0.36377,1.37142,3
143,normal,-1,0.0,,,-1,-1,cloud_0,cloud,0.37827,0.46157,0.0,0.62173,0.53843,0.538,3
144,normal,-1,0.0,,,-1,-1,access_0,access,0.22738,0.25716,0.0,0.77262,0.74284,0.3024,2
144,normal,-1,0.0,,,-1,-1,access_1,access,0.22067,0.25221,0.0,0.77933,0.74779,0.3024,2
144,mixed,147,0.56048,edge_0,edge_0-edge_1,3,2,edge_0,edge,0.64715,0.59928,26.4194,0.35285,0.40072,1.34314,4
144,normal,-1,0.0,,,-1,-1,edge_1,edge,0.35632,0.45427,0.0,0.64368,0.54573,0.6805,3
144,normal,-1,0.0,,,-1,-1,edge_2,edge,0.41369,0.46399,0.0,0.58631,0.53601,0.6805,4
144,normal,-1,0.0,,,-1,-1,edge_3,edge,0.32761,0.42873,0.0,0.67239,0.57127,0.6805,3
144,mixed,164,0.52886,edge_4,edge_4-edge_0,4,3,edge_4,edge,0.6626,0.61923,24.41684,0.3374,0.38077,1.31265,3
144,normal,-1,0.0,,,-1,-1,cloud_0,cloud,0.40396,0.46361,0.0,0.59604,0.53639,0.538,3
145,normal,-1,0.0,,,-1,-1,access_0,access,0.21123,0.2566,0.0,0.78877,0.7434,0.30629,2
145,normal,-1,0.0,,,-1,-1,access_1,access,0.21863,0.24388,0.0,0.78137,0.75612,0.30629,2
145,mixed,147,0.56048,edge_0,edge_0-edge_1,3,2,edge_0,edge,0.6494,0.60092,24.25695,0.3506,0.39908,1.30365,4
145,normal,-1,0.0,,,-1,-1,edge_1,edge,0.39516,0.46838,0.0,0.60484,0.53162,0.69143,3
145,normal,-1,0.0,,,-1,-1,edge_2,edge,0.40454,0.47283,0.0,0.59546,0.52717,0.69143,4
145,normal,-1,0.0,,,-1,-1,edge_3,edge,0.36272,0.45803,0.0,0.63728,0.54197,0.69143,3
145,mixed,164,0.52886,edge_4,edge_4-edge_0,4,3,edge_4,edge,0.66502,0.58567,23.73496,0.33498,0.41433,1.32049,3
145,normal,-1,0.0,,,-1,-1,cloud_0,cloud,0.36889,0.45854,0.0,0.63111,0.54146,0.54286,3
146,normal,-1,0.0,,,-1,-1,access_0,access,0.22702,0.25645,0.0,0.77298,0.74355,0.30988,2
146,normal,-1,0.0,,,-1,-1,access_1,access,0.23937,0.25463,0.0,0.76063,0.74537,0.30988,2
146,mixed,147,0.56048,edge_0,edge_0-edge_1,3,2,edge_0,edge,0.66786,0.57889,25.79089,0.33214,0.42111,1.23817,4
146,normal,-1,0.0,,,-1,-1,edge_1,edge,0.38641,0.4422,0.0,0.61359,0.5578,0.70154,3
146,normal,-1,0.0,,,-1,-1,edge_2,edge,0.40638,0.4643,0.0,0.59362,0.5357,0.70154,4
146,normal,-1,0.0,,,-1,-1,edge_3,edge,0.35859,0.45091,0.0,0.64141,0.54909,0.70154,3
146,mixed,164,0.52886,edge_4,edge_4-edge_0,4,3,edge_4,edge,0.67743,0.63967,25.90238,0.32257,0.36033,1.34109,3
146,normal,-1,0.0,,,-1,-1,cloud_0,cloud,0.38823,0.43997,0.0,0.61177,0.56003,0.54735,3
147,normal,-1,0.0,,,-1,-1,access_0,access,0.22472,0.25682,0.0,0.77528,0.74318,0.31292,2
147,normal,-1,0.0,,,-1,-1,access_1,access,0.20464,0.26293,0.0,0.79536,0.73707,0.31292,2
147,mixed,147,0.56048,edge_0,edge_0-edge_1,3,2,edge_0,edge,0.67515,0.59381,26.92861,0.32485,0.40619,1.26889,4
147,normal,-1,0.0,,,-1,-1,edge_1,edge,0.37727,0.46352,0.0,0.62273,0.53648,0.7101,3
147,normal,-1,0.0,,,-1,-1,edge_2,edge,0.38696,0.45366,0.0,0.61304,0.54634,0.7101,4
147,normal,-1,0.0,,,-1,-1,edge_3,edge,0.35402,0.4579,0.0,0.64598,0.5421,0.7101,3
147,mixed,164,0.52886,edge_4,edge_4-edge_0,4,3,edge_4,edge,0.65342,0.56004,23.6626,0.34658,0.43996,1.34381,3
147,normal,-1,0.0,,,-1,-1,cloud_0,cloud,0.37214,0.4674,0.0,0.62786,0.5326,0.55116,3
148,normal,-1,0.0,,,-1,-1,access_0,access,0.24475,0.26013,0.0,0.75525,0.73987,0.31519,2
148,normal,-1,0.0,,,-1,-1,access_1,access,0.23874,0.25118,0.0,0.76126,0.74882,0.31519,2
148,mixed,147,0.56048,edge_0,edge_0-edge_1,3,2,edge_0,edge,0.6503,0.59428,24.95735,0.3497,0.40572,1.32035,4
148,normal,-1,0.0,,,-1,-1,edge_1,edge,0.39939,0.47,0.0,0.60061,0.53,0.71646,3
148,normal,-1,0.0,,,-1,-1,edge_2,edge,0.41303,0.48305,0.0,0.58697,0.51695,0.71646,4
148,normal,-1,0.0,,,-1,-1,edge_3,edge,0.35459,0.46344,0.0,0.64541,0.53656,0.71646,3
148,mixed,164,0.52886,edge_4,edge_4-edge_0,4,3,edge_4,edge,0.69638,0.612,26.48099,0.30362,0.388,1.32734,3
148,normal,-1,0.0,,,-1,-1,cloud_0,cloud,0.40282,0.48423,0.0,0.59718,0.51577,0.55398,3
149,normal,-1,0.0,,,-1,-1,access_0,access,0.21726,0.26591,0.0,0.78274,0.73409,0.3165,2
149,normal,-1,0.0,,,-1,-1,access_1,access,0.23528,0.2615,0.0,0.76472,0.7385,0.3165,2
149,mixed,147,0.56048,edge_0,edge_0-edge_1,3,2,edge_0,edge,0.68807,0.6368,26.86135,0.31193,0.3632,1.31938,4
149,normal,-1,0.0,,,-1,-1,edge_1,edge,0.40603,0.47236,0.0,0.59397,0.52764,0.72015,3
149,normal,-1,0.0,,,-1,-1,edge_2,edge,0.4115,0.47352,0.0,0.5885,0.52648,0.72015,4
149,normal,-1,0.0,,,-1,-1,edge_3,edge,0.35369,0.45338,0.0,0.64631,0.54662,0.72015,3
149,mixed,164,0.52886,edge_4,edge_4-edge_0,4,3,edge_4,edge,0.67491,0.62759,25.41103,0.32509,0.37241,1.29312,3
149,normal,-1,0.0,,,-1,-1,cloud_0,cloud,0.38652,0.47235,0.0,0.61348,0.52765,0.55562,3
150,normal,-1,0.0,,,-1,-1,access_0,access,0.21734,0.25002,0.0,0.78266,0.74998,0.31677,2
150,normal,-1,0.0,,,-1,-1,access_1,access,0.23515,0.28323,0.0,0.76485,0.71677,0.31677,2
150,mixed,147,0.56048,edge_0,edge_0-edge_1,3,2,edge_0,edge,0.6094,0.57221,21.58106,0.3906,0.42779,1.26951,4
150,normal,-1,0.0,,,-1,-1,edge_1,edge,0.3915,0.48125,0.0,0.6085,0.51875,0.72091,3
150,normal,-1,0.0,,,-1,-1,edge_2,edge,0.42518,0.49676,0.0,0.57482,0.50324,0.72091,4
150,normal,-1,0.0,,,-1,-1,edge_3,edge,0.35896,0.45369,0.0,0.64104,0.54631,0.72091,3
150,mixed,164,0.52886,edge_4,edge_4-edge_0,4,3,edge_4,edge,0.69448,0.60737,25.92476,0.30552,0.39263,1.24516,3
150,normal,-1,0.0,,,-1,-1,cloud_0,cloud,0.40394,0.45498,0.0,0.59606,0.54502,0.55596,3
151,normal,-1,0.0,,,-1,-1,access_0,access,0.22094,0.26531,0.0,0.77906,0.73469,0.31597,2
151,normal,-1,0.0,,,-1,-1,access_1,access,0.22852,0.26468,0.0,0.77148,0.73532,0.31597,2
151,mixed,147,0.56048,edge_0,edge_0-edge_1,3,2,edge_0,edge,0.56699,0.53926,18.40185,0.43301,0.46074,1.19282,4
151,normal,-1,0.0,,,-1,-1,edge_1,edge,0.41253,0.47513,0.0,0.58747,0.52487,0.71866,3
151,normal,-1,0.0,,,-1,-1,edge_2,edge,0.41064,0.47299,0.0,0.58936,0.52701,0.71866,4
151,mixed,175,0.60955,edge_3,edge_2-edge_3,3,2,edge_3,edge,0.55502,0.564,18.09285,0.44498,0.436,1.03618,3
151,mixed,164,0.52886,edge_4,edge_4-edge_0,4,3,edge_4,edge,0.59784,0.58428,20.29935,0.40216,0.41572,1.22847,3
151,normal,-1,0.0,,,-1,-1,cloud_0,cloud,0.40154,0.46905,0.0,0.59846,0.53095,0.55496,3
152,normal,-1,0.0,,,-1,-1,access_0,access,0.23431,0.27035,0.0,0.76569,0.72965,0.31416,2
152,normal,-1,0.0,,,-1,-1,access_1,access,0.22674,0.24843,0.0,0.77326,0.75157,0.31416,2
152,mixed,149,0.49001,edge_0,access_0-edge_0,1,0,edge_0,edge,0.68615,0.59467,24.31479,0.31385,0.40533,1.41138,4
152,normal,-1,0.0,,,-1,-1,edge_1,edge,0.35738,0.45922,0.0,0.64262,0.54078,0.71359,3
152,normal,-1,0.0,,,-1,-1,edge_2,edge,0.42165,0.49523,0.0,0.57835,0.50477,0.71359,4
152,mixed,175,0.60955,edge_3,edge_2-edge_3,3,2,edge_3,edge,0.5631,0.57342,19.29362,0.4369,0.42658,1.09809,3
152,mixed,164,0.52886,edge_4,edge_4-edge_0,4,3,edge_4,edge,0.68677,0.61037,26.06704,0.31323,0.38963,1.28368,3
152,normal,-1,0.0,,,-1,-1,cloud_0,cloud,0.37083,0.46471,0.0,0.62917,0.53529,0.55271,3
153,normal,-1,0.0,,,-1,-1,access_0,access,0.21202,0.25539,0.0,0.78798,0.74461,0.31149,2
153,normal,-1,0.0,,,-1,-1,access_1,access,0.23247,0.24469,0.0,0.76753,0.75531,0.31149,2
153,mixed,149,0.49001,edge_0,access_0-edge_0,1,0,edge_0,edge,0.68219,0.59096,24.88761,0.31781,0.40904,1.40021,4
153,normal,-1,0.0,,,-1,-1,edge_1,edge,0.36847,0.46639,0.0,0.63153,0.53361,0.70606,3
153,normal,-1,0.0,,,-1,-1,edge_2,edge,0.39624,0.47288,0.0,0.60376,0.52712,0.70606,4
153,mixed,175,0.60955,edge_3,edge_2-edge_3,3,2,edge_3,edge,0.55797,0.54654,17.89298,0.44203,0.45346,1.16834,3
153,mixed,164,0.52886,edge_4,edge_4-edge_0,4,3,edge_4,edge,0.65691,0.60085,25.02429,0.34309,0.39915,1.31576,3
153,normal,-1,0.0,,,-1,-1,cloud_0,cloud,0.39138,0.47683,0.0,0.60862,0.52317,0.54936,3
154,normal,-1,0.0,,,-1,-1,access_0,access,0.22729,0.26204,0.0,0.77271,0.73796,0.30814,2
154,normal,-1,0.0,,,-1,-1,access_1,access,0.22781,0.23844,0.0,0.77219,0.76156,0.30814,2
154,mixed,149,0.49001,edge_0,access_0-edge_0,1,0,edge_0,edge,0.63305,0.57307,20.91919,0.36695,0.42693,1.3542,4
154,normal,-1,0.0,,,-1,-1,edge_1,edge,0.38168,0.44603,0.0,0.61832,0.55397,0.69664,3
154,normal,-1,0.0,,,-1,-1,edge_2,edge,0.39834,0.45726,0.0,0.60166,0.54274,0.69664,4
154,mixed,175,0.60955,edge_3,edge_2-edge_3,3,2,edge_3,edge,0.56068,0.51842,19.30836,0.43932,0.48158,1.2424,3
154,mixed,164,0.52886,edge_4,edge_4-edge_0,4,3,edge_4,edge,0.70684,0.58605,26.00616,0.29316,0.41395,1.31854,3
154,normal,-1,0.0,,,-1,-1,cloud_0,cloud,0.39422,0.47106,0.0,0.60578,0.52894,0.54517,3
155,normal,-1,0.0,,,-1,-1,access_0,access,0.22985,0.25453,0.0,0.77015,0.74547,0.30436,2
155,normal,-1,0.0,,,-1,-1,access_1,access,0.23273,0.26895,0.0,0.76727,0.73105,0.30436,2
155,mixed,149,0.49001,edge_0,access_0-edge_0,1,0,edge_0,edge,0.61994,0.59989,20.88621,0.38006,0.40011,1.29214,4
155,normal,-1,0.0,,,-1,-1,edge_1,edge,0.4054,0.47652,0.0,0.5946,0.52348,0.68601,3
155,normal,-1,0.0,,,-1,-1,edge_2,edge,0.40536,0.4807,0.0,0.59464,0.5193,0.68601,4
155,mixed,175,0.60955,edge_3,edge_2-edge_3,3,2,edge_3,edge,0.66978,0.57461,27.26372,0.33022,0.42539,1.31366,3
155,mixed,164,0.52886,edge_4,edge_4-edge_0,4,3,edge_4,edge,0.658,0.61179,24.91431,0.342,0.38821,1.29267,3
155,normal,-1,0.0,,,-1,-1,cloud_0,cloud,0.38924,0.4759,0.0,0.61076,0.5241,0.54045,3
156,normal,-1,0.0,,,-1,-1,access_0,access,0.23803,0.25767,0.0,0.76197,0.74233,0.30044,2
156,normal,-1,0.0,,,-1,-1,access_1,access,0.22229,0.24086,0.0,0.77771,0.75914,0.30044,2
156,mixed,149,0.49001,edge_0,access_0-edge_0,1,0,edge_0,edge,0.64804,0.56185,23.64605,0.35196,0.43815,1.32585,4
156,normal,-1,0.0,,,-1,-1,edge_1,edge,0.39549,0.46187,0.0,0.60451,0.53813,0.67499,3
156,normal,-1,0.0,,,-1,-1,edge_2,edge,0.41081,0.47083,0.0,0.58919,0.52917,0.67499,4
156,mixed,175,0.60955,edge_3,edge_2-edge_3,3,2,edge_3,edge,0.69229,0.62634,29.58467,0.30771,0.37366,1.3742,3
156,mixed,164,0.52886,edge_4,edge_4-edge_0,4,3,edge_4,edge,0.64846,0.61788,23.30412,0.35154,0.38212,1.24526,3
156,normal,-1,0.0,,,-1,-1,cloud_0,cloud,0.38321,0.45671,0.0,0.61679,0.54329,0.53555,3
157,normal,-1,0.0,,,-1,-1,access_0,access,0.23233,0.24266,0.0,0.76767,0.75734,0.29666,2
157,normal,-1,0.0,,,-1,-1,access_1,access,0.22285,0.25913,0.0,0.77715,0.74087,0.29666,2
157,mixed,149,0.49001,edge_0,access_0-edge_0,1,0,edge_0,edge,0.5991,0.58089,21.68826,0.4009,0.41911,1.33803,4
157,normal,-1,0.0,,,-1,-1,edge_1,edge,0.38332,0.47328,0.0,0.61668,0.52672,0.66436,3
157,normal,-1,0.0,,,-1,-1,edge_2,edge,0.4418,0.50608,0.0,0.5582,0.49392,0.66436,4
157,mixed,175,0.60955,edge_3,edge_2-edge_3,3,2,edge_3,edge,0.67872,0.6085,26.87672,0.32128,0.3915,1.41616,3
157,mixed,164,0.52886,edge_4,edge_4-edge_0,4,3,edge_4,edge,0.58262,0.54945,19.37946,0.41738,0.45055,1.18713,3
157,normal,-1,0.0,,,-1,-1,cloud_0,cloud,0.36312,0.4686,0.0,0.63688,0.5314,0.53083,3
158,normal,-1,0.0,,,-1,-1,access_0,access,0.21995,0.26822,0.0,0.78005,0.73178,0.29331,2
158,normal,-1,0.0,,,-1,-1,access_1,access,0.20767,0.24672,0.0,0.79233,0.75328,0.29331,2
158,mixed,149,0.49001,edge_0,access_0-edge_0,1,0,edge_0,edge,0.6171,0.59673,22.20506,0.3829,0.40327,1.32514,4
158,normal,-1,0.0,,,-1,-1,edge_1,edge,0.39285,0.47081,0.0,0.60715,0.52919,0.65494,3
158,normal,-1,0.0,,,-1,-1,edge_2,edge,0.42077,0.4807,0.0,0.57923,0.5193,0.65494,4
158,mixed,175,0.60955,edge_3,edge_2-edge_3,3,2,edge_3,edge,0.70362,0.61967,29.27558,0.29638,0.38033,1.4334,3
158,node_overload,69,0.51192,edge_4,edge_3-edge_4,4,3,edge_4,edge,0.53337,0.56601,29.38172,0.46663,0.43399,0.84565,3
158,normal,-1,0.0,,,-1,-1,cloud_0,cloud,0.38275,0.45977,0.0,0.61725,0.54023,0.52664,3
159,normal,-1,0.0,,,-1,-1,access_0,access,0.212,0.25333,0.0,0.788,0.74667,0.29064,2
159,normal,-1,0.0,,,-1,-1,access_1,access,0.23209,0.25443,0.0,0.76791,0.74557,0.29064,2
159,mixed,149,0.49001,edge_0,access_0-edge_0,1,0,edge_0,edge,0.63337,0.5816,22.30575,0.36663,0.4184,1.28821,4
159,normal,-1,0.0,,,-1,-1,edge_1,edge,0.35882,0.42659,0.0,0.64118,0.57341,0.64741,3
159,normal,-1,0.0,,,-1,-1,edge_2,edge,0.43215,0.48194,0.0,0.56785,0.51806,0.64741,4
159,mixed,175,0.60955,edge_3,edge_2-edge_3,3,2,edge_3,edge,0.71657,0.57724,31.55044,0.28343,0.42276,1.42297,3
159,node_overload,69,0.51192,edge_4,edge_3-edge_4,4,3,edge_4,edge,0.55557,0.56741,27.99164,0.44443,0.43259,0.86265,3
159,normal,-1,0.0,,,-1,-1,cloud_0,cloud,0.38935,0.45084,0.0,0.61065,0.54916,0.52329,3
160,normal,-1,0.0,,,-1,-1,access_0,access,0.21976,0.25714,0.0,0.78024,0.74286,0.28883,2
160,normal,-1,0.0,,,-1,-1,access_1,access,0.22421,0.25423,0.0,0.77579,0.74577,0.28883,2
160,mixed,149,0.49001,edge_0,access_0-edge_0,1,0,edge_0,edge,0.61954,0.56108,21.96761,0.38046,0.43892,1.23283,4
160,normal,-1,0.0,,,-1,-1,edge_1,edge,0.38136,0.46843,0.0,0.61864,0.53157,0.64234,3
160,normal,-1,0.0,,,-1,-1,edge_2,edge,0.39411,0.47126,0.0,0.60589,0.52874,0.64234,4
160,mixed,175,0.60955,edge_3,edge_2-edge_3,3,2,edge_3,edge,0.7128,0.60214,30.33334,0.2872,0.39786,1.38594,3
160,link_congestion,128,0.34262,edge_4,edge_3-edge_4,4,3,edge_4,edge,0.44958,0.50005,2.19247,0.55042,0.49995,0.83892,3
160,normal,-1,0.0,,,-1,-1,cloud_0,cloud,0.38199,0.46792,0.0,0.61801,0.53208,0.52104,3
161,normal,-1,0.0,,,-1,-1,access_0,access,0.20092,0.23347,0.0,0.79908,0.76653,0.28803,2
161,normal,-1,0.0,,,-1,-1,access_1,access,0.23139,0.24053,0.0,0.76861,0.75947,0.28803,2
161,mixed,149,0.49001,edge_0,access_0-edge_0,1,0,edge_0,edge,0.63848,0.59692,22.48488,0.36152,0.40308,1.2369,4
161,normal,-1,0.0,,,-1,-1,edge_1,edge,0.3602,0.43599,0.0,0.6398,0.56401,0.64009,3
161,normal,-1,0.0,,,-1,-1,edge_2,edge,0.41817,0.48219,0.0,0.58183,0.51781,0.64009,4
161,mixed,175,0.60955,edge_3,edge_2-edge_3,3,2,edge_3,edge,0.63252,0.61172,26.24264,0.36748,0.38828,1.32718,3
161,link_congestion,138,0.33905,edge_4,edge_3-edge_4,2,1,edge_4,edge,0.41715,0.4566,0.47474,0.58285,0.5434,0.83828,3
161,normal,-1,0.0,,,-1,-1,cloud_0,cloud,0.37792,0.46314,0.0,0.62208,0.53686,0.52004,3
162,normal,-1,0.0,,,-1,-1,access_0,access,0.20306,0.24967,0.0,0.79694,0.75033,0.2883,2
162,normal,-1,0.0,,,-1,-1,access_1,access,0.21611,0.23135,0.0,0.78389,0.76865,0.2883,2
162,mixed,149,0.49001,edge_0,access_0-edge_0,1,0,edge_0,edge,0.64553,0.58531,22.70092,0.35447,0.41469,1.29278,4
162,normal,-1,0.0,,,-1,-1,edge_1,edge,0.38582,0.47848,0.0,0.61418,0.52152,0.64085,3
162,normal,-1,0.0,,,-1,-1,edge_2,edge,0.40161,0.48573,0.0,0.59839,0.51427,0.64085,4
162,mixed,175,0.60955,edge_3,edge_2-edge_3,3,2,edge_3,edge,0.69301,0.61762,27.47346,0.30699,0.38238,1.33501,3
162,normal,-1,0.0,,,-1,-1,edge_4,edge,0.3597,0.43868,0.0,0.6403,0.56132,0.64085,3
162,normal,-1,0.0,,,-1,-1,cloud_0,cloud,0.39518,0.43057,0.0,0.60482,0.56943,0.52038,3
163,normal,-1,0.0,,,-1,-1,access_0,access,0.21081,0.24333,0.0,0.78919,0.75667,0.28961,2
163,normal,-1,0.0,,,-1,-1,access_1,access,0.21359,0.23478,0.0,0.78641,0.76522,0.28961,2
163,mixed,149,0.49001,edge_0,access_0-edge_0,1,0,edge_0,edge,0.61989,0.57915,22.44236,0.38011,0.42085,1.31404,4
163,normal,-1,0.0,,,-1,-1,edge_1,edge,0.37838,0.4563,0.0,0.62162,0.5437,0.64454,3
163,normal,-1,0.0,,,-1,-1,edge_2,edge,0.41879,0.45888,0.0,0.58121,0.54112,0.64454,4
163,mixed,175,0.60955,edge_3,edge_2-edge_3,3,2,edge_3,edge,0.67866,0.62685,28.56641,0.32134,0.37315,1.35562,3
163,normal,-1,0.0,,,-1,-1,edge_4,edge,0.39011,0.46457,0.0,0.60989,0.53543,0.64454,3
163,normal,-1,0.0,,,-1,-1,cloud_0,cloud,0.36832,0.44798,0.0,0.63168,0.55202,0.52202,3
164,normal,-1,0.0,,,-1,-1,access_0,access,0.22452,0.25055,0.0,0.77548,0.74945,0.29188,2
164,normal,-1,0.0,,,-1,-1,access_1,access,0.21327,0.2483,0.0,0.78673,0.7517,0.29188,2
164,mixed,149,0.49001,edge_0,access_0-edge_0,1,0,edge_0,edge,0.66068,0.63965,24.0627,0.33932,0.36035,1.29613,4
164,normal,-1,0.0,,,-1,-1,edge_1,edge,0.3655,0.4429,0.0,0.6345,0.5571,0.6509,3
164,normal,-1,0.0,,,-1,-1,edge_2,edge,0.38797,0.47914,0.0,0.61203,0.52086,0.6509,4
164,mixed,175,0.60955,edge_3,edge_2-edge_3,3,2,edge_3,edge,0.72307,0.62311,28.84228,0.27693,0.37689,1.35833,3
164,normal,-1,0.0,,,-1,-1,edge_4,edge,0.37618,0.47553,0.0,0.62382,0.52447,0.6509,3
164,normal,-1,0.0,,,-1,-1,cloud_0,cloud,0.37618,0.45137,0.0,0.62382,0.54863,0.52484,3
165,normal,-1,0.0,,,-1,-1,access_0,access,0.2202,0.24755,0.0,0.7798,0.75245,0.29492,2
165,normal,-1,0.0,,,-1,-1,access_1,access,0.20128,0.25218,0.0,0.79872,0.74782,0.29492,2
165,mixed,149,0.49001,edge_0,access_0-edge_0,1,0,edge_0,edge,0.58836,0.55712,20.42127,0.41164,0.44288,1.24634,4
165,normal,-1,0.0,,,-1,-1,edge_1,edge,0.36405,0.46064,0.0,0.63595,0.53936,0.65946,3
165,normal,-1,0.0,,,-1,-1,edge_2,edge,0.40946,0.47518,0.0,0.59054,0.52482,0.65946,4
165,mixed,175,0.60955,edge_3,edge_2-edge_3,3,2,edge_3,edge,0.70877,0.61924,29.30952,0.29123,0.38076,1.34186,3
165,normal,-1,0.0,,,-1,-1,edge_4,edge,0.38072,0.46752,0.0,0.61928,0.53248,0.65946,3
165,normal,-1,0.0,,,-1,-1,cloud_0,cloud,0.36849,0.45972,0.0,0.63151,0.54028,0.52865,3
166,normal,-1,0.0,,,-1,-1,access_0,access,0.22822,0.23748,0.0,0.77178,0.76252,0.29851,2
166,normal,-1,0.0,,,-1,-1,access_1,access,0.21647,0.24715,0.0,0.78353,0.75285,0.29851,2
166,mixed,149,0.49001,edge_0,access_0-edge_0,1,0,edge_0,edge,0.59026,0.55286,18.0936,0.40974,0.44714,1.18013,4
166,normal,-1,0.0,,,-1,-1,edge_1,edge,0.38725,0.48291,0.0,0.61275,0.51709,0.66957,3
166,normal,-1,0.0,,,-1,-1,edge_2,edge,0.39142,0.4613,0.0,0.60858,0.5387,0.66957,4
166,mixed,175,0.60955,edge_3,edge_2-edge_3,3,2,edge_3,edge,0.69985,0.59969,29.31474,0.30015,0.40031,1.30765,3
166,normal,-1,0.0,,,-1,-1,edge_4,edge,0.36721,0.46733,0.0,0.63279,0.53267,0.66957,3
166,normal,-1,0.0,,,-1,-1,cloud_0,cloud,0.36622,0.47199,0.0,0.63378,0.52801,0.53314,3
167,normal,-1,0.0,,,-1,-1,access_0,access,0.21621,0.24382,0.0,0.78379,0.75618,0.3024,2
167,normal,-1,0.0,,,-1,-1,access_1,access,0.23819,0.24822,0.0,0.76181,0.75178,0.3024,2
167,normal,-1,0.0,,,-1,-1,edge_0,edge,0.34268,0.42674,0.0,0.65732,0.57326,0.6805,4
167,normal,-1,0.0,,,-1,-1,edge_1,edge,0.37525,0.4748,0.0,0.62475,0.5252,0.6805,3
167,node_overload,67,0.51096,edge_2,edge_1-edge_2,2,1,edge_2,edge,0.55883,0.56007,26.93651,0.44117,0.43993,0.86247,4
167,mixed,175,0.60955,edge_3,edge_2-edge_3,3,2,edge_3,edge,0.64043,0.59728,25.03468,0.35957,0.40272,1.25968,3
167,normal,-1,0.0,,,-1,-1,edge_4,edge,0.3959,0.48576,0.0,0.6041,0.51424,0.6805,3
167,normal,-1,0.0,,,-1,-1,cloud_0,cloud,0.37101,0.47176,0.0,0.62899,0.52824,0.538,3
168,normal,-1,0.0,,,-1,-1,access_0,access,0.21518,0.26078,0.0,0.78482,0.73922,0.3024,2
168,normal,-1,0.0,,,-1,-1,access_1,access,0.21859,0.24315,0.0,0.78141,0.75685,0.3024,2
168,normal,-1,0.0,,,-1,-1,edge_0,edge,0.354,0.44048,0.0,0.646,0.55952,0.6805,4
168,normal,-1,0.0,,,-1,-1,edge_1,edge,0.40759,0.45844,0.0,0.59241,0.54156,0.6805,3
168,node_overload,67,0.51096,edge_2,edge_1-edge_2,2,1,edge_2,edge,0.55097,0.53614,28.40074,0.44903,0.46386,0.88402,4
168,mixed,175,0.60955,edge_3,edge_2-edge_3,3,2,edge_3,edge,0.66533,0.60079,27.22931,0.33467,0.39921,1.24299,3
168,mixed,188,0.51865,edge_4,edge_3-edge_4,4,3,edge_4,edge,0.46833,0.5086,10.13502,0.53167,0.4914,1.01982,3
168,normal,-1,0.0,,,-1,-1,cloud_0,cloud,0.40035,0.46066,0.0,0.59965,0.53934,0.538,3
169,normal,-1,0.0,,,-1,-1,access_0,access,0.22887,0.25347,0.0,0.77113,0.74653,0.30629,2
169,normal,-1,0.0,,,-1,-1,access_1,access,0.22451,0.25718,0.0,0.77549,0.74282,0.30629,2
169,normal,-1,0.0,,,-1,-1,edge_0,edge,0.35463,0.44609,0.0,0.64537,0.55391,0.69143,4
169,normal,-1,0.0,,,-1,-1,edge_1,edge,0.4076,0.47526,0.0,0.5924,0.52474,0.69143,3
169,node_overload,67,0.51096,edge_2,edge_1-edge_2,2,1,edge_2,edge,0.59154,0.57145,30.93461,0.40846,0.42855,0.90297,4
169,mixed,175,0.60955,edge_3,edge_2-edge_3,3,2,edge_3,edge,0.67491,0.60994,28.53318,0.32509,0.39006,1.29821,3
169,mixed,188,0.51865,edge_4,edge_3-edge_4,4,3,edge_4,edge,0.58908,0.51344,16.8571,0.41092,0.48656,1.09182,3
169,normal,-1,0.0,,,-1,-1,cloud_0,cloud,0.39341,0.46329,0.0,0.60659,0.53671,0.54286,3
170,normal,-1,0.0,,,-1,-1,access_0,access,0.2317,0.25632,0.0,0.7683,0.74368,0.30988,2
170,normal,-1,0.0,,,-1,-1,access_1,access,0.23058,0.2542,0.0,0.76942,0.7458,0.30988,2
170,normal,-1,0.0,,,-1,-1,edge_0,edge,0.33307,0.46445,0.0,0.66693,0.53555,0.70154,4
170,normal,-1,0.0,,,-1,-1,edge_1,edge,0.39486,0.4668,0.0,0.60514,0.5332,0.70154,3
170,node_overload,67,0.51096,edge_2,edge_1-edge_2,2,1,edge_2,edge,0.6353,0.61701,34.60708,0.3647,0.38299,0.91703,4
170,mixed,175,0.60955,edge_3,edge_2-edge_3,3,2,edge_3,edge,0.66292,0.59466,27.74635,0.33708,0.40534,1.33029,3
170,mixed,188,0.51865,edge_4,edge_3-edge_4,4,3,edge_4,edge,0.60541,0.56839,19.28746,0.39459,0.43161,1.17406,3
170,normal,-1,0.0,,,-1,-1,cloud_0,cloud,0.39738,0.46104,0.0,0.60262,0.53896,0.54735,3
171,normal,-1,0.0,,,-1,-1,access_0,access,0.2293,0.26353,0.0,0.7707,0.73647,0.31292,2
171,normal,-1,0.0,,,-1,-1,access_1,access,0.22462,0.24871,0.0,0.77538,0.75129,0.31292,2
171,burst,22,0.5228,edge_0,edge_0-edge_1,3,2,edge_0,edge,0.44437,0.48536,2.42395,0.55563,0.51464,0.87662,4
171,normal,-1,0.0,,,-1,-1,edge_1,edge,0.39483,0.44384,0.0,0.60517,0.55616,0.7101,3
171,node_overload,67,0.51096,edge_2,edge_1-edge_2,2,1,edge_2,edge,0.61951,0.57446,34.05887,0.38049,0.42554,0.92452,4
171,mixed,175,0.60955,edge_3,edge_2-edge_3,3,2,edge_3,edge,0.65476,0.56998,28.14927,0.34524,0.43002,1.33306,3
171,mixed,188,0.51865,edge_4,edge_3-edge_4,4,3,edge_4,edge,0.63659,0.57048,21.59408,0.36341,0.42952,1.25891,3
171,normal,-1,0.0,,,-1,-1,cloud_0,cloud,0.39231,0.45369,0.0,0.60769,0.54631,0.55116,3
172,normal,-1,0.0,,,-1,-1,access_0,access,0.22814,0.25218,0.0,0.77186,0.74782,0.31519,2
172,normal,-1,0.0,,,-1,-1,access_1,access,0.22704,0.26357,0.0,0.77296,0.73643,0.31519,2
172,burst,22,0.5228,edge_0,edge_0-edge_1,3,2,edge_0,edge,0.46172,0.50998,3.69566,0.53828,0.49002,0.94555,4
172,normal,-1,0.0,,,-1,-1,edge_1,edge,0.39493,0.46431,0.0,0.60507,0.53569,0.71646,3
172,node_overload,67,0.51096,edge_2,edge_1-edge_2,2,1,edge_2,edge,0.69881,0.59474,37.44885,0.30119,0.40526,0.92452,4
172,mixed,175,0.60955,edge_3,edge_2-edge_3,3,2,edge_3,edge,0.67969,0.5924,28.44483,0.32031,0.4076,1.3072,3
172,mixed,188,0.51865,edge_4,edge_3-edge_4,4,3,edge_4,edge,0.66461,0.5927,23.21478,0.33539,0.4073,1.33543,3
172,normal,-1,0.0,,,-1,-1,cloud_0,cloud,0.3952,0.44815,0.0,0.6048,0.55185,0.55398,3
173,normal,-1,0.0,,,-1,-1,access_0,access,0.22037,0.25174,0.0,0.77963,0.74826,0.3165,2
173,normal,-1,0.0,,,-1,-1,access_1,access,0.23861,0.25737,0.0,0.76139,0.74263,0.3165,2
173,burst,22,0.5228,edge_0,edge_0-edge_1,3,2,edge_0,edge,0.50411,0.50799,6.70702,0.49589,0.49201,1.07611,4
173,normal,-1,0.0,,,-1,-1,edge_1,edge,0.35969,0.44001,0.0,0.64031,0.55999,0.72015,3
173,node_overload,67,0.51096,edge_2,edge_1-edge_2,2,1,edge_2,edge,0.64423,0.60597,35.28237,0.35577,0.39403,0.91703,4
173,mixed,175,0.60955,edge_3,edge_2-edge_3,3,2,edge_3,edge,0.63685,0.61648,25.38079,0.36315,0.38352,1.25978,3
173,mixed,188,0.51865,edge_4,edge_3-edge_4,4,3,edge_4,edge,0.74513,0.6237,29.00864,0.25487,0.3763,1.39143,3
173,normal,-1,0.0,,,-1,-1,cloud_0,cloud,0.39908,0.49852,0.0,0.60092,0.50148,0.55562,3
174,normal,-1,0.0,,,-1,-1,access_0,access,0.23895,0.26786,0.0,0.76105,0.73214,0.31677,2
174,normal,-1,0.0,,,-1,-1,access_1,access,0.21156,0.24808,0.0,0.78844,0.75192,0.31677,2
174,burst,22,0.5228,edge_0,edge_0-edge_1,3,2,edge_0,edge,0.57063,0.54322,10.8281,0.42937,0.45678,1.26656,4
174,normal,-1,0.0,,,-1,-1,edge_1,edge,0.37294,0.46221,0.0,0.62706,0.53779,0.72091,3
174,node_overload,67,0.51096,edge_2,edge_1-edge_2,2,1,edge_2,edge,0.6647,0.58556,36.44462,0.3353,0.41444,0.90297,4
174,mixed,175,0.60955,edge_3,edge_2-edge_3,3,2,edge_3,edge,0.66348,0.59463,26.95579,0.33652,0.40537,1.20165,3
174,mixed,188,0.51865,edge_4,edge_3-edge_4,4,3,edge_4,edge,0.67602,0.61834,26.75664,0.32398,0.38166,1.41654,3
174,normal,-1,0.0,,,-1,-1,cloud_0,cloud,0.39571,0.47958,0.0,0.60429,0.52042,0.55596,3
175,normal,-1,0.0,,,-1,-1,access_0,access,0.22928,0.25382,0.0,0.77072,0.74618,0.31597,2
175,normal,-1,0.0,,,-1,-1,access_1,access,0.21997,0.25341,0.0,0.78003,0.74659,0.31597,2
175,burst,22,0.5228,edge_0,edge_0-edge_1,3,2,edge_0,edge,0.58616,0.5589,11.67667,0.41384,0.4411,1.41487,4
175,normal,-1,0.0,,,-1,-1,edge_1,edge,0.38372,0.46796,0.0,0.61628,0.53204,0.71866,3
175,node_overload,67,0.51096,edge_2,edge_1-edge_2,2,1,edge_2,edge,0.67056,0.62019,37.57393,0.32944,0.37981,0.88402,4
175,normal,-1,0.0,,,-1,-1,edge_3,edge,0.3641,0.44623,0.0,0.6359,0.55377,0.71866,3
175,mixed,188,0.51865,edge_4,edge_3-edge_4,4,3,edge_4,edge,0.6961,0.60344,27.79207,0.3039,0.39656,1.40537,3
175,normal,-1,0.0,,,-1,-1,cloud_0,cloud,0.39449,0.4802,0.0,0.60551,0.5198,0.55496,3
176,normal,-1,0.0,,,-1,-1,access_0,access,0.23033,0.26459,0.0,0.76967,0.73541,0.31416,2
176,normal,-1,0.0,,,-1,-1,access_1,access,0.22938,0.26205,0.0,0.77062,0.73795,0.31416,2
176,burst,22,0.5228,edge_0,edge_0-edge_1,3,2,edge_0,edge,0.57905,0.52263,12.1479,0.42095,0.47737,1.38717,4
176,normal,-1,0.0,,,-1,-1,edge_1,edge,0.38393,0.47595,0.0,0.61607,0.52405,0.71359,3
176,node_overload,67,0.51096,edge_2,edge_1-edge_2,2,1,edge_2,edge,0.63878,0.5988,34.68379,0.36122,0.4012,0.86247,4
176,normal,-1,0.0,,,-1,-1,edge_3,edge,0.37663,0.44292,0.0,0.62337,0.55708,0.71359,3
176,mixed,188,0.51865,edge_4,edge_3-edge_4,4,3,edge_4,edge,0.68724,0.61014,26.34348,0.31276,0.38986,1.35935,3
176,normal,-1,0.0,,,-1,-1,cloud_0,cloud,0.38864,0.45325,0.0,0.61136,0.54675,0.55271,3
177,normal,-1,0.0,,,-1,-1,access_0,access,0.21712,0.25502,0.0,0.78288,0.74498,0.31149,2
177,normal,-1,0.0,,,-1,-1,access_1,access,0.22247,0.25203,0.0,0.77753,0.74797,0.31149,2
177,burst,22,0.5228,edge_0,edge_0-edge_1,3,2,edge_0,edge,0.52753,0.54051,7.52087,0.47247,0.45949,1.19641,4
177,normal,-1,0.0,,,-1,-1,edge_1,edge,0.40256,0.47732,0.0,0.59744,0.52268,0.70606,3
177,node_overload,67,0.51096,edge_2,edge_1-edge_2,2,1,edge_2,edge,0.62236,0.56776,33.34673,0.37764,0.43224,0.84093,4
177,normal,-1,0.0,,,-1,-1,edge_3,edge,0.37108,0.46083,0.0,0.62892,0.53917,0.70606,3
177,mixed,188,0.51865,edge_4,edge_3-edge_4,4,3,edge_4,edge,0.67682,0.60476,23.62466,0.32318,0.39524,1.2973,3
177,normal,-1,0.0,,,-1,-1,cloud_0,cloud,0.38286,0.47767,0.0,0.61714,0.52233,0.54936,3
178,normal,-1,0.0,,,-1,-1,access_0,access,0.21981,0.25041,0.0,0.78019,0.74959,0.30814,2
178,normal,-1,0.0,,,-1,-1,access_1,access,0.22557,0.24058,0.0,0.77443,0.75942,0.30814,2
178,burst,22,0.5228,edge_0,edge_0-edge_1,3,2,edge_0,edge,0.4676,0.51169,5.68891,0.5324,0.48831,0.99634,4
178,normal,-1,0.0,,,-1,-1,edge_1,edge,0.37759,0.47389,0.0,0.62241,0.52611,0.69664,3
178,node_overload,67,0.51096,edge_2,edge_1-edge_2,2,1,edge_2,edge,0.64762,0.57279,36.40396,0.35238,0.42721,0.82198,4
178,normal,-1,0.0,,,-1,-1,edge_3,edge,0.32677,0.43377,0.0,0.67323,0.56623,0.69664,3
178,mixed,188,0.51865,edge_4,edge_3-edge_4,4,3,edge_4,edge,0.69475,0.62021,27.88706,0.30525,0.37979,1.33101,3
178,normal,-1,0.0,,,-1,-1,cloud_0,cloud,0.39173,0.47176,0.0,0.60827,0.52824,0.54517,3
179,normal,-1,0.0,,,-1,-1,access_0,access,0.21431,0.26094,0.0,0.78569,0.73906,0.30436,2
179,normal,-1,0.0,,,-1,-1,access_1,access,0.23526,0.26146,0.0,0.76474,0.73854,0.30436,2
179,burst,22,0.5228,edge_0,edge_0-edge_1,3,2,edge_0,edge,0.48293,0.52135,6.33457,0.51707,0.47865,0.89348,4
179,normal,-1,0.0,,,-1,-1,edge_1,edge,0.38839,0.47767,0.0,0.61161,0.52233,0.68601,3
179,node_overload,67,0.51096,edge_2,edge_1-edge_2,2,1,edge_2,edge,0.67649,0.62381,38.15703,0.32351,0.37619,0.80791,4
179,normal,-1,0.0,,,-1,-1,edge_3,edge,0.3545,0.45245,0.0,0.6455,0.54755,0.68601,3
179,mixed,188,0.51865,edge_4,edge_3-edge_4,4,3,edge_4,edge,0.66765,0.5627,26.233,0.33235,0.4373,1.34319,3
179,normal,-1,0.0,,,-1,-1,cloud_0,cloud,0.39334,0.45851,0.0,0.60666,0.54149,0.54045,3
180,normal,-1,0.0,,,-1,-1,access_0,access,0.22536,0.25025,0.0,0.77464,0.74975,0.30044,2
180,normal,-1,0.0,,,-1,-1,access_1,access,0.19874,0.24364,0.0,0.80126,0.75636,0.30044,2
180,burst,22,0.5228,edge_0,edge_0-edge_1,3,2,edge_0,edge,0.43959,0.47417,2.56066,0.56041,0.52583,0.87662,4
180,normal,-1,0.0,,,-1,-1,edge_1,edge,0.38113,0.44984,0.0,0.61887,0.55016,0.67499,3
180,node_overload,67,0.51096,edge_2,edge_1-edge_2,2,1,edge_2,edge,0.63706,0.5838,35.85585,0.36294,0.4162,0.80043,4
180,normal,-1,0.0,,,-1,-1,edge_3,edge,0.37265,0.45955,0.0,0.62735,0.54045,0.67499,3
180,mixed,188,0.51865,edge_4,edge_3-edge_4,4,3,edge_4,edge,0.65623,0.60725,24.96412,0.34377,0.39275,1.3303,3
180,normal,-1,0.0,,,-1,-1,cloud_0,cloud,0.38455,0.46275,0.0,0.61545,0.53725,0.53555,3
181,normal,-1,0.0,,,-1,-1,access_0,access,0.23429,0.25839,0.0,0.76571,0.74161,0.29666,2
181,normal,-1,0.0,,,-1,-1,access_1,access,0.22309,0.26071,0.0,0.77691,0.73929,0.29666,2
181,normal,-1,0.0,,,-1,-1,edge_0,edge,0.36614,0.46128,0.0,0.63386,0.53872,0.66436,4
181,normal,-1,0.0,,,-1,-1,edge_1,edge,0.34692,0.44356,0.0,0.65308,0.55644,0.66436,3
181,node_overload,67,0.51096,edge_2,edge_1-edge_2,2,1,edge_2,edge,0.60886,0.57794,34.14559,0.39114,0.42206,0.80043,4
181,normal,-1,0.0,,,-1,-1,edge_3,edge,0.33297,0.44661,0.0,0.66703,0.55339,0.66436,3
181,mixed,188,0.51865,edge_4,edge_3-edge_4,4,3,edge_4,edge,0.69618,0.58306,26.12634,0.30382,0.41694,1.29336,3
181,normal,-1,0.0,,,-1,-1,cloud_0,cloud,0.38645,0.456,0.0,0.61355,0.544,0.53083,3
182,normal,-1,0.0,,,-1,-1,access_0,access,0.19992,0.24642,0.0,0.80008,0.75358,0.29331,2
182,normal,-1,0.0,,,-1,-1,access_1,access,0.2338,0.23671,0.0,0.7662,0.76329,0.29331,2
182,normal,-1,0.0,,,-1,-1,edge_0,edge,0.32617,0.45057,0.0,0.67383,0.54943,0.65494,4
182,normal,-1,0.0,,,-1,-1,edge_1,edge,0.3769,0.45334,0.0,0.6231,0.54666,0.65494,3
182,node_overload,67,0.51096,edge_2,edge_1-edge_2,2,1,edge_2,edge,0.61205,0.59414,34.72145,0.38795,0.40586,0.80791,4
182,normal,-1,0.0,,,-1,-1,edge_3,edge,0.37485,0.46279,0.0,0.62515,0.53721,0.65494,3
182,mixed,188,0.51865,edge_4,edge_3-edge_4,4,3,edge_4,edge,0.60584,0.56272,21.39576,0.39416,0.43728,1.23798,3
182,normal,-1,0.0,,,-1,-1,cloud_0,cloud,0.3753,0.45561,0.0,0.6247,0.54439,0.52664,3
183,normal,-1,0.0,,,-1,-1,access_0,access,0.20127,0.25684,0.0,0.79873,0.74316,0.29064,2
183,normal,-1,0.0,,,-1,-1,access_1,access,0.23232,0.24526,0.0,0.76768,0.75474,0.29064,2
183,normal,-1,0.0,,,-1,-1,edge_0,edge,0.36952,0.47107,0.0,0.63048,0.52893,0.64741,4
183,normal,-1,0.0,,,-1,-1,edge_1,edge,0.36569,0.45562,0.0,0.63431,0.54438,0.64741,3
183,node_overload,67,0.51096,edge_2,edge_1-edge_2,2,1,edge_2,edge,0.61388,0.54897,32.42964,0.38612,0.45103,0.82198,4
183,normal,-1,0.0,,,-1,-1,edge_3,edge,0.35785,0.43458,0.0,0.64215,0.56542,0.64741,3
183,mixed,188,0.51865,edge_4,edge_3-edge_4,4,3,edge_4,edge,0.64076,0.5961,23.73607,0.35924,0.4039,1.24206,3
183,normal,-1,0.0,,,-1,-1,cloud_0,cloud,0.36738,0.46356,0.0,0.63262,0.53644,0.52329,3
184,normal,-1,0.0,,,-1,-1,access_0,access,0.21016,0.24567,0.0,0.78984,0.75433,0.28883,2
184,normal,-1,0.0,,,-1,-1,access_1,access,0.2223,0.23621,0.0,0.7777,0.76379,0.28883,2
184,normal,-1,0.0,,,-1,-1,edge_0,edge,0.36108,0.42491,0.0,0.63892,0.57509,0.64234,4
184,normal,-1,0.0,,,-1,-1,edge_1,edge,0.37115,0.4662,0.0,0.62885,0.5338,0.64234,3
184,node_overload,67,0.51096,edge_2,edge_1-edge_2,2,1,edge_2,edge,0.57213,0.53935,28.67654,0.42787,0.46065,0.84093,4
184,normal,-1,0.0,,,-1,-1,edge_3,edge,0.34862,0.43447,0.0,0.65138,0.56553,0.64234,3
184,mixed,188,0.51865,edge_4,edge_3-edge_4,4,3,edge_4,edge,0.64105,0.55823,22.79755,0.35895,0.44177,1.29794,3
184,normal,-1,0.0,,,-1,-1,cloud_0,cloud,0.38688,0.44545,0.0,0.61312,0.55455,0.52104,3
185,normal,-1,0.0,,,-1,-1,access_0,access,0.20308,0.22692,0.0,0.79692,0.77308,0.28803,2
185,normal,-1,0.0,,,-1,-1,access_1,access,0.19891,0.24446,0.0,0.80109,0.75554,0.28803,2
185,normal,-1,0.0,,,-1,-1,edge_0,edge,0.36729,0.44843,0.0,0.63271,0.55157,0.64009,4
185,normal,-1,0.0,,,-1,-1,edge_1,edge,0.38466,0.45495,0.0,0.61534,0.54505,0.64009,3
185,node_overload,67,0.51096,edge_2,edge_1-edge_2,2,1,edge_2,edge,0.58946,0.56085,30.12675,0.41054,0.43915,0.86247,4
185,normal,-1,0.0,,,-1,-1,edge_3,edge,0.35361,0.45412,0.0,0.64639,0.54588,0.64009,3
185,mixed,188,0.51865,edge_4,edge_3-edge_4,4,3,edge_4,edge,0.65903,0.57392,24.60371,0.34097,0.42608,1.3192,3
185,normal,-1,0.0,,,-1,-1,cloud_0,cloud,0.38122,0.4437,0.0,0.61878,0.5563,0.52004,3
186,normal,-1,0.0,,,-1,-1,access_0,access,0.21146,0.22509,0.0,0.78854,0.77491,0.2883,2
186,normal,-1,0.0,,,-1,-1,access_1,access,0.20351,0.2517,0.0,0.79649,0.7483,0.2883,2
186,normal,-1,0.0,,,-1,-1,edge_0,edge,0.32308,0.42859,0.0,0.67692,0.57141,0.64085,4
186,normal,-1,0.0,,,-1,-1,edge_1,edge,0.36095,0.45499,0.0,0.63905,0.54501,0.64085,3
186,normal,-1,0.0,,,-1,-1,edge_2,edge,0.39107,0.46231,0.0,0.60893,0.53769,0.64085,4
186,normal,-1,0.0,,,-1,-1,edge_3,edge,0.35619,0.44671,0.0,0.64381,0.55329,0.64085,3
186,mixed,188,0.51865,edge_4,edge_3-edge_4,4,3,edge_4,edge,0.67005,0.59171,23.94963,0.32995,0.40829,1.30128,3
186,normal,-1,0.0,,,-1,-1,cloud_0,cloud,0.3734,0.47178,0.0,0.6266,0.52822,0.52038,3
187,normal,-1,0.0,,,-1,-1,access_0,access,0.22222,0.24446,0.0,0.77778,0.75554,0.28961,2
187,normal,-1,0.0,,,-1,-1,access_1,access,0.21526,0.24428,0.0,0.78474,0.75572,0.28961,2
187,normal,-1,0.0,,,-1,-1,edge_0,edge,0.34923,0.44047,0.0,0.65077,0.55953,0.64454,4
187,normal,-1,0.0,,,-1,-1,edge_1,edge,0.38408,0.47872,0.0,0.61592,0.52128,0.64454,3
187,normal,-1,0.0,,,-1,-1,edge_2,edge,0.39591,0.45884,0.0,0.60409,0.54116,0.64454,4
187,normal,-1,0.0,,,-1,-1,edge_3,edge,0.38149,0.47521,0.0,0.61851,0.52479,0.64454,3
187,mixed,188,0.51865,edge_4,edge_3-edge_4,4,3,edge_4,edge,0.59309,0.56322,20.20844,0.40691,0.43678,1.2515,3
187,normal,-1,0.0,,,-1,-1,cloud_0,cloud,0.38595,0.45749,0.0,0.61405,0.54251,0.52202,3
188,normal,-1,0.0,,,-1,-1,access_0,access,0.23445,0.24144,0.0,0.76555,0.75856,0.29188,2
188,normal,-1,0.0,,,-1,-1,access_1,access,0.21687,0.24272,0.0,0.78313,0.75728,0.29188,2
188,normal,-1,0.0,,,-1,-1,edge_0,edge,0.34738,0.44086,0.0,0.65262,0.55914,0.6509,4
188,normal,-1,0.0,,,-1,-1,edge_1,edge,0.361,0.45432,0.0,0.639,0.54568,0.6509,3
188,normal,-1,0.0,,,-1,-1,edge_2,edge,0.4215,0.47212,0.0,0.5785,0.52788,0.6509,4
188,normal,-1,0.0,,,-1,-1,edge_3,edge,0.35759,0.44705,0.0,0.64241,0.55295,0.6509,3
188,mixed,188,0.51865,edge_4,edge_3-edge_4,4,3,edge_4,edge,0.62425,0.5693,20.44849,0.37575,0.4307,1.18529,3
188,normal,-1,0.0,,,-1,-1,cloud_0,cloud,0.38035,0.46138,0.0,0.61965,0.53862,0.52484,3
189,normal,-1,0.0,,,-1,-1,access_0,access,0.21213,0.27039,0.0,0.78787,0.72961,0.29492,2
189,normal,-1,0.0,,,-1,-1,access_1,access,0.20555,0.25319,0.0,0.79445,0.74681,0.29492,2
189,normal,-1,0.0,,,-1,-1,edge_0,edge,0.36169,0.45435,0.0,0.63831,0.54565,0.65946,4
189,normal,-1,0.0,,,-1,-1,edge_1,edge,0.36777,0.45353,0.0,0.63223,0.54647,0.65946,3
189,normal,-1,0.0,,,-1,-1,edge_2,edge,0.38436,0.44938,0.0,0.61564,0.55062,0.65946,4
189,normal,-1,0.0,,,-1,-1,edge_3,edge,0.32765,0.46125,0.0,0.67235,0.53875,0.65946,3
189,mixed,200,0.4266,edge_4,edge_4-edge_0,4,3,edge_4,edge,0.60677,0.53161,17.75108,0.39323,0.46839,1.2768,3
189,normal,-1,0.0,,,-1,-1,cloud_0,cloud,0.36056,0.43266,0.0,0.63944,0.56734,0.52865,3
190,normal,-1,0.0,,,-1,-1,access_0,access,0.21696,0.25168,0.0,0.78304,0.74832,0.29851,2
190,normal,-1,0.0,,,-1,-1,access_1,access,0.21649,0.25777,0.0,0.78351,0.74223,0.29851,2
190,node_overload,68,0.47262,edge_0,edge_0-edge_1,3,2,edge_0,edge,0.46831,0.51163,21.67378,0.53169,0.48837,0.85557,4
190,normal,-1,0.0,,,-1,-1,edge_1,edge,0.3803,0.46864,0.0,0.6197,0.53136,0.66957,3
190,normal,-1,0.0,,,-1,-1,edge_2,edge,0.42476,0.46958,0.0,0.57524,0.53042,0.66957,4
190,normal,-1,0.0,,,-1,-1,edge_3,edge,0.33934,0.44231,0.0,0.66066,0.55769,0.66957,3
190,mixed,200,0.4266,edge_4,edge_4-edge_0,4,3,edge_4,edge,0.62706,0.56248,20.67097,0.37294,0.43752,1.22141,3
190,normal,-1,0.0,,,-1,-1,cloud_0,cloud,0.38711,0.47086,0.0,0.61289,0.52914,0.53314,3
191,normal,-1,0.0,,,-1,-1,access_0,access,0.20909,0.25372,0.0,0.79091,0.74628,0.3024,2
191,normal,-1,0.0,,,-1,-1,access_1,access,0.22893,0.25535,0.0,0.77107,0.74465,0.3024,2
191,node_overload,68,0.47262,edge_0,edge_0-edge_1,3,2,edge_0,edge,0.51407,0.52578,22.8444,0.48593,0.47422,0.87414,4
191,normal,-1,0.0,,,-1,-1,edge_1,edge,0.37749,0.46052,0.0,0.62251,0.53948,0.6805,3
191,normal,-1,0.0,,,-1,-1,edge_2,edge,0.40516,0.47875,0.0,0.59484,0.52125,0.6805,4
191,normal,-1,0.0,,,-1,-1,edge_3,edge,0.35334,0.44719,0.0,0.64666,0.55281,0.6805,3
191,mixed,200,0.4266,edge_4,edge_4-edge_0,4,3,edge_4,edge,0.61484,0.58126,19.98814,0.38516,0.41874,1.22549,3
191,normal,-1,0.0,,,-1,-1,cloud_0,cloud,0.40314,0.47593,0.0,0.59686,0.52407,0.538,3
192,normal,-1,0.0,,,-1,-1,access_0,access,0.21522,0.24647,0.0,0.78478,0.75353,0.3024,2
192,normal,-1,0.0,,,-1,-1,access_1,access,0.23011,0.26977,0.0,0.76989,0.73023,0.3024,2
192,node_overload,68,0.47262,edge_0,edge_0-edge_1,3,2,edge_0,edge,0.47997,0.51,22.09956,0.52003,0.49,0.89106,4
192,normal,-1,0.0,,,-1,-1,edge_1,edge,0.37502,0.44259,0.0,0.62498,0.55741,0.6805,3
192,normal,-1,0.0,,,-1,-1,edge_2,edge,0.41203,0.4829,0.0,0.58797,0.5171,0.6805,4
192,normal,-1,0.0,,,-1,-1,edge_3,edge,0.35812,0.43601,0.0,0.64188,0.56399,0.6805,3
192,mixed,200,0.4266,edge_4,edge_4-edge_0,4,3,edge_4,edge,0.62742,0.57882,18.90774,0.37258,0.42118,1.28137,3
192,normal,-1,0.0,,,-1,-1,cloud_0,cloud,0.38157,0.47564,0.0,0.61843,0.52436,0.538,3
193,normal,-1,0.0,,,-1,-1,access_0,access,0.23018,0.25334,0.0,0.76982,0.74666,0.30629,2
193,normal,-1,0.0,,,-1,-1,access_1,access,0.23105,0.24743,0.0,0.76895,0.75257,0.30629,2
193,node_overload,68,0.47262,edge_0,edge_0-edge_1,3,2,edge_0,edge,0.58214,0.55109,30.75109,0.41786,0.44891,0.90483,4
193,normal,-1,0.0,,,-1,-1,edge_1,edge,0.37437,0.44755,0.0,0.62563,0.55245,0.69143,3
193,normal,-1,0.0,,,-1,-1,edge_2,edge,0.40942,0.47544,0.0,0.59058,0.52456,0.69143,4
193,normal,-1,0.0,,,-1,-1,edge_3,edge,0.34603,0.42724,0.0,0.65397,0.57276,0.69143,3
193,mixed,200,0.4266,edge_4,edge_4-edge_0,4,3,edge_4,edge,0.62169,0.57673,19.9823,0.37831,0.42327,1.30263,3
193,normal,-1,0.0,,,-1,-1,cloud_0,cloud,0.39486,0.47265,0.0,0.60514,0.52735,0.54286,3
194,normal,-1,0.0,,,-1,-1,access_0,access,0.20963,0.26155,0.0,0.79037,0.73845,0.30988,2
194,normal,-1,0.0,,,-1,-1,access_1,access,0.21451,0.26413,0.0,0.78549,0.73587,0.30988,2
194,node_overload,68,0.47262,edge_0,edge_0-edge_1,3,2,edge_0,edge,0.53946,0.53172,27.63161,0.46054,0.46828,0.91422,4
194,normal,-1,0.0,,,-1,-1,edge_1,edge,0.37659,0.4706,0.0,0.62341,0.5294,0.70154,3
194,normal,-1,0.0,,,-1,-1,edge_2,edge,0.41521,0.47276,0.0,0.58479,0.52724,0.70154,4
194,normal,-1,0.0,,,-1,-1,edge_3,edge,0.34127,0.43766,0.0,0.65873,0.56234,0.70154,3
194,mixed,200,0.4266,edge_4,edge_4-edge_0,4,3,edge_4,edge,0.68465,0.56129,23.0007,0.31535,0.43871,1.28471,3
194,normal,-1,0.0,,,-1,-1,cloud_0,cloud,0.40319,0.46844,0.0,0.59681,0.53156,0.54735,3
195,normal,-1,0.0,,,-1,-1,access_0,access,0.23365,0.25931,0.0,0.76635,0.74069,0.31292,2
195,normal,-1,0.0,,,-1,-1,access_1,access,0.23256,0.25301,0.0,0.76744,0.74699,0.31292,2
195,node_overload,68,0.47262,edge_0,edge_0-edge_1,3,2,edge_0,edge,0.57491,0.55843,28.94899,0.42509,0.44157,0.9184,4
195,normal,-1,0.0,,,-1,-1,edge_1,edge,0.39389,0.46986,0.0,0.60611,0.53014,0.7101,3
195,normal,-1,0.0,,,-1,-1,edge_2,edge,0.42754,0.47726,0.0,0.57246,0.52274,0.7101,4
195,normal,-1,0.0,,,-1,-1,edge_3,edge,0.37154,0.45383,0.0,0.62846,0.54617,0.7101,3
195,mixed,150,0.46432,edge_4,edge_3-edge_4,2,1,edge_4,edge,0.47648,0.51999,10.8448,0.52352,0.48001,1.01004,3
195,normal,-1,0.0,,,-1,-1,cloud_0,cloud,0.38095,0.46614,0.0,0.61905,0.53386,0.55116,3
196,normal,-1,0.0,,,-1,-1,access_0,access,0.22173,0.26338,0.0,0.77827,0.73662,0.31519,2
196,normal,-1,0.0,,,-1,-1,access_1,access,0.22696,0.25098,0.0,0.77304,0.74902,0.31519,2
196,node_overload,68,0.47262,edge_0,edge_0-edge_1,3,2,edge_0,edge,0.58428,0.57466,31.37107,0.41572,0.42534,0.91699,4
196,normal,-1,0.0,,,-1,-1,edge_1,edge,0.37557,0.4542,0.0,0.62443,0.5458,0.71646,3
196,normal,-1,0.0,,,-1,-1,edge_2,edge,0.42931,0.50544,0.0,0.57069,0.49456,0.71646,4
196,normal,-1,0.0,,,-1,-1,edge_3,edge,0.34006,0.44119,0.0,0.65994,0.55881,0.71646,3
196,mixed,150,0.46432,edge_4,edge_3-edge_4,2,1,edge_4,edge,0.54411,0.49817,15.27869,0.45589,0.50183,1.13612,3
196,normal,-1,0.0,,,-1,-1,cloud_0,cloud,0.37873,0.46883,0.0,0.62127,0.53117,0.55398,3
197,normal,-1,0.0,,,-1,-1,access_0,access,0.23384,0.25795,0.0,0.76616,0.74205,0.3165,2
197,normal,-1,0.0,,,-1,-1,access_1,access,0.21339,0.26231,0.0,0.78661,0.73769,0.3165,2
197,node_overload,68,0.47262,edge_0,edge_0-edge_1,3,2,edge_0,edge,0.58157,0.56368,31.3038,0.41843,0.43632,0.91013,4
197,normal,-1,0.0,,,-1,-1,edge_1,edge,0.37529,0.48043,0.0,0.62471,0.51957,0.72015,3
197,node_overload,39,0.50129,edge_2,edge_1-edge_2,2,1,edge_2,edge,0.58211,0.52818,28.4809,0.41789,0.47182,0.86073,4
197,normal,-1,0.0,,,-1,-1,edge_3,edge,0.37335,0.47008,0.0,0.62665,0.52992,0.72015,3
197,mixed,150,0.46432,edge_4,edge_3-edge_4,2,1,edge_4,edge,0.62105,0.56073,20.26722,0.37895,0.43927,1.27616,3
197,normal,-1,0.0,,,-1,-1,cloud_0,cloud,0.39828,0.47023,0.0,0.60172,0.52977,0.55562,3
198,normal,-1,0.0,,,-1,-1,access_0,access,0.23088,0.2654,0.0,0.76912,0.7346,0.31677,2
198,normal,-1,0.0,,,-1,-1,access_1,access,0.23032,0.25347,0.0,0.76968,0.74653,0.31677,2
198,node_overload,68,0.47262,edge_0,edge_0-edge_1,3,2,edge_0,edge,0.57312,0.54027,30.72109,0.42688,0.45973,0.89842,4
198,normal,-1,0.0,,,-1,-1,edge_1,edge,0.38852,0.48529,0.0,0.61148,0.51471,0.72091,3
198,node_overload,39,0.50129,edge_2,edge_1-edge_2,2,1,edge_2,edge,0.61087,0.55676,28.9269,0.38913,0.44324,0.88636,4
198,normal,-1,0.0,,,-1,-1,edge_3,edge,0.3353,0.43632,0.0,0.6647,0.56368,0.72091,3
198,mixed,150,0.46432,edge_4,edge_3-edge_4,2,1,edge_4,edge,0.67981,0.61996,23.29911,0.32019,0.38004,1.38165,3
198,normal,-1,0.0,,,-1,-1,cloud_0,cloud,0.40731,0.47805,0.0,0.59269,0.52195,0.55596,3
199,normal,-1,0.0,,,-1,-1,access_0,access,0.21654,0.26675,0.0,0.78346,0.73325,0.31597,2
199,normal,-1,0.0,,,-1,-1,access_1,access,0.22119,0.253,0.0,0.77881,0.747,0.31597,2
199,node_overload,68,0.47262,edge_0,edge_0-edge_1,3,2,edge_0,edge,0.56661,0.5622,29.08663,0.43339,0.4378,0.88291,4
199,normal,-1,0.0,,,-1,-1,edge_1,edge,0.35978,0.45362,0.0,0.64022,0.54638,0.71866,3
199,node_overload,39,0.50129,edge_2,edge_1-edge_2,2,1,edge_2,edge,0.60045,0.55837,31.55611,0.39955,0.44163,0.90755,4
199,normal,-1,0.0,,,-1,-1,edge_3,edge,0.35284,0.45791,0.0,0.64716,0.54209,0.71866,3
199,link_congestion,92,0.49022,edge_4,edge_4-edge_0,4,3,edge_4,edge,0.46129,0.48951,2.86149,0.53871,0.51049,0.86549,3
199,normal,-1,0.0,,,-1,-1,cloud_0,cloud,0.37951,0.46514,0.0,0.62049,0.53486,0.55496,3
200,normal,-1,0.0,,,-1,-1,access_0,access,0.21663,0.25507,0.0,0.78337,0.74493,0.31416,2
200,normal,-1,0.0,,,-1,-1,access_1,access,0.23039,0.26064,0.0,0.76961,0.73936,0.31416,2
200,node_overload,68,0.47262,edge_0,edge_0-edge_1,3,2,edge_0,edge,0.5884,0.58508,32.06036,0.4116,0.41492,0.86496,4
200,normal,-1,0.0,,,-1,-1,edge_1,edge,0.3641,0.45878,0.0,0.6359,0.54122,0.71359,3
200,node_overload,39,0.50129,edge_2,edge_1-edge_2,2,1,edge_2,edge,0.63937,0.58589,34.02492,0.36063,0.41411,0.92065,4
200,normal,-1,0.0,,,-1,-1,edge_3,edge,0.35356,0.45792,0.0,0.64644,0.54208,0.71359,3
200,link_congestion,92,0.49022,edge_4,edge_4-edge_0,4,3,edge_4,edge,0.47156,0.52591,3.29598,0.52844,0.47409,0.89163,3
200,normal,-1,0.0,,,-1,-1,cloud_0,cloud,0.40533,0.48533,0.0,0.59467,0.51467,0.55271,3
201,normal,-1,0.0,,,-1,-1,access_0,access,0.22213,0.25246,0.0,0.77787,0.74754,0.31149,2
201,normal,-1,0.0,,,-1,-1,access_1,access,0.22375,0.24547,0.0,0.77625,0.75453,0.31149,2
201,node_overload,68,0.47262,edge_0,edge_0-edge_1,3,2,edge_0,edge,0.55022,0.52384,28.58776,0.44978,0.47616,0.84618,4
201,normal,-1,0.0,,,-1,-1,edge_1,edge,0.38316,0.45435,0.0,0.61684,0.54565,0.70606,3
201,node_overload,39,0.50129,edge_2,edge_1-edge_2,2,1,edge_2,edge,0.66699,0.60007,35.36959,0.33301,0.39993,0.92339,4
201,normal,-1,0.0,,,-1,-1,edge_3,edge,0.35134,0.442,0.0,0.64866,0.558,0.70606,3
201,link_congestion,92,0.49022,edge_4,edge_4-edge_0,4,3,edge_4,edge,0.50179,0.51176,7.3483,0.49821,0.48824,0.91178,3
201,normal,-1,0.0,,,-1,-1,cloud_0,cloud,0.39032,0.48124,0.0,0.60968,0.51876,0.54936,3
202,normal,-1,0.0,,,-1,-1,access_0,access,0.22603,0.27042,0.0,0.77397,0.72958,0.30814,2
202,normal,-1,0.0,,,-1,-1,access_1,access,0.24458,0.24816,0.0,0.75542,0.75184,0.30814,2
202,node_overload,68,0.47262,edge_0,edge_0-edge_1,3,2,edge_0,edge,0.58065,0.54999,29.32252,0.41935,0.45001,0.82824,4
202,normal,-1,0.0,,,-1,-1,edge_1,edge,0.37044,0.45715,0.0,0.62956,0.54285,0.69664,3
202,node_overload,39,0.50129,edge_2,edge_1-edge_2,2,1,edge_2,edge,0.67346,0.62729,37.94844,0.32654,0.37271,0.91529,4
202,normal,-1,0.0,,,-1,-1,edge_3,edge,0.3362,0.41612,0.0,0.6638,0.58388,0.69664,3
202,link_congestion,92,0.49022,edge_4,edge_4-edge_0,4,3,edge_4,edge,0.4975,0.47714,5.83225,0.5025,0.52286,0.92133,3
202,normal,-1,0.0,,,-1,-1,cloud_0,cloud,0.37401,0.46956,0.0,0.62599,0.53044,0.54517,3
203,normal,-1,0.0,,,-1,-1,access_0,access,0.23952,0.24051,0.0,0.76048,0.75949,0.30436,2
203,normal,-1,0.0,,,-1,-1,access_1,access,0.21879,0.25978,0.0,0.78121,0.74022,0.30436,2
203,node_overload,68,0.47262,edge_0,edge_0-edge_1,3,2,edge_0,edge,0.52766,0.53345,28.07815,0.47234,0.46655,0.81272,4
203,normal,-1,0.0,,,-1,-1,edge_1,edge,0.3805,0.44952,0.0,0.6195,0.55048,0.68601,3
203,node_overload,39,0.50129,edge_2,edge_1-edge_2,2,1,edge_2,edge,0.65475,0.61524,36.41242,0.34525,0.38476,0.89776,4
203,normal,-1,0.0,,,-1,-1,edge_3,edge,0.30385,0.41044,0.0,0.69615,0.58956,0.68601,3
203,link_congestion,92,0.49022,edge_4,edge_4-edge_0,4,3,edge_4,edge,0.50898,0.53643,5.35906,0.49102,0.46357,0.91808,3
203,normal,-1,0.0,,,-1,-1,cloud_0,cloud,0.39847,0.47751,0.0,0.60153,0.52249,0.54045,3
204,normal,-1,0.0,,,-1,-1,access_0,access,0.22215,0.25255,0.0,0.77785,0.74745,0.30044,2
204,normal,-1,0.0,,,-1,-1,access_1,access,0.21584,0.25718,0.0,0.78416,0.74282,0.30044,2
204,node_overload,68,0.47262,edge_0,edge_0-edge_1,3,2,edge_0,edge,0.56511,0.55409,29.94447,0.43489,0.44591,0.80101,4
204,normal,-1,0.0,,,-1,-1,edge_1,edge,0.39653,0.48522,0.0,0.60347,0.51478,0.67499,3
204,node_overload,39,0.50129,edge_2,edge_1-edge_2,2,1,edge_2,edge,0.66167,0.59909,33.58939,0.33833,0.40091,0.87383,4
204,normal,-1,0.0,,,-1,-1,edge_3,edge,0.33027,0.43376,0.0,0.66973,0.56624,0.67499,3
204,link_congestion,92,0.49022,edge_4,edge_4-edge_0,4,3,edge_4,edge,0.5049,0.53896,6.39182,0.4951,0.46104,0.90279,3
204,normal,-1,0.0,,,-1,-1,cloud_0,cloud,0.39734,0.46145,0.0,0.60266,0.53855,0.53555,3
205,normal,-1,0.0,,,-1,-1,access_0,access,0.21516,0.24103,0.0,0.78484,0.75897,0.29666,2
205,normal,-1,0.0,,,-1,-1,access_1,access,0.20666,0.25753,0.0,0.79334,0.74247,0.29666,2
205,node_overload,68,0.47262,edge_0,edge_0-edge_1,3,2,edge_0,edge,0.5745,0.54309,30.10783,0.4255,0.45691,0.79415,4
205,normal,-1,0.0,,,-1,-1,edge_1,edge,0.3779,0.43367,0.0,0.6221,0.56633,0.66436,3
205,node_overload,39,0.50129,edge_2,edge_1-edge_2,2,1,edge_2,edge,0.63495,0.58851,33.46915,0.36505,0.41149,0.84763,4
205,normal,-1,0.0,,,-1,-1,edge_3,edge,0.35511,0.44472,0.0,0.64489,0.55528,0.66436,3
205,link_congestion,92,0.49022,edge_4,edge_4-edge_0,4,3,edge_4,edge,0.53332,0.54718,6.89157,0.46668,0.45282,0.87895,3
205,normal,-1,0.0,,,-1,-1,cloud_0,cloud,0.3828,0.46372,0.0,0.6172,0.53628,0.53083,3
206,normal,-1,0.0,,,-1,-1,access_0,access,0.22761,0.23068,0.0,0.77239,0.76932,0.29331,2
206,normal,-1,0.0,,,-1,-1,access_1,access,0.21822,0.24392,0.0,0.78178,0.75608,0.29331,2
206,node_overload,68,0.47262,edge_0,edge_0-edge_1,3,2,edge_0,edge,0.54293,0.5414,29.00374,0.45707,0.4586,0.79275,4
206,normal,-1,0.0,,,-1,-1,edge_1,edge,0.3732,0.48213,0.0,0.6268,0.51787,0.65494,3
206,node_overload,39,0.50129,edge_2,edge_1-edge_2,2,1,edge_2,edge,0.62434,0.60229,32.77651,0.37566,0.39771,0.8237,4
206,normal,-1,0.0,,,-1,-1,edge_3,edge,0.35202,0.4534,0.0,0.64798,0.5466,0.65494,3
206,link_congestion,92,0.49022,edge_4,edge_4-edge_0,4,3,edge_4,edge,0.50975,0.53267,7.51372,0.49025,0.46733,0.85203,3
206,normal,-1,0.0,,,-1,-1,cloud_0,cloud,0.37079,0.45808,0.0,0.62921,0.54192,0.52664,3
207,normal,-1,0.0,,,-1,-1,access_0,access,0.2209,0.25934,0.0,0.7791,0.74066,0.29064,2
207,normal,-1,0.0,,,-1,-1,access_1,access,0.21329,0.2674,0.0,0.78671,0.7326,0.29064,2
207,node_overload,68,0.47262,edge_0,edge_0-edge_1,3,2,edge_0,edge,0.56227,0.52477,30.19861,0.43773,0.47523,0.79693,4
207,normal,-1,0.0,,,-1,-1,edge_1,edge,0.36561,0.46947,0.0,0.63439,0.53053,0.64741,3
207,node_overload,39,0.50129,edge_2,edge_1-edge_2,2,1,edge_2,edge,0.63981,0.61003,36.54683,0.36019,0.38997,0.80617,4
207,normal,-1,0.0,,,-1,-1,edge_3,edge,0.33893,0.43982,0.0,0.66107,0.56018,0.64741,3
207,link_congestion,92,0.49022,edge_4,edge_4-edge_0,4,3,edge_4,edge,0.46049,0.49233,5.34511,0.53951,0.50767,0.82819,3
207,normal,-1,0.0,,,-1,-1,cloud_0,cloud,0.38142,0.43934,0.0,0.61858,0.56066,0.52329,3
208,normal,-1,0.0,,,-1,-1,access_0,access,0.21173,0.23582,0.0,0.78827,0.76418,0.28883,2
208,normal,-1,0.0,,,-1,-1,access_1,access,0.22994,0.24903,0.0,0.77006,0.75097,0.28883,2
208,node_overload,68,0.47262,edge_0,edge_0-edge_1,3,2,edge_0,edge,0.5647,0.52321,28.41047,0.4353,0.47679,0.80632,4
208,normal,-1,0.0,,,-1,-1,edge_1,edge,0.36615,0.4629,0.0,0.63385,0.5371,0.64234,3
208,node_overload,39,0.50129,edge_2,edge_1-edge_2,2,1,edge_2,edge,0.62219,0.59425,34.47374,0.37781,0.40575,0.79808,4
208,normal,-1,0.0,,,-1,-1,edge_3,edge,0.36151,0.43741,0.0,0.63849,0.56259,0.64234,3
208,link_congestion,92,0.49022,edge_4,edge_4-edge_0,4,3,edge_4,edge,0.47044,0.512,4.71048,0.52956,0.488,0.8129,3
208,normal,-1,0.0,,,-1,-1,cloud_0,cloud,0.37854,0.43984,0.0,0.62146,0.56016,0.52104,3
209,normal,-1,0.0,,,-1,-1,access_0,access,0.22161,0.25222,0.0,0.77839,0.74778,0.28803,2
209,normal,-1,0.0,,,-1,-1,access_1,access,0.21297,0.24356,0.0,0.78703,0.75644,0.28803,2
209,node_overload,68,0.47262,edge_0,edge_0-edge_1,3,2,edge_0,edge,0.54385,0.51466,26.09832,0.45615,0.48534,0.82008,4
209,normal,-1,0.0,,,-1,-1,edge_1,edge,0.37188,0.45239,0.0,0.62812,0.54761,0.64009,3
209,node_overload,39,0.50129,edge_2,edge_1-edge_2,2,1,edge_2,edge,0.64262,0.58686,36.95156,0.35738,0.41314,0.80082,4
209,normal,-1,0.0,,,-1,-1,edge_3,edge,0.34984,0.45727,0.0,0.65016,0.54273,0.64009,3
209,link_congestion,92,0.49022,edge_4,edge_4-edge_0,4,3,edge_4,edge,0.50332,0.50476,5.86176,0.49668,0.49524,0.80965,3
209,normal,-1,0.0,,,-1,-1,cloud_0,cloud,0.36677,0.45376,0.0,0.63323,0.54624,0.52004,3
210,normal,-1,0.0,,,-1,-1,access_0,access,0.21703,0.24327,0.0,0.78297,0.75673,0.2883,2
210,normal,-1,0.0,,,-1,-1,access_1,access,0.22478,0.26349,0.0,0.77522,0.73651,0.2883,2
210,node_overload,68,0.47262,edge_0,edge_0-edge_1,3,2,edge_0,edge,0.56656,0.56598,26.45078,0.43344,0.43402,0.837,4
210,normal,-1,0.0,,,-1,-1,edge_1,edge,0.35312,0.46521,0.0,0.64688,0.53479,0.64085,3
210,node_overload,39,0.50129,edge_2,edge_1-edge_2,2,1,edge_2,edge,0.6355,0.57569,34.12691,0.3645,0.42431,0.81391,4
210,normal,-1,0.0,,,-1,-1,edge_3,edge,0.36446,0.46459,0.0,0.63554,0.53541,0.64085,3
210,link_congestion,92,0.49022,edge_4,edge_4-edge_0,4,3,edge_4,edge,0.47436,0.49521,6.03312,0.52564,0.50479,0.8192,3
210,normal,-1,0.0,,,-1,-1,cloud_0,cloud,0.39296,0.43367,0.0,0.60704,0.56633,0.52038,3
211,normal,-1,0.0,,,-1,-1,access_0,access,0.21092,0.24986,0.0,0.78908,0.75014,0.28961,2
211,normal,-1,0.0,,,-1,-1,access_1,access,0.21182,0.23541,0.0,0.78818,0.76459,0.28961,2
211,node_overload,68,0.47262,edge_0,edge_0-edge_1,3,2,edge_0,edge,0.5265,0.54436,24.8721,0.4735,0.45564,0.85557,4
211,normal,-1,0.0,,,-1,-1,edge_1,edge,0.36095,0.46496,0.0,0.63905,0.53504,0.64454,3
211,node_overload,39,0.50129,edge_2,edge_1-edge_2,2,1,edge_2,edge,0.5967,0.54265,30.3026,0.4033,0.45735,0.83511,4
211,normal,-1,0.0,,,-1,-1,edge_3,edge,0.3444,0.43998,0.0,0.6556,0.56002,0.64454,3
211,link_congestion,92,0.49022,edge_4,edge_4-edge_0,4,3,edge_4,edge,0.5209,0.49381,6.61094,0.4791,0.50619,0.83935,3
211,normal,-1,0.0,,,-1,-1,cloud_0,cloud,0.37096,0.46494,0.0,0.62904,0.53506,0.52202,3
212,normal,-1,0.0,,,-1,-1,access_0,access,0.22789,0.24656,0.0,0.77211,0.75344,0.29188,2
212,normal,-1,0.0,,,-1,-1,access_1,access,0.20314,0.22823,0.0,0.79686,0.77177,0.29188,2
212,mixed,217,0.41144,edge_0,access_0-edge_0,1,0,edge_0,edge,0.62197,0.5537,19.14549,0.37803,0.4463,1.24045,4
212,link_congestion,94,0.43584,edge_1,edge_1-edge_2,2,1,edge_1,edge,0.49877,0.54205,4.83032,0.50123,0.45795,0.8557,3
212,node_overload,39,0.50129,edge_2,edge_1-edge_2,2,1,edge_2,edge,0.5711,0.56559,29.18395,0.4289,0.43441,0.86073,4
212,normal,-1,0.0,,,-1,-1,edge_3,edge,0.34643,0.44546,0.0,0.65357,0.55454,0.6509,3
212,link_congestion,92,0.49022,edge_4,edge_4-edge_0,4,3,edge_4,edge,0.43284,0.48574,1.39099,0.56716,0.51426,0.86549,3
212,normal,-1,0.0,,,-1,-1,cloud_0,cloud,0.3707,0.45736,0.0,0.6293,0.54264,0.52484,3
213,normal,-1,0.0,,,-1,-1,access_0,access,0.22637,0.23695,0.0,0.77363,0.76305,0.29492,2
213,normal,-1,0.0,,,-1,-1,access_1,access,0.21877,0.24618,0.0,0.78123,0.75382,0.29492,2
213,mixed,217,0.41144,edge_0,access_0-edge_0,1,0,edge_0,edge,0.60464,0.55684,17.16352,0.39536,0.44316,1.18964,4
213,link_congestion,94,0.43584,edge_1,edge_1-edge_2,2,1,edge_1,edge,0.4733,0.51926,2.22903,0.5267,0.48074,0.87723,3
213,normal,-1,0.0,,,-1,-1,edge_2,edge,0.40924,0.46716,0.0,0.59076,0.53284,0.65946,4
213,normal,-1,0.0,,,-1,-1,edge_3,edge,0.35717,0.46344,0.0,0.64283,0.53656,0.65946,3
213,normal,-1,0.0,,,-1,-1,edge_4,edge,0.35115,0.45846,0.0,0.64885,0.54154,0.65946,3
213,normal,-1,0.0,,,-1,-1,cloud_0,cloud,0.37766,0.47354,0.0,0.62234,0.52646,0.52865,3
214,normal,-1,0.0,,,-1,-1,access_0,access,0.21896,0.24921,0.0,0.78104,0.75079,0.29851,2
214,normal,-1,0.0,,,-1,-1,access_1,access,0.22419,0.24554,0.0,0.77581,0.75446,0.29851,2
214,mixed,217,0.41144,edge_0,access_0-edge_0,1,0,edge_0,edge,0.57174,0.58765,17.70495,0.42826,0.41235,1.25169,4
214,link_congestion,94,0.43584,edge_1,edge_1-edge_2,2,1,edge_1,edge,0.5094,0.50725,6.26121,0.4906,0.49275,0.89548,3
214,normal,-1,0.0,,,-1,-1,edge_2,edge,0.41394,0.47147,0.0,0.58606,0.52853,0.66957,4
214,normal,-1,0.0,,,-1,-1,edge_3,edge,0.32563,0.42691,0.0,0.67437,0.57309,0.66957,3
214,normal,-1,0.0,,,-1,-1,edge_4,edge,0.39882,0.45233,0.0,0.60118,0.54767,0.66957,3
214,normal,-1,0.0,,,-1,-1,cloud_0,cloud,0.39364,0.45367,0.0,0.60636,0.54633,0.53314,3
215,normal,-1,0.0,,,-1,-1,access_0,access,0.21831,0.25446,0.0,0.78169,0.74554,0.3024,2
215,normal,-1,0.0,,,-1,-1,access_1,access,0.20738,0.2645,0.0,0.79262,0.7355,0.3024,2
215,mixed,217,0.41144,edge_0,access_0-edge_0,1,0,edge_0,edge,0.57953,0.53808,16.22924,0.42047,0.46192,1.29088,4
215,link_congestion,94,0.43584,edge_1,edge_1-edge_2,2,1,edge_1,edge,0.50966,0.52462,6.63048,0.49034,0.47538,0.90767,3
215,normal,-1,0.0,,,-1,-1,edge_2,edge,0.40425,0.49015,0.0,0.59575,0.50985,0.6805,4
215,normal,-1,0.0,,,-1,-1,edge_3,edge,0.37686,0.45743,0.0,0.62314,0.54257,0.6805,3
215,normal,-1,0.0,,,-1,-1,edge_4,edge,0.36875,0.46212,0.0,0.63125,0.53788,0.6805,3
215,normal,-1,0.0,,,-1,-1,cloud_0,cloud,0.39265,0.45867,0.0,0.60735,0.54133,0.538,3
216,normal,-1,0.0,,,-1,-1,access_0,access,0.21614,0.24687,0.0,0.78386,0.75313,0.3024,2
216,normal,-1,0.0,,,-1,-1,access_1,access,0.22607,0.2475,0.0,0.77393,0.7525,0.3024,2
216,mixed,217,0.41144,edge_0,access_0-edge_0,1,0,edge_0,edge,0.58433,0.5749,16.8419,0.41567,0.4251,1.2988,4
216,link_congestion,94,0.43584,edge_1,edge_1-edge_2,2,1,edge_1,edge,0.48608,0.47523,5.62774,0.51392,0.52477,0.91195,3
216,normal,-1,0.0,,,-1,-1,edge_2,edge,0.41683,0.48817,0.0,0.58317,0.51183,0.6805,4
216,normal,-1,0.0,,,-1,-1,edge_3,edge,0.3177,0.44758,0.0,0.6823,0.55242,0.6805,3
216,normal,-1,0.0,,,-1,-1,edge_4,edge,0.37721,0.43837,0.0,0.62279,0.56163,0.6805,3
216,normal,-1,0.0,,,-1,-1,cloud_0,cloud,0.38221,0.47023,0.0,0.61779,0.52977,0.538,3
217,normal,-1,0.0,,,-1,-1,access_0,access,0.22409,0.2591,0.0,0.77591,0.7409,0.30629,2
217,normal,-1,0.0,,,-1,-1,access_1,access,0.23962,0.25543,0.0,0.76038,0.74457,0.30629,2
217,mixed,217,0.41144,edge_0,access_0-edge_0,1,0,edge_0,edge,0.58503,0.54386,16.32126,0.41497,0.45614,1.27492,4
217,link_congestion,94,0.43584,edge_1,edge_1-edge_2,2,1,edge_1,edge,0.4706,0.49394,5.18741,0.5294,0.50606,0.90767,3
217,normal,-1,0.0,,,-1,-1,edge_2,edge,0.41252,0.48449,0.0,0.58748,0.51551,0.69143,4
217,normal,-1,0.0,,,-1,-1,edge_3,edge,0.36105,0.4561,0.0,0.63895,0.5439,0.69143,3
217,normal,-1,0.0,,,-1,-1,edge_4,edge,0.36591,0.45439,0.0,0.63409,0.54561,0.69143,3
217,normal,-1,0.0,,,-1,-1,cloud_0,cloud,0.38058,0.4678,0.0,0.61942,0.5322,0.54286,3
218,normal,-1,0.0,,,-1,-1,access_0,access,0.21992,0.26483,0.0,0.78008,0.73517,0.30988,2
218,normal,-1,0.0,,,-1,-1,access_1,access,0.22025,0.24492,0.0,0.77975,0.75508,0.30988,2
218,mixed,209,0.53825,edge_0,access_0-edge_0,1,0,edge_0,edge,0.53852,0.54714,16.12598,0.46148,0.45286,1.02334,4
218,link_congestion,94,0.43584,edge_1,edge_1-edge_2,2,1,edge_1,edge,0.48843,0.51943,5.5199,0.51157,0.48057,0.89548,3
218,normal,-1,0.0,,,-1,-1,edge_2,edge,0.40057,0.47108,0.0,0.59943,0.52892,0.70154,4
218,normal,-1,0.0,,,-1,-1,edge_3,edge,0.36511,0.4719,0.0,0.63489,0.5281,0.70154,3
218,node_overload,73,0.49016,edge_4,edge_4-edge_0,4,3,edge_4,edge,0.53683,0.53974,24.9384,0.46317,0.46026,0.85873,3
218,normal,-1,0.0,,,-1,-1,cloud_0,cloud,0.39546,0.48233,0.0,0.60454,0.51767,0.54735,3
219,normal,-1,0.0,,,-1,-1,access_0,access,0.24263,0.25682,0.0,0.75737,0.74318,0.31292,2
219,normal,-1,0.0,,,-1,-1,access_1,access,0.23529,0.24509,0.0,0.76471,0.75491,0.31292,2
219,mixed,209,0.53825,edge_0,access_0-edge_0,1,0,edge_0,edge,0.57584,0.56287,16.90225,0.42416,0.43713,1.14943,4
219,link_congestion,94,0.43584,edge_1,edge_1-edge_2,2,1,edge_1,edge,0.48933,0.51288,4.10389,0.51067,0.48712,0.87723,3
219,normal,-1,0.0,,,-1,-1,edge_2,edge,0.42329,0.47056,0.0,0.57671,0.52944,0.7101,4
219,normal,-1,0.0,,,-1,-1,edge_3,edge,0.36538,0.43372,0.0,0.63462,0.56628,0.7101,3
219,node_overload,73,0.49016,edge_4,edge_4-edge_0,4,3,edge_4,edge,0.5402,0.54847,26.62504,0.4598,0.45153,0.89576,3
219,normal,-1,0.0,,,-1,-1,cloud_0,cloud,0.39001,0.4734,0.0,0.60999,0.5266,0.55116,3
220,normal,-1,0.0,,,-1,-1,access_0,access,0.24224,0.26838,0.0,0.75776,0.73162,0.31519,2
220,normal,-1,0.0,,,-1,-1,access_1,access,0.2269,0.26529,0.0,0.7731,0.73471,0.31519,2
220,mixed,209,0.53825,edge_0,access_0-edge_0,1,0,edge_0,edge,0.64481,0.59529,22.65044,0.35519,0.40471,1.28947,4
220,link_congestion,94,0.43584,edge_1,edge_1-edge_2,2,1,edge_1,edge,0.47935,0.49288,4.49726,0.52065,0.50712,0.8557,3
220,normal,-1,0.0,,,-1,-1,edge_2,edge,0.4208,0.48258,0.0,0.5792,0.51742,0.71646,4
220,normal,-1,0.0,,,-1,-1,edge_3,edge,0.36985,0.45594,0.0,0.63015,0.54406,0.71646,3
220,node_overload,73,0.49016,edge_4,edge_4-edge_0,4,3,edge_4,edge,0.58967,0.57601,31.42257,0.41033,0.42399,0.91865,3
220,normal,-1,0.0,,,-1,-1,cloud_0,cloud,0.39942,0.48571,0.0,0.60058,0.51429,0.55398,3
221,normal,-1,0.0,,,-1,-1,access_0,access,0.22483,0.26971,0.0,0.77517,0.73029,0.3165,2
221,normal,-1,0.0,,,-1,-1,access_1,access,0.21543,0.25842,0.0,0.78457,0.74158,0.3165,2
221,mixed,209,0.53825,edge_0,access_0-edge_0,1,0,edge_0,edge,0.68824,0.62874,26.05262,0.31176,0.37126,1.39496,4
221,link_congestion,94,0.43584,edge_1,edge_1-edge_2,2,1,edge_1,edge,0.45511,0.46207,1.92644,0.54489,0.53793,0.83418,3
221,normal,-1,0.0,,,-1,-1,edge_2,edge,0.422,0.47135,0.0,0.578,0.52865,0.72015,4
221,normal,-1,0.0,,,-1,-1,edge_3,edge,0.33738,0.44457,0.0,0.66262,0.55543,0.72015,3
221,burst,7,0.59492,edge_4,edge_4-edge_0,4,3,edge_4,edge,0.47507,0.53668,5.92345,0.52493,0.46332,0.8896,3
221,normal,-1,0.0,,,-1,-1,cloud_0,cloud,0.40572,0.48154,0.0,0.59428,0.51846,0.55562,3
222,normal,-1,0.0,,,-1,-1,access_0,access,0.22002,0.25912,0.0,0.77998,0.74088,0.31677,2
222,normal,-1,0.0,,,-1,-1,access_1,access,0.23129,0.26416,0.0,0.76871,0.73584,0.31677,2
222,mixed,209,0.53825,edge_0,access_0-edge_0,1,0,edge_0,edge,0.6575,0.59213,24.06225,0.3425,0.40787,1.41671,4
222,link_congestion,94,0.43584,edge_1,edge_1-edge_2,2,1,edge_1,edge,0.48537,0.51997,4.00537,0.51463,0.48003,0.81593,3
222,normal,-1,0.0,,,-1,-1,edge_2,edge,0.40395,0.47039,0.0,0.59605,0.52961,0.72091,4
222,burst,20,0.38572,edge_3,access_1-edge_3,1,0,edge_3,edge,0.4435,0.48737,1.63698,0.5565,0.51263,0.85195,3
222,burst,7,0.59492,edge_4,edge_4-edge_0,4,3,edge_4,edge,0.48665,0.54169,5.87521,0.51335,0.45831,0.93675,3
222,normal,-1,0.0,,,-1,-1,cloud_0,cloud,0.39605,0.47342,0.0,0.60395,0.52658,0.55596,3
223,normal,-1,0.0,,,-1,-1,access_0,access,0.21504,0.24673,0.0,0.78496,0.75327,0.31597,2
223,normal,-1,0.0,,,-1,-1,access_1,access,0.23647,0.26052,0.0,0.76353,0.73948,0.31597,2
223,mixed,209,0.53825,edge_0,access_0-edge_0,1,0,edge_0,edge,0.67068,0.56869,25.72746,0.32932,0.43131,1.34103,4
223,link_congestion,94,0.43584,edge_1,edge_1-edge_2,2,1,edge_1,edge,0.46538,0.49856,3.56855,0.53462,0.50144,0.80373,3
223,normal,-1,0.0,,,-1,-1,edge_2,edge,0.41312,0.48421,0.0,0.58688,0.51579,0.71866,4
223,burst,20,0.38572,edge_3,access_1-edge_3,1,0,edge_3,edge,0.41477,0.49499,0.0,0.58523,0.50501,0.93321,3
223,burst,7,0.59492,edge_4,edge_4-edge_0,4,3,edge_4,edge,0.50259,0.51527,7.87176,0.49741,0.48473,1.01446,3
223,normal,-1,0.0,,,-1,-1,cloud_0,cloud,0.3966,0.48115,0.0,0.6034,0.51885,0.55496,3
224,normal,-1,0.0,,,-1,-1,access_0,access,0.21723,0.25326,0.0,0.78277,0.74674,0.31416,2
224,normal,-1,0.0,,,-1,-1,access_1,access,0.22833,0.25326,0.0,0.77167,0.74674,0.31416,2
224,mixed,209,0.53825,edge_0,access_0-edge_0,1,0,edge_0,edge,0.64396,0.58778,23.77623,0.35604,0.41222,1.33454,4
224,node_overload,70,0.49468,edge_1,access_0-edge_1,1,0,edge_1,edge,0.52606,0.52569,26.32499,0.47394,0.47431,0.85954,3
224,normal,-1,0.0,,,-1,-1,edge_2,edge,0.41862,0.48292,0.0,0.58138,0.51708,0.71359,4
224,burst,20,0.38572,edge_3,access_1-edge_3,1,0,edge_3,edge,0.49908,0.50352,4.89785,0.50092,0.49648,1.09548,3
224,burst,7,0.59492,edge_4,edge_4-edge_0,4,3,edge_4,edge,0.57022,0.57198,10.15024,0.42978,0.42802,1.13313,3
224,normal,-1,0.0,,,-1,-1,cloud_0,cloud,0.40715,0.47689,0.0,0.59285,0.52311,0.55271,3
225,normal,-1,0.0,,,-1,-1,access_0,access,0.23689,0.26546,0.0,0.76311,0.73454,0.31149,2
225,normal,-1,0.0,,,-1,-1,access_1,access,0.23735,0.25756,0.0,0.76265,0.74244,0.31149,2
225,mixed,209,0.53825,edge_0,access_0-edge_0,1,0,edge_0,edge,0.67595,0.5827,25.61813,0.32405,0.4173,1.34095,4
225,node_overload,70,0.49468,edge_1,access_0-edge_1,1,0,edge_1,edge,0.56743,0.56246,27.94892,0.43257,0.43754,0.8936,3
225,normal,-1,0.0,,,-1,-1,edge_2,edge,0.39983,0.49094,0.0,0.60017,0.50906,0.70606,4
225,burst,20,0.38572,edge_3,access_1-edge_3,1,0,edge_3,edge,0.54956,0.52332,9.22438,0.45044,0.47668,1.31088,3
225,burst,7,0.59492,edge_4,edge_4-edge_0,4,3,edge_4,edge,0.57427,0.55076,10.87702,0.42573,0.44924,1.27954,3
225,normal,-1,0.0,,,-1,-1,cloud_0,cloud,0.38927,0.48791,0.0,0.61073,0.51209,0.54936,3
226,normal,-1,0.0,,,-1,-1,access_0,access,0.2295,0.25064,0.0,0.7705,0.74936,0.30814,2
226,normal,-1,0.0,,,-1,-1,access_1,access,0.23599,0.24733,0.0,0.76401,0.75267,0.30814,2
226,mixed,209,0.53825,edge_0,access_0-edge_0,1,0,edge_0,edge,0.70989,0.63008,26.44177,0.29011,0.36992,1.28009,4
226,node_overload,70,0.49468,edge_1,access_0-edge_1,1,0,edge_1,edge,0.55794,0.5774,29.24779,0.44206,0.4226,0.91685,3
226,normal,-1,0.0,,,-1,-1,edge_2,edge,0.40257,0.47574,0.0,0.59743,0.52426,0.69664,4
226,burst,20,0.38572,edge_3,access_1-edge_3,1,0,edge_3,edge,0.56813,0.53259,10.87663,0.43187,0.46741,1.40243,3
226,burst,7,0.59492,edge_4,edge_4-edge_0,4,3,edge_4,edge,0.6283,0.58635,15.67565,0.3717,0.41365,1.40334,3
226,normal,-1,0.0,,,-1,-1,cloud_0,cloud,0.39577,0.47438,0.0,0.60423,0.52562,0.54517,3
227,normal,-1,0.0,,,-1,-1,access_0,access,0.23456,0.24854,0.0,0.76544,0.75146,0.30436,2
227,normal,-1,0.0,,,-1,-1,access_1,access,0.22526,0.24595,0.0,0.77474,0.75405,0.30436,2
227,mixed,209,0.53825,edge_0,access_0-edge_0,1,0,edge_0,edge,0.62917,0.58941,22.48763,0.37083,0.41059,1.24558,4
227,node_overload,70,0.49468,edge_1,access_0-edge_1,1,0,edge_1,edge,0.5961,0.56017,32.6923,0.4039,0.43983,0.9219,3
227,normal,-1,0.0,,,-1,-1,edge_2,edge,0.39544,0.46677,0.0,0.60456,0.53323,0.68601,4
227,burst,20,0.38572,edge_3,access_1-edge_3,1,0,edge_3,edge,0.51013,0.50076,6.08062,0.48987,0.49924,1.2536,3
227,burst,7,0.59492,edge_4,edge_4-edge_0,4,3,edge_4,edge,0.61522,0.56787,14.44678,0.38478,0.43213,1.44009,3
227,normal,-1,0.0,,,-1,-1,cloud_0,cloud,0.38825,0.46061,0.0,0.61175,0.53939,0.54045,3
228,normal,-1,0.0,,,-1,-1,access_0,access,0.22633,0.24862,0.0,0.77367,0.75138,0.30044,2
228,normal,-1,0.0,,,-1,-1,access_1,access,0.23145,0.24965,0.0,0.76855,0.75035,0.30044,2
228,mixed,209,0.53825,edge_0,access_0-edge_0,1,0,edge_0,edge,0.66691,0.59507,26.261,0.33309,0.40493,1.32002,4
228,node_overload,70,0.49468,edge_1,access_0-edge_1,1,0,edge_1,edge,0.64555,0.57186,35.51173,0.35445,0.42814,0.90715,3
228,normal,-1,0.0,,,-1,-1,edge_2,edge,0.41421,0.46387,0.0,0.58579,0.53613,0.67499,4
228,burst,20,0.38572,edge_3,access_1-edge_3,1,0,edge_3,edge,0.45831,0.5274,2.54669,0.54169,0.4726,1.01448,3
228,burst,7,0.59492,edge_4,edge_4-edge_0,4,3,edge_4,edge,0.58811,0.54917,12.15781,0.41189,0.45083,1.36284,3
228,normal,-1,0.0,,,-1,-1,cloud_0,cloud,0.39272,0.48112,0.0,0.60728,0.51888,0.53555,3
229,normal,-1,0.0,,,-1,-1,access_0,access,0.2261,0.24156,0.0,0.7739,0.75844,0.29666,2
229,normal,-1,0.0,,,-1,-1,access_1,access,0.22355,0.25333,0.0,0.77645,0.74667,0.29666,2
229,mixed,209,0.53825,edge_0,access_0-edge_0,1,0,edge_0,edge,0.65404,0.59226,24.54809,0.34596,0.40774,1.2911,4
229,node_overload,70,0.49468,edge_1,access_0-edge_1,1,0,edge_1,edge,0.60339,0.57302,34.36365,0.39661,0.42698,0.87729,3
229,normal,-1,0.0,,,-1,-1,edge_2,edge,0.38893,0.48558,0.0,0.61107,0.51442,0.66436,4
229,burst,20,0.38572,edge_3,access_1-edge_3,1,0,edge_3,edge,0.41402,0.48492,0.0,0.58598,0.51508,0.87594,3
229,burst,7,0.59492,edge_4,edge_4-edge_0,4,3,edge_4,edge,0.56703,0.56587,10.78093,0.43297,0.43413,1.20939,3
229,normal,-1,0.0,,,-1,-1,cloud_0,cloud,0.38163,0.43924,0.0,0.61837,0.56076,0.53083,3
230,normal,-1,0.0,,,-1,-1,access_0,access,0.22209,0.23897,0.0,0.77791,0.76103,0.29331,2
230,normal,-1,0.0,,,-1,-1,access_1,access,0.21276,0.25682,0.0,0.78724,0.74318,0.29331,2
230,mixed,209,0.53825,edge_0,access_0-edge_0,1,0,edge_0,edge,0.57189,0.53499,17.93675,0.42811,0.46501,1.18882,4
230,node_overload,70,0.49468,edge_1,access_0-edge_1,1,0,edge_1,edge,0.61398,0.59891,32.8687,0.38602,0.40109,0.84179,3
230,normal,-1,0.0,,,-1,-1,edge_2,edge,0.39705,0.47117,0.0,0.60295,0.52883,0.65494,4
230,burst,20,0.38572,edge_3,access_1-edge_3,1,0,edge_3,edge,0.45172,0.50684,2.02732,0.54828,0.49316,0.85195,3
230,burst,7,0.59492,edge_4,edge_4-edge_0,4,3,edge_4,edge,0.51738,0.5056,7.85059,0.48262,0.4944,1.05213,3
230,normal,-1,0.0,,,-1,-1,cloud_0,cloud,0.38521,0.44317,0.0,0.61479,0.55683,0.52664,3
231,normal,-1,0.0,,,-1,-1,access_0,access,0.20881,0.24607,0.0,0.79119,0.75393,0.29064,2
231,normal,-1,0.0,,,-1,-1,access_1,access,0.21433,0.22911,0.0,0.78567,0.77089,0.29064,2
231,burst,2,0.37941,edge_0,edge_0-edge_1,3,2,edge_0,edge,0.49128,0.50787,5.09281,0.50872,0.49213,1.14021,4
231,node_overload,70,0.49468,edge_1,access_0-edge_1,1,0,edge_1,edge,0.60071,0.54132,32.96442,0.39929,0.45868,0.81193,3
231,normal,-1,0.0,,,-1,-1,edge_2,edge,0.41586,0.47991,0.0,0.58414,0.52009,0.64741,4
231,normal,-1,0.0,,,-1,-1,edge_3,edge,0.33929,0.4311,0.0,0.66071,0.5689,0.64741,3
231,burst,7,0.59492,edge_4,edge_4-edge_0,4,3,edge_4,edge,0.51545,0.52804,7.38023,0.48455,0.47196,0.94431,3
231,normal,-1,0.0,,,-1,-1,cloud_0,cloud,0.3715,0.46056,0.0,0.6285,0.53944,0.52329,3
232,normal,-1,0.0,,,-1,-1,access_0,access,0.21872,0.24752,0.0,0.78128,0.75248,0.28883,2
232,normal,-1,0.0,,,-1,-1,access_1,access,0.18587,0.24191,0.0,0.81413,0.75809,0.28883,2
232,burst,2,0.37941,edge_0,edge_0-edge_1,3,2,edge_0,edge,0.46332,0.52246,3.42055,0.53668,0.47754,1.05281,4
232,node_overload,70,0.49468,edge_1,access_0-edge_1,1,0,edge_1,edge,0.60143,0.61677,32.95324,0.39857,0.38323,0.79718,3
232,normal,-1,0.0,,,-1,-1,edge_2,edge,0.40961,0.45541,0.0,0.59039,0.54459,0.64234,4
232,normal,-1,0.0,,,-1,-1,edge_3,edge,0.35867,0.45794,0.0,0.64133,0.54206,0.64234,3
232,burst,7,0.59492,edge_4,edge_4-edge_0,4,3,edge_4,edge,0.50783,0.52,5.75354,0.49217,0.48,0.89625,3
232,normal,-1,0.0,,,-1,-1,cloud_0,cloud,0.37564,0.46468,0.0,0.62436,0.53532,0.52104,3
233,normal,-1,0.0,,,-1,-1,access_0,access,0.20031,0.23181,0.0,0.79969,0.76819,0.28803,2
233,normal,-1,0.0,,,-1,-1,access_1,access,0.20657,0.23481,0.0,0.79343,0.76519,0.28803,2
233,burst,2,0.37941,edge_0,edge_0-edge_1,3,2,edge_0,edge,0.45822,0.51695,1.66777,0.54178,0.48305,0.97783,4
233,node_overload,70,0.49468,edge_1,access_0-edge_1,1,0,edge_1,edge,0.59409,0.54958,31.83345,0.40591,0.45042,0.80224,3
233,normal,-1,0.0,,,-1,-1,edge_2,edge,0.42466,0.49161,0.0,0.57534,0.50839,0.64009,4
233,normal,-1,0.0,,,-1,-1,edge_3,edge,0.34335,0.45473,0.0,0.65665,0.54527,0.64009,3
233,burst,7,0.59492,edge_4,edge_4-edge_0,4,3,edge_4,edge,0.52096,0.50663,7.00605,0.47904,0.49337,0.8896,3
233,normal,-1,0.0,,,-1,-1,cloud_0,cloud,0.37079,0.46074,0.0,0.62921,0.53926,0.52004,3
234,normal,-1,0.0,,,-1,-1,access_0,access,0.21641,0.2394,0.0,0.78359,0.7606,0.2883,2
234,normal,-1,0.0,,,-1,-1,access_1,access,0.21853,0.24317,0.0,0.78147,0.75683,0.2883,2
234,burst,2,0.37941,edge_0,edge_0-edge_1,3,2,edge_0,edge,0.43812,0.52034,1.65698,0.56188,0.47966,0.92045,4
234,node_overload,70,0.49468,edge_1,access_0-edge_1,1,0,edge_1,edge,0.57712,0.60354,28.59563,0.42288,0.39646,0.82548,3
234,normal,-1,0.0,,,-1,-1,edge_2,edge,0.41584,0.47559,0.0,0.58416,0.52441,0.64085,4
234,normal,-1,0.0,,,-1,-1,edge_3,edge,0.341,0.47014,0.0,0.659,0.52986,0.64085,3
234,link_congestion,124,0.48997,edge_4,edge_3-edge_4,4,3,edge_4,edge,0.47011,0.54772,5.30181,0.52989,0.45228,0.90522,3
234,normal,-1,0.0,,,-1,-1,cloud_0,cloud,0.3706,0.45159,0.0,0.6294,0.54841,0.52038,3
235,normal,-1,0.0,,,-1,-1,access_0,access,0.20982,0.23877,0.0,0.79018,0.76123,0.28961,2
235,normal,-1,0.0,,,-1,-1,access_1,access,0.2109,0.25446,0.0,0.7891,0.74554,0.28961,2
235,burst,2,0.37941,edge_0,edge_0-edge_1,3,2,edge_0,edge,0.42347,0.51264,1.34136,0.57653,0.48736,0.88174,4
235,node_overload,70,0.49468,edge_1,access_0-edge_1,1,0,edge_1,edge,0.54638,0.52401,27.3878,0.45362,0.47599,0.85954,3
235,normal,-1,0.0,,,-1,-1,edge_2,edge,0.38371,0.47634,0.0,0.61629,0.52366,0.64454,4
235,normal,-1,0.0,,,-1,-1,edge_3,edge,0.32987,0.43308,0.0,0.67013,0.56692,0.64454,3
235,link_congestion,124,0.48997,edge_4,edge_3-edge_4,4,3,edge_4,edge,0.48283,0.49739,5.41076,0.51717,0.50261,0.88697,3
235,normal,-1,0.0,,,-1,-1,cloud_0,cloud,0.38496,0.4555,0.0,0.61504,0.5445,0.52202,3
236,normal,-1,0.0,,,-1,-1,access_0,access,0.23984,0.26468,0.0,0.76016,0.73532,0.29188,2
236,normal,-1,0.0,,,-1,-1,access_1,access,0.21941,0.25451,0.0,0.78059,0.74549,0.29188,2
236,burst,2,0.37941,edge_0,edge_0-edge_1,3,2,edge_0,edge,0.41592,0.48864,0.0,0.58408,0.51136,0.85975,4
236,burst,32,0.32915,edge_1,access_0-edge_1,1,0,edge_1,edge,0.50498,0.53626,5.90352,0.49502,0.46374,1.32098,3
236,normal,-1,0.0,,,-1,-1,edge_2,edge,0.39728,0.47904,0.0,0.60272,0.52096,0.6509,4
236,normal,-1,0.0,,,-1,-1,edge_3,edge,0.32362,0.43442,0.0,0.67638,0.56558,0.6509,3
236,link_congestion,124,0.48997,edge_4,edge_3-edge_4,4,3,edge_4,edge,0.50471,0.53985,6.06122,0.49529,0.46015,0.86544,3
236,normal,-1,0.0,,,-1,-1,cloud_0,cloud,0.38627,0.45245,0.0,0.61373,0.54755,0.52484,3
237,normal,-1,0.0,,,-1,-1,access_0,access,0.21761,0.24803,0.0,0.78239,0.75197,0.29492,2
237,normal,-1,0.0,,,-1,-1,access_1,access,0.2119,0.25486,0.0,0.7881,0.74514,0.29492,2
237,burst,2,0.37941,edge_0,edge_0-edge_1,3,2,edge_0,edge,0.40538,0.48816,0.0,0.59462,0.51184,0.85081,4
237,burst,32,0.32915,edge_1,access_0-edge_1,1,0,edge_1,edge,0.61497,0.58431,11.32297,0.38503,0.41569,1.38001,3
237,normal,-1,0.0,,,-1,-1,edge_2,edge,0.4068,0.48536,0.0,0.5932,0.51464,0.65946,4
237,normal,-1,0.0,,,-1,-1,edge_3,edge,0.3495,0.46029,0.0,0.6505,0.53971,0.65946,3
237,link_congestion,124,0.48997,edge_4,edge_3-edge_4,4,3,edge_4,edge,0.48816,0.50407,6.0711,0.51184,0.49593,0.84392,3
237,normal,-1,0.0,,,-1,-1,cloud_0,cloud,0.36069,0.45783,0.0,0.63931,0.54217,0.52865,3
238,normal,-1,0.0,,,-1,-1,access_0,access,0.22546,0.25248,0.0,0.77454,0.74752,0.29851,2
238,normal,-1,0.0,,,-1,-1,access_1,access,0.22957,0.27284,0.0,0.77043,0.72716,0.29851,2
238,burst,2,0.37941,edge_0,edge_0-edge_1,3,2,edge_0,edge,0.43363,0.4886,1.04527,0.56637,0.5114,0.85081,4
238,burst,32,0.32915,edge_1,access_0-edge_1,1,0,edge_1,edge,0.5549,0.563,6.64394,0.4451,0.437,1.39225,3
238,normal,-1,0.0,,,-1,-1,edge_2,edge,0.41337,0.48032,0.0,0.58663,0.51968,0.66957,4
238,normal,-1,0.0,,,-1,-1,edge_3,edge,0.35138,0.4533,0.0,0.64862,0.5467,0.66957,3
238,link_congestion,124,0.48997,edge_4,edge_3-edge_4,4,3,edge_4,edge,0.51782,0.48406,6.93532,0.48218,0.51594,0.82567,3
238,normal,-1,0.0,,,-1,-1,cloud_0,cloud,0.36886,0.45264,0.0,0.63114,0.54736,0.53314,3
239,normal,-1,0.0,,,-1,-1,access_0,access,0.22618,0.24472,0.0,0.77382,0.75528,0.3024,2
239,normal,-1,0.0,,,-1,-1,access_1,access,0.21306,0.25686,0.0,0.78694,0.74314,0.3024,2
239,link_congestion,99,0.37481,edge_0,edge_0-edge_1,3,2,edge_0,edge,0.44061,0.4883,0.98346,0.55939,0.5117,0.82319,4
239,burst,32,0.32915,edge_1,access_0-edge_1,1,0,edge_1,edge,0.56547,0.55178,8.96205,0.43453,0.44822,1.35231,3
239,normal,-1,0.0,,,-1,-1,edge_2,edge,0.40967,0.4764,0.0,0.59033,0.5236,0.6805,4
239,normal,-1,0.0,,,-1,-1,edge_3,edge,0.33869,0.43906,0.0,0.66131,0.56094,0.6805,3
239,link_congestion,124,0.48997,edge_4,edge_3-edge_4,4,3,edge_4,edge,0.44771,0.48877,3.99706,0.55229,0.51123,0.81348,3
239,normal,-1,0.0,,,-1,-1,cloud_0,cloud,0.39064,0.4664,0.0,0.60936,0.5336,0.538,3
240,normal,-1,0.0,,,-1,-1,access_0,access,0.22116,0.25713,0.0,0.77884,0.74287,0.3024,2
240,normal,-1,0.0,,,-1,-1,access_1,access,0.20673,0.24158,0.0,0.79327,0.75842,0.3024,2
240,link_congestion,99,0.37481,edge_0,edge_0-edge_1,3,2,edge_0,edge,0.44205,0.52408,1.00948,0.55795,0.47592,0.80494,4
240,burst,32,0.32915,edge_1,access_0-edge_1,1,0,edge_1,edge,0.57616,0.56182,9.7872,0.42384,0.43818,1.26891,3
240,normal,-1,0.0,,,-1,-1,edge_2,edge,0.41641,0.50724,0.0,0.58359,0.49276,0.6805,4
240,normal,-1,0.0,,,-1,-1,edge_3,edge,0.37988,0.46431,0.0,0.62012,0.53569,0.6805,3
240,link_congestion,124,0.48997,edge_4,edge_3-edge_4,4,3,edge_4,edge,0.46003,0.51974,5.22956,0.53997,0.48026,0.80919,3
240,normal,-1,0.0,,,-1,-1,cloud_0,cloud,0.37956,0.46075,0.0,0.62044,0.53925,0.538,3
241,normal,-1,0.0,,,-1,-1,access_0,access,0.22569,0.25025,0.0,0.77431,0.74975,0.30629,2
241,normal,-1,0.0,,,-1,-1,access_1,access,0.21312,0.25033,0.0,0.78688,0.74967,0.30629,2
241,link_congestion,99,0.37481,edge_0,edge_0-edge_1,3,2,edge_0,edge,0.42462,0.47808,1.16405,0.57538,0.52192,0.79275,4
241,burst,32,0.32915,edge_1,access_0-edge_1,1,0,edge_1,edge,0.51995,0.51529,6.14169,0.48005,0.48471,1.16156,3
241,normal,-1,0.0,,,-1,-1,edge_2,edge,0.41841,0.47494,0.0,0.58159,0.52506,0.69143,4
241,normal,-1,0.0,,,-1,-1,edge_3,edge,0.35223,0.42933,0.0,0.64777,0.57067,0.69143,3
241,link_congestion,124,0.48997,edge_4,edge_3-edge_4,4,3,edge_4,edge,0.51545,0.53107,6.69926,0.48455,0.46893,0.81348,3
241,normal,-1,0.0,,,-1,-1,cloud_0,cloud,0.39548,0.46739,0.0,0.60452,0.53261,0.54286,3
242,normal,-1,0.0,,,-1,-1,access_0,access,0.21676,0.24916,0.0,0.78324,0.75084,0.30988,2
242,normal,-1,0.0,,,-1,-1,access_1,access,0.22151,0.26114,0.0,0.77849,0.73886,0.30988,2
242,mixed,154,0.38013,edge_0,edge_0-edge_1,2,1,edge_0,edge,0.48131,0.51563,8.01645,0.51869,0.48437,0.99488,4
242,mixed,214,0.51773,edge_1,edge_1-edge_2,2,1,edge_1,edge,0.56952,0.57038,16.91922,0.43048,0.42962,1.01965,3
242,normal,-1,0.0,,,-1,-1,edge_2,edge,0.43204,0.49722,0.0,0.56796,0.50278,0.70154,4
242,normal,-1,0.0,,,-1,-1,edge_3,edge,0.35426,0.44883,0.0,0.64574,0.55117,0.70154,3
242,link_congestion,124,0.48997,edge_4,edge_3-edge_4,4,3,edge_4,edge,0.46931,0.48795,4.98263,0.53069,0.51205,0.82567,3
242,normal,-1,0.0,,,-1,-1,cloud_0,cloud,0.39589,0.47569,0.0,0.60411,0.52431,0.54735,3
243,normal,-1,0.0,,,-1,-1,access_0,access,0.23774,0.25537,0.0,0.76226,0.74463,0.31292,2
243,normal,-1,0.0,,,-1,-1,access_1,access,0.22561,0.2641,0.0,0.77439,0.7359,0.31292,2
243,mixed,154,0.38013,edge_0,edge_0-edge_1,2,1,edge_0,edge,0.51096,0.51537,10.19691,0.48904,0.48463,1.10123,4
243,mixed,214,0.51773,edge_1,edge_1-edge_2,2,1,edge_1,edge,0.61867,0.54981,19.75183,0.38133,0.45019,1.19286,3
243,normal,-1,0.0,,,-1,-1,edge_2,edge,0.41304,0.47246,0.0,0.58696,0.52754,0.7101,4
243,normal,-1,0.0,,,-1,-1,edge_3,edge,0.35912,0.44653,0.0,0.64088,0.55347,0.7101,3
243,link_congestion,124,0.48997,edge_4,edge_3-edge_4,4,3,edge_4,edge,0.48334,0.50102,4.9612,0.51666,0.49898,0.84392,3
243,normal,-1,0.0,,,-1,-1,cloud_0,cloud,0.37818,0.46567,0.0,0.62182,0.53433,0.55116,3
244,normal,-1,0.0,,,-1,-1,access_0,access,0.21965,0.26523,0.0,0.78035,0.73477,0.31519,2
244,normal,-1,0.0,,,-1,-1,access_1,access,0.23145,0.25339,0.0,0.76855,0.74661,0.31519,2
244,mixed,154,0.38013,edge_0,edge_0-edge_1,2,1,edge_0,edge,0.52167,0.53886,12.79809,0.47833,0.46114,1.22208,4
244,mixed,214,0.51773,edge_1,edge_1-edge_2,2,1,edge_1,edge,0.6554,0.60872,22.67907,0.3446,0.39128,1.36339,3
244,normal,-1,0.0,,,-1,-1,edge_2,edge,0.41872,0.47416,0.0,0.58128,0.52584,0.71646,4
244,normal,-1,0.0,,,-1,-1,edge_3,edge,0.34726,0.43672,0.0,0.65274,0.56328,0.71646,3
244,link_congestion,124,0.48997,edge_4,edge_3-edge_4,4,3,edge_4,edge,0.50439,0.52411,4.41107,0.49561,0.47589,0.86544,3
244,normal,-1,0.0,,,-1,-1,cloud_0,cloud,0.40073,0.47698,0.0,0.59927,0.52302,0.55398,3
245,normal,-1,0.0,,,-1,-1,access_0,access,0.24291,0.27069,0.0,0.75709,0.72931,0.3165,2
245,normal,-1,0.0,,,-1,-1,access_1,access,0.23493,0.26713,0.0,0.76507,0.73287,0.3165,2
245,mixed,154,0.38013,edge_0,edge_0-edge_1,2,1,edge_0,edge,0.54569,0.59812,13.76293,0.45431,0.40188,1.32911,4
245,mixed,214,0.51773,edge_1,edge_1-edge_2,2,1,edge_1,edge,0.73695,0.5963,29.3199,0.26305,0.4037,1.41301,3
245,normal,-1,0.0,,,-1,-1,edge_2,edge,0.40082,0.48209,0.0,0.59918,0.51791,0.72015,4
245,normal,-1,0.0,,,-1,-1,edge_3,edge,0.3297,0.45708,0.0,0.6703,0.54292,0.72015,3
245,mixed,158,0.46972,edge_4,edge_3-edge_4,2,1,edge_4,edge,0.56896,0.52937,14.01184,0.43104,0.47063,1.08301,3
245,normal,-1,0.0,,,-1,-1,cloud_0,cloud,0.38404,0.47439,0.0,0.61596,0.52561,0.55562,3
246,normal,-1,0.0,,,-1,-1,access_0,access,0.22041,0.24425,0.0,0.77959,0.75575,0.31677,2
246,normal,-1,0.0,,,-1,-1,access_1,access,0.23172,0.24343,0.0,0.76828,0.75657,0.31677,2
246,mixed,154,0.38013,edge_0,edge_0-edge_1,2,1,edge_0,edge,0.64499,0.5811,20.38878,0.35501,0.4189,1.38802,4
246,mixed,173,0.60939,edge_1,access_0-edge_1,1,0,edge_1,edge,0.58215,0.55158,18.93612,0.41785,0.44842,1.03615,3
246,normal,-1,0.0,,,-1,-1,edge_2,edge,0.42745,0.49457,0.0,0.57255,0.50543,0.72091,4
246,normal,-1,0.0,,,-1,-1,edge_3,edge,0.36943,0.4289,0.0,0.63057,0.5711,0.72091,3
246,mixed,158,0.46972,edge_4,edge_3-edge_4,2,1,edge_4,edge,0.61809,0.54302,19.44861,0.38191,0.45698,1.16525,3
246,normal,-1,0.0,,,-1,-1,cloud_0,cloud,0.40104,0.4772,0.0,0.59896,0.5228,0.55596,3
247,normal,-1,0.0,,,-1,-1,access_0,access,0.23136,0.25019,0.0,0.76864,0.74981,0.31597,2
247,normal,-1,0.0,,,-1,-1,access_1,access,0.22481,0.25699,0.0,0.77519,0.74301,0.31597,2
247,mixed,154,0.38013,edge_0,edge_0-edge_1,2,1,edge_0,edge,0.60726,0.5499,17.48531,0.39274,0.4501,1.37587,4
247,mixed,173,0.60939,edge_1,access_0-edge_1,1,0,edge_1,edge,0.61348,0.56044,22.49307,0.38652,0.43956,1.1425,3
247,mixed,166,0.43865,edge_2,edge_2-edge_3,2,1,edge_2,edge,0.58964,0.58307,16.43632,0.41036,0.41693,1.00541,4
247,normal,-1,0.0,,,-1,-1,edge_3,edge,0.34057,0.43359,0.0,0.65943,0.56641,0.71866,3
247,mixed,158,0.46972,edge_4,edge_3-edge_4,2,1,edge_4,edge,0.5888,0.57067,17.02614,0.4112,0.42933,1.2501,3
247,normal,-1,0.0,,,-1,-1,cloud_0,cloud,0.41156,0.46936,0.0,0.58844,0.53064,0.55496,3
248,normal,-1,0.0,,,-1,-1,access_0,access,0.23109,0.26903,0.0,0.76891,0.73097,0.31416,2
248,normal,-1,0.0,,,-1,-1,access_1,access,0.22694,0.27067,0.0,0.77306,0.72933,0.31416,2
248,mixed,154,0.38013,edge_0,edge_0-edge_1,2,1,edge_0,edge,0.57985,0.58092,15.15747,0.42015,0.41908,1.29534,4
248,mixed,173,0.60939,edge_1,access_0-edge_1,1,0,edge_1,edge,0.60815,0.54806,22.78491,0.39185,0.45194,1.26335,3
248,mixed,166,0.43865,edge_2,edge_2-edge_3,2,1,edge_2,edge,0.5871,0.55354,15.56723,0.4129,0.44646,1.08615,4
248,normal,-1,0.0,,,-1,-1,edge_3,edge,0.35431,0.43862,0.0,0.64569,0.56138,0.71359,3
248,mixed,158,0.46972,edge_4,edge_3-edge_4,2,1,edge_4,edge,0.67352,0.56482,24.80737,0.32648,0.43518,1.32663,3
248,normal,-1,0.0,,,-1,-1,cloud_0,cloud,0.40597,0.46333,0.0,0.59403,0.53667,0.55271,3
249,normal,-1,0.0,,,-1,-1,access_0,access,0.22263,0.26391,0.0,0.77737,0.73609,0.31149,2
249,normal,-1,0.0,,,-1,-1,access_1,access,0.21661,0.25226,0.0,0.78339,0.74774,0.31149,2
249,mixed,154,0.38013,edge_0,edge_0-edge_1,2,1,edge_0,edge,0.6038,0.57077,16.74589,0.3962,0.42923,1.30608,4
249,mixed,173,0.60939,edge_1,access_0-edge_1,1,0,edge_1,edge,0.69804,0.62232,27.54166,0.30196,0.37768,1.37038,3
249,mixed,166,0.43865,edge_2,edge_2-edge_3,2,1,edge_2,edge,0.61682,0.51981,18.0931,0.38318,0.48019,1.17863,4
249,normal,-1,0.0,,,-1,-1,edge_3,edge,0.36545,0.48502,0.0,0.63455,0.51498,0.70606,3
249,mixed,158,0.46972,edge_4,edge_3-edge_4,2,1,edge_4,edge,0.66671,0.58234,23.42446,0.33329,0.41766,1.38263,3
249,normal,-1,0.0,,,-1,-1,cloud_0,cloud,0.38249,0.46776,0.0,0.61751,0.53224,0.54936,3
250,normal,-1,0.0,,,-1,-1,access_0,access,0.22133,0.24997,0.0,0.77867,0.75003,0.30814,2
250,normal,-1,0.0,,,-1,-1,access_1,access,0.22078,0.27255,0.0,0.77922,0.72745,0.30814,2
250,mixed,154,0.38013,edge_0,edge_0-edge_1,2,1,edge_0,edge,0.62169,0.59552,17.63523,0.37831,0.40448,1.31585,4
250,mixed,173,0.60939,edge_1,access_0-edge_1,1,0,edge_1,edge,0.70282,0.63177,29.19403,0.29718,0.36823,1.42929,3
250,mixed,166,0.43865,edge_2,edge_2-edge_3,2,1,edge_2,edge,0.66234,0.59506,20.72974,0.33766,0.40494,1.27154,4
250,normal,-1,0.0,,,-1,-1,edge_3,edge,0.36858,0.45425,0.0,0.63142,0.54575,0.69664,3
250,mixed,176,0.56861,edge_4,edge_3-edge_4,4,3,edge_4,edge,0.58191,0.57734,19.17682,0.41809,0.42266,1.02881,3
250,normal,-1,0.0,,,-1,-1,cloud_0,cloud,0.39561,0.4634,0.0,0.60439,0.5366,0.54517,3
251,normal,-1,0.0,,,-1,-1,access_0,access,0.21638,0.26749,0.0,0.78362,0.73251,0.30436,2
251,normal,-1,0.0,,,-1,-1,access_1,access,0.19416,0.26801,0.0,0.80584,0.73199,0.30436,2
251,mixed,154,0.38013,edge_0,edge_0-edge_1,2,1,edge_0,edge,0.63228,0.57614,19.07002,0.36772,0.42386,1.27501,4
251,mixed,173,0.60939,edge_1,access_0-edge_1,1,0,edge_1,edge,0.71849,0.65581,29.69388,0.28151,0.34419,1.41714,3
251,mixed,166,0.43865,edge_2,edge_2-edge_3,2,1,edge_2,edge,0.63381,0.57317,21.15421,0.36619,0.42683,1.34915,4
251,normal,-1,0.0,,,-1,-1,edge_3,edge,0.36187,0.46879,0.0,0.63813,0.53121,0.68601,3
251,mixed,176,0.56861,edge_4,edge_3-edge_4,4,3,edge_4,edge,0.57693,0.54473,20.06662,0.42307,0.45527,1.15489,3
251,normal,-1,0.0,,,-1,-1,cloud_0,cloud,0.35952,0.4774,0.0,0.64048,0.5226,0.54045,3
252,normal,-1,0.0,,,-1,-1,access_0,access,0.20995,0.25992,0.0,0.79005,0.74008,0.30044,2
252,normal,-1,0.0,,,-1,-1,access_1,access,0.23439,0.25232,0.0,0.76561,0.74768,0.30044,2
252,mixed,154,0.38013,edge_0,edge_0-edge_1,2,1,edge_0,edge,0.52256,0.49541,12.24434,0.47744,0.50459,1.19502,4
252,mixed,173,0.60939,edge_1,access_0-edge_1,1,0,edge_1,edge,0.69868,0.62441,28.45496,0.30132,0.37559,1.33661,3
252,mixed,166,0.43865,edge_2,edge_2-edge_3,2,1,edge_2,edge,0.66474,0.55866,23.5666,0.33526,0.44134,1.39529,4
252,normal,-1,0.0,,,-1,-1,edge_3,edge,0.37089,0.43546,0.0,0.62911,0.56454,0.67499,3
252,mixed,176,0.56861,edge_4,edge_3-edge_4,4,3,edge_4,edge,0.62932,0.59488,22.80415,0.37068,0.40512,1.29493,3
252,normal,-1,0.0,,,-1,-1,cloud_0,cloud,0.39064,0.47294,0.0,0.60936,0.52706,0.53555,3
253,normal,-1,0.0,,,-1,-1,access_0,access,0.21342,0.25854,0.0,0.78658,0.74146,0.29666,2
253,normal,-1,0.0,,,-1,-1,access_1,access,0.22191,0.23864,0.0,0.77809,0.76136,0.29666,2
253,mixed,154,0.38013,edge_0,edge_0-edge_1,2,1,edge_0,edge,0.59606,0.56818,16.59689,0.40394,0.43182,1.26008,4
253,mixed,173,0.60939,edge_1,access_0-edge_1,1,0,edge_1,edge,0.6936,0.60753,27.42328,0.3064,0.39247,1.34734,3
253,node_overload,59,0.54541,edge_2,edge_1-edge_2,2,1,edge_2,edge,0.55361,0.54678,28.87787,0.44639,0.45322,0.86867,4
253,normal,-1,0.0,,,-1,-1,edge_3,edge,0.35542,0.46009,0.0,0.64458,0.53991,0.66436,3
253,mixed,176,0.56861,edge_4,edge_3-edge_4,4,3,edge_4,edge,0.68634,0.61021,25.65738,0.31366,0.38979,1.40043,3
253,normal,-1,0.0,,,-1,-1,cloud_0,cloud,0.37439,0.46758,0.0,0.62561,0.53242,0.53083,3
254,normal,-1,0.0,,,-1,-1,access_0,access,0.21158,0.24404,0.0,0.78842,0.75596,0.29331,2
254,normal,-1,0.0,,,-1,-1,access_1,access,0.23793,0.24405,0.0,0.76207,0.75595,0.29331,2
254,mixed,154,0.38013,edge_0,edge_0-edge_1,2,1,edge_0,edge,0.58382,0.56486,15.29359,0.41618,0.43514,1.29406,4
254,mixed,173,0.60939,edge_1,access_0-edge_1,1,0,edge_1,edge,0.71183,0.63488,29.89918,0.28817,0.36512,1.35712,3
254,node_overload,59,0.54541,edge_2,edge_1-edge_2,2,1,edge_2,edge,0.65325,0.5949,34.55984,0.34675,0.4051,0.89795,4
254,link_congestion,103,0.47819,edge_3,edge_2-edge_3,3,2,edge_3,edge,0.44967,0.54201,2.55175,0.55033,0.45799,0.86332,3
254,mixed,176,0.56861,edge_4,edge_3-edge_4,4,3,edge_4,edge,0.70452,0.59526,28.40838,0.29548,0.40474,1.42217,3
254,normal,-1,0.0,,,-1,-1,cloud_0,cloud,0.37428,0.45229,0.0,0.62572,0.54771,0.52664,3
255,normal,-1,0.0,,,-1,-1,access_0,access,0.22119,0.25241,0.0,0.77881,0.74759,0.29064,2
255,normal,-1,0.0,,,-1,-1,access_1,access,0.19802,0.24783,0.0,0.80198,0.75217,0.29064,2
255,mixed,154,0.38013,edge_0,edge_0-edge_1,2,1,edge_0,edge,0.58388,0.54398,17.18715,0.41612,0.45602,1.25092,4
255,mixed,173,0.60939,edge_1,access_0-edge_1,1,0,edge_1,edge,0.69942,0.61424,29.97512,0.30058,0.38576,1.31628,3
255,node_overload,59,0.54541,edge_2,edge_1-edge_2,2,1,edge_2,edge,0.62888,0.60986,34.60485,0.37112,0.39014,0.92052,4
255,link_congestion,103,0.47819,edge_3,edge_2-edge_3,3,2,edge_3,edge,0.47339,0.50267,5.4509,0.52661,0.49733,0.88364,3
255,mixed,176,0.56861,edge_4,edge_3-edge_4,4,3,edge_4,edge,0.67841,0.59286,25.18454,0.32159,0.40714,1.34649,3
255,normal,-1,0.0,,,-1,-1,cloud_0,cloud,0.38918,0.45431,0.0,0.61082,0.54569,0.52329,3
256,normal,-1,0.0,,,-1,-1,access_0,access,0.21611,0.24244,0.0,0.78389,0.75756,0.28883,2
256,normal,-1,0.0,,,-1,-1,access_1,access,0.23459,0.23075,0.0,0.76541,0.76925,0.28883,2
256,mixed,154,0.38013,edge_0,edge_0-edge_1,2,1,edge_0,edge,0.56561,0.5054,14.92284,0.43439,0.4946,1.16036,4
256,mixed,173,0.60939,edge_1,access_0-edge_1,1,0,edge_1,edge,0.69851,0.65033,29.19179,0.30149,0.34967,1.23629,3
256,node_overload,59,0.54541,edge_2,edge_1-edge_2,2,1,edge_2,edge,0.64206,0.57018,36.37546,0.35794,0.42982,0.93121,4
256,link_congestion,103,0.47819,edge_3,edge_2-edge_3,3,2,edge_3,edge,0.45454,0.4771,3.2655,0.54546,0.5229,0.90122,3
256,mixed,176,0.56861,edge_4,edge_3-edge_4,4,3,edge_4,edge,0.66969,0.58577,25.71227,0.33031,0.41423,1.34,3
256,normal,-1,0.0,,,-1,-1,cloud_0,cloud,0.37579,0.45988,0.0,0.62421,0.54012,0.52104,3
257,normal,-1,0.0,,,-1,-1,access_0,access,0.21441,0.2543,0.0,0.78559,0.7457,0.28803,2
257,normal,-1,0.0,,,-1,-1,access_1,access,0.19295,0.24097,0.0,0.80705,0.75903,0.28803,2
257,normal,-1,0.0,,,-1,-1,edge_0,edge,0.34493,0.45972,0.0,0.65507,0.54028,0.64009,4
257,mixed,173,0.60939,edge_1,access_0-edge_1,1,0,edge_1,edge,0.68003,0.63192,27.86051,0.31997,0.36808,1.30135,3
257,node_overload,59,0.54541,edge_2,edge_1-edge_2,2,1,edge_2,edge,0.6588,0.57957,38.70614,0.3412,0.42043,0.92758,4
257,link_congestion,103,0.47819,edge_3,edge_2-edge_3,3,2,edge_3,edge,0.45991,0.50529,3.36229,0.54009,0.49471,0.91368,3
257,mixed,176,0.56861,edge_4,edge_3-edge_4,4,3,edge_4,edge,0.69348,0.56678,28.82859,0.30652,0.43322,1.34641,3
257,normal,-1,0.0,,,-1,-1,cloud_0,cloud,0.366,0.45903,0.0,0.634,0.54097,0.52004,3
258,normal,-1,0.0,,,-1,-1,access_0,access,0.23255,0.24582,0.0,0.76745,0.75418,0.2883,2
258,normal,-1,0.0,,,-1,-1,access_1,access,0.21625,0.23548,0.0,0.78375,0.76452,0.2883,2
258,normal,-1,0.0,,,-1,-1,edge_0,edge,0.3644,0.44823,0.0,0.6356,0.55177,0.64085,4
258,mixed,173,0.60939,edge_1,access_0-edge_1,1,0,edge_1,edge,0.69406,0.62523,29.69524,0.30594,0.37477,1.33533,3
258,node_overload,59,0.54541,edge_2,edge_1-edge_2,2,1,edge_2,edge,0.67518,0.60157,39.81722,0.32482,0.39843,0.91045,4
258,link_congestion,103,0.47819,edge_3,edge_2-edge_3,3,2,edge_3,edge,0.48783,0.51502,4.96398,0.51217,0.48498,0.91933,3
258,mixed,176,0.56861,edge_4,edge_3-edge_4,4,3,edge_4,edge,0.66189,0.59557,26.14234,0.33811,0.40443,1.28556,3
258,normal,-1,0.0,,,-1,-1,cloud_0,cloud,0.37864,0.448,0.0,0.62136,0.552,0.52038,3
259,normal,-1,0.0,,,-1,-1,access_0,access,0.23176,0.24715,0.0,0.76824,0.75285,0.28961,2
259,normal,-1,0.0,,,-1,-1,access_1,access,0.20272,0.24607,0.0,0.79728,0.75393,0.28961,2
259,normal,-1,0.0,,,-1,-1,edge_0,edge,0.34148,0.45323,0.0,0.65852,0.54677,0.64454,4
259,mixed,173,0.60939,edge_1,access_0-edge_1,1,0,edge_1,edge,0.71336,0.58972,30.09872,0.28664,0.41028,1.29219,3
259,node_overload,59,0.54541,edge_2,edge_1-edge_2,2,1,edge_2,edge,0.68605,0.61587,39.97889,0.31395,0.38413,0.88375,4
259,link_congestion,103,0.47819,edge_3,edge_2-edge_3,3,2,edge_3,edge,0.44567,0.51249,3.36961,0.55433,0.48751,0.91743,3
259,mixed,176,0.56861,edge_4,edge_3-edge_4,4,3,edge_4,edge,0.68812,0.61984,26.28635,0.31188,0.38016,1.25105,3
259,normal,-1,0.0,,,-1,-1,cloud_0,cloud,0.3903,0.46025,0.0,0.6097,0.53975,0.52202,3
260,normal,-1,0.0,,,-1,-1,access_0,access,0.217,0.24971,0.0,0.783,0.75029,0.29188,2
260,normal,-1,0.0,,,-1,-1,access_1,access,0.22926,0.24573,0.0,0.77074,0.75427,0.29188,2
260,normal,-1,0.0,,,-1,-1,edge_0,edge,0.33675,0.43439,0.0,0.66325,0.56561,0.6509,4
260,mixed,173,0.60939,edge_1,access_0-edge_1,1,0,edge_1,edge,0.6521,0.58723,24.52876,0.3479,0.41277,1.20162,3
260,node_overload,59,0.54541,edge_2,edge_1-edge_2,2,1,edge_2,edge,0.617,0.60179,33.86626,0.383,0.39821,0.8536,4
260,link_congestion,103,0.47819,edge_3,edge_2-edge_3,3,2,edge_3,edge,0.4858,0.53128,3.47643,0.5142,0.46872,0.90821,3
260,mixed,176,0.56861,edge_4,edge_3-edge_4,4,3,edge_4,edge,0.70568,0.57365,27.9731,0.29432,0.42635,1.32549,3
260,normal,-1,0.0,,,-1,-1,cloud_0,cloud,0.38509,0.456,0.0,0.61491,0.544,0.52484,3
261,normal,-1,0.0,,,-1,-1,access_0,access,0.21274,0.2792,0.0,0.78726,0.7208,0.29492,2
261,normal,-1,0.0,,,-1,-1,access_1,access,0.20632,0.24946,0.0,0.79368,0.75054,0.29492,2
261,normal,-1,0.0,,,-1,-1,edge_0,edge,0.34883,0.46259,0.0,0.65117,0.53741,0.65946,4
261,link_congestion,129,0.52604,edge_1,access_0-edge_1,1,0,edge_1,edge,0.46599,0.51178,6.48842,0.53401,0.48822,0.90809,3
261,node_overload,59,0.54541,edge_2,edge_1-edge_2,2,1,edge_2,edge,0.64445,0.6062,39.43179,0.35555,0.3938,0.8269,4
261,link_congestion,103,0.47819,edge_3,edge_2-edge_3,3,2,edge_3,edge,0.44319,0.52295,3.6112,0.55681,0.47705,0.89294,3
261,mixed,176,0.56861,edge_4,edge_3-edge_4,4,3,edge_4,edge,0.67123,0.61532,25.20592,0.32877,0.38468,1.29657,3
261,normal,-1,0.0,,,-1,-1,cloud_0,cloud,0.3957,0.4673,0.0,0.6043,0.5327,0.52865,3
262,normal,-1,0.0,,,-1,-1,access_0,access,0.22934,0.2612,0.0,0.77066,0.7388,0.29851,2
262,normal,-1,0.0,,,-1,-1,access_1,access,0.21518,0.26734,0.0,0.78482,0.73266,0.29851,2
262,normal,-1,0.0,,,-1,-1,edge_0,edge,0.34528,0.46713,0.0,0.65472,0.53287,0.66957,4
262,link_congestion,129,0.52604,edge_1,access_0-edge_1,1,0,edge_1,edge,0.47142,0.47447,3.40548,0.52858,0.52553,0.92733,3
262,node_overload,59,0.54541,edge_2,edge_1-edge_2,2,1,edge_2,edge,0.67247,0.59728,37.92002,0.32753,0.40272,0.80977,4
262,link_congestion,103,0.47819,edge_3,edge_2-edge_3,3,2,edge_3,edge,0.46265,0.49303,3.43201,0.53735,0.50697,0.87366,3
262,mixed,176,0.56861,edge_4,edge_3-edge_4,4,3,edge_4,edge,0.59996,0.60733,21.40371,0.40004,0.39267,1.19428,3
262,normal,-1,0.0,,,-1,-1,cloud_0,cloud,0.38517,0.45027,0.0,0.61483,0.54973,0.53314,3
263,normal,-1,0.0,,,-1,-1,access_0,access,0.23175,0.25353,0.0,0.76825,0.74647,0.3024,2
263,normal,-1,0.0,,,-1,-1,access_1,access,0.23687,0.25929,0.0,0.76313,0.74071,0.3024,2
263,normal,-1,0.0,,,-1,-1,edge_0,edge,0.37007,0.46629,0.0,0.62993,0.53371,0.6805,4
263,link_congestion,129,0.52604,edge_1,access_0-edge_1,1,0,edge_1,edge,0.53809,0.54599,6.54286,0.46191,0.45401,0.92065,3
263,node_overload,59,0.54541,edge_2,edge_1-edge_2,2,1,edge_2,edge,0.66541,0.59425,38.90882,0.33459,0.40575,0.80613,4
263,link_congestion,103,0.47819,edge_3,edge_2-edge_3,3,2,edge_3,edge,0.43163,0.49835,0.92321,0.56837,0.50165,0.85299,3
263,mixed,158,0.46972,edge_4,edge_3-edge_4,2,1,edge_4,edge,0.64499,0.60033,21.90214,0.35501,0.39967,1.24269,3
263,normal,-1,0.0,,,-1,-1,cloud_0,cloud,0.3773,0.46493,0.0,0.6227,0.53507,0.538,3
264,normal,-1,0.0,,,-1,-1,access_0,access,0.21809,0.2616,0.0,0.78191,0.7384,0.3024,2
264,normal,-1,0.0,,,-1,-1,access_1,access,0.23401,0.25226,0.0,0.76599,0.74774,0.3024,2
264,normal,-1,0.0,,,-1,-1,edge_0,edge,0.32748,0.43744,0.0,0.67252,0.56256,0.6805,4
264,link_congestion,129,0.52604,edge_1,access_0-edge_1,1,0,edge_1,edge,0.51139,0.54451,6.93441,0.48861,0.45549,0.89118,3
264,node_overload,59,0.54541,edge_2,edge_1-edge_2,2,1,edge_2,edge,0.65083,0.59127,38.2686,0.34917,0.40873,0.81683,4
264,node_overload,46,0.55957,edge_3,access_1-edge_3,1,0,edge_3,edge,0.51757,0.49189,27.26522,0.48243,0.50811,0.87122,3
264,mixed,158,0.46972,edge_4,edge_3-edge_4,2,1,edge_4,edge,0.62017,0.62374,20.30385,0.37983,0.37626,1.17648,3
264,normal,-1,0.0,,,-1,-1,cloud_0,cloud,0.37753,0.46279,0.0,0.62247,0.53721,0.538,3
265,normal,-1,0.0,,,-1,-1,access_0,access,0.23327,0.24463,0.0,0.76673,0.75537,0.30629,2
265,normal,-1,0.0,,,-1,-1,access_1,access,0.23333,0.26014,0.0,0.76667,0.73986,0.30629,2
265,mixed,199,0.63359,edge_0,edge_0-edge_1,3,2,edge_0,edge,0.53759,0.53342,17.265,0.46241,0.46658,1.0405,4
265,link_congestion,129,0.52604,edge_1,access_0-edge_1,1,0,edge_1,edge,0.51248,0.54246,8.3517,0.48752,0.45754,0.8527,3
265,node_overload,59,0.54541,edge_2,edge_1-edge_2,2,1,edge_2,edge,0.61986,0.58341,33.54586,0.38014,0.41659,0.8394,4
265,node_overload,46,0.55957,edge_3,access_1-edge_3,1,0,edge_3,edge,0.52611,0.52473,29.07686,0.47389,0.47527,0.89277,3
265,normal,-1,0.0,,,-1,-1,edge_4,edge,0.37435,0.46364,0.0,0.62565,0.53636,0.69143,3
265,normal,-1,0.0,,,-1,-1,cloud_0,cloud,0.37716,0.47282,0.0,0.62284,0.52718,0.54286,3
266,normal,-1,0.0,,,-1,-1,access_0,access,0.22962,0.26358,0.0,0.77038,0.73642,0.30988,2
266,normal,-1,0.0,,,-1,-1,access_1,access,0.21628,0.24319,0.0,0.78372,0.75681,0.30988,2
266,mixed,199,0.63359,edge_0,edge_0-edge_1,3,2,edge_0,edge,0.59996,0.53763,19.86025,0.40004,0.46237,1.11663,4
266,link_congestion,129,0.52604,edge_1,access_0-edge_1,1,0,edge_1,edge,0.48057,0.51809,4.90251,0.51943,0.48191,0.82322,3
266,node_overload,59,0.54541,edge_2,edge_1-edge_2,2,1,edge_2,edge,0.57205,0.5469,32.22913,0.42795,0.4531,0.86867,4
266,node_overload,46,0.55957,edge_3,access_1-edge_3,1,0,edge_3,edge,0.54027,0.53566,28.37074,0.45973,0.46434,0.91172,3
266,normal,-1,0.0,,,-1,-1,edge_4,edge,0.38654,0.45283,0.0,0.61346,0.54717,0.70154,3
266,normal,-1,0.0,,,-1,-1,cloud_0,cloud,0.39944,0.46903,0.0,0.60056,0.53097,0.54735,3
267,normal,-1,0.0,,,-1,-1,access_0,access,0.21314,0.2554,0.0,0.78686,0.7446,0.31292,2
267,normal,-1,0.0,,,-1,-1,access_1,access,0.23507,0.25431,0.0,0.76493,0.74569,0.31292,2
267,mixed,199,0.63359,edge_0,edge_0-edge_1,3,2,edge_0,edge,0.63536,0.59335,23.43647,0.36464,0.40665,1.20372,4
267,link_congestion,129,0.52604,edge_1,access_0-edge_1,1,0,edge_1,edge,0.49573,0.51584,5.4282,0.50427,0.48416,0.81654,3
267,normal,-1,0.0,,,-1,-1,edge_2,edge,0.4133,0.48023,0.0,0.5867,0.51977,0.7101,4
267,node_overload,46,0.55957,edge_3,access_1-edge_3,1,0,edge_3,edge,0.57213,0.55998,33.09805,0.42787,0.44002,0.92578,3
267,burst,31,0.42681,edge_4,edge_3-edge_4,4,3,edge_4,edge,0.4527,0.50656,2.2113,0.5473,0.49344,0.85934,3
267,normal,-1,0.0,,,-1,-1,cloud_0,cloud,0.41164,0.46425,0.0,0.58836,0.53575,0.55116,3
268,normal,-1,0.0,,,-1,-1,access_0,access,0.22446,0.24796,0.0,0.77554,0.75204,0.31519,2
268,normal,-1,0.0,,,-1,-1,access_1,access,0.23927,0.27391,0.0,0.76073,0.72609,0.31519,2
268,mixed,199,0.63359,edge_0,edge_0-edge_1,3,2,edge_0,edge,0.57715,0.55876,21.31292,0.42285,0.44124,1.29254,4
268,link_congestion,129,0.52604,edge_1,access_0-edge_1,1,0,edge_1,edge,0.4852,0.52031,6.87596,0.5148,0.47969,0.83578,3
268,normal,-1,0.0,,,-1,-1,edge_2,edge,0.40213,0.47185,0.0,0.59787,0.52815,0.71646,4
268,node_overload,46,0.55957,edge_3,access_1-edge_3,1,0,edge_3,edge,0.58618,0.53621,35.37377,0.41382,0.46379,0.93327,3
268,burst,31,0.42681,edge_4,edge_3-edge_4,4,3,edge_4,edge,0.48429,0.50334,4.66661,0.51571,0.49666,0.95804,3
268,normal,-1,0.0,,,-1,-1,cloud_0,cloud,0.39523,0.48325,0.0,0.60477,0.51675,0.55398,3
269,normal,-1,0.0,,,-1,-1,access_0,access,0.22795,0.25952,0.0,0.77205,0.74048,0.3165,2
269,normal,-1,0.0,,,-1,-1,access_1,access,0.2284,0.25527,0.0,0.7716,0.74473,0.3165,2
269,mixed,199,0.63359,edge_0,edge_0-edge_1,3,2,edge_0,edge,0.68612,0.60588,28.49876,0.31388,0.39412,1.37002,4
269,link_congestion,129,0.52604,edge_1,access_0-edge_1,1,0,edge_1,edge,0.48262,0.48929,5.69458,0.51738,0.51071,0.87194,3
269,normal,-1,0.0,,,-1,-1,edge_2,edge,0.40431,0.47513,0.0,0.59569,0.52487,0.72015,4
269,node_overload,46,0.55957,edge_3,access_1-edge_3,1,0,edge_3,edge,0.65159,0.59768,38.65191,0.34841,0.40232,0.93327,3
269,mixed,212,0.53195,edge_4,edge_4-edge_0,4,3,edge_4,edge,0.54808,0.53668,15.78006,0.45192,0.46332,1.02221,3
269,normal,-1,0.0,,,-1,-1,cloud_0,cloud,0.40617,0.47771,0.0,0.59383,0.52229,0.55562,3
270,normal,-1,0.0,,,-1,-1,access_0,access,0.22611,0.24917,0.0,0.77389,0.75083,0.31677,2
270,normal,-1,0.0,,,-1,-1,access_1,access,0.2262,0.25922,0.0,0.7738,0.74078,0.31677,2
270,mixed,199,0.63359,edge_0,edge_0-edge_1,3,2,edge_0,edge,0.70825,0.59894,29.76255,0.29175,0.40106,1.42205,4
270,node_overload,42,0.45463,edge_1,access_0-edge_1,1,0,edge_1,edge,0.5655,0.55666,28.18218,0.4345,0.44334,0.90159,3
270,normal,-1,0.0,,,-1,-1,edge_2,edge,0.41966,0.47047,0.0,0.58034,0.52953,0.72091,4
270,node_overload,46,0.55957,edge_3,access_1-edge_3,1,0,edge_3,edge,0.61795,0.57679,37.34963,0.38205,0.42321,0.92578,3
270,mixed,212,0.53195,edge_4,edge_4-edge_0,4,3,edge_4,edge,0.64671,0.58451,22.92142,0.35329,0.41549,1.21917,3
270,normal,-1,0.0,,,-1,-1,cloud_0,cloud,0.39263,0.48477,0.0,0.60737,0.51523,0.55596,3
271,normal,-1,0.0,,,-1,-1,access_0,access,0.22314,0.26377,0.0,0.77686,0.73623,0.31597,2
271,normal,-1,0.0,,,-1,-1,access_1,access,0.21534,0.25921,0.0,0.78466,0.74079,0.31597,2
271,mixed,199,0.63359,edge_0,edge_0-edge_1,3,2,edge_0,edge,0.72288,0.62148,30.94033,0.27712,0.37852,1.43769,4
271,node_overload,42,0.45463,edge_1,access_0-edge_1,1,0,edge_1,edge,0.56144,0.56333,27.97948,0.43856,0.43667,0.91098,3
271,normal,-1,0.0,,,-1,-1,edge_2,edge,0.41534,0.49343,0.0,0.58466,0.50657,0.71866,4
271,node_overload,46,0.55957,edge_3,access_1-edge_3,1,0,edge_3,edge,0.64129,0.61322,38.91192,0.35871,0.38678,0.91172,3
271,mixed,212,0.53195,edge_4,edge_4-edge_0,4,3,edge_4,edge,0.66753,0.61706,24.89515,0.33247,0.38294,1.39383,3
271,normal,-1,0.0,,,-1,-1,cloud_0,cloud,0.38879,0.47873,0.0,0.61121,0.52127,0.55496,3
272,normal,-1,0.0,,,-1,-1,access_0,access,0.23004,0.25598,0.0,0.76996,0.74402,0.31416,2
272,normal,-1,0.0,,,-1,-1,access_1,access,0.22992,0.25246,0.0,0.77008,0.74754,0.31416,2
272,mixed,199,0.63359,edge_0,edge_0-edge_1,3,2,edge_0,edge,0.65547,0.60427,28.20681,0.34453,0.39573,1.41286,4
272,node_overload,42,0.45463,edge_1,access_0-edge_1,1,0,edge_1,edge,0.59016,0.59256,29.31773,0.40984,0.40744,0.91516,3
272,normal,-1,0.0,,,-1,-1,edge_2,edge,0.40905,0.48183,0.0,0.59095,0.51817,0.71359,4
272,node_overload,46,0.55957,edge_3,access_1-edge_3,1,0,edge_3,edge,0.66518,0.6007,39.26751,0.33482,0.3993,0.89277,3
272,mixed,212,0.53195,edge_4,edge_4-edge_0,4,3,edge_4,edge,0.63706,0.59989,23.34049,0.36294,0.40011,1.38874,3
272,normal,-1,0.0,,,-1,-1,cloud_0,cloud,0.40054,0.46686,0.0,0.59946,0.53314,0.55271,3
273,normal,-1,0.0,,,-1,-1,access_0,access,0.20894,0.26123,0.0,0.79106,0.73877,0.31149,2
273,normal,-1,0.0,,,-1,-1,access_1,access,0.21585,0.24941,0.0,0.78415,0.75059,0.31149,2
273,mixed,199,0.63359,edge_0,edge_0-edge_1,3,2,edge_0,edge,0.66951,0.61289,27.83821,0.33049,0.38711,1.35199,4
273,node_overload,42,0.45463,edge_1,access_0-edge_1,1,0,edge_1,edge,0.62208,0.56802,33.27238,0.37792,0.43198,0.91375,3
273,normal,-1,0.0,,,-1,-1,edge_2,edge,0.40802,0.46342,0.0,0.59198,0.53658,0.70606,4
273,node_overload,46,0.55957,edge_3,access_1-edge_3,1,0,edge_3,edge,0.5746,0.55848,33.19232,0.4254,0.44152,0.87122,3
273,mixed,212,0.53195,edge_4,edge_4-edge_0,4,3,edge_4,edge,0.65284,0.58632,24.86534,0.34716,0.41368,1.3334,3
273,normal,-1,0.0,,,-1,-1,cloud_0,cloud,0.40428,0.47599,0.0,0.59572,0.52401,0.54936,3
274,normal,-1,0.0,,,-1,-1,access_0,access,0.21974,0.2817,0.0,0.78026,0.7183,0.30814,2
274,normal,-1,0.0,,,-1,-1,access_1,access,0.22032,0.26505,0.0,0.77968,0.73495,0.30814,2
274,mixed,199,0.63359,edge_0,edge_0-edge_1,3,2,edge_0,edge,0.66135,0.5701,26.89492,0.33865,0.4299,1.33626,4
274,node_overload,42,0.45463,edge_1,access_0-edge_1,1,0,edge_1,edge,0.65208,0.55545,34.92634,0.34792,0.44455,0.90689,3
274,normal,-1,0.0,,,-1,-1,edge_2,edge,0.42008,0.46882,0.0,0.57992,0.53118,0.69664,4
274,node_overload,46,0.55957,edge_3,access_1-edge_3,1,0,edge_3,edge,0.59957,0.55113,35.15765,0.40043,0.44887,0.84968,3
274,mixed,212,0.53195,edge_4,edge_4-edge_0,4,3,edge_4,edge,0.6504,0.58497,23.91187,0.3496,0.41503,1.31698,3
274,normal,-1,0.0,,,-1,-1,cloud_0,cloud,0.3797,0.47412,0.0,0.6203,0.52588,0.54517,3
275,normal,-1,0.0,,,-1,-1,access_0,access,0.2255,0.24585,0.0,0.7745,0.75415,0.30436,2
275,normal,-1,0.0,,,-1,-1,access_1,access,0.22333,0.26188,0.0,0.77667,0.73812,0.30436,2
275,mixed,199,0.63359,edge_0,edge_0-edge_1,3,2,edge_0,edge,0.69358,0.61445,28.13138,0.30642,0.38555,1.36111,4
275,node_overload,42,0.45463,edge_1,access_0-edge_1,1,0,edge_1,edge,0.59981,0.59861,30.87452,0.40019,0.40139,0.89518,3
275,normal,-1,0.0,,,-1,-1,edge_2,edge,0.41481,0.48943,0.0,0.58519,0.51057,0.68601,4
275,node_overload,46,0.55957,edge_3,access_1-edge_3,1,0,edge_3,edge,0.61897,0.58227,38.30876,0.38103,0.41773,0.83073,3
275,mixed,212,0.53195,edge_4,edge_4-edge_0,4,3,edge_4,edge,0.63,0.57635,23.10699,0.37,0.42365,1.24445,3
275,normal,-1,0.0,,,-1,-1,cloud_0,cloud,0.39875,0.47394,0.0,0.60125,0.52606,0.54045,3
276,normal,-1,0.0,,,-1,-1,access_0,access,0.21532,0.26612,0.0,0.78468,0.73388,0.30044,2
276,normal,-1,0.0,,,-1,-1,access_1,access,0.20943,0.24571,0.0,0.79057,0.75429,0.30044,2
276,mixed,199,0.63359,edge_0,edge_0-edge_1,3,2,edge_0,edge,0.70263,0.63891,30.21286,0.29737,0.36109,1.35952,4
276,node_overload,42,0.45463,edge_1,access_0-edge_1,1,0,edge_1,edge,0.57746,0.55343,30.17638,0.42254,0.44657,0.87967,3
276,normal,-1,0.0,,,-1,-1,edge_2,edge,0.39125,0.45642,0.0,0.60875,0.54358,0.67499,4
276,node_overload,46,0.55957,edge_3,access_1-edge_3,1,0,edge_3,edge,0.62151,0.55788,37.42115,0.37849,0.44212,0.81666,3
276,mixed,212,0.53195,edge_4,edge_4-edge_0,4,3,edge_4,edge,0.68643,0.61385,25.14831,0.31357,0.38615,1.31734,3
276,normal,-1,0.0,,,-1,-1,cloud_0,cloud,0.37231,0.46516,0.0,0.62769,0.53484,0.53555,3
277,normal,-1,0.0,,,-1,-1,access_0,access,0.22153,0.2478,0.0,0.77847,0.7522,0.29666,2
277,normal,-1,0.0,,,-1,-1,access_1,access,0.21687,0.25547,0.0,0.78313,0.74453,0.29666,2
277,mixed,199,0.63359,edge_0,edge_0-edge_1,3,2,edge_0,edge,0.67452,0.59115,28.49902,0.32548,0.40885,1.33019,4
277,node_overload,42,0.45463,edge_1,access_0-edge_1,1,0,edge_1,edge,0.52798,0.53743,26.02156,0.47202,0.46257,0.86172,3
277,normal,-1,0.0,,,-1,-1,edge_2,edge,0.37598,0.4463,0.0,0.62402,0.5537,0.66436,4
277,node_overload,46,0.55957,edge_3,access_1-edge_3,1,0,edge_3,edge,0.59432,0.5733,35.82238,0.40568,0.4267,0.80918,3
277,mixed,212,0.53195,edge_4,edge_4-edge_0,4,3,edge_4,edge,0.61878,0.57423,21.00633,0.38122,0.42577,1.18768,3
277,normal,-1,0.0,,,-1,-1,cloud_0,cloud,0.38959,0.45417,0.0,0.61041,0.54583,0.53083,3
278,normal,-1,0.0,,,-1,-1,access_0,access,0.22968,0.26048,0.0,0.77032,0.73952,0.29331,2
278,normal,-1,0.0,,,-1,-1,access_1,access,0.22704,0.24155,0.0,0.77296,0.75845,0.29331,2
278,mixed,199,0.63359,edge_0,edge_0-edge_1,3,2,edge_0,edge,0.68509,0.58924,28.66563,0.31491,0.41076,1.27766,4
278,node_overload,42,0.45463,edge_1,access_0-edge_1,1,0,edge_1,edge,0.55103,0.54904,27.66479,0.44897,0.45096,0.84294,3
278,normal,-1,0.0,,,-1,-1,edge_2,edge,0.41567,0.45538,0.0,0.58433,0.54462,0.65494,4
278,node_overload,46,0.55957,edge_3,access_1-edge_3,1,0,edge_3,edge,0.55284,0.52643,34.60241,0.44716,0.47357,0.80918,3
278,mixed,190,0.50156,edge_4,edge_3-edge_4,2,1,edge_4,edge,0.72772,0.62599,26.7558,0.27228,0.37401,1.41368,3
278,normal,-1,0.0,,,-1,-1,cloud_0,cloud,0.38936,0.46907,0.0,0.61064,0.53093,0.52664,3
279,normal,-1,0.0,,,-1,-1,access_0,access,0.21543,0.2449,0.0,0.78457,0.7551,0.29064,2
279,normal,-1,0.0,,,-1,-1,access_1,access,0.21609,0.23478,0.0,0.78391,0.76522,0.29064,2
279,mixed,199,0.63359,edge_0,edge_0-edge_1,3,2,edge_0,edge,0.64394,0.55991,25.89386,0.35606,0.44009,1.24397,4
279,node_overload,42,0.45463,edge_1,access_0-edge_1,1,0,edge_1,edge,0.5557,0.55851,28.07986,0.4443,0.44149,0.825,3
279,normal,-1,0.0,,,-1,-1,edge_2,edge,0.4036,0.46132,0.0,0.5964,0.53868,0.64741,4
279,node_overload,46,0.55957,edge_3,access_1-edge_3,1,0,edge_3,edge,0.59045,0.53701,34.82532,0.40955,0.46299,0.81666,3
279,mixed,190,0.50156,edge_4,edge_3-edge_4,2,1,edge_4,edge,0.68054,0.56797,25.86613,0.31946,0.43203,1.39297,3
279,normal,-1,0.0,,,-1,-1,cloud_0,cloud,0.38712,0.44076,0.0,0.61288,0.55924,0.52329,3
280,normal,-1,0.0,,,-1,-1,access_0,access,0.20982,0.25806,0.0,0.79018,0.74194,0.28883,2
280,normal,-1,0.0,,,-1,-1,access_1,access,0.20759,0.24949,0.0,0.79241,0.75051,0.28883,2
280,mixed,199,0.63359,edge_0,edge_0-edge_1,3,2,edge_0,edge,0.67352,0.61145,28.2429,0.32648,0.38855,1.30937,4
280,node_overload,42,0.45463,edge_1,access_0-edge_1,1,0,edge_1,edge,0.58895,0.54882,29.82002,0.41105,0.45118,0.80948,3
280,normal,-1,0.0,,,-1,-1,edge_2,edge,0.40736,0.47834,0.0,0.59264,0.52166,0.64234,4
280,node_overload,46,0.55957,edge_3,access_1-edge_3,1,0,edge_3,edge,0.56542,0.52003,32.94684,0.43458,0.47997,0.83073,3
280,mixed,190,0.50156,edge_4,edge_3-edge_4,2,1,edge_4,edge,0.68987,0.59758,24.49409,0.31013,0.40242,1.3447,3
280,normal,-1,0.0,,,-1,-1,cloud_0,cloud,0.38179,0.45181,0.0,0.61821,0.54819,0.52104,3
281,normal,-1,0.0,,,-1,-1,access_0,access,0.21017,0.22951,0.0,0.78983,0.77049,0.28803,2
281,normal,-1,0.0,,,-1,-1,access_1,access,0.21837,0.24975,0.0,0.78163,0.75025,0.28803,2
281,mixed,199,0.63359,edge_0,edge_0-edge_1,3,2,edge_0,edge,0.67072,0.5725,28.39478,0.32928,0.4275,1.33917,4
281,node_overload,42,0.45463,edge_1,access_0-edge_1,1,0,edge_1,edge,0.61765,0.57266,33.18841,0.38235,0.42734,0.79777,3
281,mixed,201,0.48482,edge_2,access_1-edge_2,1,0,edge_2,edge,0.60648,0.57009,19.40157,0.39352,0.42991,1.01373,4
281,node_overload,46,0.55957,edge_3,access_1-edge_3,1,0,edge_3,edge,0.58152,0.56405,31.09894,0.41848,0.43595,0.84968,3
281,mixed,190,0.50156,edge_4,edge_3-edge_4,2,1,edge_4,edge,0.65221,0.63122,24.38201,0.34779,0.36878,1.29801,3
281,normal,-1,0.0,,,-1,-1,cloud_0,cloud,0.38278,0.44993,0.0,0.61722,0.55007,0.52004,3
282,normal,-1,0.0,,,-1,-1,access_0,access,0.21712,0.2393,0.0,0.78288,0.7607,0.2883,2
282,normal,-1,0.0,,,-1,-1,access_1,access,0.21269,0.2508,0.0,0.78731,0.7492,0.2883,2
282,mixed,199,0.63359,edge_0,edge_0-edge_1,3,2,edge_0,edge,0.71155,0.64977,29.9223,0.28845,0.35023,1.32557,4
282,node_overload,42,0.45463,edge_1,access_0-edge_1,1,0,edge_1,edge,0.59924,0.55394,30.40698,0.40076,0.44606,0.79091,3
282,mixed,201,0.48482,edge_2,access_1-edge_2,1,0,edge_2,edge,0.57909,0.57859,16.64079,0.42091,0.42141,1.08202,4
282,node_overload,46,0.55957,edge_3,access_1-edge_3,1,0,edge_3,edge,0.54377,0.54855,29.67933,0.45623,0.45145,0.87122,3
282,mixed,190,0.50156,edge_4,edge_3-edge_4,2,1,edge_4,edge,0.67977,0.5781,23.97907,0.32023,0.4219,1.32793,3
282,normal,-1,0.0,,,-1,-1,cloud_0,cloud,0.37154,0.45933,0.0,0.62846,0.54067,0.52038,3
283,normal,-1,0.0,,,-1,-1,access_0,access,0.21982,0.23873,0.0,0.78018,0.76127,0.28961,2
283,normal,-1,0.0,,,-1,-1,access_1,access,0.2273,0.23606,0.0,0.7727,0.76394,0.28961,2
283,mixed,199,0.63359,edge_0,edge_0-edge_1,3,2,edge_0,edge,0.67053,0.56838,27.85672,0.32947,0.43162,1.27537,4
283,node_overload,42,0.45463,edge_1,access_0-edge_1,1,0,edge_1,edge,0.56936,0.55766,29.38499,0.43064,0.44234,0.78951,3
283,mixed,201,0.48482,edge_2,access_1-edge_2,1,0,edge_2,edge,0.6402,0.60705,20.07455,0.3598,0.39295,1.15988,4
283,normal,-1,0.0,,,-1,-1,edge_3,edge,0.32944,0.43063,0.0,0.67056,0.56937,0.64454,3
283,mixed,190,0.50156,edge_4,edge_3-edge_4,2,1,edge_4,edge,0.68511,0.58892,26.03504,0.31489,0.41108,1.34002,3
283,normal,-1,0.0,,,-1,-1,cloud_0,cloud,0.37532,0.44984,0.0,0.62468,0.55016,0.52202,3
284,normal,-1,0.0,,,-1,-1,access_0,access,0.22054,0.2481,0.0,0.77946,0.7519,0.29188,2
284,normal,-1,0.0,,,-1,-1,access_1,access,0.21902,0.24298,0.0,0.78098,0.75702,0.29188,2
284,mixed,199,0.63359,edge_0,edge_0-edge_1,3,2,edge_0,edge,0.65065,0.60187,25.0644,0.34935,0.39813,1.20598,4
284,node_overload,42,0.45463,edge_1,access_0-edge_1,1,0,edge_1,edge,0.56677,0.53622,29.52975,0.43323,0.46378,0.79369,3
284,mixed,201,0.48482,edge_2,access_1-edge_2,1,0,edge_2,edge,0.65867,0.59093,22.19836,0.34133,0.40907,1.24092,4
284,normal,-1,0.0,,,-1,-1,edge_3,edge,0.35046,0.44875,0.0,0.64954,0.55125,0.6509,3
284,mixed,190,0.50156,edge_4,edge_3-edge_4,2,1,edge_4,edge,0.68904,0.61269,26.13956,0.31096,0.38731,1.33145,3
284,normal,-1,0.0,,,-1,-1,cloud_0,cloud,0.3753,0.44589,0.0,0.6247,0.55411,0.52484,3
285,normal,-1,0.0,,,-1,-1,access_0,access,0.22804,0.2475,0.0,0.77196,0.7525,0.29492,2
285,normal,-1,0.0,,,-1,-1,access_1,access,0.20293,0.23924,0.0,0.79707,0.76076,0.29492,2
285,normal,-1,0.0,,,-1,-1,edge_0,edge,0.31544,0.4486,0.0,0.68456,0.5514,0.65946,4
285,node_overload,42,0.45463,edge_1,access_0-edge_1,1,0,edge_1,edge,0.5562,0.53774,27.07967,0.4438,0.46226,0.80308,3
285,mixed,201,0.48482,edge_2,access_1-edge_2,1,0,edge_2,edge,0.67147,0.58655,23.25183,0.32853,0.41345,1.31598,4
285,normal,-1,0.0,,,-1,-1,edge_3,edge,0.36137,0.44721,0.0,0.63863,0.55279,0.65946,3
285,mixed,190,0.50156,edge_4,edge_3-edge_4,2,1,edge_4,edge,0.69604,0.63102,25.01949,0.30396,0.36898,1.3025,3
285,normal,-1,0.0,,,-1,-1,cloud_0,cloud,0.37376,0.4612,0.0,0.62624,0.5388,0.52865,3
286,normal,-1,0.0,,,-1,-1,access_0,access,0.21786,0.2459,0.0,0.78214,0.7541,0.29851,2
286,normal,-1,0.0,,,-1,-1,access_1,access,0.20943,0.23909,0.0,0.79057,0.76091,0.29851,2
286,normal,-1,0.0,,,-1,-1,edge_0,edge,0.36316,0.44931,0.0,0.63684,0.55069,0.66957,4
286,node_overload,42,0.45463,edge_1,access_0-edge_1,1,0,edge_1,edge,0.51318,0.53516,24.29556,0.48682,0.46484,0.81684,3
286,mixed,201,0.48482,edge_2,access_1-edge_2,1,0,edge_2,edge,0.73096,0.59904,28.05329,0.26904,0.40096,1.37449,4
286,normal,-1,0.0,,,-1,-1,edge_3,edge,0.37026,0.46465,0.0,0.62974,0.53535,0.66957,3
286,mixed,190,0.50156,edge_4,edge_3-edge_4,2,1,edge_4,edge,0.63705,0.57031,22.18383,0.36295,0.42969,1.25667,3
286,normal,-1,0.0,,,-1,-1,cloud_0,cloud,0.38193,0.45871,0.0,0.61807,0.54129,0.53314,3
287,normal,-1,0.0,,,-1,-1,access_0,access,0.22744,0.26112,0.0,0.77256,0.73888,0.3024,2
287,normal,-1,0.0,,,-1,-1,access_1,access,0.22048,0.24655,0.0,0.77952,0.75345,0.3024,2
287,normal,-1,0.0,,,-1,-1,edge_0,edge,0.36324,0.45115,0.0,0.63676,0.54885,0.6805,4
287,node_overload,42,0.45463,edge_1,access_0-edge_1,1,0,edge_1,edge,0.55364,0.5363,25.44016,0.44636,0.4637,0.83376,3
287,mixed,201,0.48482,edge_2,access_1-edge_2,1,0,edge_2,edge,0.71952,0.62563,26.47777,0.28048,0.37437,1.40686,4
287,normal,-1,0.0,,,-1,-1,edge_3,edge,0.33783,0.44717,0.0,0.66217,0.55283,0.6805,3
287,mixed,190,0.50156,edge_4,edge_3-edge_4,2,1,edge_4,edge,0.63918,0.57705,22.12087,0.36082,0.42295,1.20586,3
287,normal,-1,0.0,,,-1,-1,cloud_0,cloud,0.38091,0.4632,0.0,0.61909,0.5368,0.538,3
288,normal,-1,0.0,,,-1,-1,access_0,access,0.21394,0.24942,0.0,0.78606,0.75058,0.3024,2
288,normal,-1,0.0,,,-1,-1,access_1,access,0.22257,0.25063,0.0,0.77743,0.74937,0.3024,2
288,normal,-1,0.0,,,-1,-1,edge_0,edge,0.37528,0.45836,0.0,0.62472,0.54164,0.6805,4
288,node_overload,42,0.45463,edge_1,access_0-edge_1,1,0,edge_1,edge,0.51036,0.53039,23.04604,0.48964,0.46961,0.85233,3
288,mixed,201,0.48482,edge_2,access_1-edge_2,1,0,edge_2,edge,0.73888,0.63643,27.23913,0.26112,0.36357,1.40709,4
288,normal,-1,0.0,,,-1,-1,edge_3,edge,0.32863,0.42694,0.0,0.67137,0.57306,0.6805,3
288,mixed,190,0.50156,edge_4,edge_3-edge_4,2,1,edge_4,edge,0.64788,0.5879,23.25362,0.35212,0.4121,1.26791,3
288,normal,-1,0.0,,,-1,-1,cloud_0,cloud,0.37075,0.45656,0.0,0.62925,0.54344,0.538,3
289,normal,-1,0.0,,,-1,-1,access_0,access,0.23443,0.25302,0.0,0.76557,0.74698,0.30629,2
289,normal,-1,0.0,,,-1,-1,access_1,access,0.23331,0.24788,0.0,0.76669,0.75212,0.30629,2
289,normal,-1,0.0,,,-1,-1,edge_0,edge,0.35993,0.43496,0.0,0.64007,0.56504,0.69143,4
289,normal,-1,0.0,,,-1,-1,edge_1,edge,0.38398,0.47782,0.0,0.61602,0.52218,0.69143,3
289,mixed,201,0.48482,edge_2,access_1-edge_2,1,0,edge_2,edge,0.73194,0.63248,26.62436,0.26806,0.36752,1.37452,4
289,normal,-1,0.0,,,-1,-1,edge_3,edge,0.34858,0.44198,0.0,0.65142,0.55802,0.69143,3
289,mixed,190,0.50156,edge_4,edge_3-edge_4,2,1,edge_4,edge,0.65589,0.56639,24.09337,0.34411,0.43361,1.3071,3
289,normal,-1,0.0,,,-1,-1,cloud_0,cloud,0.40733,0.45423,0.0,0.59267,0.54577,0.54286,3
290,normal,-1,0.0,,,-1,-1,access_0,access,0.21839,0.26623,0.0,0.78161,0.73377,0.30988,2
290,normal,-1,0.0,,,-1,-1,access_1,access,0.22113,0.24949,0.0,0.77887,0.75051,0.30988,2
290,normal,-1,0.0,,,-1,-1,edge_0,edge,0.34189,0.43773,0.0,0.65811,0.56227,0.70154,4
290,normal,-1,0.0,,,-1,-1,edge_1,edge,0.4061,0.45742,0.0,0.5939,0.54258,0.70154,3
290,mixed,201,0.48482,edge_2,access_1-edge_2,1,0,edge_2,edge,0.70037,0.59781,26.63059,0.29963,0.40219,1.31418,4
290,normal,-1,0.0,,,-1,-1,edge_3,edge,0.34821,0.45145,0.0,0.65179,0.54855,0.70154,3
290,mixed,190,0.50156,edge_4,edge_3-edge_4,2,1,edge_4,edge,0.64382,0.58393,23.6672,0.35618,0.41607,1.31502,3
290,normal,-1,0.0,,,-1,-1,cloud_0,cloud,0.39061,0.47185,0.0,0.60939,0.52815,0.54735,3
291,normal,-1,0.0,,,-1,-1,access_0,access,0.23394,0.27092,0.0,0.76606,0.72908,0.31292,2
291,normal,-1,0.0,,,-1,-1,access_1,access,0.22045,0.25508,0.0,0.77955,0.74492,0.31292,2
291,normal,-1,0.0,,,-1,-1,edge_0,edge,0.33257,0.44554,0.0,0.66743,0.55446,0.7101,4
291,normal,-1,0.0,,,-1,-1,edge_1,edge,0.3746,0.46838,0.0,0.6254,0.53162,0.7101,3
291,mixed,201,0.48482,edge_2,access_1-edge_2,1,0,edge_2,edge,0.66846,0.61987,24.32157,0.33154,0.38013,1.31119,4
291,normal,-1,0.0,,,-1,-1,edge_3,edge,0.36485,0.46946,0.0,0.63515,0.53054,0.7101,3
291,mixed,190,0.50156,edge_4,edge_3-edge_4,2,1,edge_4,edge,0.6749,0.63314,25.06054,0.3251,0.36686,1.29114,3
291,normal,-1,0.0,,,-1,-1,cloud_0,cloud,0.40649,0.45935,0.0,0.59351,0.54065,0.55116,3
292,normal,-1,0.0,,,-1,-1,access_0,access,0.21437,0.28003,0.0,0.78563,0.71997,0.31519,2
292,normal,-1,0.0,,,-1,-1,access_1,access,0.21216,0.25749,0.0,0.78784,0.74251,0.31519,2
292,normal,-1,0.0,,,-1,-1,edge_0,edge,0.35932,0.45124,0.0,0.64068,0.54876,0.71646,4
292,normal,-1,0.0,,,-1,-1,edge_1,edge,0.40761,0.47456,0.0,0.59239,0.52544,0.71646,3
292,mixed,201,0.48482,edge_2,access_1-edge_2,1,0,edge_2,edge,0.68362,0.60367,23.21764,0.31638,0.39633,1.33372,4
292,normal,-1,0.0,,,-1,-1,edge_3,edge,0.36286,0.451,0.0,0.63714,0.549,0.71646,3
292,mixed,190,0.50156,edge_4,edge_3-edge_4,2,1,edge_4,edge,0.67921,0.58402,24.25358,0.32079,0.41598,1.24282,3
292,normal,-1,0.0,,,-1,-1,cloud_0,cloud,0.40454,0.47918,0.0,0.59546,0.52082,0.55398,3
293,normal,-1,0.0,,,-1,-1,access_0,access,0.21849,0.24866,0.0,0.78151,0.75134,0.3165,2
293,normal,-1,0.0,,,-1,-1,access_1,access,0.2289,0.27608,0.0,0.7711,0.72392,0.3165,2
293,normal,-1,0.0,,,-1,-1,edge_0,edge,0.35032,0.46313,0.0,0.64968,0.53687,0.72015,4
293,normal,-1,0.0,,,-1,-1,edge_1,edge,0.39434,0.47265,0.0,0.60566,0.52735,0.72015,3
293,mixed,201,0.48482,edge_2,access_1-edge_2,1,0,edge_2,edge,0.68498,0.61072,26.15095,0.31502,0.38928,1.3347,4
293,normal,-1,0.0,,,-1,-1,edge_3,edge,0.35929,0.45182,0.0,0.64071,0.54818,0.72015,3
293,mixed,190,0.50156,edge_4,edge_3-edge_4,2,1,edge_4,edge,0.59622,0.5768,18.45001,0.40378,0.4232,1.18221,3
293,normal,-1,0.0,,,-1,-1,cloud_0,cloud,0.39198,0.45258,0.0,0.60802,0.54742,0.55562,3
294,normal,-1,0.0,,,-1,-1,access_0,access,0.22593,0.25883,0.0,0.77407,0.74117,0.31677,2
294,normal,-1,0.0,,,-1,-1,access_1,access,0.22288,0.27275,0.0,0.77712,0.72725,0.31677,2
294,normal,-1,0.0,,,-1,-1,edge_0,edge,0.36513,0.44422,0.0,0.63487,0.55578,0.72091,4
294,normal,-1,0.0,,,-1,-1,edge_1,edge,0.37483,0.44706,0.0,0.62517,0.55294,0.72091,3
294,mixed,201,0.48482,edge_2,access_1-edge_2,1,0,edge_2,edge,0.67276,0.61028,24.48679,0.32724,0.38972,1.31276,4
294,normal,-1,0.0,,,-1,-1,edge_3,edge,0.3376,0.45714,0.0,0.6624,0.54286,0.72091,3
294,normal,-1,0.0,,,-1,-1,edge_4,edge,0.39163,0.48101,0.0,0.60837,0.51899,0.72091,3
294,normal,-1,0.0,,,-1,-1,cloud_0,cloud,0.39078,0.47997,0.0,0.60922,0.52003,0.55596,3
295,normal,-1,0.0,,,-1,-1,access_0,access,0.22488,0.25997,0.0,0.77512,0.74003,0.31597,2
295,normal,-1,0.0,,,-1,-1,access_1,access,0.23124,0.25636,0.0,0.76876,0.74364,0.31597,2
295,link_congestion,91,0.53547,edge_0,edge_0-edge_1,3,2,edge_0,edge,0.43843,0.51436,3.37388,0.56157,0.48564,0.87364,4
295,normal,-1,0.0,,,-1,-1,edge_1,edge,0.38684,0.46671,0.0,0.61316,0.53329,0.71866,3
295,mixed,201,0.48482,edge_2,access_1-edge_2,1,0,edge_2,edge,0.67783,0.61293,24.46498,0.32217,0.38707,1.27048,4
295,normal,-1,0.0,,,-1,-1,edge_3,edge,0.34248,0.4566,0.0,0.65752,0.5434,0.71866,3
295,normal,-1,0.0,,,-1,-1,edge_4,edge,0.38169,0.45069,0.0,0.61831,0.54931,0.71866,3
295,normal,-1,0.0,,,-1,-1,cloud_0,cloud,0.3884,0.47975,0.0,0.6116,0.52025,0.55496,3
296,normal,-1,0.0,,,-1,-1,access_0,access,0.22567,0.27096,0.0,0.77433,0.72904,0.31416,2
296,normal,-1,0.0,,,-1,-1,access_1,access,0.23689,0.2581,0.0,0.76311,0.7419,0.31416,2
296,link_congestion,91,0.53547,edge_0,edge_0-edge_1,3,2,edge_0,edge,0.49755,0.5301,5.59845,0.50245,0.4699,0.89396,4
296,normal,-1,0.0,,,-1,-1,edge_1,edge,0.36507,0.43475,0.0,0.63493,0.56525,0.71359,3
296,mixed,201,0.48482,edge_2,access_1-edge_2,1,0,edge_2,edge,0.67562,0.59364,22.94397,0.32438,0.40636,1.21386,4
296,normal,-1,0.0,,,-1,-1,edge_3,edge,0.35979,0.45548,0.0,0.64021,0.54452,0.71359,3
296,normal,-1,0.0,,,-1,-1,edge_4,edge,0.40136,0.46925,0.0,0.59864,0.53075,0.71359,3
296,normal,-1,0.0,,,-1,-1,cloud_0,cloud,0.40514,0.47765,0.0,0.59486,0.52235,0.55271,3
297,normal,-1,0.0,,,-1,-1,access_0,access,0.22228,0.25231,0.0,0.77772,0.74769,0.31149,2
297,normal,-1,0.0,,,-1,-1,access_1,access,0.21701,0.24775,0.0,0.78299,0.75225,0.31149,2
297,link_congestion,91,0.53547,edge_0,edge_0-edge_1,3,2,edge_0,edge,0.51324,0.53766,8.38413,0.48676,0.46234,0.91153,4
297,normal,-1,0.0,,,-1,-1,edge_1,edge,0.36306,0.43661,0.0,0.63694,0.56339,0.70606,3
297,mixed,201,0.48482,edge_2,access_1-edge_2,1,0,edge_2,edge,0.6469,0.60323,22.88193,0.3531,0.39677,1.25175,4
297,normal,-1,0.0,,,-1,-1,edge_3,edge,0.3441,0.42542,0.0,0.6559,0.57458,0.70606,3
297,normal,-1,0.0,,,-1,-1,edge_4,edge,0.38519,0.45754,0.0,0.61481,0.54246,0.70606,3
297,normal,-1,0.0,,,-1,-1,cloud_0,cloud,0.41209,0.45985,0.0,0.58791,0.54015,0.54936,3
298,normal,-1,0.0,,,-1,-1,access_0,access,0.21679,0.25216,0.0,0.78321,0.74784,0.30814,2
298,normal,-1,0.0,,,-1,-1,access_1,access,0.23124,0.259,0.0,0.76876,0.741,0.30814,2
298,link_congestion,91,0.53547,edge_0,edge_0-edge_1,3,2,edge_0,edge,0.50639,0.52498,8.11646,0.49361,0.47502,0.92399,4
298,normal,-1,0.0,,,-1,-1,edge_1,edge,0.40728,0.47771,0.0,0.59272,0.52229,0.69664,3
298,mixed,201,0.48482,edge_2,access_1-edge_2,1,0,edge_2,edge,0.68443,0.62346,25.49076,0.31557,0.37654,1.29887,4
298,normal,-1,0.0,,,-1,-1,edge_3,edge,0.32952,0.4236,0.0,0.67048,0.5764,0.69664,3
298,node_overload,45,0.35649,edge_4,edge_3-edge_4,4,3,edge_4,edge,0.49797,0.52773,16.78937,0.50203,0.47227,0.83467,3
298,normal,-1,0.0,,,-1,-1,cloud_0,cloud,0.40552,0.48775,0.0,0.59448,0.51225,0.54517,3
299,normal,-1,0.0,,,-1,-1,access_0,access,0.2195,0.24472,0.0,0.7805,0.75528,0.30436,2
299,normal,-1,0.0,,,-1,-1,access_1,access,0.23117,0.27079,0.0,0.76883,0.72921,0.30436,2
299,link_congestion,91,0.53547,edge_0,edge_0-edge_1,3,2,edge_0,edge,0.48932,0.49773,6.36809,0.51068,0.50227,0.92965,4
299,normal,-1,0.0,,,-1,-1,edge_1,edge,0.36407,0.477,0.0,0.63593,0.523,0.68601,3
299,mixed,201,0.48482,edge_2,access_1-edge_2,1,0,edge_2,edge,0.67547,0.59277,23.97026,0.32453,0.40723,1.3129,4
299,normal,-1,0.0,,,-1,-1,edge_3,edge,0.36796,0.46096,0.0,0.63204,0.53904,0.68601,3
299,node_overload,45,0.35649,edge_4,edge_3-edge_4,4,3,edge_4,edge,0.48336,0.50757,17.59756,0.51664,0.49243,0.85242,3
299,normal,-1,0.0,,,-1,-1,cloud_0,cloud,0.39994,0.47883,0.0,0.60006,0.52117,0.54045,3
300,normal,-1,0.0,,,-1,-1,access_0,access,0.23163,0.23974,0.0,0.76837,0.76026,0.30044,2
300,normal,-1,0.0,,,-1,-1,access_1,access,0.22381,0.26266,0.0,0.77619,0.73734,0.30044,2
300,link_congestion,91,0.53547,edge_0,edge_0-edge_1,3,2,edge_0,edge,0.48882,0.49811,7.08813,0.51118,0.50189,0.92774,4
300,normal,-1,0.0,,,-1,-1,edge_1,edge,0.37937,0.44254,0.0,0.62063,0.55746,0.67499,3
300,mixed,201,0.48482,edge_2,access_1-edge_2,1,0,edge_2,edge,0.6743,0.59801,24.56661,0.3257,0.40199,1.29162,4
300,normal,-1,0.0,,,-1,-1,edge_3,edge,0.33529,0.45498,0.0,0.66471,0.54502,0.67499,3
300,node_overload,45,0.35649,edge_4,edge_3-edge_4,4,3,edge_4,edge,0.52254,0.52552,18.88918,0.47746,0.47448,0.86873,3
300,normal,-1,0.0,,,-1,-1,cloud_0,cloud,0.39302,0.45356,0.0,0.60698,0.54644,0.53555,3
301,normal,-1,0.0,,,-1,-1,access_0,access,0.21925,0.24266,0.0,0.78075,0.75734,0.29666,2
301,normal,-1,0.0,,,-1,-1,access_1,access,0.21004,0.25278,0.0,0.78996,0.74722,0.29666,2
301,link_congestion,91,0.53547,edge_0,edge_0-edge_1,3,2,edge_0,edge,0.46495,0.53282,6.14091,0.53505,0.46718,0.91852,4
301,normal,-1,0.0,,,-1,-1,edge_1,edge,0.39366,0.47642,0.0,0.60634,0.52358,0.66436,3
301,mixed,201,0.48482,edge_2,access_1-edge_2,1,0,edge_2,edge,0.68136,0.58974,24.35176,0.31864,0.41026,1.24249,4
301,node_overload,72,0.44693,edge_3,edge_2-edge_3,3,2,edge_3,edge,0.50242,0.53406,20.9265,0.49758,0.46594,0.85095,3
301,node_overload,45,0.35649,edge_4,edge_3-edge_4,4,3,edge_4,edge,0.52906,0.54604,20.73315,0.47094,0.45396,0.88228,3
301,normal,-1,0.0,,,-1,-1,cloud_0,cloud,0.37349,0.46623,0.0,0.62651,0.53377,0.53083,3
302,normal,-1,0.0,,,-1,-1,access_0,access,0.21356,0.24684,0.0,0.78644,0.75316,0.29331,2
302,normal,-1,0.0,,,-1,-1,access_1,access,0.20985,0.2552,0.0,0.79015,0.7448,0.29331,2
302,link_congestion,91,0.53547,edge_0,edge_0-edge_1,3,2,edge_0,edge,0.46468,0.49797,6.00131,0.53532,0.50203,0.90325,4
302,normal,-1,0.0,,,-1,-1,edge_1,edge,0.38717,0.4586,0.0,0.61283,0.5414,0.65494,3
302,mixed,201,0.48482,edge_2,access_1-edge_2,1,0,edge_2,edge,0.62947,0.63775,21.08128,0.37053,0.36225,1.1792,4
302,node_overload,72,0.44693,edge_3,edge_2-edge_3,3,2,edge_3,edge,0.48538,0.52122,20.7502,0.51462,0.47878,0.88023,3
302,node_overload,45,0.35649,edge_4,edge_3-edge_4,4,3,edge_4,edge,0.5533,0.55395,21.63305,0.4467,0.44605,0.89198,3
302,normal,-1,0.0,,,-1,-1,cloud_0,cloud,0.37967,0.47133,0.0,0.62033,0.52867,0.52664,3
303,normal,-1,0.0,,,-1,-1,access_0,access,0.21678,0.22911,0.0,0.78322,0.77089,0.29064,2
303,normal,-1,0.0,,,-1,-1,access_1,access,0.20684,0.24913,0.0,0.79316,0.75087,0.29064,2
303,link_congestion,91,0.53547,edge_0,edge_0-edge_1,3,2,edge_0,edge,0.46556,0.49355,4.9625,0.53444,0.50645,0.88397,4
303,normal,-1,0.0,,,-1,-1,edge_1,edge,0.35077,0.45013,0.0,0.64923,0.54987,0.64741,3
303,link_congestion,98,0.43203,edge_2,edge_1-edge_2,2,1,edge_2,edge,0.54081,0.5215,7.84985,0.45919,0.4785,0.86848,4
303,node_overload,72,0.44693,edge_3,edge_2-edge_3,3,2,edge_3,edge,0.55633,0.51372,25.26553,0.44367,0.48628,0.9028,3
303,node_overload,45,0.35649,edge_4,edge_3-edge_4,4,3,edge_4,edge,0.54405,0.54717,23.07541,0.45595,0.45283,0.89703,3
303,normal,-1,0.0,,,-1,-1,cloud_0,cloud,0.38635,0.46827,0.0,0.61365,0.53173,0.52329,3
304,normal,-1,0.0,,,-1,-1,access_0,access,0.21431,0.24618,0.0,0.78569,0.75382,0.28883,2
304,normal,-1,0.0,,,-1,-1,access_1,access,0.21719,0.25263,0.0,0.78281,0.74737,0.28883,2
304,link_congestion,91,0.53547,edge_0,edge_0-edge_1,3,2,edge_0,edge,0.46683,0.52266,5.55175,0.53317,0.47734,0.8633,4
304,normal,-1,0.0,,,-1,-1,edge_1,edge,0.37075,0.46049,0.0,0.62925,0.53951,0.64234,3
304,link_congestion,98,0.43203,edge_2,edge_1-edge_2,2,1,edge_2,edge,0.51776,0.51483,6.12761,0.48224,0.48517,0.84155,4
304,node_overload,72,0.44693,edge_3,edge_2-edge_3,3,2,edge_3,edge,0.56532,0.55697,27.28944,0.43468,0.44303,0.91349,3
304,node_overload,45,0.35649,edge_4,edge_3-edge_4,4,3,edge_4,edge,0.55193,0.53389,21.86556,0.44807,0.46611,0.89703,3
304,normal,-1,0.0,,,-1,-1,cloud_0,cloud,0.37208,0.44818,0.0,0.62792,0.55182,0.52104,3
305,normal,-1,0.0,,,-1,-1,access_0,access,0.21183,0.23757,0.0,0.78817,0.76243,0.28803,2
305,normal,-1,0.0,,,-1,-1,access_1,access,0.21717,0.23691,0.0,0.78283,0.76309,0.28803,2
305,link_congestion,91,0.53547,edge_0,edge_0-edge_1,3,2,edge_0,edge,0.43889,0.45979,4.11654,0.56111,0.54021,0.84402,4
305,normal,-1,0.0,,,-1,-1,edge_1,edge,0.35955,0.45196,0.0,0.64045,0.54804,0.64009,3
305,link_congestion,98,0.43203,edge_2,edge_1-edge_2,2,1,edge_2,edge,0.46282,0.50641,4.23427,0.53718,0.49359,0.81771,4
305,node_overload,72,0.44693,edge_3,edge_2-edge_3,3,2,edge_3,edge,0.58714,0.56978,29.28727,0.41286,0.43022,0.90985,3
305,node_overload,45,0.35649,edge_4,edge_3-edge_4,4,3,edge_4,edge,0.54397,0.52812,21.90554,0.45603,0.47188,0.89198,3
305,normal,-1,0.0,,,-1,-1,cloud_0,cloud,0.36838,0.45105,0.0,0.63162,0.54895,0.52004,3
306,normal,-1,0.0,,,-1,-1,access_0,access,0.21175,0.2447,0.0,0.78825,0.7553,0.2883,2
306,normal,-1,0.0,,,-1,-1,access_1,access,0.20615,0.24719,0.0,0.79385,0.75281,0.2883,2
306,link_congestion,91,0.53547,edge_0,edge_0-edge_1,3,2,edge_0,edge,0.44001,0.49943,3.53633,0.55999,0.50057,0.82875,4
306,normal,-1,0.0,,,-1,-1,edge_1,edge,0.36437,0.45653,0.0,0.63563,0.54347,0.64085,3
306,link_congestion,98,0.43203,edge_2,edge_1-edge_2,2,1,edge_2,edge,0.48628,0.54517,4.53282,0.51372,0.45483,0.80242,4
306,node_overload,72,0.44693,edge_3,edge_2-edge_3,3,2,edge_3,edge,0.57403,0.53174,30.40927,0.42597,0.46826,0.89272,3
306,node_overload,45,0.35649,edge_4,edge_3-edge_4,4,3,edge_4,edge,0.5655,0.56616,24.76251,0.4345,0.43384,0.88228,3
306,normal,-1,0.0,,,-1,-1,cloud_0,cloud,0.36626,0.4599,0.0,0.63374,0.5401,0.52038,3
307,normal,-1,0.0,,,-1,-1,access_0,access,0.21207,0.2625,0.0,0.78793,0.7375,0.28961,2
307,normal,-1,0.0,,,-1,-1,access_1,access,0.21447,0.24382,0.0,0.78553,0.75618,0.28961,2
307,link_congestion,91,0.53547,edge_0,edge_0-edge_1,3,2,edge_0,edge,0.44999,0.48772,3.74762,0.55001,0.51228,0.81953,4
307,normal,-1,0.0,,,-1,-1,edge_1,edge,0.38366,0.47169,0.0,0.61634,0.52831,0.64454,3
307,link_congestion,98,0.43203,edge_2,edge_1-edge_2,2,1,edge_2,edge,0.52742,0.53815,7.47256,0.47258,0.46185,0.79917,4
307,node_overload,72,0.44693,edge_3,edge_2-edge_3,3,2,edge_3,edge,0.58038,0.53896,29.47526,0.41962,0.46104,0.86602,3
307,node_overload,45,0.35649,edge_4,edge_3-edge_4,4,3,edge_4,edge,0.56895,0.55297,23.40416,0.43105,0.44703,0.86873,3
307,normal,-1,0.0,,,-1,-1,cloud_0,cloud,0.37838,0.45021,0.0,0.62162,0.54979,0.52202,3
308,normal,-1,0.0,,,-1,-1,access_0,access,0.24021,0.25198,0.0,0.75979,0.74802,0.29188,2
308,normal,-1,0.0,,,-1,-1,access_1,access,0.20033,0.24667,0.0,0.79967,0.75333,0.29188,2
308,link_congestion,91,0.53547,edge_0,edge_0-edge_1,3,2,edge_0,edge,0.43611,0.48901,3.52725,0.56389,0.51099,0.81763,4
308,normal,-1,0.0,,,-1,-1,edge_1,edge,0.35361,0.44952,0.0,0.64639,0.55048,0.6509,3
308,link_congestion,98,0.43203,edge_2,edge_1-edge_2,2,1,edge_2,edge,0.51223,0.50975,5.81668,0.48777,0.49025,0.80872,4
308,node_overload,72,0.44693,edge_3,edge_2-edge_3,3,2,edge_3,edge,0.53693,0.55293,25.95139,0.46307,0.44707,0.83587,3
308,node_overload,45,0.35649,edge_4,edge_3-edge_4,4,3,edge_4,edge,0.54121,0.52745,22.05702,0.45879,0.47255,0.85242,3
308,normal,-1,0.0,,,-1,-1,cloud_0,cloud,0.39667,0.46714,0.0,0.60333,0.53286,0.52484,3
309,normal,-1,0.0,,,-1,-1,access_0,access,0.21515,0.2618,0.0,0.78485,0.7382,0.29492,2
309,normal,-1,0.0,,,-1,-1,access_1,access,0.21038,0.25629,0.0,0.78962,0.74371,0.29492,2
309,link_congestion,91,0.53547,edge_0,edge_0-edge_1,3,2,edge_0,edge,0.46003,0.4934,4.90105,0.53997,0.5066,0.82328,4
309,normal,-1,0.0,,,-1,-1,edge_1,edge,0.34785,0.44287,0.0,0.65215,0.55713,0.65946,3
309,link_congestion,98,0.43203,edge_2,edge_1-edge_2,2,1,edge_2,edge,0.54223,0.51963,8.55454,0.45777,0.48037,0.82887,4
309,node_overload,72,0.44693,edge_3,edge_2-edge_3,3,2,edge_3,edge,0.55127,0.54091,27.63624,0.44873,0.45909,0.80917,3
309,link_congestion,108,0.52202,edge_4,edge_4-edge_0,4,3,edge_4,edge,0.48604,0.49489,4.46113,0.51396,0.50511,0.87121,3
309,normal,-1,0.0,,,-1,-1,cloud_0,cloud,0.373,0.46412,0.0,0.627,0.53588,0.52865,3
310,normal,-1,0.0,,,-1,-1,access_0,access,0.22418,0.25358,0.0,0.77582,0.74642,0.29851,2
310,normal,-1,0.0,,,-1,-1,access_1,access,0.2221,0.25136,0.0,0.7779,0.74864,0.29851,2
310,link_congestion,91,0.53547,edge_0,edge_0-edge_1,3,2,edge_0,edge,0.41639,0.50702,1.73549,0.58361,0.49298,0.83574,4
310,normal,-1,0.0,,,-1,-1,edge_1,edge,0.37502,0.45362,0.0,0.62498,0.54638,0.66957,3
310,link_congestion,98,0.43203,edge_2,edge_1-edge_2,2,1,edge_2,edge,0.51386,0.54182,4.96909,0.48614,0.45818,0.85501,4
310,node_overload,72,0.44693,edge_3,edge_2-edge_3,3,2,edge_3,edge,0.55918,0.553,28.83753,0.44082,0.447,0.79204,3
310,link_congestion,108,0.52202,edge_4,edge_4-edge_0,4,3,edge_4,edge,0.51689,0.53022,5.25884,0.48311,0.46978,0.88639,3
310,normal,-1,0.0,,,-1,-1,cloud_0,cloud,0.38569,0.4671,0.0,0.61431,0.5329,0.53314,3
311,normal,-1,0.0,,,-1,-1,access_0,access,0.21871,0.25516,0.0,0.78129,0.74484,0.3024,2
311,normal,-1,0.0,,,-1,-1,access_1,access,0.20014,0.24208,0.0,0.79986,0.75792,0.3024,2
311,link_congestion,91,0.53547,edge_0,edge_0-edge_1,3,2,edge_0,edge,0.4137,0.46982,1.45359,0.5863,0.53018,0.85332,4
311,normal,-1,0.0,,,-1,-1,edge_1,edge,0.38624,0.44733,0.0,0.61376,0.55267,0.6805,3
311,normal,-1,0.0,,,-1,-1,edge_2,edge,0.41077,0.4789,0.0,0.58923,0.5211,0.6805,4
311,node_overload,72,0.44693,edge_3,edge_2-edge_3,3,2,edge_3,edge,0.53966,0.53317,26.7725,0.46034,0.46683,0.78841,3
311,link_congestion,108,0.52202,edge_4,edge_4-edge_0,4,3,edge_4,edge,0.54285,0.54849,6.53367,0.45715,0.45151,0.90044,3
311,normal,-1,0.0,,,-1,-1,cloud_0,cloud,0.3961,0.46724,0.0,0.6039,0.53276,0.538,3
312,normal,-1,0.0,,,-1,-1,access_0,access,0.21638,0.25826,0.0,0.78362,0.74174,0.3024,2
312,normal,-1,0.0,,,-1,-1,access_1,access,0.23607,0.23713,0.0,0.76393,0.76287,0.3024,2
312,link_congestion,91,0.53547,edge_0,edge_0-edge_1,3,2,edge_0,edge,0.43587,0.49659,3.59773,0.56413,0.50341,0.87364,4
312,normal,-1,0.0,,,-1,-1,edge_1,edge,0.38685,0.4769,0.0,0.61315,0.5231,0.6805,3
312,normal,-1,0.0,,,-1,-1,edge_2,edge,0.39399,0.48299,0.0,0.60601,0.51701,0.6805,4
312,node_overload,72,0.44693,edge_3,edge_2-edge_3,3,2,edge_3,edge,0.55789,0.54781,27.93667,0.44211,0.45219,0.7991,3
312,link_congestion,108,0.52202,edge_4,edge_4-edge_0,4,3,edge_4,edge,0.48975,0.51743,5.26116,0.51025,0.48257,0.91232,3
312,normal,-1,0.0,,,-1,-1,cloud_0,cloud,0.39629,0.47587,0.0,0.60371,0.52413,0.538,3
313,normal,-1,0.0,,,-1,-1,access_0,access,0.22811,0.25204,0.0,0.77189,0.74796,0.30629,2
313,normal,-1,0.0,,,-1,-1,access_1,access,0.22273,0.24867,0.0,0.77727,0.75133,0.30629,2
313,node_overload,54,0.47298,edge_0,access_0-edge_0,1,0,edge_0,edge,0.5428,0.54275,24.00738,0.4572,0.45725,0.88491,4
313,normal,-1,0.0,,,-1,-1,edge_1,edge,0.36597,0.45205,0.0,0.63403,0.54795,0.69143,3
313,normal,-1,0.0,,,-1,-1,edge_2,edge,0.43313,0.49389,0.0,0.56687,0.50611,0.69143,4
313,node_overload,72,0.44693,edge_3,edge_2-edge_3,3,2,edge_3,edge,0.5033,0.53039,23.14365,0.4967,0.46961,0.82167,3
313,link_congestion,108,0.52202,edge_4,edge_4-edge_0,4,3,edge_4,edge,0.50195,0.54266,5.99844,0.49805,0.45734,0.92116,3
313,normal,-1,0.0,,,-1,-1,cloud_0,cloud,0.40658,0.46995,0.0,0.59342,0.53005,0.54286,3
314,normal,-1,0.0,,,-1,-1,access_0,access,0.22165,0.25872,0.0,0.77835,0.74128,0.30988,2
314,normal,-1,0.0,,,-1,-1,access_1,access,0.2318,0.2666,0.0,0.7682,0.7334,0.30988,2
314,node_overload,54,0.47298,edge_0,access_0-edge_0,1,0,edge_0,edge,0.53447,0.53583,27.73859,0.46553,0.46417,0.90748,4
314,normal,-1,0.0,,,-1,-1,edge_1,edge,0.39954,0.46721,0.0,0.60046,0.53279,0.70154,3
314,normal,-1,0.0,,,-1,-1,edge_2,edge,0.40651,0.47115,0.0,0.59349,0.52885,0.70154,4
314,node_overload,72,0.44693,edge_3,edge_2-edge_3,3,2,edge_3,edge,0.48323,0.50009,21.03465,0.51677,0.49991,0.85095,3
314,link_congestion,108,0.52202,edge_4,edge_4-edge_0,4,3,edge_4,edge,0.50458,0.52232,5.85543,0.49542,0.47768,0.92629,3
314,normal,-1,0.0,,,-1,-1,cloud_0,cloud,0.39512,0.48024,0.0,0.60488,0.51976,0.54735,3
315,normal,-1,0.0,,,-1,-1,access_0,access,0.22425,0.25067,0.0,0.77575,0.74933,0.31292,2
315,normal,-1,0.0,,,-1,-1,access_1,access,0.23157,0.25673,0.0,0.76843,0.74327,0.31292,2
315,node_overload,54,0.47298,edge_0,access_0-edge_0,1,0,edge_0,edge,0.5736,0.55497,27.67697,0.4264,0.44503,0.91818,4
315,normal,-1,0.0,,,-1,-1,edge_1,edge,0.37207,0.45975,0.0,0.62793,0.54025,0.7101,3
315,normal,-1,0.0,,,-1,-1,edge_2,edge,0.43896,0.48019,0.0,0.56104,0.51981,0.7101,4
315,normal,-1,0.0,,,-1,-1,edge_3,edge,0.37585,0.45216,0.0,0.62415,0.54784,0.7101,3
315,link_congestion,108,0.52202,edge_4,edge_4-edge_0,4,3,edge_4,edge,0.489,0.51546,4.35921,0.511,0.48454,0.92733,3
315,normal,-1,0.0,,,-1,-1,cloud_0,cloud,0.39374,0.47299,0.0,0.60626,0.52701,0.55116,3
316,normal,-1,0.0,,,-1,-1,access_0,access,0.23058,0.26593,0.0,0.76942,0.73407,0.31519,2
316,normal,-1,0.0,,,-1,-1,access_1,access,0.23679,0.25112,0.0,0.76321,0.74888,0.31519,2
316,node_overload,54,0.47298,edge_0,access_0-edge_0,1,0,edge_0,edge,0.58764,0.58796,30.23211,0.41236,0.41204,0.91454,4
316,normal,-1,0.0,,,-1,-1,edge_1,edge,0.38376,0.45206,0.0,0.61624,0.54794,0.71646,3
316,normal,-1,0.0,,,-1,-1,edge_2,edge,0.43049,0.48228,0.0,0.56951,0.51772,0.71646,4
316,normal,-1,0.0,,,-1,-1,edge_3,edge,0.37904,0.45921,0.0,0.62096,0.54079,0.71646,3
316,link_congestion,108,0.52202,edge_4,edge_4-edge_0,4,3,edge_4,edge,0.49564,0.54063,6.05866,0.50436,0.45937,0.92422,3
316,normal,-1,0.0,,,-1,-1,cloud_0,cloud,0.38876,0.48558,0.0,0.61124,0.51442,0.55398,3
317,normal,-1,0.0,,,-1,-1,access_0,access,0.24303,0.25435,0.0,0.75697,0.74565,0.3165,2
317,normal,-1,0.0,,,-1,-1,access_1,access,0.24281,0.26268,0.0,0.75719,0.73732,0.3165,2
317,node_overload,54,0.47298,edge_0,access_0-edge_0,1,0,edge_0,edge,0.59297,0.57907,30.83348,0.40703,0.42093,0.89741,4
317,normal,-1,0.0,,,-1,-1,edge_1,edge,0.39199,0.44464,0.0,0.60801,0.55536,0.72015,3
317,normal,-1,0.0,,,-1,-1,edge_2,edge,0.42755,0.44658,0.0,0.57245,0.55342,0.72015,4
317,normal,-1,0.0,,,-1,-1,edge_3,edge,0.34591,0.43633,0.0,0.65409,0.56367,0.72015,3
317,link_congestion,108,0.52202,edge_4,edge_4-edge_0,4,3,edge_4,edge,0.52234,0.52531,6.63498,0.47766,0.47469,0.91717,3
317,normal,-1,0.0,,,-1,-1,cloud_0,cloud,0.40575,0.49077,0.0,0.59425,0.50923,0.55562,3
318,normal,-1,0.0,,,-1,-1,access_0,access,0.2292,0.27823,0.0,0.7708,0.72177,0.31677,2
318,normal,-1,0.0,,,-1,-1,access_1,access,0.23947,0.2685,0.0,0.76053,0.7315,0.31677,2
318,node_overload,54,0.47298,edge_0,access_0-edge_0,1,0,edge_0,edge,0.57647,0.58087,28.95729,0.42353,0.41913,0.87071,4
318,normal,-1,0.0,,,-1,-1,edge_1,edge,0.42658,0.47361,0.0,0.57342,0.52639,0.72091,3
318,link_congestion,93,0.41457,edge_2,access_1-edge_2,1,0,edge_2,edge,0.46767,0.50564,3.51231,0.53233,0.49436,0.85187,4
318,normal,-1,0.0,,,-1,-1,edge_3,edge,0.34859,0.44501,0.0,0.65141,0.55499,0.72091,3
318,link_congestion,108,0.52202,edge_4,edge_4-edge_0,4,3,edge_4,edge,0.49632,0.50747,6.79313,0.50368,0.49253,0.90671,3
318,normal,-1,0.0,,,-1,-1,cloud_0,cloud,0.40786,0.45504,0.0,0.59214,0.54496,0.55596,3
319,normal,-1,0.0,,,-1,-1,access_0,access,0.21236,0.2498,0.0,0.78764,0.7502,0.31597,2
319,normal,-1,0.0,,,-1,-1,access_1,access,0.22661,0.24281,0.0,0.77339,0.75719,0.31597,2
319,node_overload,54,0.47298,edge_0,access_0-edge_0,1,0,edge_0,edge,0.52991,0.55087,26.33956,0.47009,0.44913,0.84056,4
319,normal,-1,0.0,,,-1,-1,edge_1,edge,0.35754,0.45204,0.0,0.64246,0.54796,0.71866,3
319,link_congestion,93,0.41457,edge_2,access_1-edge_2,1,0,edge_2,edge,0.50904,0.48954,4.33246,0.49096,0.51046,0.86845,4
319,normal,-1,0.0,,,-1,-1,edge_3,edge,0.37473,0.44895,0.0,0.62527,0.55105,0.71866,3
319,link_congestion,108,0.52202,edge_4,edge_4-edge_0,4,3,edge_4,edge,0.50015,0.53024,7.7224,0.49985,0.46976,0.89362,3
319,normal,-1,0.0,,,-1,-1,cloud_0,cloud,0.3859,0.47268,0.0,0.6141,0.52732,0.55496,3
320,normal,-1,0.0,,,-1,-1,access_0,access,0.24323,0.25569,0.0,0.75677,0.74431,0.31416,2
320,normal,-1,0.0,,,-1,-1,access_1,access,0.21239,0.23901,0.0,0.78761,0.76099,0.31416,2
320,node_overload,54,0.47298,edge_0,access_0-edge_0,1,0,edge_0,edge,0.59124,0.58204,32.74767,0.40876,0.41796,0.81386,4
320,normal,-1,0.0,,,-1,-1,edge_1,edge,0.37715,0.47718,0.0,0.62285,0.52282,0.71359,3
320,link_congestion,93,0.41457,edge_2,access_1-edge_2,1,0,edge_2,edge,0.46131,0.52157,2.07255,0.53869,0.47843,0.88356,4
320,normal,-1,0.0,,,-1,-1,edge_3,edge,0.36871,0.45795,0.0,0.63129,0.54205,0.71359,3
320,link_congestion,108,0.52202,edge_4,edge_4-edge_0,4,3,edge_4,edge,0.4975,0.50322,7.0073,0.5025,0.49678,0.87887,3
320,normal,-1,0.0,,,-1,-1,cloud_0,cloud,0.40003,0.47294,0.0,0.59997,0.52706,0.55271,3
321,normal,-1,0.0,,,-1,-1,access_0,access,0.20983,0.25425,0.0,0.79017,0.74575,0.31149,2
321,normal,-1,0.0,,,-1,-1,access_1,access,0.2231,0.26858,0.0,0.7769,0.73142,0.31149,2
321,node_overload,54,0.47298,edge_0,access_0-edge_0,1,0,edge_0,edge,0.58531,0.53355,31.89292,0.41469,0.46645,0.79673,4
321,normal,-1,0.0,,,-1,-1,edge_1,edge,0.37119,0.43976,0.0,0.62881,0.56024,0.70606,3
321,link_congestion,93,0.41457,edge_2,access_1-edge_2,1,0,edge_2,edge,0.47585,0.51367,3.01976,0.52415,0.48633,0.89585,4
321,normal,-1,0.0,,,-1,-1,edge_3,edge,0.34547,0.44238,0.0,0.65453,0.55762,0.70606,3
321,node_overload,61,0.5743,edge_4,edge_3-edge_4,4,3,edge_4,edge,0.58735,0.55874,32.26821,0.41265,0.44126,0.87387,3
321,normal,-1,0.0,,,-1,-1,cloud_0,cloud,0.39676,0.48095,0.0,0.60324,0.51905,0.54936,3
322,normal,-1,0.0,,,-1,-1,access_0,access,0.22275,0.25398,0.0,0.77725,0.74602,0.30814,2
322,normal,-1,0.0,,,-1,-1,access_1,access,0.22161,0.25659,0.0,0.77839,0.74341,0.30814,2
322,node_overload,54,0.47298,edge_0,access_0-edge_0,1,0,edge_0,edge,0.53611,0.54131,28.87512,0.46389,0.45869,0.7931,4
322,normal,-1,0.0,,,-1,-1,edge_1,edge,0.39573,0.45606,0.0,0.60427,0.54394,0.69664,3
322,link_congestion,93,0.41457,edge_2,access_1-edge_2,1,0,edge_2,edge,0.50475,0.5499,6.0485,0.49525,0.4501,0.90423,4
322,normal,-1,0.0,,,-1,-1,edge_3,edge,0.35561,0.4578,0.0,0.64439,0.5422,0.69664,3
322,node_overload,61,0.5743,edge_4,edge_3-edge_4,4,3,edge_4,edge,0.58013,0.58591,32.11097,0.41987,0.41409,0.90793,3
322,normal,-1,0.0,,,-1,-1,cloud_0,cloud,0.39173,0.47401,0.0,0.60827,0.52599,0.54517,3
323,normal,-1,0.0,,,-1,-1,access_0,access,0.22228,0.25286,0.0,0.77772,0.74714,0.30436,2
323,normal,-1,0.0,,,-1,-1,access_1,access,0.21901,0.25285,0.0,0.78099,0.74715,0.30436,2
323,node_overload,54,0.47298,edge_0,access_0-edge_0,1,0,edge_0,edge,0.56884,0.52527,29.07362,0.43116,0.47473,0.80379,4
323,normal,-1,0.0,,,-1,-1,edge_1,edge,0.37477,0.46623,0.0,0.62523,0.53377,0.68601,3
323,link_congestion,93,0.41457,edge_2,access_1-edge_2,1,0,edge_2,edge,0.50891,0.52161,5.51059,0.49109,0.47839,0.90797,4
323,normal,-1,0.0,,,-1,-1,edge_3,edge,0.35962,0.44076,0.0,0.64038,0.55924,0.68601,3
323,node_overload,61,0.5743,edge_4,edge_3-edge_4,4,3,edge_4,edge,0.60037,0.58873,34.59791,0.39963,0.41127,0.93118,3
323,normal,-1,0.0,,,-1,-1,cloud_0,cloud,0.37476,0.46613,0.0,0.62524,0.53387,0.54045,3
324,normal,-1,0.0,,,-1,-1,access_0,access,0.22805,0.25132,0.0,0.77195,0.74868,0.30044,2
324,normal,-1,0.0,,,-1,-1,access_1,access,0.21312,0.26874,0.0,0.78688,0.73126,0.30044,2
324,node_overload,54,0.47298,edge_0,access_0-edge_0,1,0,edge_0,edge,0.51567,0.51499,25.48648,0.48433,0.48501,0.82636,4
324,normal,-1,0.0,,,-1,-1,edge_1,edge,0.36899,0.45896,0.0,0.63101,0.54104,0.67499,3
324,link_congestion,93,0.41457,edge_2,access_1-edge_2,1,0,edge_2,edge,0.51208,0.52613,6.30873,0.48792,0.47387,0.90671,4
324,normal,-1,0.0,,,-1,-1,edge_3,edge,0.35465,0.45405,0.0,0.64535,0.54595,0.67499,3
324,node_overload,61,0.5743,edge_4,edge_3-edge_4,4,3,edge_4,edge,0.61066,0.56977,38.23569,0.38934,0.43023,0.93623,3
324,normal,-1,0.0,,,-1,-1,cloud_0,cloud,0.38752,0.46295,0.0,0.61248,0.53705,0.53555,3
325,normal,-1,0.0,,,-1,-1,access_0,access,0.20717,0.24176,0.0,0.79283,0.75824,0.29666,2
325,normal,-1,0.0,,,-1,-1,access_1,access,0.20698,0.25431,0.0,0.79302,0.74569,0.29666,2
325,node_overload,54,0.47298,edge_0,access_0-edge_0,1,0,edge_0,edge,0.49752,0.53517,23.0021,0.50248,0.46483,0.85564,4
325,normal,-1,0.0,,,-1,-1,edge_1,edge,0.3829,0.47317,0.0,0.6171,0.52683,0.66436,3
325,link_congestion,93,0.41457,edge_2,access_1-edge_2,1,0,edge_2,edge,0.48911,0.49119,5.46573,0.51089,0.50881,0.90059,4
325,normal,-1,0.0,,,-1,-1,edge_3,edge,0.34537,0.43998,0.0,0.65463,0.56002,0.66436,3
325,node_overload,61,0.5743,edge_4,edge_3-edge_4,4,3,edge_4,edge,0.65997,0.59255,40.46872,0.34003,0.40745,0.92149,3
325,normal,-1,0.0,,,-1,-1,cloud_0,cloud,0.37607,0.48394,0.0,0.62393,0.51606,0.53083,3
326,normal,-1,0.0,,,-1,-1,access_0,access,0.20316,0.25387,0.0,0.79684,0.74613,0.29331,2
326,normal,-1,0.0,,,-1,-1,access_1,access,0.21456,0.25275,0.0,0.78544,0.74725,0.29331,2
326,normal,-1,0.0,,,-1,-1,edge_0,edge,0.36078,0.45488,0.0,0.63922,0.54512,0.65494,4
326,normal,-1,0.0,,,-1,-1,edge_1,edge,0.36662,0.44716,0.0,0.63338,0.55284,0.65494,3
326,link_congestion,93,0.41457,edge_2,access_1-edge_2,1,0,edge_2,edge,0.50197,0.51051,6.10446,0.49803,0.48949,0.89013,4
326,normal,-1,0.0,,,-1,-1,edge_3,edge,0.36545,0.4557,0.0,0.63455,0.5443,0.65494,3
326,node_overload,61,0.5743,edge_4,edge_3-edge_4,4,3,edge_4,edge,0.63842,0.59247,38.69635,0.36158,0.40753,0.89162,3
326,normal,-1,0.0,,,-1,-1,cloud_0,cloud,0.38401,0.48143,0.0,0.61599,0.51857,0.52664,3
327,normal,-1,0.0,,,-1,-1,access_0,access,0.21259,0.24429,0.0,0.78741,0.75571,0.29064,2
327,normal,-1,0.0,,,-1,-1,access_1,access,0.2222,0.24039,0.0,0.7778,0.75961,0.29064,2
327,normal,-1,0.0,,,-1,-1,edge_0,edge,0.35003,0.4649,0.0,0.64997,0.5351,0.64741,4
327,normal,-1,0.0,,,-1,-1,edge_1,edge,0.37487,0.43923,0.0,0.62513,0.56077,0.64741,3
327,link_congestion,93,0.41457,edge_2,access_1-edge_2,1,0,edge_2,edge,0.49548,0.53809,5.0653,0.50452,0.46191,0.87628,4
327,normal,-1,0.0,,,-1,-1,edge_3,edge,0.33124,0.44883,0.0,0.66876,0.55117,0.64741,3
327,node_overload,61,0.5743,edge_4,edge_3-edge_4,4,3,edge_4,edge,0.63917,0.56811,37.31475,0.36083,0.43189,0.85612,3
327,normal,-1,0.0,,,-1,-1,cloud_0,cloud,0.38929,0.459,0.0,0.61071,0.541,0.52329,3
328,normal,-1,0.0,,,-1,-1,access_0,access,0.2103,0.25834,0.0,0.7897,0.74166,0.28883,2
328,normal,-1,0.0,,,-1,-1,access_1,access,0.22859,0.24339,0.0,0.77141,0.75661,0.28883,2
328,normal,-1,0.0,,,-1,-1,edge_0,edge,0.32483,0.43656,0.0,0.67517,0.56344,0.64234,4
328,normal,-1,0.0,,,-1,-1,edge_1,edge,0.38538,0.44211,0.0,0.61462,0.55789,0.64234,3
328,link_congestion,93,0.41457,edge_2,access_1-edge_2,1,0,edge_2,edge,0.51848,0.50602,7.42786,0.48152,0.49398,0.86026,4
328,normal,-1,0.0,,,-1,-1,edge_3,edge,0.34383,0.44978,0.0,0.65617,0.55022,0.64234,3
328,node_overload,61,0.5743,edge_4,edge_3-edge_4,4,3,edge_4,edge,0.64709,0.58708,39.33679,0.35291,0.41292,0.82626,3
328,normal,-1,0.0,,,-1,-1,cloud_0,cloud,0.37026,0.45439,0.0,0.62974,0.54561,0.52104,3
329,normal,-1,0.0,,,-1,-1,access_0,access,0.21709,0.23657,0.0,0.78291,0.76343,0.28803,2
329,normal,-1,0.0,,,-1,-1,access_1,access,0.21232,0.23825,0.0,0.78768,0.76175,0.28803,2
329,normal,-1,0.0,,,-1,-1,edge_0,edge,0.3412,0.44355,0.0,0.6588,0.55645,0.64009,4
329,normal,-1,0.0,,,-1,-1,edge_1,edge,0.38546,0.47069,0.0,0.61454,0.52931,0.64009,3
329,link_congestion,93,0.41457,edge_2,access_1-edge_2,1,0,edge_2,edge,0.49036,0.52168,4.26546,0.50964,0.47832,0.84349,4
329,normal,-1,0.0,,,-1,-1,edge_3,edge,0.33961,0.43501,0.0,0.66039,0.56499,0.64009,3
329,node_overload,61,0.5743,edge_4,edge_3-edge_4,4,3,edge_4,edge,0.61488,0.59601,38.45359,0.38512,0.40399,0.81152,3
329,normal,-1,0.0,,,-1,-1,cloud_0,cloud,0.3572,0.45856,0.0,0.6428,0.54144,0.52004,3
330,normal,-1,0.0,,,-1,-1,access_0,access,0.21626,0.2461,0.0,0.78374,0.7539,0.2883,2
330,normal,-1,0.0,,,-1,-1,access_1,access,0.20767,0.24639,0.0,0.79233,0.75361,0.2883,2
330,normal,-1,0.0,,,-1,-1,edge_0,edge,0.32197,0.41815,0.0,0.67803,0.58185,0.64085,4
330,mixed,170,0.56145,edge_1,edge_1-edge_2,2,1,edge_1,edge,0.57362,0.54496,18.69542,0.42638,0.45504,1.02752,3
330,link_congestion,93,0.41457,edge_2,access_1-edge_2,1,0,edge_2,edge,0.47838,0.50127,3.30537,0.52162,0.49873,0.82747,4
330,normal,-1,0.0,,,-1,-1,edge_3,edge,0.33981,0.43786,0.0,0.66019,0.56214,0.64085,3
330,node_overload,61,0.5743,edge_4,edge_3-edge_4,4,3,edge_4,edge,0.60476,0.5752,37.97447,0.39524,0.4248,0.81657,3
330,normal,-1,0.0,,,-1,-1,cloud_0,cloud,0.38123,0.45429,0.0,0.61877,0.54571,0.52038,3
331,normal,-1,0.0,,,-1,-1,access_0,access,0.21213,0.23828,0.0,0.78787,0.76172,0.28961,2
331,normal,-1,0.0,,,-1,-1,access_1,access,0.21011,0.2355,0.0,0.78989,0.7645,0.28961,2
331,normal,-1,0.0,,,-1,-1,edge_0,edge,0.31601,0.43844,0.0,0.68399,0.56156,0.64454,4
331,node_overload,71,0.60535,edge_1,edge_1-edge_2,2,1,edge_1,edge,0.55372,0.54231,30.81341,0.44628,0.45769,0.87946,3
331,link_congestion,93,0.41457,edge_2,access_1-edge_2,1,0,edge_2,edge,0.44356,0.49642,2.41377,0.55644,0.50358,0.81361,4
331,normal,-1,0.0,,,-1,-1,edge_3,edge,0.32692,0.42382,0.0,0.67308,0.57618,0.64454,3
331,node_overload,61,0.5743,edge_4,edge_3-edge_4,4,3,edge_4,edge,0.59095,0.56766,34.20986,0.40905,0.43234,0.83981,3
331,normal,-1,0.0,,,-1,-1,cloud_0,cloud,0.38016,0.44568,0.0,0.61984,0.55432,0.52202,3
332,normal,-1,0.0,,,-1,-1,access_0,access,0.20909,0.23185,0.0,0.79091,0.76815,0.29188,2
332,normal,-1,0.0,,,-1,-1,access_1,access,0.2063,0.26158,0.0,0.7937,0.73842,0.29188,2
332,normal,-1,0.0,,,-1,-1,edge_0,edge,0.33143,0.44834,0.0,0.66857,0.55166,0.6509,4
332,node_overload,71,0.60535,edge_1,edge_1-edge_2,2,1,edge_1,edge,0.5451,0.56531,31.40272,0.4549,0.43469,0.90357,3
332,link_congestion,93,0.41457,edge_2,access_1-edge_2,1,0,edge_2,edge,0.52292,0.54776,7.29913,0.47708,0.45224,0.80316,4
332,normal,-1,0.0,,,-1,-1,edge_3,edge,0.36745,0.47529,0.0,0.63255,0.52471,0.6509,3
332,node_overload,61,0.5743,edge_4,edge_3-edge_4,4,3,edge_4,edge,0.55408,0.53156,30.40885,0.44592,0.46844,0.87387,3
332,normal,-1,0.0,,,-1,-1,cloud_0,cloud,0.36303,0.4561,0.0,0.63697,0.5439,0.52484,3
333,normal,-1,0.0,,,-1,-1,access_0,access,0.2078,0.24964,0.0,0.7922,0.75036,0.29492,2
333,normal,-1,0.0,,,-1,-1,access_1,access,0.2133,0.24475,0.0,0.7867,0.75525,0.29492,2
333,normal,-1,0.0,,,-1,-1,edge_0,edge,0.34115,0.42563,0.0,0.65885,0.57437,0.65946,4
333,node_overload,71,0.60535,edge_1,edge_1-edge_2,2,1,edge_1,edge,0.61719,0.58037,37.46941,0.38281,0.41963,0.92401,3
333,link_congestion,93,0.41457,edge_2,access_1-edge_2,1,0,edge_2,edge,0.51325,0.50009,7.37119,0.48675,0.49991,0.79703,4
333,normal,-1,0.0,,,-1,-1,edge_3,edge,0.3239,0.44757,0.0,0.6761,0.55243,0.65946,3
333,link_congestion,140,0.43784,edge_4,edge_4-edge_0,4,3,edge_4,edge,0.48805,0.52233,5.0297,0.51195,0.47767,0.8199,3
333,normal,-1,0.0,,,-1,-1,cloud_0,cloud,0.39411,0.46019,0.0,0.60589,0.53981,0.52865,3
334,normal,-1,0.0,,,-1,-1,access_0,access,0.20891,0.25634,0.0,0.79109,0.74366,0.29851,2
334,normal,-1,0.0,,,-1,-1,access_1,access,0.23053,0.25135,0.0,0.76947,0.74865,0.29851,2
334,normal,-1,0.0,,,-1,-1,edge_0,edge,0.32431,0.43547,0.0,0.67569,0.56453,0.66957,4
334,node_overload,71,0.60535,edge_1,edge_1-edge_2,2,1,edge_1,edge,0.64749,0.61759,39.72841,0.35251,0.38241,0.93767,3
334,link_congestion,93,0.41457,edge_2,access_1-edge_2,1,0,edge_2,edge,0.51003,0.52256,7.71385,0.48997,0.47744,0.79578,4
334,normal,-1,0.0,,,-1,-1,edge_3,edge,0.36367,0.44692,0.0,0.63633,0.55308,0.66957,3
334,link_congestion,140,0.43784,edge_4,edge_4-edge_0,4,3,edge_4,edge,0.51787,0.53226,6.55958,0.48213,0.46774,0.83682,3
334,normal,-1,0.0,,,-1,-1,cloud_0,cloud,0.39073,0.47226,0.0,0.60927,0.52774,0.53314,3
335,normal,-1,0.0,,,-1,-1,access_0,access,0.22594,0.25718,0.0,0.77406,0.74282,0.3024,2
335,normal,-1,0.0,,,-1,-1,access_1,access,0.22717,0.2584,0.0,0.77283,0.7416,0.3024,2
335,normal,-1,0.0,,,-1,-1,edge_0,edge,0.34391,0.4602,0.0,0.65609,0.5398,0.6805,4
335,node_overload,71,0.60535,edge_1,edge_1-edge_2,2,1,edge_1,edge,0.63034,0.58958,40.91279,0.36966,0.41042,0.94246,3
335,link_congestion,93,0.41457,edge_2,access_1-edge_2,1,0,edge_2,edge,0.50508,0.52048,6.50774,0.49492,0.47952,0.79951,4
335,normal,-1,0.0,,,-1,-1,edge_3,edge,0.36104,0.44226,0.0,0.63896,0.55774,0.6805,3
335,link_congestion,140,0.43784,edge_4,edge_4-edge_0,4,3,edge_4,edge,0.48964,0.51672,3.88523,0.51036,0.48328,0.85606,3
335,normal,-1,0.0,,,-1,-1,cloud_0,cloud,0.38072,0.47929,0.0,0.61928,0.52071,0.538,3
336,normal,-1,0.0,,,-1,-1,access_0,access,0.21988,0.24816,0.0,0.78012,0.75184,0.3024,2
336,normal,-1,0.0,,,-1,-1,access_1,access,0.22601,0.26121,0.0,0.77399,0.73879,0.3024,2
336,normal,-1,0.0,,,-1,-1,edge_0,edge,0.33221,0.43542,0.0,0.66779,0.56458,0.6805,4
336,node_overload,71,0.60535,edge_1,edge_1-edge_2,2,1,edge_1,edge,0.69138,0.60915,43.32867,0.30862,0.39085,0.93767,3
336,link_congestion,93,0.41457,edge_2,access_1-edge_2,1,0,edge_2,edge,0.48415,0.52781,4.5375,0.51585,0.47219,0.8079,4
336,normal,-1,0.0,,,-1,-1,edge_3,edge,0.34159,0.45029,0.0,0.65841,0.54971,0.6805,3
336,normal,-1,0.0,,,-1,-1,edge_4,edge,0.37834,0.45822,0.0,0.62166,0.54178,0.6805,3
336,normal,-1,0.0,,,-1,-1,cloud_0,cloud,0.37624,0.47126,0.0,0.62376,0.52874,0.538,3
337,normal,-1,0.0,,,-1,-1,access_0,access,0.23169,0.23371,0.0,0.76831,0.76629,0.30629,2
337,normal,-1,0.0,,,-1,-1,access_1,access,0.21664,0.2571,0.0,0.78336,0.7429,0.30629,2
337,normal,-1,0.0,,,-1,-1,edge_0,edge,0.35682,0.45652,0.0,0.64318,0.54348,0.69143,4
337,node_overload,71,0.60535,edge_1,edge_1-edge_2,2,1,edge_1,edge,0.68982,0.62291,43.558,0.31018,0.37709,0.92401,3
337,link_congestion,93,0.41457,edge_2,access_1-edge_2,1,0,edge_2,edge,0.4938,0.50155,4.83964,0.5062,0.49845,0.82019,4
337,normal,-1,0.0,,,-1,-1,edge_3,edge,0.32441,0.4489,0.0,0.67559,0.5511,0.69143,3
337,normal,-1,0.0,,,-1,-1,edge_4,edge,0.38435,0.45145,0.0,0.61565,0.54855,0.69143,3
337,normal,-1,0.0,,,-1,-1,cloud_0,cloud,0.39719,0.47702,0.0,0.60281,0.52298,0.54286,3
338,normal,-1,0.0,,,-1,-1,access_0,access,0.20776,0.25067,0.0,0.79224,0.74933,0.30988,2
338,normal,-1,0.0,,,-1,-1,access_1,access,0.22492,0.26746,0.0,0.77508,0.73254,0.30988,2
338,normal,-1,0.0,,,-1,-1,edge_0,edge,0.32429,0.43018,0.0,0.67571,0.56982,0.70154,4
338,node_overload,71,0.60535,edge_1,edge_1-edge_2,2,1,edge_1,edge,0.68225,0.59731,42.33936,0.31775,0.40269,0.90357,3
338,link_congestion,93,0.41457,edge_2,access_1-edge_2,1,0,edge_2,edge,0.49477,0.53586,6.35216,0.50523,0.46414,0.83529,4
338,mixed,211,0.4385,edge_3,edge_2-edge_3,3,2,edge_3,edge,0.49344,0.53228,10.85853,0.50656,0.46772,1.00539,3
338,normal,-1,0.0,,,-1,-1,edge_4,edge,0.38668,0.46373,0.0,0.61332,0.53627,0.70154,3
338,normal,-1,0.0,,,-1,-1,cloud_0,cloud,0.3959,0.47314,0.0,0.6041,0.52686,0.54735,3
339,normal,-1,0.0,,,-1,-1,access_0,access,0.23312,0.25695,0.0,0.76688,0.74305,0.31292,2
339,normal,-1,0.0,,,-1,-1,access_1,access,0.21886,0.24284,0.0,0.78114,0.75716,0.31292,2
339,normal,-1,0.0,,,-1,-1,edge_0,edge,0.33836,0.43459,0.0,0.66164,0.56541,0.7101,4
339,node_overload,71,0.60535,edge_1,edge_1-edge_2,2,1,edge_1,edge,0.63722,0.57481,40.83611,0.36278,0.42519,0.87946,3
339,link_congestion,93,0.41457,edge_2,access_1-edge_2,1,0,edge_2,edge,0.51235,0.4962,6.98371,0.48765,0.5038,0.85187,4
339,mixed,211,0.4385,edge_3,edge_2-edge_3,3,2,edge_3,edge,0.56515,0.54839,15.16472,0.43485,0.45161,1.1786,3
339,normal,-1,0.0,,,-1,-1,edge_4,edge,0.37862,0.45892,0.0,0.62138,0.54108,0.7101,3
339,normal,-1,0.0,,,-1,-1,cloud_0,cloud,0.38309,0.46983,0.0,0.61691,0.53017,0.55116,3
340,normal,-1,0.0,,,-1,-1,access_0,access,0.22585,0.25231,0.0,0.77415,0.74769,0.31519,2
340,normal,-1,0.0,,,-1,-1,access_1,access,0.22304,0.23911,0.0,0.77696,0.76089,0.31519,2
340,node_overload,38,0.55774,edge_0,access_0-edge_0,1,0,edge_0,edge,0.50988,0.51839,27.40223,0.49012,0.48161,0.87089,4
340,node_overload,71,0.60535,edge_1,edge_1-edge_2,2,1,edge_1,edge,0.61785,0.58602,37.51962,0.38215,0.41398,0.85535,3
340,node_overload,51,0.37146,edge_2,edge_1-edge_2,2,1,edge_2,edge,0.59451,0.59807,26.91722,0.40549,0.40193,0.78975,4
340,mixed,211,0.4385,edge_3,edge_2-edge_3,3,2,edge_3,edge,0.59155,0.5763,20.51562,0.40845,0.4237,1.34913,3
340,normal,-1,0.0,,,-1,-1,edge_4,edge,0.38858,0.45991,0.0,0.61142,0.54009,0.71646,3
340,normal,-1,0.0,,,-1,-1,cloud_0,cloud,0.40964,0.46672,0.0,0.59036,0.53328,0.55398,3
341,normal,-1,0.0,,,-1,-1,access_0,access,0.22824,0.24331,0.0,0.77176,0.75669,0.3165,2
341,normal,-1,0.0,,,-1,-1,access_1,access,0.214,0.26389,0.0,0.786,0.73611,0.3165,2
341,node_overload,38,0.55774,edge_0,access_0-edge_0,1,0,edge_0,edge,0.52776,0.57753,28.68016,0.47224,0.42247,0.90017,4
341,node_overload,71,0.60535,edge_1,edge_1-edge_2,2,1,edge_1,edge,0.6193,0.58921,38.60038,0.3807,0.41079,0.83492,3
341,node_overload,51,0.37146,edge_2,edge_1-edge_2,2,1,edge_2,edge,0.58658,0.56142,26.31502,0.41342,0.43858,0.775,4
341,mixed,211,0.4385,edge_3,edge_2-edge_3,3,2,edge_3,edge,0.63628,0.59379,20.58316,0.36372,0.40621,1.39875,3
341,normal,-1,0.0,,,-1,-1,edge_4,edge,0.39522,0.46772,0.0,0.60478,0.53228,0.72015,3
341,normal,-1,0.0,,,-1,-1,cloud_0,cloud,0.39909,0.48207,0.0,0.60091,0.51793,0.55562,3
342,normal,-1,0.0,,,-1,-1,access_0,access,0.22869,0.26378,0.0,0.77131,0.73622,0.31677,2
342,normal,-1,0.0,,,-1,-1,access_1,access,0.22125,0.26153,0.0,0.77875,0.73847,0.31677,2
342,node_overload,38,0.55774,edge_0,access_0-edge_0,1,0,edge_0,edge,0.59029,0.5557,31.80724,0.40971,0.4443,0.92274,4
342,node_overload,71,0.60535,edge_1,edge_1-edge_2,2,1,edge_1,edge,0.65601,0.5779,41.90267,0.34399,0.4221,0.82126,3
342,node_overload,51,0.37146,edge_2,edge_1-edge_2,2,1,edge_2,edge,0.58635,0.55563,25.50508,0.41365,0.44437,0.78006,4
342,mixed,211,0.4385,edge_3,edge_2-edge_3,3,2,edge_3,edge,0.58136,0.56072,18.01221,0.41864,0.43928,1.28111,3
342,normal,-1,0.0,,,-1,-1,edge_4,edge,0.37538,0.4583,0.0,0.62462,0.5417,0.72091,3
342,normal,-1,0.0,,,-1,-1,cloud_0,cloud,0.39024,0.47297,0.0,0.60976,0.52703,0.55596,3
343,normal,-1,0.0,,,-1,-1,access_0,access,0.23119,0.25241,0.0,0.76881,0.74759,0.31597,2
343,normal,-1,0.0,,,-1,-1,access_1,access,0.23276,0.26599,0.0,0.76724,0.73401,0.31597,2
343,node_overload,38,0.55774,edge_0,access_0-edge_0,1,0,edge_0,edge,0.62091,0.55945,34.80292,0.37909,0.44055,0.93343,4
343,node_overload,71,0.60535,edge_1,edge_1-edge_2,2,1,edge_1,edge,0.68319,0.62239,44.05918,0.31681,0.37761,0.81646,3
343,node_overload,51,0.37146,edge_2,edge_1-edge_2,2,1,edge_2,edge,0.55793,0.52754,23.8725,0.44207,0.47246,0.8033,4
343,mixed,211,0.4385,edge_3,edge_2-edge_3,3,2,edge_3,edge,0.61816,0.55922,18.75856,0.38184,0.44078,1.32859,3
343,link_congestion,100,0.56614,edge_4,edge_3-edge_4,4,3,edge_4,edge,0.46857,0.47682,3.40168,0.53143,0.52318,0.87916,3
343,normal,-1,0.0,,,-1,-1,cloud_0,cloud,0.40168,0.45735,0.0,0.59832,0.54265,0.55496,3
344,normal,-1,0.0,,,-1,-1,access_0,access,0.21293,0.25145,0.0,0.78707,0.74855,0.31416,2
344,normal,-1,0.0,,,-1,-1,access_1,access,0.21127,0.24982,0.0,0.78873,0.75018,0.31416,2
344,node_overload,38,0.55774,edge_0,access_0-edge_0,1,0,edge_0,edge,0.6421,0.59714,37.69764,0.3579,0.40286,0.9298,4
344,node_overload,71,0.60535,edge_1,edge_1-edge_2,2,1,edge_1,edge,0.62703,0.57016,41.26708,0.37297,0.42984,0.82126,3
344,node_overload,51,0.37146,edge_2,edge_1-edge_2,2,1,edge_2,edge,0.5442,0.53108,20.30371,0.4558,0.46892,0.83736,4
344,mixed,211,0.4385,edge_3,edge_2-edge_3,3,2,edge_3,edge,0.62925,0.55931,20.12949,0.37075,0.44069,1.26214,3
344,link_congestion,100,0.56614,edge_4,edge_3-edge_4,4,3,edge_4,edge,0.47973,0.53373,4.97355,0.52027,0.46627,0.89433,3
344,normal,-1,0.0,,,-1,-1,cloud_0,cloud,0.40237,0.47873,0.0,0.59763,0.52127,0.55271,3
345,normal,-1,0.0,,,-1,-1,access_0,access,0.23068,0.25306,0.0,0.76932,0.74694,0.31149,2
345,normal,-1,0.0,,,-1,-1,access_1,access,0.23608,0.25689,0.0,0.76392,0.74311,0.31149,2
345,node_overload,38,0.55774,edge_0,access_0-edge_0,1,0,edge_0,edge,0.60941,0.57391,37.21738,0.39059,0.42609,0.91267,4
345,node_overload,71,0.60535,edge_1,edge_1-edge_2,2,1,edge_1,edge,0.611,0.5657,38.26156,0.389,0.4343,0.83492,3
345,normal,-1,0.0,,,-1,-1,edge_2,edge,0.41167,0.46953,0.0,0.58833,0.53047,0.70606,4
345,mixed,211,0.4385,edge_3,edge_2-edge_3,3,2,edge_3,edge,0.61878,0.56673,20.69323,0.38122,0.43327,1.26226,3
345,link_congestion,100,0.56614,edge_4,edge_3-edge_4,4,3,edge_4,edge,0.47854,0.52899,5.2953,0.52146,0.47101,0.90838,3
345,normal,-1,0.0,,,-1,-1,cloud_0,cloud,0.39159,0.47433,0.0,0.60841,0.52567,0.54936,3
346,normal,-1,0.0,,,-1,-1,access_0,access,0.21767,0.25593,0.0,0.78233,0.74407,0.30814,2
346,normal,-1,0.0,,,-1,-1,access_1,access,0.21363,0.24708,0.0,0.78637,0.75292,0.30814,2
346,node_overload,38,0.55774,edge_0,access_0-edge_0,1,0,edge_0,edge,0.56569,0.53926,34.52884,0.43431,0.46074,0.88597,4
346,node_overload,71,0.60535,edge_1,edge_1-edge_2,2,1,edge_1,edge,0.58729,0.54562,35.79056,0.41271,0.45438,0.85535,3
346,normal,-1,0.0,,,-1,-1,edge_2,edge,0.42655,0.48534,0.0,0.57345,0.51466,0.69664,4
346,mixed,211,0.4385,edge_3,edge_2-edge_3,3,2,edge_3,edge,0.55472,0.58208,17.30919,0.44528,0.41792,1.29402,3
346,link_congestion,100,0.56614,edge_4,edge_3-edge_4,4,3,edge_4,edge,0.47768,0.50691,4.51159,0.52232,0.49309,0.92026,3
346,normal,-1,0.0,,,-1,-1,cloud_0,cloud,0.39313,0.46506,0.0,0.60687,0.53494,0.54517,3
347,normal,-1,0.0,,,-1,-1,access_0,access,0.22779,0.26025,0.0,0.77221,0.73975,0.30436,2
347,normal,-1,0.0,,,-1,-1,access_1,access,0.22665,0.26415,0.0,0.77335,0.73585,0.30436,2
347,node_overload,38,0.55774,edge_0,access_0-edge_0,1,0,edge_0,edge,0.57925,0.56457,33.36843,0.42075,0.43543,0.85582,4
347,node_overload,71,0.60535,edge_1,edge_1-edge_2,2,1,edge_1,edge,0.59008,0.55589,34.52283,0.40992,0.44411,0.87946,3
347,normal,-1,0.0,,,-1,-1,edge_2,edge,0.39817,0.46901,0.0,0.60183,0.53099,0.68601,4
347,mixed,211,0.4385,edge_3,edge_2-edge_3,3,2,edge_3,edge,0.5618,0.55108,14.41536,0.4382,0.44892,1.17086,3
347,link_congestion,100,0.56614,edge_4,edge_3-edge_4,4,3,edge_4,edge,0.45483,0.50611,2.90139,0.54517,0.49389,0.9291,3
347,normal,-1,0.0,,,-1,-1,cloud_0,cloud,0.39557,0.45453,0.0,0.60443,0.54547,0.54045,3
348,normal,-1,0.0,,,-1,-1,access_0,access,0.20493,0.2492,0.0,0.79507,0.7508,0.30044,2
348,normal,-1,0.0,,,-1,-1,access_1,access,0.20253,0.24521,0.0,0.79747,0.75479,0.30044,2
348,node_overload,38,0.55774,edge_0,access_0-edge_0,1,0,edge_0,edge,0.62006,0.58798,36.32404,0.37994,0.41202,0.82912,4
348,mixed,197,0.38067,edge_1,access_0-edge_1,1,0,edge_1,edge,0.61099,0.60626,17.2621,0.38901,0.39374,1.39192,3
348,normal,-1,0.0,,,-1,-1,edge_2,edge,0.42887,0.4739,0.0,0.57113,0.5261,0.67499,4
348,normal,-1,0.0,,,-1,-1,edge_3,edge,0.34743,0.46784,0.0,0.65257,0.53216,0.67499,3
348,link_congestion,100,0.56614,edge_4,edge_3-edge_4,4,3,edge_4,edge,0.49653,0.47906,7.05598,0.50347,0.52094,0.93423,3
348,normal,-1,0.0,,,-1,-1,cloud_0,cloud,0.38453,0.47696,0.0,0.61547,0.52304,0.53555,3
349,normal,-1,0.0,,,-1,-1,access_0,access,0.2336,0.26409,0.0,0.7664,0.73591,0.29666,2
349,normal,-1,0.0,,,-1,-1,access_1,access,0.22295,0.24259,0.0,0.77705,0.75741,0.29666,2
349,node_overload,38,0.55774,edge_0,access_0-edge_0,1,0,edge_0,edge,0.5834,0.55173,35.65802,0.4166,0.44827,0.81199,4
349,mixed,197,0.38067,edge_1,access_0-edge_1,1,0,edge_1,edge,0.61072,0.61214,18.60218,0.38928,0.38786,1.37121,3
349,mixed,178,0.48636,edge_2,edge_2-edge_3,2,1,edge_2,edge,0.55899,0.54443,15.6459,0.44101,0.45557,1.014,4
349,normal,-1,0.0,,,-1,-1,edge_3,edge,0.33267,0.45596,0.0,0.66733,0.54404,0.66436,3
349,link_congestion,100,0.56614,edge_4,edge_3-edge_4,4,3,edge_4,edge,0.56789,0.58704,10.21351,0.43211,0.41296,0.93527,3
349,normal,-1,0.0,,,-1,-1,cloud_0,cloud,0.38568,0.47164,0.0,0.61432,0.52836,0.53083,3
350,normal,-1,0.0,,,-1,-1,access_0,access,0.22532,0.24002,0.0,0.77468,0.75998,0.29331,2
350,normal,-1,0.0,,,-1,-1,access_1,access,0.2198,0.24557,0.0,0.7802,0.75443,0.29331,2
350,node_overload,38,0.55774,edge_0,access_0-edge_0,1,0,edge_0,edge,0.58056,0.5979,34.83826,0.41944,0.4021,0.80835,4
350,mixed,197,0.38067,edge_1,access_0-edge_1,1,0,edge_1,edge,0.58269,0.57418,16.5056,0.41731,0.42582,1.32294,3
350,mixed,178,0.48636,edge_2,edge_2-edge_3,2,1,edge_2,edge,0.61638,0.59679,19.31854,0.38362,0.40321,1.18722,4
350,normal,-1,0.0,,,-1,-1,edge_3,edge,0.34021,0.43735,0.0,0.65979,0.56265,0.65494,3
350,link_congestion,100,0.56614,edge_4,edge_3-edge_4,4,3,edge_4,edge,0.50846,0.50831,8.23758,0.49154,0.49169,0.93216,3
350,normal,-1,0.0,,,-1,-1,cloud_0,cloud,0.38714,0.47322,0.0,0.61286,0.52678,0.52664,3
351,normal,-1,0.0,,,-1,-1,access_0,access,0.20732,0.24533,0.0,0.79268,0.75467,0.29064,2
351,normal,-1,0.0,,,-1,-1,access_1,access,0.20736,0.25208,0.0,0.79264,0.74792,0.29064,2
351,node_overload,38,0.55774,edge_0,access_0-edge_0,1,0,edge_0,edge,0.57019,0.56287,35.53552,0.42981,0.43713,0.81904,4
351,mixed,197,0.38067,edge_1,access_0-edge_1,1,0,edge_1,edge,0.61712,0.55513,18.41662,0.38288,0.44487,1.27625,3
351,mixed,178,0.48636,edge_2,edge_2-edge_3,2,1,edge_2,edge,0.74043,0.63981,26.83434,0.25957,0.36019,1.35774,4
351,normal,-1,0.0,,,-1,-1,edge_3,edge,0.33376,0.43111,0.0,0.66624,0.56889,0.64741,3
351,link_congestion,100,0.56614,edge_4,edge_3-edge_4,4,3,edge_4,edge,0.51441,0.51016,8.53335,0.48559,0.48984,0.92511,3
351,normal,-1,0.0,,,-1,-1,cloud_0,cloud,0.36798,0.4712,0.0,0.63202,0.5288,0.52329,3
352,normal,-1,0.0,,,-1,-1,access_0,access,0.20729,0.25633,0.0,0.79271,0.74367,0.28883,2
352,normal,-1,0.0,,,-1,-1,access_1,access,0.21681,0.25411,0.0,0.78319,0.74589,0.28883,2
352,node_overload,38,0.55774,edge_0,access_0-edge_0,1,0,edge_0,edge,0.53291,0.55626,31.02535,0.46709,0.44374,0.84161,4
352,mixed,197,0.38067,edge_1,access_0-edge_1,1,0,edge_1,edge,0.58112,0.55769,15.54113,0.41888,0.44231,1.30617,3
352,mixed,178,0.48636,edge_2,edge_2-edge_3,2,1,edge_2,edge,0.68551,0.59698,24.87544,0.31449,0.40302,1.40737,4
352,normal,-1,0.0,,,-1,-1,edge_3,edge,0.3555,0.44823,0.0,0.6445,0.55177,0.64234,3
352,link_congestion,100,0.56614,edge_4,edge_3-edge_4,4,3,edge_4,edge,0.57415,0.59656,11.1847,0.42585,0.40344,0.91465,3
352,normal,-1,0.0,,,-1,-1,cloud_0,cloud,0.39482,0.46238,0.0,0.60518,0.53762,0.52104,3
353,normal,-1,0.0,,,-1,-1,access_0,access,0.21847,0.2534,0.0,0.78153,0.7466,0.28803,2
353,normal,-1,0.0,,,-1,-1,access_1,access,0.19173,0.25892,0.0,0.80827,0.74108,0.28803,2
353,node_overload,38,0.55774,edge_0,access_0-edge_0,1,0,edge_0,edge,0.51571,0.52177,26.88827,0.48429,0.47823,0.87089,4
353,mixed,197,0.38067,edge_1,access_0-edge_1,1,0,edge_1,edge,0.68382,0.61531,21.02496,0.31618,0.38469,1.31826,3
353,mixed,178,0.48636,edge_2,edge_2-edge_3,2,1,edge_2,edge,0.65987,0.5806,22.46325,0.34013,0.4194,1.28972,4
353,normal,-1,0.0,,,-1,-1,edge_3,edge,0.32684,0.44658,0.0,0.67316,0.55342,0.64009,3
353,link_congestion,100,0.56614,edge_4,edge_3-edge_4,4,3,edge_4,edge,0.48825,0.52311,6.12808,0.51175,0.47689,0.90157,3
353,normal,-1,0.0,,,-1,-1,cloud_0,cloud,0.37015,0.45801,0.0,0.62985,0.54199,0.52004,3
354,normal,-1,0.0,,,-1,-1,access_0,access,0.19734,0.23774,0.0,0.80266,0.76226,0.2883,2
354,normal,-1,0.0,,,-1,-1,access_1,access,0.22255,0.23863,0.0,0.77745,0.76137,0.2883,2
354,burst,14,0.52398,edge_0,edge_0-edge_1,3,2,edge_0,edge,0.62376,0.57903,14.42007,0.37624,0.42097,1.38514,4
354,mixed,197,0.38067,edge_1,access_0-edge_1,1,0,edge_1,edge,0.59152,0.59335,16.51385,0.40848,0.40665,1.30969,3
354,mixed,178,0.48636,edge_2,edge_2-edge_3,2,1,edge_2,edge,0.66474,0.61001,24.44191,0.33526,0.38999,1.33721,4
354,normal,-1,0.0,,,-1,-1,edge_3,edge,0.34836,0.44243,0.0,0.65164,0.55757,0.64085,3
354,link_congestion,100,0.56614,edge_4,edge_3-edge_4,4,3,edge_4,edge,0.53329,0.5532,8.45092,0.46671,0.4468,0.88681,3
354,normal,-1,0.0,,,-1,-1,cloud_0,cloud,0.37188,0.45792,0.0,0.62812,0.54208,0.52038,3
355,normal,-1,0.0,,,-1,-1,access_0,access,0.21463,0.25687,0.0,0.78537,0.74313,0.28961,2
355,normal,-1,0.0,,,-1,-1,access_1,access,0.20752,0.25354,0.0,0.79248,0.74646,0.28961,2
355,burst,14,0.52398,edge_0,edge_0-edge_1,3,2,edge_0,edge,0.57311,0.55336,11.67748,0.42689,0.44664,1.42732,4
355,mixed,197,0.38067,edge_1,access_0-edge_1,1,0,edge_1,edge,0.61706,0.59157,19.69838,0.38294,0.40843,1.28074,3
355,mixed,178,0.48636,edge_2,edge_2-edge_3,2,1,edge_2,edge,0.62348,0.57151,22.01123,0.37652,0.42849,1.27075,4
355,normal,-1,0.0,,,-1,-1,edge_3,edge,0.33527,0.45556,0.0,0.66473,0.54444,0.64454,3
355,link_congestion,100,0.56614,edge_4,edge_3-edge_4,4,3,edge_4,edge,0.50953,0.52053,8.18141,0.49047,0.47947,0.8715,3
355,normal,-1,0.0,,,-1,-1,cloud_0,cloud,0.37818,0.48181,0.0,0.62182,0.51819,0.52202,3
356,normal,-1,0.0,,,-1,-1,access_0,access,0.20852,0.2657,0.0,0.79148,0.7343,0.29188,2
356,normal,-1,0.0,,,-1,-1,access_1,access,0.21521,0.25447,0.0,0.78479,0.74553,0.29188,2
356,burst,14,0.52398,edge_0,edge_0-edge_1,3,2,edge_0,edge,0.57699,0.55803,12.56217,0.42301,0.44197,1.41244,4
356,mixed,197,0.38067,edge_1,access_0-edge_1,1,0,edge_1,edge,0.62545,0.57522,18.17005,0.37455,0.42478,1.23491,3
356,mixed,178,0.48636,edge_2,edge_2-edge_3,2,1,edge_2,edge,0.67307,0.57946,23.86333,0.32693,0.42054,1.27087,4
356,normal,-1,0.0,,,-1,-1,edge_3,edge,0.35713,0.47276,0.0,0.64287,0.52724,0.6509,3
356,link_congestion,100,0.56614,edge_4,edge_3-edge_4,4,3,edge_4,edge,0.47523,0.5198,6.09865,0.52477,0.4802,0.85675,3
356,normal,-1,0.0,,,-1,-1,cloud_0,cloud,0.38233,0.45304,0.0,0.61767,0.54696,0.52484,3
357,normal,-1,0.0,,,-1,-1,access_0,access,0.22836,0.2466,0.0,0.77164,0.7534,0.29492,2
357,normal,-1,0.0,,,-1,-1,access_1,access,0.22944,0.23946,0.0,0.77056,0.76054,0.29492,2
357,burst,14,0.52398,edge_0,edge_0-edge_1,3,2,edge_0,edge,0.58191,0.54823,11.40837,0.41809,0.45177,1.3425,4
357,mixed,197,0.38067,edge_1,access_0-edge_1,1,0,edge_1,edge,0.61779,0.59509,15.68472,0.38221,0.40491,1.1841,3
357,mixed,213,0.61481,edge_2,access_1-edge_2,1,0,edge_2,edge,0.59053,0.56716,19.32995,0.40947,0.43284,1.03712,4
357,normal,-1,0.0,,,-1,-1,edge_3,edge,0.34653,0.46084,0.0,0.65347,0.53916,0.65946,3
357,link_congestion,100,0.56614,edge_4,edge_3-edge_4,4,3,edge_4,edge,0.53451,0.53056,9.17091,0.46549,0.46944,0.84366,3
357,normal,-1,0.0,,,-1,-1,cloud_0,cloud,0.37721,0.47279,0.0,0.62279,0.52721,0.52865,3
358,normal,-1,0.0,,,-1,-1,access_0,access,0.21945,0.23694,0.0,0.78055,0.76306,0.29851,2
358,normal,-1,0.0,,,-1,-1,access_1,access,0.21563,0.25471,0.0,0.78437,0.74529,0.29851,2
358,burst,14,0.52398,edge_0,edge_0-edge_1,3,2,edge_0,edge,0.56974,0.5352,11.06875,0.43026,0.4648,1.2358,4
358,mixed,197,0.38067,edge_1,access_0-edge_1,1,0,edge_1,edge,0.61577,0.59496,19.56518,0.38423,0.40504,1.24615,3
358,mixed,213,0.61481,edge_2,access_1-edge_2,1,0,edge_2,edge,0.64063,0.58556,22.61819,0.35937,0.41444,1.12306,4
358,normal,-1,0.0,,,-1,-1,edge_3,edge,0.36109,0.46946,0.0,0.63891,0.53054,0.66957,3
358,link_congestion,100,0.56614,edge_4,edge_3-edge_4,4,3,edge_4,edge,0.46498,0.51744,5.78018,0.53502,0.48256,0.8332,3
358,normal,-1,0.0,,,-1,-1,cloud_0,cloud,0.39008,0.45524,0.0,0.60992,0.54476,0.53314,3
359,normal,-1,0.0,,,-1,-1,access_0,access,0.2129,0.25792,0.0,0.7871,0.74208,0.3024,2
359,normal,-1,0.0,,,-1,-1,access_1,access,0.2202,0.26096,0.0,0.7798,0.73904,0.3024,2
359,burst,14,0.52398,edge_0,edge_0-edge_1,3,2,edge_0,edge,0.50512,0.54844,8.44477,0.49488,0.45156,1.11889,4
359,mixed,197,0.38067,edge_1,access_0-edge_1,1,0,edge_1,edge,0.65733,0.5953,20.37766,0.34267,0.4047,1.28534,3
359,mixed,213,0.61481,edge_2,access_1-edge_2,1,0,edge_2,edge,0.66179,0.57987,23.61266,0.33821,0.42013,1.22152,4
359,normal,-1,0.0,,,-1,-1,edge_3,edge,0.35385,0.46458,0.0,0.64615,0.53542,0.6805,3
359,link_congestion,100,0.56614,edge_4,edge_3-edge_4,4,3,edge_4,edge,0.50481,0.4926,7.63065,0.49519,0.5074,0.82615,3
359,normal,-1,0.0,,,-1,-1,cloud_0,cloud,0.38578,0.46396,0.0,0.61422,0.53604,0.538,3
360,normal,-1,0.0,,,-1,-1,access_0,access,0.21917,0.26352,0.0,0.78083,0.73648,0.3024,2
360,normal,-1,0.0,,,-1,-1,access_1,access,0.20821,0.27276,0.0,0.79179,0.72724,0.3024,2
360,burst,14,0.52398,edge_0,edge_0-edge_1,3,2,edge_0,edge,0.50594,0.51999,8.68549,0.49406,0.48001,1.0159,4
360,mixed,197,0.38067,edge_1,access_0-edge_1,1,0,edge_1,edge,0.65158,0.59351,20.86832,0.34842,0.40649,1.29326,3
360,mixed,213,0.61481,edge_2,access_1-edge_2,1,0,edge_2,edge,0.702,0.58183,29.15042,0.298,0.41817,1.31854,4
360,normal,-1,0.0,,,-1,-1,edge_3,edge,0.37306,0.46042,0.0,0.62694,0.53958,0.6805,3
360,link_congestion,100,0.56614,edge_4,edge_3-edge_4,4,3,edge_4,edge,0.52629,0.50883,8.07099,0.47371,0.49117,0.82304,3
360,normal,-1,0.0,,,-1,-1,cloud_0,cloud,0.40881,0.47515,0.0,0.59119,0.52485,0.538,3
361,normal,-1,0.0,,,-1,-1,access_0,access,0.23309,0.26576,0.0,0.76691,0.73424,0.30629,2
361,normal,-1,0.0,,,-1,-1,access_1,access,0.21772,0.25369,0.0,0.78228,0.74631,0.30629,2
361,burst,14,0.52398,edge_0,edge_0-edge_1,3,2,edge_0,edge,0.49344,0.50148,6.16457,0.50656,0.49852,0.94096,4
361,mixed,197,0.38067,edge_1,access_0-edge_1,1,0,edge_1,edge,0.6438,0.59695,19.1812,0.3562,0.40305,1.26938,3
361,mixed,213,0.61481,edge_2,access_1-edge_2,1,0,edge_2,edge,0.69994,0.62323,30.22207,0.30006,0.37677,1.39509,4
361,normal,-1,0.0,,,-1,-1,edge_3,edge,0.35055,0.44342,0.0,0.64945,0.55658,0.69143,3
361,link_congestion,100,0.56614,edge_4,edge_3-edge_4,4,3,edge_4,edge,0.48239,0.50952,6.95054,0.51761,0.49048,0.82408,3
361,normal,-1,0.0,,,-1,-1,cloud_0,cloud,0.40549,0.47545,0.0,0.59451,0.52455,0.54286,3
362,normal,-1,0.0,,,-1,-1,access_0,access,0.20903,0.2494,0.0,0.79097,0.7506,0.30988,2
362,normal,-1,0.0,,,-1,-1,access_1,access,0.23775,0.25198,0.0,0.76225,0.74802,0.30988,2
362,burst,14,0.52398,edge_0,edge_0-edge_1,3,2,edge_0,edge,0.44201,0.5206,3.06281,0.55799,0.4794,0.89687,4
362,link_congestion,113,0.53242,edge_1,access_0-edge_1,1,0,edge_1,edge,0.52612,0.51514,5.91458,0.47388,0.48486,0.87309,3
362,mixed,213,0.61481,edge_2,access_1-edge_2,1,0,edge_2,edge,0.73289,0.64669,31.16053,0.26711,0.35331,1.43273,4
362,normal,-1,0.0,,,-1,-1,edge_3,edge,0.33164,0.42746,0.0,0.66836,0.57254,0.70154,3
362,link_congestion,100,0.56614,edge_4,edge_3-edge_4,4,3,edge_4,edge,0.48119,0.49745,8.0774,0.51881,0.50255,0.82921,3
362,normal,-1,0.0,,,-1,-1,cloud_0,cloud,0.37886,0.46686,0.0,0.62114,0.53314,0.54735,3
363,normal,-1,0.0,,,-1,-1,access_0,access,0.2338,0.26284,0.0,0.7662,0.73716,0.31292,2
363,normal,-1,0.0,,,-1,-1,access_1,access,0.22554,0.2558,0.0,0.77446,0.7442,0.31292,2
363,burst,14,0.52398,edge_0,edge_0-edge_1,3,2,edge_0,edge,0.43204,0.46204,4.16538,0.56796,0.53796,0.87835,4
363,link_congestion,113,0.53242,edge_1,access_0-edge_1,1,0,edge_1,edge,0.48939,0.51218,5.98462,0.51061,0.48782,0.89923,3
363,mixed,213,0.61481,edge_2,access_1-edge_2,1,0,edge_2,edge,0.75085,0.64592,31.83471,0.24915,0.35408,1.42088,4
363,normal,-1,0.0,,,-1,-1,edge_3,edge,0.36102,0.45104,0.0,0.63898,0.54896,0.7101,3
363,link_congestion,100,0.56614,edge_4,edge_3-edge_4,4,3,edge_4,edge,0.50532,0.50365,6.97728,0.49468,0.49635,0.83805,3
363,normal,-1,0.0,,,-1,-1,cloud_0,cloud,0.3908,0.47596,0.0,0.6092,0.52404,0.55116,3
364,normal,-1,0.0,,,-1,-1,access_0,access,0.21505,0.2622,0.0,0.78495,0.7378,0.31519,2
364,normal,-1,0.0,,,-1,-1,access_1,access,0.22669,0.26607,0.0,0.77331,0.73393,0.31519,2
364,burst,14,0.52398,edge_0,edge_0-edge_1,3,2,edge_0,edge,0.47822,0.51381,4.79741,0.52178,0.48619,0.87683,4
364,link_congestion,113,0.53242,edge_1,access_0-edge_1,1,0,edge_1,edge,0.46134,0.52539,2.50141,0.53866,0.47461,0.91938,3
364,mixed,213,0.61481,edge_2,access_1-edge_2,1,0,edge_2,edge,0.70489,0.62363,27.81466,0.29511,0.37637,1.36152,4
364,normal,-1,0.0,,,-1,-1,edge_3,edge,0.36944,0.43692,0.0,0.63056,0.56308,0.71646,3
364,link_congestion,100,0.56614,edge_4,edge_3-edge_4,4,3,edge_4,edge,0.53347,0.53191,8.76941,0.46653,0.46809,0.84993,3
364,normal,-1,0.0,,,-1,-1,cloud_0,cloud,0.39814,0.47769,0.0,0.60186,0.52231,0.55398,3
365,normal,-1,0.0,,,-1,-1,access_0,access,0.24356,0.25397,0.0,0.75644,0.74603,0.3165,2
365,normal,-1,0.0,,,-1,-1,access_1,access,0.22934,0.25581,0.0,0.77066,0.74419,0.3165,2
365,link_congestion,111,0.37866,edge_0,edge_0-edge_1,3,2,edge_0,edge,0.46935,0.48427,2.30222,0.53065,0.51573,0.82803,4
365,link_congestion,113,0.53242,edge_1,access_0-edge_1,1,0,edge_1,edge,0.50041,0.50967,6.34796,0.49959,0.49033,0.92893,3
365,mixed,213,0.61481,edge_2,access_1-edge_2,1,0,edge_2,edge,0.74635,0.65815,32.22276,0.25365,0.34185,1.33071,4
365,link_congestion,137,0.49035,edge_3,access_1-edge_3,1,0,edge_3,edge,0.39242,0.48421,0.0,0.60758,0.51579,0.86551,3
365,link_congestion,100,0.56614,edge_4,edge_3-edge_4,4,3,edge_4,edge,0.49413,0.52992,7.02601,0.50587,0.47008,0.86398,3
365,normal,-1,0.0,,,-1,-1,cloud_0,cloud,0.38678,0.47554,0.0,0.61322,0.52446,0.55562,3
366,normal,-1,0.0,,,-1,-1,access_0,access,0.22354,0.26493,0.0,0.77646,0.73507,0.31677,2
366,normal,-1,0.0,,,-1,-1,access_1,access,0.21602,0.24541,0.0,0.78398,0.75459,0.31677,2
366,link_congestion,111,0.37866,edge_0,edge_0-edge_1,3,2,edge_0,edge,0.42188,0.51927,2.24056,0.57812,0.48073,0.81235,4
366,link_congestion,113,0.53242,edge_1,access_0-edge_1,1,0,edge_1,edge,0.50032,0.54376,6.2403,0.49968,0.45624,0.92568,3
366,mixed,213,0.61481,edge_2,access_1-edge_2,1,0,edge_2,edge,0.74881,0.64292,31.75658,0.25119,0.35708,1.35841,4
366,link_congestion,137,0.49035,edge_3,access_1-edge_3,1,0,edge_3,edge,0.44242,0.50567,2.41303,0.55758,0.49433,0.90949,3
366,link_congestion,100,0.56614,edge_4,edge_3-edge_4,4,3,edge_4,edge,0.51293,0.53939,7.10777,0.48707,0.46061,0.87916,3
366,normal,-1,0.0,,,-1,-1,cloud_0,cloud,0.40323,0.47481,0.0,0.59677,0.52519,0.55596,3
367,normal,-1,0.0,,,-1,-1,access_0,access,0.22667,0.26932,0.0,0.77333,0.73068,0.31597,2
367,normal,-1,0.0,,,-1,-1,access_1,access,0.23139,0.269,0.0,0.76861,0.731,0.31597,2
367,link_congestion,111,0.37866,edge_0,edge_0-edge_1,3,2,edge_0,edge,0.4191,0.48163,0.50356,0.5809,0.51837,0.7999,4
367,link_congestion,113,0.53242,edge_1,access_0-edge_1,1,0,edge_1,edge,0.53527,0.57817,8.75479,0.46473,0.42183,0.91039,3
367,mixed,213,0.61481,edge_2,access_1-edge_2,1,0,edge_2,edge,0.74619,0.59498,32.03101,0.25381,0.40502,1.35292,4
367,link_congestion,137,0.49035,edge_3,access_1-edge_3,1,0,edge_3,edge,0.46345,0.52696,4.26855,0.53655,0.47304,0.92035,3
367,mixed,206,0.55806,edge_4,edge_4-edge_0,2,1,edge_4,edge,0.69404,0.67296,26.91391,0.30596,0.32704,1.34788,3
367,normal,-1,0.0,,,-1,-1,cloud_0,cloud,0.40257,0.4806,0.0,0.59743,0.5194,0.55496,3
368,normal,-1,0.0,,,-1,-1,access_0,access,0.21503,0.25726,0.0,0.78497,0.74274,0.31416,2
368,normal,-1,0.0,,,-1,-1,access_1,access,0.21819,0.24628,0.0,0.78181,0.75372,0.31416,2
368,link_congestion,111,0.37866,edge_0,edge_0-edge_1,3,2,edge_0,edge,0.43048,0.51052,0.74578,0.56952,0.48948,0.79191,4
368,link_congestion,113,0.53242,edge_1,access_0-edge_1,1,0,edge_1,edge,0.50937,0.55477,9.20442,0.49063,0.44523,0.88655,3
368,mixed,213,0.61481,edge_2,access_1-edge_2,1,0,edge_2,edge,0.74107,0.64735,31.56394,0.25893,0.35265,1.31343,4
368,link_congestion,137,0.49035,edge_3,access_1-edge_3,1,0,edge_3,edge,0.45001,0.47817,3.44354,0.54999,0.52183,0.88992,3
368,mixed,206,0.55806,edge_4,edge_4-edge_0,2,1,edge_4,edge,0.68143,0.58223,25.82457,0.31857,0.41777,1.30704,3
368,normal,-1,0.0,,,-1,-1,cloud_0,cloud,0.4041,0.47684,0.0,0.5959,0.52316,0.55271,3
369,normal,-1,0.0,,,-1,-1,access_0,access,0.22336,0.26234,0.0,0.77664,0.73766,0.31149,2
369,normal,-1,0.0,,,-1,-1,access_1,access,0.23372,0.26396,0.0,0.76628,0.73604,0.31149,2
369,link_congestion,111,0.37866,edge_0,edge_0-edge_1,3,2,edge_0,edge,0.42835,0.4837,2.40768,0.57165,0.5163,0.78916,4
369,link_congestion,113,0.53242,edge_1,access_0-edge_1,1,0,edge_1,edge,0.50328,0.55531,5.23928,0.49672,0.44469,0.85962,3
369,mixed,213,0.61481,edge_2,access_1-edge_2,1,0,edge_2,edge,0.73702,0.65304,29.12886,0.26298,0.34696,1.24795,4
369,link_congestion,137,0.49035,edge_3,access_1-edge_3,1,0,edge_3,edge,0.46795,0.46441,5.50536,0.53205,0.53559,0.84111,3
369,mixed,206,0.55806,edge_4,edge_4-edge_0,2,1,edge_4,edge,0.68831,0.60413,26.63127,0.31169,0.39587,1.22705,3
369,normal,-1,0.0,,,-1,-1,cloud_0,cloud,0.38863,0.48809,0.0,0.61137,0.51191,0.54936,3
370,normal,-1,0.0,,,-1,-1,access_0,access,0.22852,0.2696,0.0,0.77148,0.7304,0.30814,2
370,normal,-1,0.0,,,-1,-1,access_1,access,0.23885,0.26707,0.0,0.76115,0.73293,0.30814,2
370,link_congestion,111,0.37866,edge_0,edge_0-edge_1,3,2,edge_0,edge,0.4829,0.52361,4.55266,0.5171,0.47639,0.79191,4
370,link_congestion,113,0.53242,edge_1,access_0-edge_1,1,0,edge_1,edge,0.46971,0.48831,4.65039,0.53029,0.51169,0.83579,3
370,mixed,213,0.61481,edge_2,access_1-edge_2,1,0,edge_2,edge,0.72627,0.64055,28.69966,0.27373,0.35945,1.27867,4
370,link_congestion,137,0.49035,edge_3,access_1-edge_3,1,0,edge_3,edge,0.43647,0.46966,4.58587,0.56353,0.53034,0.81067,3
370,mixed,206,0.55806,edge_4,edge_4-edge_0,2,1,edge_4,edge,0.72532,0.64073,27.68126,0.27468,0.35927,1.29211,3
370,normal,-1,0.0,,,-1,-1,cloud_0,cloud,0.39082,0.46251,0.0,0.60918,0.53749,0.54517,3
371,normal,-1,0.0,,,-1,-1,access_0,access,0.22868,0.26677,0.0,0.77132,0.73323,0.30436,2
371,normal,-1,0.0,,,-1,-1,access_1,access,0.22172,0.25538,0.0,0.77828,0.74462,0.30436,2
371,link_congestion,111,0.37866,edge_0,edge_0-edge_1,3,2,edge_0,edge,0.43127,0.4822,2.40702,0.56873,0.5178,0.7999,4
371,link_congestion,113,0.53242,edge_1,access_0-edge_1,1,0,edge_1,edge,0.4811,0.52277,4.85329,0.5189,0.47723,0.82049,3
371,mixed,213,0.61481,edge_2,access_1-edge_2,1,0,edge_2,edge,0.68918,0.60152,28.73323,0.31082,0.39848,1.33013,4
371,link_congestion,137,0.49035,edge_3,access_1-edge_3,1,0,edge_3,edge,0.46062,0.52865,3.73335,0.53938,0.47135,0.82153,3
371,mixed,206,0.55806,edge_4,edge_4-edge_0,2,1,edge_4,edge,0.72552,0.61157,28.55927,0.27448,0.38843,1.32609,3
371,normal,-1,0.0,,,-1,-1,cloud_0,cloud,0.39302,0.4742,0.0,0.60698,0.5258,0.54045,3
372,normal,-1,0.0,,,-1,-1,access_0,access,0.22001,0.23632,0.0,0.77999,0.76368,0.30044,2
372,normal,-1,0.0,,,-1,-1,access_1,access,0.23385,0.24595,0.0,0.76615,0.75405,0.30044,2
372,link_congestion,111,0.37866,edge_0,edge_0-edge_1,3,2,edge_0,edge,0.44416,0.48652,3.70647,0.55584,0.51348,0.81235,4
372,link_congestion,113,0.53242,edge_1,access_0-edge_1,1,0,edge_1,edge,0.49821,0.53058,7.937,0.50179,0.46942,0.81725,3
372,mixed,213,0.61481,edge_2,access_1-edge_2,1,0,edge_2,edge,0.76106,0.66477,32.71949,0.23894,0.33523,1.32916,4
372,link_congestion,137,0.49035,edge_3,access_1-edge_3,1,0,edge_3,edge,0.4379,0.49493,2.75935,0.5621,0.50507,0.86551,3
372,mixed,206,0.55806,edge_4,edge_4-edge_0,2,1,edge_4,edge,0.68778,0.60725,26.39772,0.31222,0.39275,1.28295,3
372,normal,-1,0.0,,,-1,-1,cloud_0,cloud,0.36693,0.47564,0.0,0.63307,0.52436,0.53555,3
373,normal,-1,0.0,,,-1,-1,access_0,access,0.21466,0.25936,0.0,0.78534,0.74064,0.29666,2
373,normal,-1,0.0,,,-1,-1,access_1,access,0.22217,0.25393,0.0,0.77783,0.74607,0.29666,2
373,link_congestion,111,0.37866,edge_0,edge_0-edge_1,3,2,edge_0,edge,0.43971,0.49986,2.39747,0.56029,0.50014,0.82803,4
373,link_congestion,113,0.53242,edge_1,access_0-edge_1,1,0,edge_1,edge,0.53826,0.54899,10.16186,0.46174,0.45101,0.82679,3
373,mixed,213,0.61481,edge_2,access_1-edge_2,1,0,edge_2,edge,0.7053,0.59745,29.29941,0.2947,0.40255,1.27929,4
373,normal,-1,0.0,,,-1,-1,edge_3,edge,0.35873,0.46001,0.0,0.64127,0.53999,0.66436,3
373,mixed,206,0.55806,edge_4,edge_4-edge_0,2,1,edge_4,edge,0.62349,0.54936,22.43763,0.37651,0.45064,1.19238,3
373,normal,-1,0.0,,,-1,-1,cloud_0,cloud,0.39717,0.4628,0.0,0.60283,0.5372,0.53083,3
374,normal,-1,0.0,,,-1,-1,access_0,access,0.21947,0.24794,0.0,0.78053,0.75206,0.29331,2
374,normal,-1,0.0,,,-1,-1,access_1,access,0.20419,0.26473,0.0,0.79581,0.73527,0.29331,2
374,link_congestion,111,0.37866,edge_0,edge_0-edge_1,3,2,edge_0,edge,0.38526,0.48323,0.0,0.61474,0.51677,0.84541,4
374,link_congestion,113,0.53242,edge_1,access_0-edge_1,1,0,edge_1,edge,0.4978,0.52186,6.32684,0.5022,0.47814,0.84695,3
374,mixed,213,0.61481,edge_2,access_1-edge_2,1,0,edge_2,edge,0.66985,0.58158,26.25957,0.33015,0.41842,1.2026,4
374,normal,-1,0.0,,,-1,-1,edge_3,edge,0.33931,0.43856,0.0,0.66069,0.56144,0.65494,3
374,link_congestion,112,0.55772,edge_4,edge_4-edge_0,4,3,edge_4,edge,0.49465,0.54345,6.307,0.50535,0.45655,0.9337,3
374,normal,-1,0.0,,,-1,-1,cloud_0,cloud,0.38078,0.44244,0.0,0.61922,0.55756,0.52664,3
375,normal,-1,0.0,,,-1,-1,access_0,access,0.21974,0.24211,0.0,0.78026,0.75789,0.29064,2
375,normal,-1,0.0,,,-1,-1,access_1,access,0.21272,0.23328,0.0,0.78728,0.76672,0.29064,2
375,normal,-1,0.0,,,-1,-1,edge_0,edge,0.33897,0.44101,0.0,0.66103,0.55899,0.64741,4
375,link_congestion,113,0.53242,edge_1,access_0-edge_1,1,0,edge_1,edge,0.46617,0.50092,3.88704,0.53383,0.49908,0.87309,3
375,normal,-1,0.0,,,-1,-1,edge_2,edge,0.43391,0.48998,0.0,0.56609,0.51002,0.64741,4
375,mixed,179,0.50089,edge_3,edge_2-edge_3,3,2,edge_3,edge,0.50262,0.52898,12.28805,0.49738,0.47102,1.01662,3
375,link_congestion,112,0.55772,edge_4,edge_4-edge_0,4,3,edge_4,edge,0.51315,0.54629,7.69537,0.48685,0.45371,0.92915,3
375,normal,-1,0.0,,,-1,-1,cloud_0,cloud,0.37271,0.4523,0.0,0.62729,0.5477,0.52329,3
376,normal,-1,0.0,,,-1,-1,access_0,access,0.20045,0.24015,0.0,0.79955,0.75985,0.28883,2
376,normal,-1,0.0,,,-1,-1,access_1,access,0.22614,0.25661,0.0,0.77386,0.74339,0.28883,2
376,normal,-1,0.0,,,-1,-1,edge_0,edge,0.32058,0.45216,0.0,0.67942,0.54784,0.64234,4
376,mixed,189,0.5296,edge_1,access_0-edge_1,1,0,edge_1,edge,0.65833,0.57534,24.11408,0.34167,0.42466,1.41515,3
376,normal,-1,0.0,,,-1,-1,edge_2,edge,0.39548,0.46963,0.0,0.60452,0.53037,0.64234,4
376,mixed,179,0.50089,edge_3,edge_2-edge_3,3,2,edge_3,edge,0.50797,0.50126,12.89427,0.49203,0.49874,1.09274,3
376,link_congestion,112,0.55772,edge_4,edge_4-edge_0,4,3,edge_4,edge,0.52551,0.53516,9.40843,0.47449,0.46484,0.91902,3
376,normal,-1,0.0,,,-1,-1,cloud_0,cloud,0.38462,0.43367,0.0,0.61538,0.56633,0.52104,3
377,normal,-1,0.0,,,-1,-1,access_0,access,0.22261,0.24728,0.0,0.77739,0.75272,0.28803,2
377,normal,-1,0.0,,,-1,-1,access_1,access,0.21394,0.25489,0.0,0.78606,0.74511,0.28803,2
377,normal,-1,0.0,,,-1,-1,edge_0,edge,0.34512,0.43528,0.0,0.65488,0.56472,0.64009,4
377,mixed,189,0.5296,edge_1,access_0-edge_1,1,0,edge_1,edge,0.66174,0.61817,26.34824,0.33826,0.38183,1.37424,3
377,normal,-1,0.0,,,-1,-1,edge_2,edge,0.39882,0.47238,0.0,0.60118,0.52762,0.64009,4
377,mixed,179,0.50089,edge_3,edge_2-edge_3,3,2,edge_3,edge,0.54279,0.51102,15.59277,0.45721,0.48898,1.17984,3
377,link_congestion,112,0.55772,edge_4,edge_4-edge_0,4,3,edge_4,edge,0.52866,0.53981,8.62721,0.47134,0.46019,0.90441,3
377,normal,-1,0.0,,,-1,-1,cloud_0,cloud,0.38388,0.44504,0.0,0.61612,0.55496,0.52004,3
378,normal,-1,0.0,,,-1,-1,access_0,access,0.22365,0.24864,0.0,0.77635,0.75136,0.2883,2
378,normal,-1,0.0,,,-1,-1,access_1,access,0.21755,0.22923,0.0,0.78245,0.77077,0.2883,2
378,normal,-1,0.0,,,-1,-1,edge_0,edge,0.32894,0.43118,0.0,0.67106,0.56882,0.64085,4
378,mixed,189,0.5296,edge_1,access_0-edge_1,1,0,edge_1,edge,0.63648,0.57604,22.7717,0.36352,0.42396,1.2975,3
378,normal,-1,0.0,,,-1,-1,edge_2,edge,0.385,0.4584,0.0,0.615,0.5416,0.64085,4
378,mixed,179,0.50089,edge_3,edge_2-edge_3,3,2,edge_3,edge,0.56847,0.56118,18.03152,0.43153,0.43882,1.26866,3
378,link_congestion,112,0.55772,edge_4,edge_4-edge_0,4,3,edge_4,edge,0.53065,0.5595,7.8365,0.46935,0.4405,0.8869,3
378,normal,-1,0.0,,,-1,-1,cloud_0,cloud,0.37472,0.44136,0.0,0.62528,0.55864,0.52038,3
379,normal,-1,0.0,,,-1,-1,access_0,access,0.21907,0.23196,0.0,0.78093,0.76804,0.28961,2
379,normal,-1,0.0,,,-1,-1,access_1,access,0.20815,0.25359,0.0,0.79185,0.74641,0.28961,2
379,normal,-1,0.0,,,-1,-1,edge_0,edge,0.34595,0.45088,0.0,0.65405,0.54912,0.64454,4
379,mixed,189,0.5296,edge_1,access_0-edge_1,1,0,edge_1,edge,0.66784,0.59256,25.34084,0.33216,0.40744,1.33298,3
379,normal,-1,0.0,,,-1,-1,edge_2,edge,0.42052,0.46116,0.0,0.57948,0.53884,0.64454,4
379,mixed,179,0.50089,edge_3,edge_2-edge_3,3,2,edge_3,edge,0.63995,0.60088,21.49106,0.36005,0.39912,1.34613,3
379,link_congestion,112,0.55772,edge_4,edge_4-edge_0,4,3,edge_4,edge,0.51857,0.50509,9.69719,0.48143,0.49491,0.86838,3
379,normal,-1,0.0,,,-1,-1,cloud_0,cloud,0.38118,0.45715,0.0,0.61882,0.54285,0.52202,3
380,normal,-1,0.0,,,-1,-1,access_0,access,0.21399,0.24798,0.0,0.78601,0.75202,0.29188,2
380,normal,-1,0.0,,,-1,-1,access_1,access,0.22008,0.25994,0.0,0.77992,0.74006,0.29188,2
380,normal,-1,0.0,,,-1,-1,edge_0,edge,0.34955,0.44538,0.0,0.65045,0.55462,0.6509,4
380,mixed,189,0.5296,edge_1,access_0-edge_1,1,0,edge_1,edge,0.71601,0.61926,27.8998,0.28399,0.38074,1.34499,3
380,normal,-1,0.0,,,-1,-1,edge_2,edge,0.41134,0.48726,0.0,0.58866,0.51274,0.6509,4
380,mixed,179,0.50089,edge_3,edge_2-edge_3,3,2,edge_3,edge,0.62376,0.57266,22.64516,0.37624,0.42734,1.39817,3
380,link_congestion,112,0.55772,edge_4,edge_4-edge_0,4,3,edge_4,edge,0.49911,0.5107,7.55323,0.50089,0.4893,0.85087,3
380,normal,-1,0.0,,,-1,-1,cloud_0,cloud,0.36101,0.46076,0.0,0.63899,0.53924,0.52484,3
381,normal,-1,0.0,,,-1,-1,access_0,access,0.21005,0.25563,0.0,0.78995,0.74437,0.29492,2
381,normal,-1,0.0,,,-1,-1,access_1,access,0.21445,0.24815,0.0,0.78555,0.75185,0.29492,2
381,burst,34,0.59494,edge_0,edge_0-edge_1,3,2,edge_0,edge,0.45458,0.48602,4.92341,0.54542,0.51398,0.88961,4
381,mixed,189,0.5296,edge_1,access_0-edge_1,1,0,edge_1,edge,0.67622,0.615,25.15341,0.32378,0.385,1.32601,3
381,normal,-1,0.0,,,-1,-1,edge_2,edge,0.40308,0.4801,0.0,0.59692,0.5199,0.65946,4
381,mixed,179,0.50089,edge_3,edge_2-edge_3,3,2,edge_3,edge,0.6618,0.58938,22.90201,0.3382,0.41062,1.41381,3
381,link_congestion,112,0.55772,edge_4,edge_4-edge_0,4,3,edge_4,edge,0.497,0.53081,7.03737,0.503,0.46919,0.83625,3
381,normal,-1,0.0,,,-1,-1,cloud_0,cloud,0.38059,0.44981,0.0,0.61941,0.55019,0.52865,3
382,normal,-1,0.0,,,-1,-1,access_0,access,0.2236,0.25599,0.0,0.7764,0.74401,0.29851,2
382,normal,-1,0.0,,,-1,-1,access_1,access,0.23926,0.2475,0.0,0.76074,0.7525,0.29851,2
382,burst,34,0.59494,edge_0,edge_0-edge_1,3,2,edge_0,edge,0.49854,0.52843,7.95069,0.50146,0.47157,0.92269,4
382,mixed,189,0.5296,edge_1,access_0-edge_1,1,0,edge_1,edge,0.65452,0.58859,24.09588,0.34548,0.41141,1.27854,3
382,burst,16,0.51634,edge_2,access_1-edge_2,1,0,edge_2,edge,0.49397,0.51887,3.52044,0.50603,0.48113,0.87546,4
382,mixed,179,0.50089,edge_3,edge_2-edge_3,3,2,edge_3,edge,0.63728,0.58571,22.39416,0.36272,0.41429,1.38897,3
382,link_congestion,112,0.55772,edge_4,edge_4-edge_0,4,3,edge_4,edge,0.49977,0.5057,7.9635,0.50023,0.4943,0.82613,3
382,normal,-1,0.0,,,-1,-1,cloud_0,cloud,0.37615,0.45379,0.0,0.62385,0.54621,0.53314,3
383,normal,-1,0.0,,,-1,-1,access_0,access,0.23031,0.2453,0.0,0.76969,0.7547,0.3024,2
383,normal,-1,0.0,,,-1,-1,access_1,access,0.23815,0.25014,0.0,0.76185,0.74986,0.3024,2
383,burst,34,0.59494,edge_0,edge_0-edge_1,3,2,edge_0,edge,0.48623,0.51358,6.85221,0.51377,0.48642,0.97087,4
383,mixed,189,0.5296,edge_1,access_0-edge_1,1,0,edge_1,edge,0.62186,0.54766,20.22934,0.37814,0.45234,1.21165,3
383,burst,16,0.51634,edge_2,access_1-edge_2,1,0,edge_2,edge,0.52042,0.55246,6.49118,0.47958,0.44754,0.89715,4
383,mixed,179,0.50089,edge_3,edge_2-edge_3,3,2,edge_3,edge,0.66064,0.58476,22.39683,0.33936,0.41524,1.3281,3
383,link_congestion,112,0.55772,edge_4,edge_4-edge_0,4,3,edge_4,edge,0.49956,0.49911,7.10185,0.50044,0.50089,0.82158,3
383,normal,-1,0.0,,,-1,-1,cloud_0,cloud,0.38327,0.47307,0.0,0.61673,0.52693,0.538,3
384,normal,-1,0.0,,,-1,-1,access_0,access,0.21626,0.25859,0.0,0.78374,0.74141,0.3024,2
384,normal,-1,0.0,,,-1,-1,access_1,access,0.21296,0.25959,0.0,0.78704,0.74041,0.3024,2
384,burst,34,0.59494,edge_0,edge_0-edge_1,3,2,edge_0,edge,0.51644,0.53176,8.11215,0.48356,0.46824,1.04022,4
384,mixed,189,0.5296,edge_1,access_0-edge_1,1,0,edge_1,edge,0.59724,0.58623,20.65026,0.40276,0.41377,1.27865,3
384,burst,16,0.51634,edge_2,access_1-edge_2,1,0,edge_2,edge,0.51213,0.51757,6.77602,0.48787,0.48243,0.92524,4
384,mixed,179,0.50089,edge_3,edge_2-edge_3,3,2,edge_3,edge,0.61232,0.58455,20.06919,0.38768,0.41545,1.31238,3
384,link_congestion,112,0.55772,edge_4,edge_4-edge_0,4,3,edge_4,edge,0.52755,0.55113,9.25384,0.47245,0.44887,0.82311,3
384,normal,-1,0.0,,,-1,-1,cloud_0,cloud,0.36875,0.46857,0.0,0.63125,0.53143,0.538,3
385,normal,-1,0.0,,,-1,-1,access_0,access,0.22364,0.24554,0.0,0.77636,0.75446,0.30629,2
385,normal,-1,0.0,,,-1,-1,access_1,access,0.22874,0.2557,0.0,0.77126,0.7443,0.30629,2
385,burst,34,0.59494,edge_0,edge_0-edge_1,3,2,edge_0,edge,0.51721,0.52793,9.06796,0.48279,0.47207,1.13314,4
385,mixed,189,0.5296,edge_1,access_0-edge_1,1,0,edge_1,edge,0.67327,0.59577,25.45099,0.32673,0.40423,1.31846,3
385,burst,16,0.51634,edge_2,access_1-edge_2,1,0,edge_2,edge,0.5358,0.53565,9.15351,0.4642,0.46435,0.96184,4
385,mixed,179,0.50089,edge_3,edge_2-edge_3,3,2,edge_3,edge,0.60777,0.56815,20.64684,0.39223,0.43185,1.33723,3
385,link_congestion,112,0.55772,edge_4,edge_4-edge_0,4,3,edge_4,edge,0.53366,0.53133,8.92774,0.46634,0.46867,0.83055,3
385,normal,-1,0.0,,,-1,-1,cloud_0,cloud,0.40417,0.48278,0.0,0.59583,0.51722,0.54286,3
386,normal,-1,0.0,,,-1,-1,access_0,access,0.21993,0.23016,0.0,0.78007,0.76984,0.30988,2
386,normal,-1,0.0,,,-1,-1,access_1,access,0.23601,0.25249,0.0,0.76399,0.74751,0.30988,2
386,burst,34,0.59494,edge_0,edge_0-edge_1,3,2,edge_0,edge,0.54163,0.51357,10.87179,0.45837,0.48643,1.24252,4
386,mixed,189,0.5296,edge_1,access_0-edge_1,1,0,edge_1,edge,0.63853,0.60493,23.59692,0.36147,0.39507,1.31042,3
386,burst,16,0.51634,edge_2,access_1-edge_2,1,0,edge_2,edge,0.52403,0.55652,6.25273,0.47597,0.44348,1.00896,4
386,mixed,179,0.50089,edge_3,edge_2-edge_3,3,2,edge_3,edge,0.66071,0.597,25.05413,0.33929,0.403,1.33563,3
386,link_congestion,112,0.55772,edge_4,edge_4-edge_0,4,3,edge_4,edge,0.51266,0.52919,7.74571,0.48734,0.47081,0.84309,3
386,normal,-1,0.0,,,-1,-1,cloud_0,cloud,0.39302,0.47844,0.0,0.60698,0.52156,0.54735,3
387,normal,-1,0.0,,,-1,-1,access_0,access,0.23643,0.25476,0.0,0.76357,0.74524,0.31292,2
387,normal,-1,0.0,,,-1,-1,access_1,access,0.23221,0.26461,0.0,0.76779,0.73539,0.31292,2
387,burst,34,0.59494,edge_0,edge_0-edge_1,3,2,edge_0,edge,0.60313,0.60689,13.09695,0.39687,0.39311,1.34854,4
387,mixed,189,0.5296,edge_1,access_0-edge_1,1,0,edge_1,edge,0.64989,0.56757,22.163,0.35011,0.43243,1.26013,3
387,burst,16,0.51634,edge_2,access_1-edge_2,1,0,edge_2,edge,0.54583,0.53727,7.82917,0.45417,0.46273,1.06772,4
387,mixed,179,0.50089,edge_3,edge_2-edge_3,3,2,edge_3,edge,0.6187,0.57265,21.18907,0.3813,0.42735,1.30631,3
387,link_congestion,112,0.55772,edge_4,edge_4-edge_0,4,3,edge_4,edge,0.50503,0.52216,6.37142,0.49497,0.47784,0.85937,3
387,normal,-1,0.0,,,-1,-1,cloud_0,cloud,0.39128,0.45336,0.0,0.60872,0.54664,0.55116,3
388,normal,-1,0.0,,,-1,-1,access_0,access,0.205,0.25087,0.0,0.795,0.74913,0.31519,2
388,normal,-1,0.0,,,-1,-1,access_1,access,0.23533,0.26144,0.0,0.76467,0.73856,0.31519,2
388,burst,34,0.59494,edge_0,edge_0-edge_1,3,2,edge_0,edge,0.60395,0.56236,14.74214,0.39605,0.43764,1.42278,4
388,mixed,189,0.5296,edge_1,access_0-edge_1,1,0,edge_1,edge,0.60599,0.57944,18.83017,0.39401,0.42056,1.18726,3
388,burst,16,0.51634,edge_2,access_1-edge_2,1,0,edge_2,edge,0.59288,0.53626,11.09923,0.40712,0.46374,1.13722,4
388,mixed,179,0.50089,edge_3,edge_2-edge_3,3,2,edge_3,edge,0.63837,0.58052,21.95306,0.36163,0.41948,1.25378,3
388,link_congestion,112,0.55772,edge_4,edge_4-edge_0,4,3,edge_4,edge,0.48217,0.51789,6.68748,0.51783,0.48211,0.87764,3
388,normal,-1,0.0,,,-1,-1,cloud_0,cloud,0.38721,0.48169,0.0,0.61279,0.51831,0.55398,3
389,normal,-1,0.0,,,-1,-1,access_0,access,0.22052,0.26057,0.0,0.77948,0.73943,0.3165,2
389,normal,-1,0.0,,,-1,-1,access_1,access,0.23163,0.24362,0.0,0.76837,0.75638,0.3165,2
389,burst,34,0.59494,edge_0,edge_0-edge_1,3,2,edge_0,edge,0.58582,0.56424,12.53697,0.41418,0.43576,1.44009,4
389,normal,-1,0.0,,,-1,-1,edge_1,edge,0.39744,0.47781,0.0,0.60256,0.52219,0.72015,3
389,burst,16,0.51634,edge_2,access_1-edge_2,1,0,edge_2,edge,0.61011,0.55299,14.05877,0.38989,0.44701,1.21375,4
389,mixed,179,0.50089,edge_3,edge_2-edge_3,3,2,edge_3,edge,0.56291,0.49202,18.56494,0.43709,0.50798,1.22008,3
389,link_congestion,144,0.49244,edge_4,edge_3-edge_4,4,3,edge_4,edge,0.48314,0.52703,5.91543,0.51686,0.47297,0.81438,3
389,normal,-1,0.0,,,-1,-1,cloud_0,cloud,0.38722,0.47591,0.0,0.61278,0.52409,0.55562,3
390,normal,-1,0.0,,,-1,-1,access_0,access,0.22893,0.2501,0.0,0.77107,0.7499,0.31677,2
390,normal,-1,0.0,,,-1,-1,access_1,access,0.22323,0.27365,0.0,0.77677,0.72635,0.31677,2
390,burst,34,0.59494,edge_0,edge_0-edge_1,3,2,edge_0,edge,0.61544,0.58823,14.57145,0.38456,0.41177,1.39178,4
390,normal,-1,0.0,,,-1,-1,edge_1,edge,0.40445,0.47179,0.0,0.59555,0.52821,0.72091,3
390,burst,16,0.51634,edge_2,access_1-edge_2,1,0,edge_2,edge,0.62803,0.62154,13.3677,0.37197,0.37846,1.29044,4
390,mixed,179,0.50089,edge_3,edge_2-edge_3,3,2,edge_3,edge,0.64831,0.58573,22.79375,0.35169,0.41427,1.28548,3
390,link_congestion,144,0.49244,edge_4,edge_3-edge_4,4,3,edge_4,edge,0.46546,0.51404,3.62802,0.53454,0.48596,0.80983,3
390,normal,-1,0.0,,,-1,-1,cloud_0,cloud,0.39366,0.50882,0.0,0.60634,0.49118,0.55596,3
391,normal,-1,0.0,,,-1,-1,access_0,access,0.22606,0.25476,0.0,0.77394,0.74524,0.31597,2
391,normal,-1,0.0,,,-1,-1,access_1,access,0.23299,0.26103,0.0,0.76701,0.73897,0.31597,2
391,burst,34,0.59494,edge_0,edge_0-edge_1,3,2,edge_0,edge,0.54597,0.53513,9.93453,0.45403,0.46487,1.29126,4
391,normal,-1,0.0,,,-1,-1,edge_1,edge,0.38849,0.46266,0.0,0.61151,0.53734,0.71866,3
391,burst,16,0.51634,edge_2,access_1-edge_2,1,0,edge_2,edge,0.61877,0.57955,13.16328,0.38123,0.42045,1.35801,4
391,mixed,179,0.50089,edge_3,edge_2-edge_3,3,2,edge_3,edge,0.68832,0.61556,24.62934,0.31168,0.38444,1.31528,3
391,link_congestion,144,0.49244,edge_4,edge_3-edge_4,4,3,edge_4,edge,0.47763,0.5325,5.49906,0.52237,0.4675,0.81136,3
391,normal,-1,0.0,,,-1,-1,cloud_0,cloud,0.41252,0.45847,0.0,0.58748,0.54153,0.55496,3
392,normal,-1,0.0,,,-1,-1,access_0,access,0.21262,0.24702,0.0,0.78738,0.75298,0.31416,2
392,normal,-1,0.0,,,-1,-1,access_1,access,0.21899,0.26634,0.0,0.78101,0.73366,0.31416,2
392,burst,34,0.59494,edge_0,edge_0-edge_1,3,2,edge_0,edge,0.58388,0.55842,11.49136,0.41612,0.44158,1.16768,4
392,link_congestion,142,0.58194,edge_1,edge_1-edge_2,2,1,edge_1,edge,0.48783,0.52991,5.31856,0.51217,0.47009,0.882,3
392,burst,16,0.51634,edge_2,access_1-edge_2,1,0,edge_2,edge,0.64355,0.59367,14.24823,0.35645,0.40633,1.40645,4
392,mixed,179,0.50089,edge_3,edge_2-edge_3,3,2,edge_3,edge,0.6551,0.58494,23.88413,0.3449,0.41506,1.30169,3
392,link_congestion,144,0.49244,edge_4,edge_3-edge_4,4,3,edge_4,edge,0.43064,0.49936,1.97585,0.56936,0.50064,0.8188,3
392,normal,-1,0.0,,,-1,-1,cloud_0,cloud,0.39802,0.46594,0.0,0.60198,0.53406,0.55271,3
393,normal,-1,0.0,,,-1,-1,access_0,access,0.23194,0.24815,0.0,0.76806,0.75185,0.31149,2
393,normal,-1,0.0,,,-1,-1,access_1,access,0.21784,0.24658,0.0,0.78216,0.75342,0.31149,2
393,burst,34,0.59494,edge_0,edge_0-edge_1,3,2,edge_0,edge,0.48023,0.51611,6.78787,0.51977,0.48389,1.05214,4
393,link_congestion,142,0.58194,edge_1,edge_1-edge_2,2,1,edge_1,edge,0.52784,0.56242,7.74193,0.47216,0.43758,0.89858,3
393,burst,16,0.51634,edge_2,access_1-edge_2,1,0,edge_2,edge,0.65608,0.59952,15.30982,0.34392,0.40048,1.42738,4
393,mixed,179,0.50089,edge_3,edge_2-edge_3,3,2,edge_3,edge,0.62511,0.57342,21.05936,0.37489,0.42658,1.25149,3
393,link_congestion,144,0.49244,edge_4,edge_3-edge_4,4,3,edge_4,edge,0.50638,0.52492,6.94102,0.49362,0.47508,0.83134,3
393,normal,-1,0.0,,,-1,-1,cloud_0,cloud,0.38552,0.48671,0.0,0.61448,0.51329,0.54936,3
394,normal,-1,0.0,,,-1,-1,access_0,access,0.23418,0.25351,0.0,0.76582,0.74649,0.30814,2
394,normal,-1,0.0,,,-1,-1,access_1,access,0.21592,0.2537,0.0,0.78408,0.7463,0.30814,2
394,burst,34,0.59494,edge_0,edge_0-edge_1,3,2,edge_0,edge,0.47761,0.46957,4.96724,0.52239,0.53043,0.96538,4
394,link_congestion,142,0.58194,edge_1,edge_1-edge_2,2,1,edge_1,edge,0.46095,0.51383,5.25326,0.53905,0.48617,0.91369,3
394,burst,16,0.51634,edge_2,access_1-edge_2,1,0,edge_2,edge,0.64791,0.60066,16.48276,0.35209,0.39934,1.41635,4
394,mixed,179,0.50089,edge_3,edge_2-edge_3,3,2,edge_3,edge,0.57487,0.52222,17.7253,0.42513,0.47778,1.18209,3
394,link_congestion,144,0.49244,edge_4,edge_3-edge_4,4,3,edge_4,edge,0.49175,0.5427,6.07979,0.50825,0.4573,0.84762,3
394,normal,-1,0.0,,,-1,-1,cloud_0,cloud,0.39848,0.48109,0.0,0.60152,0.51891,0.54517,3
395,normal,-1,0.0,,,-1,-1,access_0,access,0.22303,0.26325,0.0,0.77697,0.73675,0.30436,2
395,normal,-1,0.0,,,-1,-1,access_1,access,0.22808,0.2484,0.0,0.77192,0.7516,0.30436,2
395,burst,34,0.59494,edge_0,edge_0-edge_1,3,2,edge_0,edge,0.46643,0.50816,5.38646,0.53357,0.49184,0.9136,4
395,link_congestion,142,0.58194,edge_1,edge_1-edge_2,2,1,edge_1,edge,0.45536,0.48929,4.24864,0.54464,0.51071,0.92598,3
395,burst,16,0.51634,edge_2,access_1-edge_2,1,0,edge_2,edge,0.61595,0.57551,13.62025,0.38405,0.42449,1.37418,4
395,normal,-1,0.0,,,-1,-1,edge_3,edge,0.34604,0.45864,0.0,0.65396,0.54136,0.68601,3
395,mixed,208,0.64811,edge_4,edge_4-edge_0,4,3,edge_4,edge,0.58799,0.5456,20.36061,0.41201,0.4544,1.04312,3
395,normal,-1,0.0,,,-1,-1,cloud_0,cloud,0.38377,0.46998,0.0,0.61623,0.53002,0.54045,3
396,normal,-1,0.0,,,-1,-1,access_0,access,0.2035,0.26112,0.0,0.7965,0.73888,0.30044,2
396,normal,-1,0.0,,,-1,-1,access_1,access,0.21849,0.23976,0.0,0.78151,0.76024,0.30044,2
396,burst,34,0.59494,edge_0,edge_0-edge_1,3,2,edge_0,edge,0.47591,0.4961,6.36872,0.52409,0.5039,0.89169,4
396,link_congestion,142,0.58194,edge_1,edge_1-edge_2,2,1,edge_1,edge,0.49317,0.5132,6.45564,0.50683,0.4868,0.93436,3
396,burst,16,0.51634,edge_2,access_1-edge_2,1,0,edge_2,edge,0.63194,0.58795,14.95239,0.36806,0.41205,1.30689,4
396,normal,-1,0.0,,,-1,-1,edge_3,edge,0.36398,0.4346,0.0,0.63602,0.5654,0.67499,3
396,mixed,208,0.64811,edge_4,edge_4-edge_0,4,3,edge_4,edge,0.61046,0.56268,22.40106,0.38954,0.43732,1.15853,3
396,normal,-1,0.0,,,-1,-1,cloud_0,cloud,0.37095,0.46748,0.0,0.62905,0.53252,0.53555,3
397,normal,-1,0.0,,,-1,-1,access_0,access,0.22287,0.2513,0.0,0.77713,0.7487,0.29666,2
397,normal,-1,0.0,,,-1,-1,access_1,access,0.22323,0.24827,0.0,0.77677,0.75173,0.29666,2
397,burst,34,0.59494,edge_0,edge_0-edge_1,3,2,edge_0,edge,0.50091,0.49717,6.04639,0.49909,0.50283,0.88961,4
397,link_congestion,142,0.58194,edge_1,edge_1-edge_2,2,1,edge_1,edge,0.49416,0.52898,6.16993,0.50584,0.47102,0.93809,3
397,burst,16,0.51634,edge_2,access_1-edge_2,1,0,edge_2,edge,0.6062,0.57515,13.40833,0.3938,0.42485,1.22427,4
397,normal,-1,0.0,,,-1,-1,edge_3,edge,0.33029,0.42797,0.0,0.66971,0.57203,0.66436,3
397,mixed,208,0.64811,edge_4,edge_4-edge_0,4,3,edge_4,edge,0.6897,0.59958,29.13965,0.3103,0.40042,1.28854,3
397,normal,-1,0.0,,,-1,-1,cloud_0,cloud,0.38198,0.47047,0.0,0.61802,0.52953,0.53083,3
398,normal,-1,0.0,,,-1,-1,access_0,access,0.21809,0.26566,0.0,0.78191,0.73434,0.29331,2
398,normal,-1,0.0,,,-1,-1,access_1,access,0.22702,0.261,0.0,0.77298,0.739,0.29331,2
398,normal,-1,0.0,,,-1,-1,edge_0,edge,0.36066,0.44237,0.0,0.63934,0.55763,0.65494,4
398,link_congestion,142,0.58194,edge_1,edge_1-edge_2,2,1,edge_1,edge,0.54059,0.55277,8.64226,0.45941,0.44723,0.93684,3
398,burst,16,0.51634,edge_2,access_1-edge_2,1,0,edge_2,edge,0.59287,0.55361,11.6971,0.40713,0.44639,1.13743,4
398,normal,-1,0.0,,,-1,-1,edge_3,edge,0.34296,0.4432,0.0,0.65704,0.5568,0.65494,3
398,mixed,208,0.64811,edge_4,edge_4-edge_0,4,3,edge_4,edge,0.6975,0.58772,30.47521,0.3025,0.41228,1.39637,3
398,normal,-1,0.0,,,-1,-1,cloud_0,cloud,0.38091,0.46105,0.0,0.61909,0.53895,0.52664,3
399,normal,-1,0.0,,,-1,-1,access_0,access,0.21282,0.24759,0.0,0.78718,0.75241,0.29064,2
399,normal,-1,0.0,,,-1,-1,access_1,access,0.2085,0.25189,0.0,0.7915,0.74811,0.29064,2
399,normal,-1,0.0,,,-1,-1,edge_0,edge,0.34948,0.43403,0.0,0.65052,0.56597,0.64741,4
399,link_congestion,142,0.58194,edge_1,edge_1-edge_2,2,1,edge_1,edge,0.54087,0.53239,10.29315,0.45913,0.46761,0.93071,3
399,burst,16,0.51634,edge_2,access_1-edge_2,1,0,edge_2,edge,0.57059,0.56555,10.58093,0.42941,0.43445,1.05641,4
399,normal,-1,0.0,,,-1,-1,edge_3,edge,0.36802,0.43893,0.0,0.63198,0.56107,0.64741,3
399,mixed,208,0.64811,edge_4,edge_4-edge_0,4,3,edge_4,edge,0.74618,0.63944,32.23803,0.25382,0.36056,1.44053,3
399,normal,-1,0.0,,,-1,-1,cloud_0,cloud,0.38325,0.4593,0.0,0.61675,0.5407,0.52329,3
400,normal,-1,0.0,,,-1,-1,access_0,access,0.20992,0.24531,0.0,0.79008,0.75469,0.28883,2
400,normal,-1,0.0,,,-1,-1,access_1,access,0.22556,0.25143,0.0,0.77444,0.74857,0.28883,2
400,normal,-1,0.0,,,-1,-1,edge_0,edge,0.3315,0.44242,0.0,0.6685,0.55758,0.64234,4
400,link_congestion,142,0.58194,edge_1,edge_1-edge_2,2,1,edge_1,edge,0.53844,0.54084,9.35529,0.46156,0.45916,0.92026,3
400,burst,16,0.51634,edge_2,access_1-edge_2,1,0,edge_2,edge,0.49979,0.52567,4.52942,0.50021,0.47433,0.98841,4
400,normal,-1,0.0,,,-1,-1,edge_3,edge,0.35467,0.45874,0.0,0.64533,0.54126,0.64234,3
400,mixed,208,0.64811,edge_4,edge_4-edge_0,4,3,edge_4,edge,0.71799,0.65243,31.33899,0.28201,0.34757,1.40015,3
400,normal,-1,0.0,,,-1,-1,cloud_0,cloud,0.38886,0.44729,0.0,0.61114,0.55271,0.52104,3
401,normal,-1,0.0,,,-1,-1,access_0,access,0.23584,0.27194,0.0,0.76416,0.72806,0.28803,2
401,normal,-1,0.0,,,-1,-1,access_1,access,0.20177,0.23589,0.0,0.79823,0.76411,0.28803,2
401,normal,-1,0.0,,,-1,-1,edge_0,edge,0.34272,0.42022,0.0,0.65728,0.57978,0.64009,4
401,link_congestion,142,0.58194,edge_1,edge_1-edge_2,2,1,edge_1,edge,0.50438,0.50983,8.00335,0.49562,0.49017,0.9064,3
401,burst,16,0.51634,edge_2,access_1-edge_2,1,0,edge_2,edge,0.53615,0.55193,8.29507,0.46385,0.44807,0.93704,4
401,normal,-1,0.0,,,-1,-1,edge_3,edge,0.3255,0.45289,0.0,0.6745,0.54711,0.64009,3
401,mixed,208,0.64811,edge_4,edge_4-edge_0,4,3,edge_4,edge,0.68346,0.6172,29.87633,0.31654,0.3828,1.32997,3
401,normal,-1,0.0,,,-1,-1,cloud_0,cloud,0.3789,0.45756,0.0,0.6211,0.54244,0.52004,3
402,normal,-1,0.0,,,-1,-1,access_0,access,0.21886,0.24676,0.0,0.78114,0.75324,0.2883,2
402,normal,-1,0.0,,,-1,-1,access_1,access,0.21871,0.24346,0.0,0.78129,0.75654,0.2883,2
402,normal,-1,0.0,,,-1,-1,edge_0,edge,0.36492,0.45145,0.0,0.63508,0.54855,0.64085,4
402,link_congestion,142,0.58194,edge_1,edge_1-edge_2,2,1,edge_1,edge,0.52657,0.52694,8.17239,0.47343,0.47306,0.89038,3
402,burst,16,0.51634,edge_2,access_1-edge_2,1,0,edge_2,edge,0.49993,0.49215,6.58862,0.50007,0.50785,0.90264,4
402,normal,-1,0.0,,,-1,-1,edge_3,edge,0.37385,0.44639,0.0,0.62615,0.55361,0.64085,3
402,mixed,208,0.64811,edge_4,edge_4-edge_0,4,3,edge_4,edge,0.73759,0.63938,31.71177,0.26241,0.36062,1.36585,3
402,normal,-1,0.0,,,-1,-1,cloud_0,cloud,0.39622,0.44629,0.0,0.60378,0.55371,0.52038,3
403,normal,-1,0.0,,,-1,-1,access_0,access,0.20435,0.23172,0.0,0.79565,0.76828,0.28961,2
403,normal,-1,0.0,,,-1,-1,access_1,access,0.2042,0.25524,0.0,0.7958,0.74476,0.28961,2
403,node_overload,79,0.48712,edge_0,edge_0-edge_1,2,1,edge_0,edge,0.51747,0.52644,24.17781,0.48253,0.47356,0.85818,4
403,link_congestion,142,0.58194,edge_1,edge_1-edge_2,2,1,edge_1,edge,0.51283,0.52686,8.17298,0.48717,0.47314,0.87362,3
403,burst,16,0.51634,edge_2,access_1-edge_2,1,0,edge_2,edge,0.54552,0.53973,8.27343,0.45448,0.46027,0.88316,4
403,link_congestion,105,0.48072,edge_3,access_1-edge_3,1,0,edge_3,edge,0.40716,0.46316,0.28437,0.59284,0.53684,0.86378,3
403,mixed,208,0.64811,edge_4,edge_4-edge_0,4,3,edge_4,edge,0.67338,0.60063,29.39051,0.32662,0.39937,1.34462,3
403,normal,-1,0.0,,,-1,-1,cloud_0,cloud,0.38605,0.46581,0.0,0.61395,0.53419,0.52202,3
404,normal,-1,0.0,,,-1,-1,access_0,access,0.21719,0.24242,0.0,0.78281,0.75758,0.29188,2
404,normal,-1,0.0,,,-1,-1,access_1,access,0.2205,0.25902,0.0,0.7795,0.74098,0.29188,2
404,node_overload,79,0.48712,edge_0,edge_0-edge_1,2,1,edge_0,edge,0.55136,0.54514,25.09068,0.44864,0.45486,0.87593,4
404,link_congestion,142,0.58194,edge_1,edge_1-edge_2,2,1,edge_1,edge,0.53827,0.54992,9.54729,0.46173,0.45008,0.85759,3
404,burst,16,0.51634,edge_2,access_1-edge_2,1,0,edge_2,edge,0.50507,0.52973,6.1799,0.49493,0.47027,0.8753,4
404,link_congestion,105,0.48072,edge_3,access_1-edge_3,1,0,edge_3,edge,0.43342,0.4932,1.66946,0.56658,0.5068,0.88818,3
404,mixed,208,0.64811,edge_4,edge_4-edge_0,4,3,edge_4,edge,0.64982,0.58479,27.18615,0.35018,0.41521,1.27068,3
404,normal,-1,0.0,,,-1,-1,cloud_0,cloud,0.39079,0.47198,0.0,0.60921,0.52802,0.52484,3
405,normal,-1,0.0,,,-1,-1,access_0,access,0.22526,0.23697,0.0,0.77474,0.76303,0.29492,2
405,normal,-1,0.0,,,-1,-1,access_1,access,0.20824,0.24614,0.0,0.79176,0.75386,0.29492,2
405,node_overload,79,0.48712,edge_0,edge_0-edge_1,2,1,edge_0,edge,0.53898,0.51819,25.50102,0.46102,0.48181,0.89224,4
405,link_congestion,142,0.58194,edge_1,edge_1-edge_2,2,1,edge_1,edge,0.46992,0.4997,5.45064,0.53008,0.5003,0.84374,3
405,burst,16,0.51634,edge_2,access_1-edge_2,1,0,edge_2,edge,0.53402,0.5374,6.16413,0.46598,0.4626,0.87546,4
405,link_congestion,105,0.48072,edge_3,access_1-edge_3,1,0,edge_3,edge,0.41414,0.49028,1.37137,0.58586,0.50972,0.90776,3
405,mixed,208,0.64811,edge_4,edge_4-edge_0,4,3,edge_4,edge,0.71319,0.61532,29.8021,0.28681,0.38468,1.29018,3
405,normal,-1,0.0,,,-1,-1,cloud_0,cloud,0.37446,0.44681,0.0,0.62554,0.55319,0.52865,3
406,normal,-1,0.0,,,-1,-1,access_0,access,0.20947,0.24349,0.0,0.79053,0.75651,0.29851,2
406,normal,-1,0.0,,,-1,-1,access_1,access,0.2117,0.25169,0.0,0.7883,0.74831,0.29851,2
406,node_overload,79,0.48712,edge_0,edge_0-edge_1,2,1,edge_0,edge,0.53276,0.53844,26.50556,0.46724,0.46156,0.90579,4
406,link_congestion,142,0.58194,edge_1,edge_1-edge_2,2,1,edge_1,edge,0.49046,0.54098,6.29092,0.50954,0.45902,0.83329,3
406,mixed,210,0.45955,edge_2,edge_2-edge_3,2,1,edge_2,edge,0.69849,0.6211,24.63814,0.30151,0.3789,1.30681,4
406,link_congestion,105,0.48072,edge_3,access_1-edge_3,1,0,edge_3,edge,0.49594,0.50187,4.86647,0.50406,0.49813,0.91862,3
406,mixed,208,0.64811,edge_4,edge_4-edge_0,4,3,edge_4,edge,0.72541,0.60938,32.63631,0.27459,0.39062,1.34228,3
406,normal,-1,0.0,,,-1,-1,cloud_0,cloud,0.37598,0.4598,0.0,0.62402,0.5402,0.53314,3
407,normal,-1,0.0,,,-1,-1,access_0,access,0.22804,0.2539,0.0,0.77196,0.7461,0.3024,2
407,normal,-1,0.0,,,-1,-1,access_1,access,0.23043,0.24137,0.0,0.76957,0.75863,0.3024,2
407,node_overload,79,0.48712,edge_0,edge_0-edge_1,2,1,edge_0,edge,0.58998,0.55466,29.93343,0.41002,0.44534,0.91549,4
407,link_congestion,142,0.58194,edge_1,edge_1-edge_2,2,1,edge_1,edge,0.46395,0.52242,4.762,0.53605,0.47758,0.82716,3
407,mixed,210,0.45955,edge_2,edge_2-edge_3,2,1,edge_2,edge,0.67285,0.59234,25.39475,0.32715,0.40766,1.26014,4
407,link_congestion,105,0.48072,edge_3,access_1-edge_3,1,0,edge_3,edge,0.48899,0.50734,5.18183,0.51101,0.49266,0.91862,3
407,mixed,208,0.64811,edge_4,edge_4-edge_0,4,3,edge_4,edge,0.71341,0.63443,30.98244,0.28659,0.36557,1.30475,3
407,normal,-1,0.0,,,-1,-1,cloud_0,cloud,0.3967,0.47615,0.0,0.6033,0.52385,0.538,3
408,normal,-1,0.0,,,-1,-1,access_0,access,0.22368,0.26195,0.0,0.77632,0.73805,0.3024,2
408,normal,-1,0.0,,,-1,-1,access_1,access,0.23376,0.25158,0.0,0.76624,0.74842,0.3024,2
408,node_overload,79,0.48712,edge_0,edge_0-edge_1,2,1,edge_0,edge,0.60533,0.59385,33.17631,0.39467,0.40615,0.92054,4
408,link_congestion,142,0.58194,edge_1,edge_1-edge_2,2,1,edge_1,edge,0.52738,0.53007,9.74674,0.47262,0.46993,0.82591,3
408,mixed,210,0.45955,edge_2,edge_2-edge_3,2,1,edge_2,edge,0.60709,0.59702,18.16101,0.39291,0.40298,1.17465,4
408,link_congestion,105,0.48072,edge_3,access_1-edge_3,1,0,edge_3,edge,0.46738,0.47747,5.70357,0.53262,0.52253,0.90776,3
408,mixed,208,0.64811,edge_4,edge_4-edge_0,4,3,edge_4,edge,0.67321,0.62148,25.1703,0.32679,0.37852,1.20859,3
408,normal,-1,0.0,,,-1,-1,cloud_0,cloud,0.39799,0.47982,0.0,0.60201,0.52018,0.538,3
409,normal,-1,0.0,,,-1,-1,access_0,access,0.23016,0.25387,0.0,0.76984,0.74613,0.30629,2
409,normal,-1,0.0,,,-1,-1,access_1,access,0.23512,0.24672,0.0,0.76488,0.75328,0.30629,2
409,node_overload,79,0.48712,edge_0,edge_0-edge_1,2,1,edge_0,edge,0.59403,0.54536,31.97175,0.40597,0.45464,0.92054,4
409,link_congestion,142,0.58194,edge_1,edge_1-edge_2,2,1,edge_1,edge,0.5107,0.50564,8.16021,0.4893,0.49436,0.82964,3
409,normal,-1,0.0,,,-1,-1,edge_2,edge,0.41401,0.46025,0.0,0.58599,0.53975,0.69143,4
409,link_congestion,105,0.48072,edge_3,access_1-edge_3,1,0,edge_3,edge,0.46447,0.50235,4.14533,0.53553,0.49765,0.88818,3
409,burst,23,0.5634,edge_4,edge_3-edge_4,4,3,edge_4,edge,0.65482,0.63027,16.39916,0.34518,0.36973,1.37801,3
409,normal,-1,0.0,,,-1,-1,cloud_0,cloud,0.37695,0.45866,0.0,0.62305,0.54134,0.54286,3
410,normal,-1,0.0,,,-1,-1,access_0,access,0.22259,0.25664,0.0,0.77741,0.74336,0.30988,2
410,normal,-1,0.0,,,-1,-1,access_1,access,0.22203,0.26086,0.0,0.77797,0.73914,0.30988,2
410,node_overload,79,0.48712,edge_0,edge_0-edge_1,2,1,edge_0,edge,0.60366,0.59774,34.06524,0.39634,0.40226,0.91549,4
410,link_congestion,142,0.58194,edge_1,edge_1-edge_2,2,1,edge_1,edge,0.50324,0.50494,7.07763,0.49676,0.49506,0.83802,3
410,normal,-1,0.0,,,-1,-1,edge_2,edge,0.4324,0.46542,0.0,0.5676,0.53458,0.70154,4
410,link_congestion,105,0.48072,edge_3,access_1-edge_3,1,0,edge_3,edge,0.47654,0.53716,5.91965,0.52346,0.46284,0.86378,3
410,burst,23,0.5634,edge_4,edge_3-edge_4,4,3,edge_4,edge,0.62889,0.59065,15.66728,0.37111,0.40935,1.43441,3
410,normal,-1,0.0,,,-1,-1,cloud_0,cloud,0.38533,0.45993,0.0,0.61467,0.54007,0.54735,3
411,normal,-1,0.0,,,-1,-1,access_0,access,0.23397,0.24646,0.0,0.76603,0.75354,0.31292,2
411,normal,-1,0.0,,,-1,-1,access_1,access,0.2377,0.24191,0.0,0.7623,0.75809,0.31292,2
411,mixed,186,0.61405,edge_0,edge_0-edge_1,2,1,edge_0,edge,0.5594,0.54222,18.24532,0.4406,0.45778,1.03699,4
411,link_congestion,142,0.58194,edge_1,edge_1-edge_2,2,1,edge_1,edge,0.49727,0.53406,6.56375,0.50273,0.46594,0.85031,3
411,normal,-1,0.0,,,-1,-1,edge_2,edge,0.40956,0.46135,0.0,0.59044,0.53865,0.7101,4
411,link_congestion,105,0.48072,edge_3,access_1-edge_3,1,0,edge_3,edge,0.43931,0.51087,3.02977,0.56069,0.48913,0.83937,3
411,burst,23,0.5634,edge_4,edge_3-edge_4,4,3,edge_4,edge,0.60126,0.59803,12.26391,0.39874,0.40197,1.3304,3
411,normal,-1,0.0,,,-1,-1,cloud_0,cloud,0.39244,0.48034,0.0,0.60756,0.51966,0.55116,3
412,normal,-1,0.0,,,-1,-1,access_0,access,0.23344,0.25128,0.0,0.76656,0.74872,0.31519,2
412,normal,-1,0.0,,,-1,-1,access_1,access,0.23766,0.25745,0.0,0.76234,0.74255,0.31519,2
412,mixed,186,0.61405,edge_0,edge_0-edge_1,2,1,edge_0,edge,0.56856,0.53351,18.58237,0.43144,0.46649,1.16307,4
412,link_congestion,142,0.58194,edge_1,edge_1-edge_2,2,1,edge_1,edge,0.52481,0.53682,7.77464,0.47519,0.46318,0.86542,3
412,mixed,193,0.40651,edge_2,access_1-edge_2,1,0,edge_2,edge,0.50613,0.52356,10.33164,0.49387,0.47644,0.99963,4
412,link_congestion,105,0.48072,edge_3,access_1-edge_3,1,0,edge_3,edge,0.41139,0.46841,1.43074,0.58861,0.53159,0.8198,3
412,burst,23,0.5634,edge_4,edge_3-edge_4,4,3,edge_4,edge,0.56695,0.54468,11.76985,0.43305,0.45532,1.13739,3
412,normal,-1,0.0,,,-1,-1,cloud_0,cloud,0.39651,0.46962,0.0,0.60349,0.53038,0.55398,3
413,normal,-1,0.0,,,-1,-1,access_0,access,0.22758,0.26562,0.0,0.77242,0.73438,0.3165,2
413,normal,-1,0.0,,,-1,-1,access_1,access,0.22572,0.24888,0.0,0.77428,0.75112,0.3165,2
413,mixed,186,0.61405,edge_0,edge_0-edge_1,2,1,edge_0,edge,0.63817,0.58921,23.88621,0.36183,0.41079,1.30311,4
413,link_congestion,142,0.58194,edge_1,edge_1-edge_2,2,1,edge_1,edge,0.5153,0.5366,6.25063,0.4847,0.4634,0.882,3
413,mixed,193,0.40651,edge_2,access_1-edge_2,1,0,edge_2,edge,0.59695,0.5412,15.90515,0.40305,0.4588,1.17284,4
413,link_congestion,105,0.48072,edge_3,access_1-edge_3,1,0,edge_3,edge,0.4684,0.49084,5.51764,0.5316,0.50916,0.80894,3
413,burst,23,0.5634,edge_4,edge_3-edge_4,4,3,edge_4,edge,0.54921,0.55453,9.75657,0.45079,0.44547,0.97426,3
413,normal,-1,0.0,,,-1,-1,cloud_0,cloud,0.41221,0.47187,0.0,0.58779,0.52813,0.55562,3
414,normal,-1,0.0,,,-1,-1,access_0,access,0.21097,0.27344,0.0,0.78903,0.72656,0.31677,2
414,normal,-1,0.0,,,-1,-1,access_1,access,0.23531,0.26805,0.0,0.76469,0.73195,0.31677,2
414,mixed,186,0.61405,edge_0,edge_0-edge_1,2,1,edge_0,edge,0.70799,0.59964,32.04862,0.29201,0.40036,1.40861,4
414,link_congestion,81,0.56727,edge_1,access_0-edge_1,1,0,edge_1,edge,0.52313,0.55209,7.74013,0.47687,0.44791,0.82636,3
414,mixed,193,0.40651,edge_2,access_1-edge_2,1,0,edge_2,edge,0.68512,0.60573,21.18752,0.31488,0.39427,1.34337,4
414,link_congestion,105,0.48072,edge_3,access_1-edge_3,1,0,edge_3,edge,0.46713,0.50945,5.25311,0.53287,0.49055,0.80894,3
414,burst,23,0.5634,edge_4,edge_3-edge_4,4,3,edge_4,edge,0.50964,0.52735,5.46249,0.49036,0.47265,0.89609,3
414,normal,-1,0.0,,,-1,-1,cloud_0,cloud,0.37515,0.47832,0.0,0.62485,0.52168,0.55596,3
415,normal,-1,0.0,,,-1,-1,access_0,access,0.22973,0.26258,0.0,0.77027,0.73742,0.31597,2
415,normal,-1,0.0,,,-1,-1,access_1,access,0.22205,0.25979,0.0,0.77795,0.74021,0.31597,2
415,mixed,186,0.61405,edge_0,edge_0-edge_1,2,1,edge_0,edge,0.69874,0.61134,30.20278,0.30126,0.38866,1.43035,4
415,link_congestion,81,0.56727,edge_1,access_0-edge_1,1,0,edge_1,edge,0.48868,0.47233,7.38577,0.51132,0.52767,0.82324,3
415,mixed,193,0.40651,edge_2,access_1-edge_2,1,0,edge_2,edge,0.67079,0.54889,21.54758,0.32921,0.45111,1.39299,4
415,link_congestion,105,0.48072,edge_3,access_1-edge_3,1,0,edge_3,edge,0.44084,0.51843,4.19576,0.55916,0.48157,0.8198,3
415,burst,23,0.5634,edge_4,edge_3-edge_4,4,3,edge_4,edge,0.48391,0.5054,5.68292,0.51609,0.4946,0.88393,3
415,normal,-1,0.0,,,-1,-1,cloud_0,cloud,0.38642,0.4802,0.0,0.61358,0.5198,0.55496,3
416,normal,-1,0.0,,,-1,-1,access_0,access,0.22991,0.25797,0.0,0.77009,0.74203,0.31416,2
416,normal,-1,0.0,,,-1,-1,access_1,access,0.22465,0.26408,0.0,0.77535,0.73592,0.31416,2
416,mixed,186,0.61405,edge_0,edge_0-edge_1,2,1,edge_0,edge,0.64293,0.57022,25.17198,0.35707,0.42978,1.35467,4
416,link_congestion,81,0.56727,edge_1,access_0-edge_1,1,0,edge_1,edge,0.51898,0.53882,7.98655,0.48102,0.46118,0.82428,3
416,mixed,193,0.40651,edge_2,access_1-edge_2,1,0,edge_2,edge,0.60227,0.5888,18.08695,0.39773,0.4112,1.27535,4
416,link_congestion,105,0.48072,edge_3,access_1-edge_3,1,0,edge_3,edge,0.43203,0.46477,2.14776,0.56797,0.53523,0.83937,3
416,normal,-1,0.0,,,-1,-1,edge_4,edge,0.39163,0.45104,0.0,0.60837,0.54896,0.71359,3
416,normal,-1,0.0,,,-1,-1,cloud_0,cloud,0.40905,0.47305,0.0,0.59095,0.52695,0.55271,3
417,normal,-1,0.0,,,-1,-1,access_0,access,0.21713,0.26005,0.0,0.78287,0.73995,0.31149,2
417,normal,-1,0.0,,,-1,-1,access_1,access,0.19996,0.25246,0.0,0.80004,0.74754,0.31149,2
417,mixed,186,0.61405,edge_0,edge_0-edge_1,2,1,edge_0,edge,0.70066,0.61847,29.58622,0.29934,0.38153,1.34818,4
417,link_congestion,81,0.56727,edge_1,access_0-edge_1,1,0,edge_1,edge,0.50334,0.50904,6.87656,0.49666,0.49096,0.82941,3
417,mixed,193,0.40651,edge_2,access_1-edge_2,1,0,edge_2,edge,0.64769,0.56752,21.244,0.35231,0.43248,1.32284,4
417,link_congestion,105,0.48072,edge_3,access_1-edge_3,1,0,edge_3,edge,0.40665,0.45515,0.26649,0.59335,0.54485,0.86378,3
417,normal,-1,0.0,,,-1,-1,edge_4,edge,0.37457,0.46133,0.0,0.62543,0.53867,0.70606,3
417,normal,-1,0.0,,,-1,-1,cloud_0,cloud,0.40164,0.47896,0.0,0.59836,0.52104,0.54936,3
418,normal,-1,0.0,,,-1,-1,access_0,access,0.23984,0.26462,0.0,0.76016,0.73538,0.30814,2
418,normal,-1,0.0,,,-1,-1,access_1,access,0.22019,0.23988,0.0,0.77981,0.76012,0.30814,2
418,mixed,186,0.61405,edge_0,edge_0-edge_1,2,1,edge_0,edge,0.71452,0.60736,30.30215,0.28548,0.39264,1.35459,4
418,link_congestion,81,0.56727,edge_1,access_0-edge_1,1,0,edge_1,edge,0.47779,0.49592,5.79985,0.52221,0.50408,0.83825,3
418,mixed,193,0.40651,edge_2,access_1-edge_2,1,0,edge_2,edge,0.63202,0.58434,19.65214,0.36798,0.41566,1.25638,4
418,normal,-1,0.0,,,-1,-1,edge_3,edge,0.34598,0.44183,0.0,0.65402,0.55817,0.69664,3
418,normal,-1,0.0,,,-1,-1,edge_4,edge,0.38118,0.45011,0.0,0.61882,0.54989,0.69664,3
418,normal,-1,0.0,,,-1,-1,cloud_0,cloud,0.39916,0.46293,0.0,0.60084,0.53707,0.54517,3
419,normal,-1,0.0,,,-1,-1,access_0,access,0.23765,0.25467,0.0,0.76235,0.74533,0.30436,2
419,normal,-1,0.0,,,-1,-1,access_1,access,0.23214,0.25716,0.0,0.76786,0.74284,0.30436,2
419,mixed,186,0.61405,edge_0,edge_0-edge_1,2,1,edge_0,edge,0.65214,0.60718,26.81324,0.34786,0.39282,1.29374,4
419,link_congestion,81,0.56727,edge_1,access_0-edge_1,1,0,edge_1,edge,0.5281,0.53661,8.53529,0.4719,0.46339,0.85013,3
419,mixed,193,0.40651,edge_2,access_1-edge_2,1,0,edge_2,edge,0.63198,0.53039,20.0457,0.36802,0.46961,1.2565,4
419,normal,-1,0.0,,,-1,-1,edge_3,edge,0.37107,0.46541,0.0,0.62893,0.53459,0.68601,3
419,normal,-1,0.0,,,-1,-1,edge_4,edge,0.38658,0.47223,0.0,0.61342,0.52777,0.68601,3
419,normal,-1,0.0,,,-1,-1,cloud_0,cloud,0.36788,0.4627,0.0,0.63212,0.5373,0.54045,3
420,normal,-1,0.0,,,-1,-1,access_0,access,0.22635,0.24437,0.0,0.77365,0.75563,0.30044,2
420,normal,-1,0.0,,,-1,-1,access_1,access,0.22273,0.24364,0.0,0.77727,0.75636,0.30044,2
420,mixed,186,0.61405,edge_0,edge_0-edge_1,2,1,edge_0,edge,0.67082,0.6272,28.85001,0.32918,0.3728,1.25923,4
420,link_congestion,81,0.56727,edge_1,access_0-edge_1,1,0,edge_1,edge,0.52199,0.5288,7.65659,0.47801,0.4712,0.86418,3
420,mixed,193,0.40651,edge_2,access_1-edge_2,1,0,edge_2,edge,0.66426,0.58329,22.76105,0.33574,0.41671,1.28826,4
420,normal,-1,0.0,,,-1,-1,edge_3,edge,0.34114,0.45428,0.0,0.65886,0.54572,0.67499,3
420,normal,-1,0.0,,,-1,-1,edge_4,edge,0.34869,0.46628,0.0,0.65131,0.53372,0.67499,3
420,normal,-1,0.0,,,-1,-1,cloud_0,cloud,0.38595,0.45035,0.0,0.61405,0.54965,0.53555,3
421,normal,-1,0.0,,,-1,-1,access_0,access,0.2061,0.24122,0.0,0.7939,0.75878,0.29666,2
421,normal,-1,0.0,,,-1,-1,access_1,access,0.21845,0.25031,0.0,0.78155,0.74969,0.29666,2
421,mixed,186,0.61405,edge_0,edge_0-edge_1,2,1,edge_0,edge,0.69667,0.60001,28.70529,0.30333,0.39999,1.33367,4
421,link_congestion,81,0.56727,edge_1,access_0-edge_1,1,0,edge_1,edge,0.51089,0.55129,7.27226,0.48911,0.44871,0.87936,3
421,mixed,193,0.40651,edge_2,access_1-edge_2,1,0,edge_2,edge,0.63781,0.60726,18.75933,0.36219,0.39274,1.16511,4
421,normal,-1,0.0,,,-1,-1,edge_3,edge,0.34412,0.43452,0.0,0.65588,0.56548,0.66436,3
421,normal,-1,0.0,,,-1,-1,edge_4,edge,0.39339,0.45846,0.0,0.60661,0.54154,0.66436,3
421,normal,-1,0.0,,,-1,-1,cloud_0,cloud,0.38731,0.45824,0.0,0.61269,0.54176,0.53083,3
422,normal,-1,0.0,,,-1,-1,access_0,access,0.21685,0.26366,0.0,0.78315,0.73634,0.29331,2
422,normal,-1,0.0,,,-1,-1,access_1,access,0.20133,0.25505,0.0,0.79867,0.74495,0.29331,2
422,mixed,186,0.61405,edge_0,edge_0-edge_1,2,1,edge_0,edge,0.68344,0.6113,27.16381,0.31656,0.3887,1.30474,4
422,link_congestion,106,0.46477,edge_1,edge_1-edge_2,2,1,edge_1,edge,0.44341,0.50751,1.71749,0.55659,0.49249,0.86091,3
422,link_congestion,102,0.40255,edge_2,edge_1-edge_2,2,1,edge_2,edge,0.45946,0.49149,3.51167,0.54054,0.50851,0.88948,4
422,normal,-1,0.0,,,-1,-1,edge_3,edge,0.36308,0.46325,0.0,0.63692,0.53675,0.65494,3
422,normal,-1,0.0,,,-1,-1,edge_4,edge,0.36675,0.43396,0.0,0.63325,0.56604,0.65494,3
422,normal,-1,0.0,,,-1,-1,cloud_0,cloud,0.36157,0.46361,0.0,0.63843,0.53639,0.52664,3
423,normal,-1,0.0,,,-1,-1,access_0,access,0.21709,0.24056,0.0,0.78291,0.75944,0.29064,2
423,normal,-1,0.0,,,-1,-1,access_1,access,0.21403,0.26359,0.0,0.78597,0.73641,0.29064,2
423,mixed,186,0.61405,edge_0,edge_0-edge_1,2,1,edge_0,edge,0.59237,0.5667,22.78329,0.40763,0.4333,1.20246,4
423,link_congestion,106,0.46477,edge_1,edge_1-edge_2,2,1,edge_1,edge,0.46505,0.52823,4.50454,0.53495,0.47177,0.87609,3
423,link_congestion,102,0.40255,edge_2,edge_1-edge_2,2,1,edge_2,edge,0.52243,0.51699,7.26404,0.47757,0.48301,0.84971,4
423,normal,-1,0.0,,,-1,-1,edge_3,edge,0.36183,0.47256,0.0,0.63817,0.52744,0.64741,3
423,normal,-1,0.0,,,-1,-1,edge_4,edge,0.36957,0.45755,0.0,0.63043,0.54245,0.64741,3
423,normal,-1,0.0,,,-1,-1,cloud_0,cloud,0.36439,0.47203,0.0,0.63561,0.52797,0.52329,3
424,normal,-1,0.0,,,-1,-1,access_0,access,0.21921,0.22448,0.0,0.78079,0.77552,0.28883,2
424,normal,-1,0.0,,,-1,-1,access_1,access,0.20665,0.2329,0.0,0.79335,0.7671,0.28883,2
424,node_overload,79,0.48712,edge_0,edge_0-edge_1,2,1,edge_0,edge,0.48463,0.51888,22.32955,0.51537,0.48112,0.84043,4
424,link_congestion,106,0.46477,edge_1,edge_1-edge_2,2,1,edge_1,edge,0.46558,0.51525,2.53736,0.53442,0.48475,0.89014,3
424,link_congestion,102,0.40255,edge_2,edge_1-edge_2,2,1,edge_2,edge,0.46285,0.49393,3.54122,0.53715,0.50607,0.80993,4
424,normal,-1,0.0,,,-1,-1,edge_3,edge,0.37068,0.47412,0.0,0.62932,0.52588,0.64234,3
424,normal,-1,0.0,,,-1,-1,edge_4,edge,0.33815,0.44381,0.0,0.66185,0.55619,0.64234,3
424,normal,-1,0.0,,,-1,-1,cloud_0,cloud,0.37701,0.45777,0.0,0.62299,0.54223,0.52104,3
425,normal,-1,0.0,,,-1,-1,access_0,access,0.22349,0.24202,0.0,0.77651,0.75798,0.28803,2
425,normal,-1,0.0,,,-1,-1,access_1,access,0.21453,0.24818,0.0,0.78547,0.75182,0.28803,2
425,node_overload,79,0.48712,edge_0,edge_0-edge_1,2,1,edge_0,edge,0.50818,0.55164,24.90501,0.49182,0.44836,0.85818,4
425,link_congestion,106,0.46477,edge_1,edge_1-edge_2,2,1,edge_1,edge,0.48295,0.48886,5.0287,0.51705,0.51114,0.90202,3
425,link_congestion,102,0.40255,edge_2,edge_1-edge_2,2,1,edge_2,edge,0.4797,0.50874,5.56533,0.5203,0.49126,0.79346,4
425,normal,-1,0.0,,,-1,-1,edge_3,edge,0.34512,0.43302,0.0,0.65488,0.56698,0.64009,3
425,normal,-1,0.0,,,-1,-1,edge_4,edge,0.3789,0.4685,0.0,0.6211,0.5315,0.64009,3
425,normal,-1,0.0,,,-1,-1,cloud_0,cloud,0.38486,0.45349,0.0,0.61514,0.54651,0.52004,3
426,normal,-1,0.0,,,-1,-1,access_0,access,0.18706,0.24677,0.0,0.81294,0.75323,0.2883,2
426,normal,-1,0.0,,,-1,-1,access_1,access,0.22094,0.23916,0.0,0.77906,0.76084,0.2883,2
426,link_congestion,118,0.37952,edge_0,edge_0-edge_1,2,1,edge_0,edge,0.44948,0.50451,1.9093,0.55052,0.49549,0.8379,4
426,link_congestion,106,0.46477,edge_1,edge_1-edge_2,2,1,edge_1,edge,0.46019,0.49881,2.56221,0.53981,0.50119,0.91085,3
426,link_congestion,102,0.40255,edge_2,edge_1-edge_2,2,1,edge_2,edge,0.48626,0.51415,4.74681,0.51374,0.48585,0.80993,4
426,link_congestion,127,0.52441,edge_3,edge_2-edge_3,3,2,edge_3,edge,0.46511,0.52577,4.4008,0.53489,0.47423,0.87164,3
426,normal,-1,0.0,,,-1,-1,edge_4,edge,0.38362,0.46008,0.0,0.61638,0.53992,0.64085,3
426,normal,-1,0.0,,,-1,-1,cloud_0,cloud,0.39579,0.45199,0.0,0.60421,0.54801,0.52038,3
427,normal,-1,0.0,,,-1,-1,access_0,access,0.22672,0.25819,0.0,0.77328,0.74181,0.28961,2
427,normal,-1,0.0,,,-1,-1,access_1,access,0.21194,0.24172,0.0,0.78806,0.75828,0.28961,2
427,link_congestion,118,0.37952,edge_0,edge_0-edge_1,2,1,edge_0,edge,0.47751,0.52194,4.08763,0.52249,0.47806,0.82315,4
427,link_congestion,106,0.46477,edge_1,edge_1-edge_2,2,1,edge_1,edge,0.50892,0.55381,5.3894,0.49108,0.44619,0.91598,3
427,link_congestion,102,0.40255,edge_2,edge_1-edge_2,2,1,edge_2,edge,0.47366,0.48191,2.57656,0.52634,0.51809,0.84971,4
427,link_congestion,127,0.52441,edge_3,edge_2-edge_3,3,2,edge_3,edge,0.46141,0.53287,3.7209,0.53859,0.46713,0.88991,3
427,normal,-1,0.0,,,-1,-1,edge_4,edge,0.37196,0.48123,0.0,0.62804,0.51877,0.64454,3
427,normal,-1,0.0,,,-1,-1,cloud_0,cloud,0.3697,0.46169,0.0,0.6303,0.53831,0.52202,3
428,normal,-1,0.0,,,-1,-1,access_0,access,0.21232,0.24983,0.0,0.78768,0.75017,0.29188,2
428,normal,-1,0.0,,,-1,-1,access_1,access,0.20577,0.25344,0.0,0.79423,0.74656,0.29188,2
428,link_congestion,118,0.37952,edge_0,edge_0-edge_1,2,1,edge_0,edge,0.42302,0.46729,0.94112,0.57698,0.53271,0.81006,4
428,link_congestion,106,0.46477,edge_1,edge_1-edge_2,2,1,edge_1,edge,0.48972,0.51222,6.05642,0.51028,0.48778,0.91703,3
428,link_congestion,110,0.33909,edge_2,edge_2-edge_3,2,1,edge_2,edge,0.4901,0.53325,4.23187,0.5099,0.46675,0.89454,4
428,link_congestion,127,0.52441,edge_3,edge_2-edge_3,3,2,edge_3,edge,0.4226,0.48112,0.0586,0.5774,0.51888,0.90619,3
428,normal,-1,0.0,,,-1,-1,edge_4,edge,0.3645,0.46317,0.0,0.6355,0.53683,0.6509,3
428,normal,-1,0.0,,,-1,-1,cloud_0,cloud,0.37503,0.45443,0.0,0.62497,0.54557,0.52484,3
429,normal,-1,0.0,,,-1,-1,access_0,access,0.21813,0.24469,0.0,0.78187,0.75531,0.29492,2
429,normal,-1,0.0,,,-1,-1,access_1,access,0.22289,0.26286,0.0,0.77711,0.73714,0.29492,2
429,link_congestion,118,0.37952,edge_0,edge_0-edge_1,2,1,edge_0,edge,0.44466,0.49539,2.76047,0.55534,0.50461,0.79961,4
429,link_congestion,106,0.46477,edge_1,edge_1-edge_2,2,1,edge_1,edge,0.52494,0.52281,6.27439,0.47506,0.47719,0.91391,3
429,link_congestion,110,0.33909,edge_2,edge_2-edge_3,2,1,edge_2,edge,0.49302,0.52482,4.50445,0.50698,0.47518,0.87806,4
429,link_congestion,127,0.52441,edge_3,edge_2-edge_3,3,2,edge_3,edge,0.50805,0.53821,7.25576,0.49195,0.46179,0.91873,3
429,normal,-1,0.0,,,-1,-1,edge_4,edge,0.37479,0.46797,0.0,0.62521,0.53203,0.65946,3
429,normal,-1,0.0,,,-1,-1,cloud_0,cloud,0.36564,0.46881,0.0,0.63436,0.53119,0.52865,3
430,normal,-1,0.0,,,-1,-1,access_0,access,0.23561,0.25209,0.0,0.76439,0.74791,0.29851,2
430,normal,-1,0.0,,,-1,-1,access_1,access,0.21945,0.26322,0.0,0.78055,0.73678,0.29851,2
430,link_congestion,118,0.37952,edge_0,edge_0-edge_1,2,1,edge_0,edge,0.41468,0.46545,0.86214,0.58532,0.53455,0.79256,4
430,link_congestion,106,0.46477,edge_1,edge_1-edge_2,2,1,edge_1,edge,0.49065,0.52576,7.09001,0.50935,0.47424,0.90686,3
430,link_congestion,110,0.33909,edge_2,edge_2-edge_3,2,1,edge_2,edge,0.53084,0.51842,6.30649,0.46916,0.48158,0.83829,4
430,link_congestion,127,0.52441,edge_3,edge_2-edge_3,3,2,edge_3,edge,0.48698,0.49777,6.32225,0.51302,0.50223,0.92617,3
430,normal,-1,0.0,,,-1,-1,edge_4,edge,0.39361,0.47335,0.0,0.60639,0.52665,0.66957,3
430,normal,-1,0.0,,,-1,-1,cloud_0,cloud,0.39607,0.47071,0.0,0.60393,0.52929,0.53314,3
431,normal,-1,0.0,,,-1,-1,access_0,access,0.22644,0.25241,0.0,0.77356,0.74759,0.3024,2
431,normal,-1,0.0,,,-1,-1,access_1,access,0.23736,0.24695,0.0,0.76264,0.75305,0.3024,2
431,link_congestion,118,0.37952,edge_0,edge_0-edge_1,2,1,edge_0,edge,0.43505,0.49739,2.13239,0.56495,0.50261,0.78944,4
431,link_congestion,106,0.46477,edge_1,edge_1-edge_2,2,1,edge_1,edge,0.48659,0.51296,6.1565,0.51341,0.48704,0.89641,3
431,link_congestion,110,0.33909,edge_2,edge_2-edge_3,2,1,edge_2,edge,0.50213,0.50852,5.07681,0.49787,0.49148,0.79851,4
431,link_congestion,127,0.52441,edge_3,edge_2-edge_3,3,2,edge_3,edge,0.50977,0.51398,7.45735,0.49023,0.48602,0.9277,3
431,normal,-1,0.0,,,-1,-1,edge_4,edge,0.39397,0.46324,0.0,0.60603,0.53676,0.6805,3
431,normal,-1,0.0,,,-1,-1,cloud_0,cloud,0.38753,0.46946,0.0,0.61247,0.53054,0.538,3
432,normal,-1,0.0,,,-1,-1,access_0,access,0.20071,0.25198,0.0,0.79929,0.74802,0.3024,2
432,normal,-1,0.0,,,-1,-1,access_1,access,0.22037,0.25603,0.0,0.77963,0.74397,0.3024,2
432,link_congestion,118,0.37952,edge_0,edge_0-edge_1,2,1,edge_0,edge,0.4185,0.47643,0.43541,0.5815,0.52357,0.79049,4
432,link_congestion,106,0.46477,edge_1,edge_1-edge_2,2,1,edge_1,edge,0.51653,0.50665,8.50575,0.48347,0.49335,0.88332,3
432,link_congestion,110,0.33909,edge_2,edge_2-edge_3,2,1,edge_2,edge,0.50896,0.52111,5.70193,0.49104,0.47889,0.78204,4
432,link_congestion,127,0.52441,edge_3,edge_2-edge_3,3,2,edge_3,edge,0.47234,0.53833,4.50581,0.52766,0.46167,0.92316,3
432,normal,-1,0.0,,,-1,-1,edge_4,edge,0.37689,0.45243,0.0,0.62311,0.54757,0.6805,3
432,normal,-1,0.0,,,-1,-1,cloud_0,cloud,0.39812,0.46315,0.0,0.60188,0.53685,0.538,3
433,normal,-1,0.0,,,-1,-1,access_0,access,0.22218,0.25038,0.0,0.77782,0.74962,0.30629,2
433,normal,-1,0.0,,,-1,-1,access_1,access,0.22546,0.25754,0.0,0.77454,0.74246,0.30629,2
433,link_congestion,118,0.37952,edge_0,edge_0-edge_1,2,1,edge_0,edge,0.45168,0.49175,2.49016,0.54832,0.50825,0.79562,4
433,link_congestion,106,0.46477,edge_1,edge_1-edge_2,2,1,edge_1,edge,0.50424,0.51693,4.96057,0.49576,0.48307,0.86857,3
433,link_congestion,110,0.33909,edge_2,edge_2-edge_3,2,1,edge_2,edge,0.48519,0.51983,4.95324,0.51481,0.48017,0.79851,4
433,link_congestion,127,0.52441,edge_3,edge_2-edge_3,3,2,edge_3,edge,0.50423,0.53763,6.97108,0.49577,0.46237,0.91303,3
433,normal,-1,0.0,,,-1,-1,edge_4,edge,0.35517,0.45046,0.0,0.64483,0.54954,0.69143,3
433,normal,-1,0.0,,,-1,-1,cloud_0,cloud,0.37815,0.46919,0.0,0.62185,0.53081,0.54286,3
434,normal,-1,0.0,,,-1,-1,access_0,access,0.21003,0.26353,0.0,0.78997,0.73647,0.30988,2
434,normal,-1,0.0,,,-1,-1,access_1,access,0.22391,0.2653,0.0,0.77609,0.7347,0.30988,2
434,link_congestion,118,0.37952,edge_0,edge_0-edge_1,2,1,edge_0,edge,0.43328,0.52427,0.17517,0.56672,0.47573,0.80445,4
434,link_congestion,106,0.46477,edge_1,edge_1-edge_2,2,1,edge_1,edge,0.50808,0.52361,6.78722,0.49192,0.47639,0.85325,3
434,link_congestion,110,0.33909,edge_2,edge_2-edge_3,2,1,edge_2,edge,0.46749,0.50214,1.58353,0.53251,0.49786,0.83829,4
434,link_congestion,127,0.52441,edge_3,edge_2-edge_3,3,2,edge_3,edge,0.47633,0.4887,6.65067,0.52367,0.5113,0.89842,3
434,normal,-1,0.0,,,-1,-1,edge_4,edge,0.37956,0.46406,0.0,0.62044,0.53594,0.70154,3
434,normal,-1,0.0,,,-1,-1,cloud_0,cloud,0.39748,0.4759,0.0,0.60252,0.5241,0.54735,3
435,normal,-1,0.0,,,-1,-1,access_0,access,0.22103,0.25611,0.0,0.77897,0.74389,0.31292,2
435,normal,-1,0.0,,,-1,-1,access_1,access,0.2183,0.27092,0.0,0.7817,0.72908,0.31292,2
435,link_congestion,118,0.37952,edge_0,edge_0-edge_1,2,1,edge_0,edge,0.44871,0.48378,2.24781,0.55129,0.51622,0.81634,4
435,link_congestion,106,0.46477,edge_1,edge_1-edge_2,2,1,edge_1,edge,0.46149,0.49668,4.14464,0.53851,0.50332,0.8385,3
435,normal,-1,0.0,,,-1,-1,edge_2,edge,0.43807,0.47484,0.0,0.56193,0.52516,0.7101,4
435,link_congestion,127,0.52441,edge_3,edge_2-edge_3,3,2,edge_3,edge,0.40105,0.4901,1.01211,0.59895,0.5099,0.8809,3
435,normal,-1,0.0,,,-1,-1,edge_4,edge,0.39335,0.45539,0.0,0.60665,0.54461,0.7101,3
435,normal,-1,0.0,,,-1,-1,cloud_0,cloud,0.39573,0.47903,0.0,0.60427,0.52097,0.55116,3
436,normal,-1,0.0,,,-1,-1,access_0,access,0.24075,0.2488,0.0,0.75925,0.7512,0.31519,2
436,normal,-1,0.0,,,-1,-1,access_1,access,0.22915,0.26159,0.0,0.77085,0.73841,0.31519,2
436,link_congestion,118,0.37952,edge_0,edge_0-edge_1,2,1,edge_0,edge,0.46447,0.49913,3.42155,0.53553,0.50087,0.83039,4
436,link_congestion,106,0.46477,edge_1,edge_1-edge_2,2,1,edge_1,edge,0.45843,0.49667,4.06245,0.54157,0.50333,0.82541,3
436,normal,-1,0.0,,,-1,-1,edge_2,edge,0.42156,0.48827,0.0,0.57844,0.51173,0.71646,4
436,link_congestion,127,0.52441,edge_3,edge_2-edge_3,3,2,edge_3,edge,0.51134,0.55761,6.59961,0.48866,0.44239,0.86239,3
436,normal,-1,0.0,,,-1,-1,edge_4,edge,0.39839,0.4651,0.0,0.60161,0.5349,0.71646,3
436,normal,-1,0.0,,,-1,-1,cloud_0,cloud,0.41398,0.48531,0.0,0.58602,0.51469,0.55398,3
437,normal,-1,0.0,,,-1,-1,access_0,access,0.22541,0.26837,0.0,0.77459,0.73163,0.3165,2
437,normal,-1,0.0,,,-1,-1,access_1,access,0.20991,0.253,0.0,0.79009,0.747,0.3165,2
437,link_congestion,118,0.37952,edge_0,edge_0-edge_1,2,1,edge_0,edge,0.43704,0.49149,2.52589,0.56296,0.50851,0.84556,4
437,link_congestion,106,0.46477,edge_1,edge_1-edge_2,2,1,edge_1,edge,0.46879,0.48874,5.43603,0.53121,0.51126,0.81495,3
437,burst,5,0.54212,edge_2,edge_1-edge_2,2,1,edge_2,edge,0.5058,0.51161,7.1483,0.4942,0.48839,0.8801,4
437,link_congestion,127,0.52441,edge_3,edge_2-edge_3,3,2,edge_3,edge,0.48078,0.47027,6.45752,0.51922,0.52973,0.84487,3
437,normal,-1,0.0,,,-1,-1,edge_4,edge,0.38136,0.4547,0.0,0.61864,0.5453,0.72015,3
437,normal,-1,0.0,,,-1,-1,cloud_0,cloud,0.38928,0.49051,0.0,0.61072,0.50949,0.55562,3
438,normal,-1,0.0,,,-1,-1,access_0,access,0.2517,0.26349,0.0,0.7483,0.73651,0.31677,2
438,normal,-1,0.0,,,-1,-1,access_1,access,0.24109,0.26288,0.0,0.75891,0.73712,0.31677,2
438,normal,-1,0.0,,,-1,-1,edge_0,edge,0.34118,0.43508,0.0,0.65882,0.56492,0.72091,4
438,link_congestion,106,0.46477,edge_1,edge_1-edge_2,2,1,edge_1,edge,0.47331,0.50301,4.82074,0.52669,0.49699,0.80791,3
438,burst,5,0.54212,edge_2,edge_1-edge_2,2,1,edge_2,edge,0.52796,0.53185,6.79067,0.47204,0.46815,0.91899,4
438,link_congestion,127,0.52441,edge_3,edge_2-edge_3,3,2,edge_3,edge,0.4401,0.50711,3.71482,0.5599,0.49289,0.83026,3
438,normal,-1,0.0,,,-1,-1,edge_4,edge,0.36763,0.44809,0.0,0.63237,0.55191,0.72091,3
438,normal,-1,0.0,,,-1,-1,cloud_0,cloud,0.40592,0.48198,0.0,0.59408,0.51802,0.55596,3
439,normal,-1,0.0,,,-1,-1,access_0,access,0.23877,0.25867,0.0,0.76123,0.74133,0.31597,2
439,normal,-1,0.0,,,-1,-1,access_1,access,0.21662,0.25718,0.0,0.78338,0.74282,0.31597,2
439,normal,-1,0.0,,,-1,-1,edge_0,edge,0.36561,0.46986,0.0,0.63439,0.53014,0.71866,4
439,link_congestion,106,0.46477,edge_1,edge_1-edge_2,2,1,edge_1,edge,0.43673,0.52356,1.9956,0.56327,0.47644,0.80479,3
439,burst,5,0.54212,edge_2,edge_1-edge_2,2,1,edge_2,edge,0.54419,0.5479,9.11239,0.45581,0.4521,0.97879,4
439,link_congestion,127,0.52441,edge_3,edge_2-edge_3,3,2,edge_3,edge,0.45831,0.48983,4.03374,0.54169,0.51017,0.82013,3
439,normal,-1,0.0,,,-1,-1,edge_4,edge,0.37901,0.47278,0.0,0.62099,0.52722,0.71866,3
439,normal,-1,0.0,,,-1,-1,cloud_0,cloud,0.39318,0.47922,0.0,0.60682,0.52078,0.55496,3
440,normal,-1,0.0,,,-1,-1,access_0,access,0.22486,0.24644,0.0,0.77514,0.75356,0.31416,2
440,normal,-1,0.0,,,-1,-1,access_1,access,0.23617,0.25221,0.0,0.76383,0.74779,0.31416,2
440,normal,-1,0.0,,,-1,-1,edge_0,edge,0.36583,0.46713,0.0,0.63417,0.53287,0.71359,4
440,link_congestion,106,0.46477,edge_1,edge_1-edge_2,2,1,edge_1,edge,0.46084,0.52317,4.49942,0.53916,0.47683,0.80584,3
440,burst,5,0.54212,edge_2,edge_1-edge_2,2,1,edge_2,edge,0.5553,0.56322,9.47923,0.4447,0.43678,1.06778,4
440,link_congestion,127,0.52441,edge_3,edge_2-edge_3,3,2,edge_3,edge,0.45666,0.50764,3.86593,0.54334,0.49236,0.81559,3
440,normal,-1,0.0,,,-1,-1,edge_4,edge,0.38447,0.45739,0.0,0.61553,0.54261,0.71359,3
440,normal,-1,0.0,,,-1,-1,cloud_0,cloud,0.40506,0.49494,0.0,0.59494,0.50506,0.55271,3
441,normal,-1,0.0,,,-1,-1,access_0,access,0.255,0.25818,0.0,0.745,0.74182,0.31149,2
441,normal,-1,0.0,,,-1,-1,access_1,access,0.2103,0.24418,0.0,0.7897,0.75582,0.31149,2
441,normal,-1,0.0,,,-1,-1,edge_0,edge,0.36785,0.43182,0.0,0.63215,0.56818,0.70606,4
441,link_congestion,106,0.46477,edge_1,edge_1-edge_2,2,1,edge_1,edge,0.52635,0.5077,6.30991,0.47365,0.4923,0.81097,3
441,burst,5,0.54212,edge_2,edge_1-edge_2,2,1,edge_2,edge,0.58137,0.56781,10.35813,0.41863,0.43219,1.1851,4
441,link_congestion,127,0.52441,edge_3,edge_2-edge_3,3,2,edge_3,edge,0.49799,0.51845,8.38399,0.50201,0.48155,0.81712,3
441,normal,-1,0.0,,,-1,-1,edge_4,edge,0.40791,0.4831,0.0,0.59209,0.5169,0.70606,3
441,normal,-1,0.0,,,-1,-1,cloud_0,cloud,0.38462,0.46521,0.0,0.61538,0.53479,0.54936,3
442,normal,-1,0.0,,,-1,-1,access_0,access,0.22129,0.24948,0.0,0.77871,0.75052,0.30814,2
442,normal,-1,0.0,,,-1,-1,access_1,access,0.24605,0.26008,0.0,0.75395,0.73992,0.30814,2
442,normal,-1,0.0,,,-1,-1,edge_0,edge,0.32661,0.42874,0.0,0.67339,0.57126,0.69664,4
442,link_congestion,106,0.46477,edge_1,edge_1-edge_2,2,1,edge_1,edge,0.47148,0.49077,5.51907,0.52852,0.50923,0.8198,3
442,burst,5,0.54212,edge_2,edge_1-edge_2,2,1,edge_2,edge,0.61259,0.56875,12.8597,0.38741,0.43125,1.31067,4
442,link_congestion,127,0.52441,edge_3,edge_2-edge_3,3,2,edge_3,edge,0.44472,0.49644,4.12112,0.55528,0.50356,0.82455,3
442,normal,-1,0.0,,,-1,-1,edge_4,edge,0.36864,0.46202,0.0,0.63136,0.53798,0.69664,3
442,normal,-1,0.0,,,-1,-1,cloud_0,cloud,0.38891,0.4783,0.0,0.61109,0.5217,0.54517,3
443,normal,-1,0.0,,,-1,-1,access_0,access,0.22647,0.24933,0.0,0.77353,0.75067,0.30436,2
443,normal,-1,0.0,,,-1,-1,access_1,access,0.21004,0.2566,0.0,0.78996,0.7434,0.30436,2
443,normal,-1,0.0,,,-1,-1,edge_0,edge,0.34988,0.45001,0.0,0.65012,0.54999,0.68601,4
443,link_congestion,106,0.46477,edge_1,edge_1-edge_2,2,1,edge_1,edge,0.50497,0.5475,5.95763,0.49503,0.4525,0.83168,3
443,burst,5,0.54212,edge_2,edge_1-edge_2,2,1,edge_2,edge,0.62669,0.57319,13.80034,0.37331,0.42681,1.40569,4
443,link_congestion,127,0.52441,edge_3,edge_2-edge_3,3,2,edge_3,edge,0.43127,0.47239,2.47005,0.56873,0.52761,0.83709,3
443,normal,-1,0.0,,,-1,-1,edge_4,edge,0.38895,0.47113,0.0,0.61105,0.52887,0.68601,3
443,normal,-1,0.0,,,-1,-1,cloud_0,cloud,0.37201,0.48013,0.0,0.62799,0.51987,0.54045,3
444,normal,-1,0.0,,,-1,-1,access_0,access,0.22583,0.25507,0.0,0.77417,0.74493,0.30044,2
444,normal,-1,0.0,,,-1,-1,access_1,access,0.21447,0.24137,0.0,0.78553,0.75863,0.30044,2
444,normal,-1,0.0,,,-1,-1,edge_0,edge,0.33894,0.45715,0.0,0.66106,0.54285,0.67499,4
444,link_congestion,106,0.46477,edge_1,edge_1-edge_2,2,1,edge_1,edge,0.44727,0.49615,3.70316,0.55273,0.50385,0.84573,3
444,burst,5,0.54212,edge_2,edge_1-edge_2,2,1,edge_2,edge,0.65497,0.59175,16.06792,0.34503,0.40825,1.43058,4
444,mixed,171,0.55071,edge_3,edge_2-edge_3,3,2,edge_3,edge,0.49306,0.5218,13.32963,0.50694,0.4782,1.02559,3
444,normal,-1,0.0,,,-1,-1,edge_4,edge,0.38959,0.4546,0.0,0.61041,0.5454,0.67499,3
444,normal,-1,0.0,,,-1,-1,cloud_0,cloud,0.38621,0.47499,0.0,0.61379,0.52501,0.53555,3
445,normal,-1,0.0,,,-1,-1,access_0,access,0.22254,0.25034,0.0,0.77746,0.74966,0.29666,2
445,normal,-1,0.0,,,-1,-1,access_1,access,0.2092,0.25461,0.0,0.7908,0.74539,0.29666,2
445,normal,-1,0.0,,,-1,-1,edge_0,edge,0.34032,0.43218,0.0,0.65968,0.56782,0.66436,4
445,link_congestion,106,0.46477,edge_1,edge_1-edge_2,2,1,edge_1,edge,0.48238,0.51454,4.80873,0.51762,0.48546,0.86091,3
445,burst,5,0.54212,edge_2,edge_1-edge_2,2,1,edge_2,edge,0.62764,0.55909,15.67106,0.37236,0.44091,1.37055,4
445,mixed,171,0.55071,edge_3,edge_2-edge_3,3,2,edge_3,edge,0.55987,0.51576,19.01569,0.44013,0.48424,1.17983,3
445,normal,-1,0.0,,,-1,-1,edge_4,edge,0.39835,0.47763,0.0,0.60165,0.52237,0.66436,3
445,normal,-1,0.0,,,-1,-1,cloud_0,cloud,0.38448,0.451,0.0,0.61552,0.549,0.53083,3
446,normal,-1,0.0,,,-1,-1,access_0,access,0.21712,0.25056,0.0,0.78288,0.74944,0.29331,2
446,normal,-1,0.0,,,-1,-1,access_1,access,0.22444,0.23569,0.0,0.77556,0.76431,0.29331,2
446,normal,-1,0.0,,,-1,-1,edge_0,edge,0.35744,0.42785,0.0,0.64256,0.57215,0.65494,4
446,normal,-1,0.0,,,-1,-1,edge_1,edge,0.37909,0.46284,0.0,0.62091,0.53716,0.65494,3
446,burst,5,0.54212,edge_2,edge_1-edge_2,2,1,edge_2,edge,0.60427,0.58632,12.32061,0.39573,0.41368,1.24735,4
446,mixed,171,0.55071,edge_3,edge_2-edge_3,3,2,edge_3,edge,0.6143,0.54688,22.95545,0.3857,0.45312,1.3412,3
446,normal,-1,0.0,,,-1,-1,edge_4,edge,0.38468,0.47701,0.0,0.61532,0.52299,0.65494,3
446,normal,-1,0.0,,,-1,-1,cloud_0,cloud,0.40278,0.44775,0.0,0.59722,0.55225,0.52664,3
447,normal,-1,0.0,,,-1,-1,access_0,access,0.21249,0.24702,0.0,0.78751,0.75298,0.29064,2
447,normal,-1,0.0,,,-1,-1,access_1,access,0.22059,0.23776,0.0,0.77941,0.76224,0.29064,2
447,mixed,187,0.41984,edge_0,edge_0-edge_1,3,2,edge_0,edge,0.49556,0.54552,9.88737,0.50444,0.45448,1.00203,4
447,normal,-1,0.0,,,-1,-1,edge_1,edge,0.37224,0.44935,0.0,0.62776,0.55065,0.64741,3
447,burst,5,0.54212,edge_2,edge_1-edge_2,2,1,edge_2,edge,0.55931,0.54472,10.74566,0.44069,0.45528,1.10613,4
447,mixed,171,0.55071,edge_3,edge_2-edge_3,3,2,edge_3,edge,0.6284,0.56372,24.71504,0.3716,0.43628,1.42231,3
447,normal,-1,0.0,,,-1,-1,edge_4,edge,0.37991,0.454,0.0,0.62009,0.546,0.64741,3
447,normal,-1,0.0,,,-1,-1,cloud_0,cloud,0.38135,0.44924,0.0,0.61865,0.55076,0.52329,3
448,normal,-1,0.0,,,-1,-1,access_0,access,0.2113,0.25557,0.0,0.7887,0.74443,0.28883,2
448,normal,-1,0.0,,,-1,-1,access_1,access,0.22234,0.23789,0.0,0.77766,0.76211,0.28883,2
448,mixed,187,0.41984,edge_0,edge_0-edge_1,3,2,edge_0,edge,0.50638,0.49962,11.73896,0.49362,0.50038,1.06698,4
448,normal,-1,0.0,,,-1,-1,edge_1,edge,0.38324,0.46315,0.0,0.61676,0.53685,0.64234,3
448,burst,5,0.54212,edge_2,edge_1-edge_2,2,1,edge_2,edge,0.52004,0.53982,7.48328,0.47996,0.46018,0.98881,4
448,mixed,171,0.55071,edge_3,edge_2-edge_3,3,2,edge_3,edge,0.66509,0.57421,24.59612,0.33491,0.42579,1.36512,3
448,normal,-1,0.0,,,-1,-1,edge_4,edge,0.36169,0.45339,0.0,0.63831,0.54661,0.64234,3
448,normal,-1,0.0,,,-1,-1,cloud_0,cloud,0.39113,0.44985,0.0,0.60887,0.55015,0.52104,3
449,normal,-1,0.0,,,-1,-1,access_0,access,0.19818,0.24796,0.0,0.80182,0.75204,0.28803,2
449,normal,-1,0.0,,,-1,-1,access_1,access,0.20604,0.24474,0.0,0.79396,0.75526,0.28803,2
449,mixed,187,0.41984,edge_0,edge_0-edge_1,3,2,edge_0,edge,0.48686,0.52336,11.32767,0.51314,0.47664,1.14085,4
449,normal,-1,0.0,,,-1,-1,edge_1,edge,0.36819,0.46663,0.0,0.63181,0.53337,0.64009,3
449,burst,5,0.54212,edge_2,edge_1-edge_2,2,1,edge_2,edge,0.50999,0.51592,8.1108,0.49001,0.48408,0.91547,4
449,mixed,171,0.55071,edge_3,edge_2-edge_3,3,2,edge_3,edge,0.62443,0.58372,23.40838,0.37557,0.41628,1.33678,3
449,mixed,168,0.64951,edge_4,edge_4-edge_0,4,3,edge_4,edge,0.51111,0.5281,18.40623,0.48889,0.4719,1.04337,3
449,normal,-1,0.0,,,-1,-1,cloud_0,cloud,0.37537,0.45585,0.0,0.62463,0.54415,0.52004,3
450,normal,-1,0.0,,,-1,-1,access_0,access,0.20849,0.25986,0.0,0.79151,0.74014,0.2883,2
450,normal,-1,0.0,,,-1,-1,access_1,access,0.21174,0.23418,0.0,0.78826,0.76582,0.2883,2
450,mixed,187,0.41984,edge_0,edge_0-edge_1,3,2,edge_0,edge,0.54753,0.53567,15.01156,0.45247,0.46433,1.2183,4
450,normal,-1,0.0,,,-1,-1,edge_1,edge,0.37239,0.45239,0.0,0.62761,0.54761,0.64085,3
450,burst,5,0.54212,edge_2,edge_1-edge_2,2,1,edge_2,edge,0.54954,0.56306,9.11096,0.45046,0.43694,0.88385,4
450,mixed,171,0.55071,edge_3,edge_2-edge_3,3,2,edge_3,edge,0.58907,0.55411,21.96252,0.41093,0.44589,1.33607,3
450,mixed,168,0.64951,edge_4,edge_4-edge_0,4,3,edge_4,edge,0.6861,0.59802,28.80967,0.3139,0.40198,1.27057,3
450,normal,-1,0.0,,,-1,-1,cloud_0,cloud,0.36121,0.45862,0.0,0.63879,0.54138,0.52038,3
451,normal,-1,0.0,,,-1,-1,access_0,access,0.21194,0.23525,0.0,0.78806,0.76475,0.28961,2
451,normal,-1,0.0,,,-1,-1,access_1,access,0.20277,0.24327,0.0,0.79723,0.75673,0.28961,2
451,mixed,187,0.41984,edge_0,edge_0-edge_1,3,2,edge_0,edge,0.57814,0.54725,16.82648,0.42186,0.45275,1.29156,4
451,normal,-1,0.0,,,-1,-1,edge_1,edge,0.37277,0.45975,0.0,0.62723,0.54025,0.64454,3
451,burst,5,0.54212,edge_2,edge_1-edge_2,2,1,edge_2,edge,0.53268,0.53947,8.0213,0.46732,0.46053,0.8801,4
451,mixed,171,0.55071,edge_3,edge_2-edge_3,3,2,edge_3,edge,0.59483,0.54495,20.81304,0.40517,0.45505,1.24375,3
451,mixed,168,0.64951,edge_4,edge_4-edge_0,4,3,edge_4,edge,0.75789,0.62969,35.11485,0.24211,0.37031,1.43651,3
451,normal,-1,0.0,,,-1,-1,cloud_0,cloud,0.38143,0.4703,0.0,0.61857,0.5297,0.52202,3
452,normal,-1,0.0,,,-1,-1,access_0,access,0.20671,0.24049,0.0,0.79329,0.75951,0.29188,2
452,normal,-1,0.0,,,-1,-1,access_1,access,0.22001,0.24538,0.0,0.77999,0.75462,0.29188,2
452,mixed,187,0.41984,edge_0,edge_0-edge_1,3,2,edge_0,edge,0.5742,0.55482,16.13678,0.4258,0.44518,1.35148,4
452,normal,-1,0.0,,,-1,-1,edge_1,edge,0.37991,0.45824,0.0,0.62009,0.54176,0.6509,3
452,link_congestion,85,0.36047,edge_2,access_1-edge_2,1,0,edge_2,edge,0.48923,0.4981,3.84018,0.51077,0.5019,0.89085,4
452,mixed,171,0.55071,edge_3,edge_2-edge_3,3,2,edge_3,edge,0.68116,0.59268,27.40991,0.31884,0.40732,1.30371,3
452,mixed,168,0.64951,edge_4,edge_4-edge_0,4,3,edge_4,edge,0.70011,0.62297,29.65607,0.29989,0.37703,1.34383,3
452,normal,-1,0.0,,,-1,-1,cloud_0,cloud,0.37638,0.46447,0.0,0.62362,0.53553,0.52484,3
453,normal,-1,0.0,,,-1,-1,access_0,access,0.22369,0.24029,0.0,0.77631,0.75971,0.29492,2
453,normal,-1,0.0,,,-1,-1,access_1,access,0.2188,0.24569,0.0,0.7812,0.75431,0.29492,2
453,mixed,146,0.49236,edge_0,edge_0-edge_1,2,1,edge_0,edge,0.52869,0.54224,13.47373,0.47131,0.45776,1.01508,4
453,normal,-1,0.0,,,-1,-1,edge_1,edge,0.40767,0.4727,0.0,0.59233,0.5273,0.65946,3
453,link_congestion,85,0.36047,edge_2,access_1-edge_2,1,0,edge_2,edge,0.52851,0.52391,6.03631,0.47149,0.47609,0.89753,4
453,mixed,171,0.55071,edge_3,edge_2-edge_3,3,2,edge_3,edge,0.67153,0.62663,25.47851,0.32847,0.37337,1.30705,3
453,mixed,168,0.64951,edge_4,edge_4-edge_0,4,3,edge_4,edge,0.71996,0.61537,33.42858,0.28004,0.38463,1.36434,3
453,normal,-1,0.0,,,-1,-1,cloud_0,cloud,0.37558,0.45565,0.0,0.62442,0.54435,0.52865,3
454,normal,-1,0.0,,,-1,-1,access_0,access,0.2129,0.26315,0.0,0.7871,0.73685,0.29851,2
454,normal,-1,0.0,,,-1,-1,access_1,access,0.2221,0.25456,0.0,0.7779,0.74544,0.29851,2
454,mixed,146,0.49236,edge_0,edge_0-edge_1,2,1,edge_0,edge,0.58602,0.58275,16.33841,0.41398,0.41725,1.16932,4
454,normal,-1,0.0,,,-1,-1,edge_1,edge,0.38629,0.44826,0.0,0.61371,0.55174,0.66957,3
454,link_congestion,85,0.36047,edge_2,access_1-edge_2,1,0,edge_2,edge,0.51177,0.52362,7.33412,0.48823,0.47638,0.89753,4
454,mixed,171,0.55071,edge_3,edge_2-edge_3,3,2,edge_3,edge,0.63901,0.60473,22.56977,0.36099,0.39527,1.19106,3
454,mixed,168,0.64951,edge_4,edge_4-edge_0,4,3,edge_4,edge,0.68506,0.60895,28.10357,0.31494,0.39105,1.24351,3
454,normal,-1,0.0,,,-1,-1,cloud_0,cloud,0.36039,0.4768,0.0,0.63961,0.5232,0.53314,3
455,normal,-1,0.0,,,-1,-1,access_0,access,0.20932,0.25001,0.0,0.79068,0.74999,0.3024,2
455,normal,-1,0.0,,,-1,-1,access_1,access,0.23242,0.26809,0.0,0.76758,0.73191,0.3024,2
455,mixed,146,0.49236,edge_0,edge_0-edge_1,2,1,edge_0,edge,0.63843,0.57471,23.23825,0.36157,0.42529,1.3307,4
455,normal,-1,0.0,,,-1,-1,edge_1,edge,0.38285,0.45937,0.0,0.61715,0.54063,0.6805,3
455,link_congestion,85,0.36047,edge_2,access_1-edge_2,1,0,edge_2,edge,0.47522,0.50814,4.03473,0.52478,0.49186,0.89085,4
455,node_overload,58,0.39109,edge_3,access_1-edge_3,1,0,edge_3,edge,0.53498,0.51442,21.71414,0.46502,0.48558,0.77854,3
455,mixed,168,0.64951,edge_4,edge_4-edge_0,4,3,edge_4,edge,0.72848,0.63171,30.9868,0.27152,0.36829,1.34255,3
455,normal,-1,0.0,,,-1,-1,cloud_0,cloud,0.39285,0.47868,0.0,0.60715,0.52132,0.538,3
456,normal,-1,0.0,,,-1,-1,access_0,access,0.22809,0.24348,0.0,0.77191,0.75652,0.3024,2
456,normal,-1,0.0,,,-1,-1,access_1,access,0.22997,0.23554,0.0,0.77003,0.76446,0.3024,2
456,mixed,146,0.49236,edge_0,edge_0-edge_1,2,1,edge_0,edge,0.61107,0.5588,21.27973,0.38893,0.4412,1.41181,4
456,normal,-1,0.0,,,-1,-1,edge_1,edge,0.36496,0.44624,0.0,0.63504,0.55376,0.6805,3
456,link_congestion,85,0.36047,edge_2,access_1-edge_2,1,0,edge_2,edge,0.49237,0.51079,4.20842,0.50763,0.48921,0.87829,4
456,node_overload,58,0.39109,edge_3,access_1-edge_3,1,0,edge_3,edge,0.52387,0.52453,23.95344,0.47613,0.47547,0.78359,3
456,mixed,168,0.64951,edge_4,edge_4-edge_0,4,3,edge_4,edge,0.63999,0.59794,24.52669,0.36001,0.40206,1.20885,3
456,normal,-1,0.0,,,-1,-1,cloud_0,cloud,0.39691,0.45016,0.0,0.60309,0.54984,0.538,3
457,normal,-1,0.0,,,-1,-1,access_0,access,0.22991,0.25011,0.0,0.77009,0.74989,0.30629,2
457,normal,-1,0.0,,,-1,-1,access_1,access,0.24076,0.23552,0.0,0.75924,0.76448,0.30629,2
457,mixed,146,0.49236,edge_0,edge_0-edge_1,2,1,edge_0,edge,0.64739,0.60284,23.06478,0.35261,0.39716,1.35462,4
457,normal,-1,0.0,,,-1,-1,edge_1,edge,0.3877,0.47437,0.0,0.6123,0.52563,0.69143,3
457,link_congestion,85,0.36047,edge_2,access_1-edge_2,1,0,edge_2,edge,0.53646,0.53004,8.01824,0.46354,0.46996,0.86137,4
457,node_overload,58,0.39109,edge_3,access_1-edge_3,1,0,edge_3,edge,0.51629,0.53449,22.09354,0.48371,0.46551,0.79328,3
457,normal,-1,0.0,,,-1,-1,edge_4,edge,0.37505,0.48426,0.0,0.62495,0.51574,0.69143,3
457,normal,-1,0.0,,,-1,-1,cloud_0,cloud,0.39627,0.48009,0.0,0.60373,0.51991,0.54286,3
458,normal,-1,0.0,,,-1,-1,access_0,access,0.22422,0.25334,0.0,0.77578,0.74666,0.30988,2
458,normal,-1,0.0,,,-1,-1,access_1,access,0.22153,0.25727,0.0,0.77847,0.74273,0.30988,2
458,mixed,146,0.49236,edge_0,edge_0-edge_1,2,1,edge_0,edge,0.63535,0.6091,22.95373,0.36465,0.3909,1.32628,4
458,normal,-1,0.0,,,-1,-1,edge_1,edge,0.38253,0.46837,0.0,0.61747,0.53163,0.70154,3
458,burst,25,0.37114,edge_2,edge_2-edge_3,2,1,edge_2,edge,0.50455,0.50853,6.10161,0.49545,0.49147,0.84932,4
458,node_overload,58,0.39109,edge_3,access_1-edge_3,1,0,edge_3,edge,0.4946,0.50841,20.3058,0.5054,0.49159,0.80684,3
458,mixed,194,0.45868,edge_4,edge_3-edge_4,2,1,edge_4,edge,0.49403,0.50514,9.17556,0.50597,0.49486,1.00902,3
458,normal,-1,0.0,,,-1,-1,cloud_0,cloud,0.37533,0.47807,0.0,0.62467,0.52193,0.54735,3
459,normal,-1,0.0,,,-1,-1,access_0,access,0.21379,0.26791,0.0,0.78621,0.73209,0.31292,2
459,normal,-1,0.0,,,-1,-1,access_1,access,0.23553,0.26214,0.0,0.76447,0.73786,0.31292,2
459,mixed,146,0.49236,edge_0,edge_0-edge_1,2,1,edge_0,edge,0.62327,0.58072,21.46967,0.37673,0.41928,1.32557,4
459,normal,-1,0.0,,,-1,-1,edge_1,edge,0.39239,0.4621,0.0,0.60761,0.5379,0.7101,3
459,burst,25,0.37114,edge_2,edge_2-edge_3,2,1,edge_2,edge,0.48986,0.51372,2.50256,0.51014,0.48628,0.87809,4
459,node_overload,58,0.39109,edge_3,access_1-edge_3,1,0,edge_3,edge,0.50457,0.52142,19.31344,0.49543,0.47858,0.82315,3
459,mixed,194,0.45868,edge_4,edge_3-edge_4,2,1,edge_4,edge,0.57831,0.53553,16.68703,0.42169,0.46447,1.08102,3
459,normal,-1,0.0,,,-1,-1,cloud_0,cloud,0.40483,0.47501,0.0,0.59517,0.52499,0.55116,3
460,normal,-1,0.0,,,-1,-1,access_0,access,0.22647,0.27036,0.0,0.77353,0.72964,0.31519,2
460,normal,-1,0.0,,,-1,-1,access_1,access,0.232,0.25361,0.0,0.768,0.74639,0.31519,2
460,mixed,146,0.49236,edge_0,edge_0-edge_1,2,1,edge_0,edge,0.58005,0.56713,17.77723,0.41995,0.43287,1.23325,4
460,normal,-1,0.0,,,-1,-1,edge_1,edge,0.38132,0.46911,0.0,0.61868,0.53089,0.71646,3
460,burst,25,0.37114,edge_2,edge_2-edge_3,2,1,edge_2,edge,0.48223,0.51802,4.18294,0.51777,0.48198,0.91825,4
460,node_overload,58,0.39109,edge_3,access_1-edge_3,1,0,edge_3,edge,0.4413,0.46434,16.84212,0.5587,0.53566,0.8409,3
460,mixed,194,0.45868,edge_4,edge_3-edge_4,2,1,edge_4,edge,0.5691,0.54615,15.91805,0.4309,0.45385,1.16326,3
460,normal,-1,0.0,,,-1,-1,cloud_0,cloud,0.39283,0.46459,0.0,0.60717,0.53541,0.55398,3
461,normal,-1,0.0,,,-1,-1,access_0,access,0.22921,0.24269,0.0,0.77079,0.75731,0.3165,2
461,normal,-1,0.0,,,-1,-1,access_1,access,0.23131,0.25324,0.0,0.76869,0.74676,0.3165,2
461,mixed,146,0.49236,edge_0,edge_0-edge_1,2,1,edge_0,edge,0.58114,0.57449,20.02232,0.41886,0.42551,1.29321,4
461,normal,-1,0.0,,,-1,-1,edge_1,edge,0.40524,0.46672,0.0,0.59476,0.53328,0.72015,3
461,burst,25,0.37114,edge_2,edge_2-edge_3,2,1,edge_2,edge,0.53599,0.5414,6.62617,0.46401,0.4586,0.97418,4
461,normal,-1,0.0,,,-1,-1,edge_3,edge,0.34757,0.44211,0.0,0.65243,0.55789,0.72015,3
461,mixed,194,0.45868,edge_4,edge_3-edge_4,2,1,edge_4,edge,0.63352,0.57769,20.31884,0.36648,0.42231,1.24811,3
461,normal,-1,0.0,,,-1,-1,cloud_0,cloud,0.39313,0.47531,0.0,0.60687,0.52469,0.55562,3
462,normal,-1,0.0,,,-1,-1,access_0,access,0.2112,0.25789,0.0,0.7888,0.74211,0.31677,2
462,normal,-1,0.0,,,-1,-1,access_1,access,0.22033,0.24694,0.0,0.77967,0.75306,0.31677,2
462,mixed,146,0.49236,edge_0,edge_0-edge_1,2,1,edge_0,edge,0.64565,0.56352,22.9348,0.35435,0.43648,1.29655,4
462,normal,-1,0.0,,,-1,-1,edge_1,edge,0.38927,0.4655,0.0,0.61073,0.5345,0.72091,3
462,burst,25,0.37114,edge_2,edge_2-edge_3,2,1,edge_2,edge,0.52378,0.54558,6.58951,0.47622,0.45442,1.04881,4
462,normal,-1,0.0,,,-1,-1,edge_3,edge,0.33901,0.43787,0.0,0.66099,0.56213,0.72091,3
462,mixed,194,0.45868,edge_4,edge_3-edge_4,2,1,edge_4,edge,0.62309,0.58039,19.89949,0.37691,0.41961,1.32464,3
462,normal,-1,0.0,,,-1,-1,cloud_0,cloud,0.41295,0.4799,0.0,0.58705,0.5201,0.55596,3
463,normal,-1,0.0,,,-1,-1,access_0,access,0.23406,0.24361,0.0,0.76594,0.75639,0.31597,2
463,normal,-1,0.0,,,-1,-1,access_1,access,0.24547,0.26575,0.0,0.75453,0.73425,0.31597,2
463,mixed,146,0.49236,edge_0,edge_0-edge_1,2,1,edge_0,edge,0.52164,0.57083,13.99503,0.47836,0.42917,1.18056,4
463,normal,-1,0.0,,,-1,-1,edge_1,edge,0.40319,0.48722,0.0,0.59681,0.51278,0.71866,3
463,burst,25,0.37114,edge_2,edge_2-edge_3,2,1,edge_2,edge,0.54781,0.53732,6.69944,0.45219,0.46268,1.14032,4
463,normal,-1,0.0,,,-1,-1,edge_3,edge,0.34723,0.44289,0.0,0.65277,0.55711,0.71866,3
463,mixed,194,0.45868,edge_4,edge_3-edge_4,2,1,edge_4,edge,0.66625,0.62429,22.41783,0.33375,0.37571,1.38064,3
463,normal,-1,0.0,,,-1,-1,cloud_0,cloud,0.37128,0.4729,0.0,0.62872,0.5271,0.55496,3
464,normal,-1,0.0,,,-1,-1,access_0,access,0.2397,0.26486,0.0,0.7603,0.73514,0.31416,2
464,normal,-1,0.0,,,-1,-1,access_1,access,0.2297,0.26212,0.0,0.7703,0.73788,0.31416,2
464,mixed,187,0.41984,edge_0,edge_0-edge_1,3,2,edge_0,edge,0.59989,0.57481,18.79627,0.40011,0.42519,1.2532,4
464,normal,-1,0.0,,,-1,-1,edge_1,edge,0.39702,0.46234,0.0,0.60298,0.53766,0.71359,3
464,burst,25,0.37114,edge_2,edge_2-edge_3,2,1,edge_2,edge,0.58273,0.53923,9.05067,0.41727,0.46077,1.23926,4
464,normal,-1,0.0,,,-1,-1,edge_3,edge,0.34955,0.43446,0.0,0.65045,0.56554,0.71359,3
464,mixed,194,0.45868,edge_4,edge_3-edge_4,2,1,edge_4,edge,0.6507,0.60716,21.6085,0.3493,0.39284,1.40574,3
464,normal,-1,0.0,,,-1,-1,cloud_0,cloud,0.38659,0.48145,0.0,0.61341,0.51855,0.55271,3
465,normal,-1,0.0,,,-1,-1,access_0,access,0.23794,0.25531,0.0,0.76206,0.74469,0.31149,2
465,normal,-1,0.0,,,-1,-1,access_1,access,0.23565,0.25858,0.0,0.76435,0.74142,0.31149,2
465,mixed,187,0.41984,edge_0,edge_0-edge_1,3,2,edge_0,edge,0.58637,0.54321,16.92649,0.41363,0.45679,1.29239,4
465,normal,-1,0.0,,,-1,-1,edge_1,edge,0.38166,0.49324,0.0,0.61834,0.50676,0.70606,3
465,burst,25,0.37114,edge_2,edge_2-edge_3,2,1,edge_2,edge,0.57069,0.55974,8.1385,0.42931,0.44026,1.32853,4
465,normal,-1,0.0,,,-1,-1,edge_3,edge,0.32647,0.43825,0.0,0.67353,0.56175,0.70606,3
465,mixed,194,0.45868,edge_4,edge_3-edge_4,2,1,edge_4,edge,0.69394,0.6094,24.75442,0.30606,0.3906,1.39457,3
465,normal,-1,0.0,,,-1,-1,cloud_0,cloud,0.39982,0.4761,0.0,0.60018,0.5239,0.54936,3
466,normal,-1,0.0,,,-1,-1,access_0,access,0.22181,0.25687,0.0,0.77819,0.74313,0.30814,2
466,normal,-1,0.0,,,-1,-1,access_1,access,0.21497,0.2515,0.0,0.78503,0.7485,0.30814,2
466,mixed,187,0.41984,edge_0,edge_0-edge_1,3,2,edge_0,edge,0.56291,0.57679,17.39575,0.43709,0.42321,1.30031,4
466,normal,-1,0.0,,,-1,-1,edge_1,edge,0.40015,0.47866,0.0,0.59985,0.52134,0.69664,3
466,node_overload,47,0.37222,edge_2,edge_1-edge_2,2,1,edge_2,edge,0.48543,0.52586,16.09403,0.51457,0.47414,0.8375,4
466,normal,-1,0.0,,,-1,-1,edge_3,edge,0.34614,0.45036,0.0,0.65386,0.54964,0.69664,3
466,mixed,194,0.45868,edge_4,edge_3-edge_4,2,1,edge_4,edge,0.69552,0.5937,25.03236,0.30448,0.4063,1.34856,3
466,normal,-1,0.0,,,-1,-1,cloud_0,cloud,0.39936,0.47519,0.0,0.60064,0.52481,0.54517,3
467,normal,-1,0.0,,,-1,-1,access_0,access,0.22322,0.24321,0.0,0.77678,0.75679,0.30436,2
467,normal,-1,0.0,,,-1,-1,access_1,access,0.2144,0.27173,0.0,0.7856,0.72827,0.30436,2
467,link_congestion,87,0.47396,edge_0,edge_0-edge_1,3,2,edge_0,edge,0.45324,0.49928,2.20697,0.54676,0.50072,0.86256,4
467,normal,-1,0.0,,,-1,-1,edge_1,edge,0.3703,0.45085,0.0,0.6297,0.54915,0.68601,3
467,node_overload,47,0.37222,edge_2,edge_1-edge_2,2,1,edge_2,edge,0.58046,0.54328,24.37213,0.41954,0.45672,0.878,4
467,normal,-1,0.0,,,-1,-1,edge_3,edge,0.35318,0.44717,0.0,0.64682,0.55283,0.68601,3
467,mixed,194,0.45868,edge_4,edge_3-edge_4,2,1,edge_4,edge,0.62993,0.57096,20.39713,0.37007,0.42904,1.2865,3
467,normal,-1,0.0,,,-1,-1,cloud_0,cloud,0.39837,0.46579,0.0,0.60163,0.53421,0.54045,3
468,normal,-1,0.0,,,-1,-1,access_0,access,0.21031,0.25821,0.0,0.78969,0.74179,0.30044,2
468,normal,-1,0.0,,,-1,-1,access_1,access,0.20698,0.2444,0.0,0.79302,0.7556,0.30044,2
468,link_congestion,87,0.47396,edge_0,edge_0-edge_1,3,2,edge_0,edge,0.44285,0.47301,2.64012,0.55715,0.52699,0.88409,4
468,normal,-1,0.0,,,-1,-1,edge_1,edge,0.36946,0.47214,0.0,0.63054,0.52786,0.67499,3
468,node_overload,47,0.37222,edge_2,edge_1-edge_2,2,1,edge_2,edge,0.59364,0.53792,25.65264,0.40636,0.46208,0.89954,4
468,normal,-1,0.0,,,-1,-1,edge_3,edge,0.35758,0.44115,0.0,0.64242,0.55885,0.67499,3
468,mixed,194,0.45868,edge_4,edge_3-edge_4,2,1,edge_4,edge,0.65549,0.56415,21.74112,0.34451,0.43585,1.32021,3
468,normal,-1,0.0,,,-1,-1,cloud_0,cloud,0.37878,0.47592,0.0,0.62122,0.52408,0.53555,3
469,normal,-1,0.0,,,-1,-1,access_0,access,0.22325,0.26635,0.0,0.77675,0.73365,0.29666,2
469,normal,-1,0.0,,,-1,-1,access_1,access,0.22453,0.2556,0.0,0.77547,0.7444,0.29666,2
469,link_congestion,87,0.47396,edge_0,edge_0-edge_1,3,2,edge_0,edge,0.46774,0.50037,4.55106,0.53226,0.49963,0.90234,4
469,normal,-1,0.0,,,-1,-1,edge_1,edge,0.38823,0.47132,0.0,0.61177,0.52868,0.66436,3
469,node_overload,47,0.37222,edge_2,edge_1-edge_2,2,1,edge_2,edge,0.61175,0.58044,27.85981,0.38825,0.41956,0.89206,4
469,normal,-1,0.0,,,-1,-1,edge_3,edge,0.35413,0.43493,0.0,0.64587,0.56507,0.66436,3
469,mixed,194,0.45868,edge_4,edge_3-edge_4,2,1,edge_4,edge,0.65991,0.60834,22.18966,0.34009,0.39166,1.3324,3
469,normal,-1,0.0,,,-1,-1,cloud_0,cloud,0.38844,0.46224,0.0,0.61156,0.53776,0.53083,3
470,normal,-1,0.0,,,-1,-1,access_0,access,0.21305,0.24678,0.0,0.78695,0.75322,0.29331,2
470,normal,-1,0.0,,,-1,-1,access_1,access,0.20808,0.22486,0.0,0.79192,0.77514,0.29331,2
470,link_congestion,87,0.47396,edge_0,edge_0-edge_1,3,2,edge_0,edge,0.45453,0.5187,3.30161,0.54547,0.4813,0.91453,4
470,normal,-1,0.0,,,-1,-1,edge_1,edge,0.35303,0.4457,0.0,0.64697,0.5543,0.65494,3
470,node_overload,47,0.37222,edge_2,edge_1-edge_2,2,1,edge_2,edge,0.63205,0.56628,28.73083,0.36795,0.43372,0.85905,4
470,normal,-1,0.0,,,-1,-1,edge_3,edge,0.32526,0.44299,0.0,0.67474,0.55701,0.65494,3
470,mixed,194,0.45868,edge_4,edge_3-edge_4,2,1,edge_4,edge,0.62621,0.53885,21.45725,0.37379,0.46115,1.3195,3
470,normal,-1,0.0,,,-1,-1,cloud_0,cloud,0.38613,0.46057,0.0,0.61387,0.53943,0.52664,3
471,normal,-1,0.0,,,-1,-1,access_0,access,0.20075,0.25009,0.0,0.79925,0.74991,0.29064,2
471,normal,-1,0.0,,,-1,-1,access_1,access,0.22186,0.25099,0.0,0.77814,0.74901,0.29064,2
471,link_congestion,87,0.47396,edge_0,edge_0-edge_1,3,2,edge_0,edge,0.48803,0.52402,5.45237,0.51197,0.47598,0.91881,4
471,normal,-1,0.0,,,-1,-1,edge_1,edge,0.3632,0.44982,0.0,0.6368,0.55018,0.64741,3
471,node_overload,47,0.37222,edge_2,edge_1-edge_2,2,1,edge_2,edge,0.58414,0.57956,25.32345,0.41586,0.42044,0.81595,4
471,normal,-1,0.0,,,-1,-1,edge_3,edge,0.35283,0.4623,0.0,0.64717,0.5377,0.64741,3
471,mixed,194,0.45868,edge_4,edge_3-edge_4,2,1,edge_4,edge,0.67578,0.57957,23.48774,0.32422,0.42043,1.28257,3
471,normal,-1,0.0,,,-1,-1,cloud_0,cloud,0.37613,0.46785,0.0,0.62387,0.53215,0.52329,3
472,normal,-1,0.0,,,-1,-1,access_0,access,0.20249,0.23592,0.0,0.79751,0.76408,0.28883,2
472,normal,-1,0.0,,,-1,-1,access_1,access,0.21276,0.24294,0.0,0.78724,0.75706,0.28883,2
472,link_congestion,87,0.47396,edge_0,edge_0-edge_1,3,2,edge_0,edge,0.48701,0.5257,5.46697,0.51299,0.4743,0.91453,4
472,normal,-1,0.0,,,-1,-1,edge_1,edge,0.36256,0.46578,0.0,0.63744,0.53422,0.64234,3
472,node_overload,47,0.37222,edge_2,edge_1-edge_2,2,1,edge_2,edge,0.55507,0.54034,23.12934,0.44493,0.45966,0.78294,4
472,normal,-1,0.0,,,-1,-1,edge_3,edge,0.37466,0.44087,0.0,0.62534,0.55913,0.64234,3
472,mixed,194,0.45868,edge_4,edge_3-edge_4,2,1,edge_4,edge,0.58802,0.57134,18.95804,0.41198,0.42866,1.22719,3
472,normal,-1,0.0,,,-1,-1,cloud_0,cloud,0.38111,0.45367,0.0,0.61889,0.54633,0.52104,3
473,normal,-1,0.0,,,-1,-1,access_0,access,0.21334,0.24764,0.0,0.78666,0.75236,0.28803,2
473,normal,-1,0.0,,,-1,-1,access_1,access,0.2196,0.26346,0.0,0.7804,0.73654,0.28803,2
473,link_congestion,123,0.54146,edge_0,edge_0-edge_1,3,2,edge_0,edge,0.45586,0.46891,3.59899,0.54414,0.53109,0.87471,4
473,normal,-1,0.0,,,-1,-1,edge_1,edge,0.36223,0.46721,0.0,0.63777,0.53279,0.64009,3
473,node_overload,47,0.37222,edge_2,edge_1-edge_2,2,1,edge_2,edge,0.61504,0.58062,27.78184,0.38496,0.41938,0.77546,4
473,normal,-1,0.0,,,-1,-1,edge_3,edge,0.34587,0.42338,0.0,0.65413,0.57662,0.64009,3
473,mixed,194,0.45868,edge_4,edge_3-edge_4,2,1,edge_4,edge,0.63249,0.59372,20.69939,0.36751,0.40628,1.23126,3
473,normal,-1,0.0,,,-1,-1,cloud_0,cloud,0.39488,0.47629,0.0,0.60512,0.52371,0.52004,3
474,normal,-1,0.0,,,-1,-1,access_0,access,0.22495,0.23312,0.0,0.77505,0.76688,0.2883,2
474,normal,-1,0.0,,,-1,-1,access_1,access,0.20513,0.24946,0.0,0.79487,0.75054,0.2883,2
474,link_congestion,123,0.54146,edge_0,edge_0-edge_1,3,2,edge_0,edge,0.46041,0.51059,4.37973,0.53959,0.48941,0.88989,4
474,normal,-1,0.0,,,-1,-1,edge_1,edge,0.39215,0.45142,0.0,0.60785,0.54858,0.64085,3
474,node_overload,47,0.37222,edge_2,edge_1-edge_2,2,1,edge_2,edge,0.58168,0.55348,24.64182,0.41832,0.44652,0.797,4
474,normal,-1,0.0,,,-1,-1,edge_3,edge,0.33782,0.45761,0.0,0.66218,0.54239,0.64085,3
474,mixed,194,0.45868,edge_4,edge_3-edge_4,2,1,edge_4,edge,0.68667,0.58437,23.60374,0.31333,0.41563,1.28714,3
474,normal,-1,0.0,,,-1,-1,cloud_0,cloud,0.38888,0.44448,0.0,0.61112,0.55552,0.52038,3
475,normal,-1,0.0,,,-1,-1,access_0,access,0.21372,0.23446,0.0,0.78628,0.76554,0.28961,2
475,normal,-1,0.0,,,-1,-1,access_1,access,0.22801,0.25069,0.0,0.77199,0.74931,0.28961,2
475,link_congestion,123,0.54146,edge_0,edge_0-edge_1,3,2,edge_0,edge,0.49156,0.50683,6.60956,0.50844,0.49317,0.90394,4
475,normal,-1,0.0,,,-1,-1,edge_1,edge,0.37275,0.4631,0.0,0.62725,0.5369,0.64454,3
475,node_overload,47,0.37222,edge_2,edge_1-edge_2,2,1,edge_2,edge,0.53857,0.50564,20.64764,0.46143,0.49436,0.8375,4
475,normal,-1,0.0,,,-1,-1,edge_3,edge,0.3504,0.45394,0.0,0.6496,0.54606,0.64454,3
475,mixed,194,0.45868,edge_4,edge_3-edge_4,2,1,edge_4,edge,0.62118,0.55729,20.00944,0.37882,0.44271,1.30841,3
475,normal,-1,0.0,,,-1,-1,cloud_0,cloud,0.37,0.44494,0.0,0.63,0.55506,0.52202,3
476,normal,-1,0.0,,,-1,-1,access_0,access,0.21724,0.24297,0.0,0.78276,0.75703,0.29188,2
476,normal,-1,0.0,,,-1,-1,access_1,access,0.21525,0.26289,0.0,0.78475,0.73711,0.29188,2
476,link_congestion,123,0.54146,edge_0,edge_0-edge_1,3,2,edge_0,edge,0.45434,0.53947,3.47455,0.54566,0.46053,0.91582,4
476,normal,-1,0.0,,,-1,-1,edge_1,edge,0.35525,0.45513,0.0,0.64475,0.54487,0.6509,3
476,burst,25,0.37114,edge_2,edge_2-edge_3,2,1,edge_2,edge,0.48526,0.51723,3.7011,0.51474,0.48277,0.84932,4
476,normal,-1,0.0,,,-1,-1,edge_3,edge,0.37898,0.44444,0.0,0.62102,0.55556,0.6509,3
476,mixed,194,0.45868,edge_4,edge_3-edge_4,2,1,edge_4,edge,0.62122,0.59294,20.84165,0.37878,0.40706,1.29049,3
476,normal,-1,0.0,,,-1,-1,cloud_0,cloud,0.39986,0.47548,0.0,0.60014,0.52452,0.52484,3
477,normal,-1,0.0,,,-1,-1,access_0,access,0.21522,0.24293,0.0,0.78478,0.75707,0.29492,2
477,normal,-1,0.0,,,-1,-1,access_1,access,0.23106,0.25727,0.0,0.76894,0.74273,0.29492,2
477,link_congestion,123,0.54146,edge_0,edge_0-edge_1,3,2,edge_0,edge,0.48775,0.51147,6.21579,0.51225,0.48853,0.92466,4
477,normal,-1,0.0,,,-1,-1,edge_1,edge,0.40114,0.47298,0.0,0.59886,0.52702,0.65946,3
477,normal,-1,0.0,,,-1,-1,edge_2,edge,0.40084,0.47117,0.0,0.59916,0.52883,0.65946,4
477,normal,-1,0.0,,,-1,-1,edge_3,edge,0.34223,0.46847,0.0,0.65777,0.53153,0.65946,3
477,mixed,194,0.45868,edge_4,edge_3-edge_4,2,1,edge_4,edge,0.58528,0.57743,19.94635,0.41472,0.42257,1.24071,3
477,normal,-1,0.0,,,-1,-1,cloud_0,cloud,0.39726,0.46157,0.0,0.60274,0.53843,0.52865,3
478,normal,-1,0.0,,,-1,-1,access_0,access,0.20327,0.2511,0.0,0.79673,0.7489,0.29851,2
478,normal,-1,0.0,,,-1,-1,access_1,access,0.21853,0.25698,0.0,0.78147,0.74302,0.29851,2
478,link_congestion,123,0.54146,edge_0,edge_0-edge_1,3,2,edge_0,edge,0.48594,0.51443,6.89994,0.51406,0.48557,0.92979,4
478,normal,-1,0.0,,,-1,-1,edge_1,edge,0.3731,0.47415,0.0,0.6269,0.52585,0.66957,3
478,normal,-1,0.0,,,-1,-1,edge_2,edge,0.3956,0.45437,0.0,0.6044,0.54563,0.66957,4
478,normal,-1,0.0,,,-1,-1,edge_3,edge,0.36465,0.44791,0.0,0.63535,0.55209,0.66957,3
478,mixed,194,0.45868,edge_4,edge_3-edge_4,2,1,edge_4,edge,0.56444,0.55355,16.30168,0.43556,0.44645,1.1745,3
478,normal,-1,0.0,,,-1,-1,cloud_0,cloud,0.38556,0.47479,0.0,0.61444,0.52521,0.53314,3
479,normal,-1,0.0,,,-1,-1,access_0,access,0.24229,0.25978,0.0,0.75771,0.74022,0.3024,2
479,normal,-1,0.0,,,-1,-1,access_1,access,0.20923,0.25405,0.0,0.79077,0.74595,0.3024,2
479,link_congestion,123,0.54146,edge_0,edge_0-edge_1,3,2,edge_0,edge,0.47939,0.51205,4.68417,0.52061,0.48795,0.93083,4
479,normal,-1,0.0,,,-1,-1,edge_1,edge,0.40079,0.47376,0.0,0.59921,0.52624,0.6805,3
479,normal,-1,0.0,,,-1,-1,edge_2,edge,0.4213,0.46006,0.0,0.5787,0.53994,0.6805,4
479,normal,-1,0.0,,,-1,-1,edge_3,edge,0.35247,0.44571,0.0,0.64753,0.55429,0.6805,3
479,normal,-1,0.0,,,-1,-1,edge_4,edge,0.39747,0.46684,0.0,0.60253,0.53316,0.6805,3
479,normal,-1,0.0,,,-1,-1,cloud_0,cloud,0.39317,0.47024,0.0,0.60683,0.52976,0.538,3
480,normal,-1,0.0,,,-1,-1,access_0,access,0.22189,0.24001,0.0,0.77811,0.75999,0.3024,2
480,normal,-1,0.0,,,-1,-1,access_1,access,0.20719,0.25152,0.0,0.79281,0.74848,0.3024,2
480,link_congestion,123,0.54146,edge_0,edge_0-edge_1,3,2,edge_0,edge,0.47656,0.4878,6.28106,0.52344,0.5122,0.92772,4
480,normal,-1,0.0,,,-1,-1,edge_1,edge,0.38445,0.46078,0.0,0.61555,0.53922,0.6805,3
480,normal,-1,0.0,,,-1,-1,edge_2,edge,0.41281,0.46816,0.0,0.58719,0.53184,0.6805,4
480,normal,-1,0.0,,,-1,-1,edge_3,edge,0.31811,0.44509,0.0,0.68189,0.55491,0.6805,3
480,node_overload,49,0.56872,edge_4,edge_3-edge_4,4,3,edge_4,edge,0.56428,0.5662,30.1376,0.43572,0.4338,0.87287,3
480,normal,-1,0.0,,,-1,-1,cloud_0,cloud,0.38492,0.45575,0.0,0.61508,0.54425,0.538,3
481,normal,-1,0.0,,,-1,-1,access_0,access,0.24792,0.2579,0.0,0.75208,0.7421,0.30629,2
481,normal,-1,0.0,,,-1,-1,access_1,access,0.22071,0.27558,0.0,0.77929,0.72442,0.30629,2
481,link_congestion,123,0.54146,edge_0,edge_0-edge_1,3,2,edge_0,edge,0.47209,0.50752,6.26731,0.52791,0.49248,0.92067,4
481,normal,-1,0.0,,,-1,-1,edge_1,edge,0.38929,0.47145,0.0,0.61071,0.52855,0.69143,3
481,normal,-1,0.0,,,-1,-1,edge_2,edge,0.41431,0.47815,0.0,0.58569,0.52185,0.69143,4
481,normal,-1,0.0,,,-1,-1,edge_3,edge,0.35673,0.45847,0.0,0.64327,0.54153,0.69143,3
481,node_overload,49,0.56872,edge_4,edge_3-edge_4,4,3,edge_4,edge,0.58141,0.55663,32.32824,0.41859,0.44337,0.90437,3
481,normal,-1,0.0,,,-1,-1,cloud_0,cloud,0.38642,0.46974,0.0,0.61358,0.53026,0.54286,3
482,normal,-1,0.0,,,-1,-1,access_0,access,0.23812,0.25351,0.0,0.76188,0.74649,0.30988,2
482,normal,-1,0.0,,,-1,-1,access_1,access,0.21457,0.25085,0.0,0.78543,0.74915,0.30988,2
482,link_congestion,123,0.54146,edge_0,edge_0-edge_1,3,2,edge_0,edge,0.48806,0.51468,5.53267,0.51194,0.48532,0.91021,4
482,normal,-1,0.0,,,-1,-1,edge_1,edge,0.36149,0.45999,0.0,0.63851,0.54001,0.70154,3
482,normal,-1,0.0,,,-1,-1,edge_2,edge,0.41238,0.48571,0.0,0.58762,0.51429,0.70154,4
482,normal,-1,0.0,,,-1,-1,edge_3,edge,0.35749,0.46324,0.0,0.64251,0.53676,0.70154,3
482,node_overload,49,0.56872,edge_4,edge_3-edge_4,4,3,edge_4,edge,0.65454,0.60948,36.49535,0.34546,0.39052,0.92743,3
482,normal,-1,0.0,,,-1,-1,cloud_0,cloud,0.39208,0.45849,0.0,0.60792,0.54151,0.54735,3
483,normal,-1,0.0,,,-1,-1,access_0,access,0.2389,0.24167,0.0,0.7611,0.75833,0.31292,2
483,normal,-1,0.0,,,-1,-1,access_1,access,0.20947,0.24447,0.0,0.79053,0.75553,0.31292,2
483,link_congestion,123,0.54146,edge_0,edge_0-edge_1,3,2,edge_0,edge,0.44657,0.49424,3.39081,0.55343,0.50576,0.89712,4
483,normal,-1,0.0,,,-1,-1,edge_1,edge,0.37568,0.48932,0.0,0.62432,0.51068,0.7101,3
483,normal,-1,0.0,,,-1,-1,edge_2,edge,0.41046,0.49069,0.0,0.58954,0.50931,0.7101,4
483,normal,-1,0.0,,,-1,-1,edge_3,edge,0.35031,0.43019,0.0,0.64969,0.56981,0.7101,3
483,node_overload,49,0.56872,edge_4,edge_3-edge_4,4,3,edge_4,edge,0.67252,0.62294,39.12042,0.32748,0.37706,0.93587,3
483,normal,-1,0.0,,,-1,-1,cloud_0,cloud,0.39894,0.47049,0.0,0.60106,0.52951,0.55116,3
484,normal,-1,0.0,,,-1,-1,access_0,access,0.22569,0.24758,0.0,0.77431,0.75242,0.31519,2
484,normal,-1,0.0,,,-1,-1,access_1,access,0.22253,0.25918,0.0,0.77747,0.74082,0.31519,2
484,link_congestion,123,0.54146,edge_0,edge_0-edge_1,3,2,edge_0,edge,0.48517,0.52129,6.89991,0.51483,0.47871,0.88237,4
484,normal,-1,0.0,,,-1,-1,edge_1,edge,0.39771,0.47392,0.0,0.60229,0.52608,0.71646,3
484,normal,-1,0.0,,,-1,-1,edge_2,edge,0.40867,0.46421,0.0,0.59133,0.53579,0.71646,4
484,normal,-1,0.0,,,-1,-1,edge_3,edge,0.3578,0.4583,0.0,0.6422,0.5417,0.71646,3
484,node_overload,49,0.56872,edge_4,edge_3-edge_4,4,3,edge_4,edge,0.67777,0.61191,39.94819,0.32223,0.38809,0.92743,3
484,normal,-1,0.0,,,-1,-1,cloud_0,cloud,0.39837,0.48922,0.0,0.60163,0.51078,0.55398,3
485,normal,-1,0.0,,,-1,-1,access_0,access,0.22428,0.25845,0.0,0.77572,0.74155,0.3165,2
485,normal,-1,0.0,,,-1,-1,access_1,access,0.24649,0.24944,0.0,0.75351,0.75056,0.3165,2
485,link_congestion,123,0.54146,edge_0,edge_0-edge_1,3,2,edge_0,edge,0.46867,0.52897,5.83441,0.53133,0.47103,0.86705,4
485,normal,-1,0.0,,,-1,-1,edge_1,edge,0.36286,0.45442,0.0,0.63714,0.54558,0.72015,3
485,mixed,174,0.49188,edge_2,edge_2-edge_3,2,1,edge_2,edge,0.59717,0.57462,19.78355,0.40283,0.42538,1.015,4
485,link_congestion,119,0.56929,edge_3,edge_2-edge_3,3,2,edge_3,edge,0.45477,0.50758,3.76251,0.54523,0.49242,0.87972,3
485,node_overload,49,0.56872,edge_4,edge_3-edge_4,4,3,edge_4,edge,0.63858,0.58483,38.19059,0.36142,0.41517,0.90437,3
485,normal,-1,0.0,,,-1,-1,cloud_0,cloud,0.40175,0.49861,0.0,0.59825,0.50139,0.55562,3
486,normal,-1,0.0,,,-1,-1,access_0,access,0.23957,0.27818,0.0,0.76043,0.72182,0.31677,2
486,normal,-1,0.0,,,-1,-1,access_1,access,0.22513,0.27166,0.0,0.77487,0.72834,0.31677,2
486,link_congestion,123,0.54146,edge_0,edge_0-edge_1,3,2,edge_0,edge,0.48694,0.48098,7.04028,0.51306,0.51902,0.8523,4
486,normal,-1,0.0,,,-1,-1,edge_1,edge,0.39404,0.46676,0.0,0.60596,0.53324,0.72091,3
486,mixed,174,0.49188,edge_2,edge_2-edge_3,2,1,edge_2,edge,0.58221,0.55899,16.80891,0.41779,0.44101,1.087,4
486,link_congestion,119,0.56929,edge_3,edge_2-edge_3,3,2,edge_3,edge,0.42875,0.50866,1.98672,0.57125,0.49134,0.90004,3
486,node_overload,49,0.56872,edge_4,edge_3-edge_4,4,3,edge_4,edge,0.63439,0.60354,37.10831,0.36561,0.39646,0.87287,3
486,normal,-1,0.0,,,-1,-1,cloud_0,cloud,0.40504,0.47935,0.0,0.59496,0.52065,0.55596,3
487,normal,-1,0.0,,,-1,-1,access_0,access,0.22693,0.26979,0.0,0.77307,0.73021,0.31597,2
487,normal,-1,0.0,,,-1,-1,access_1,access,0.21847,0.24027,0.0,0.78153,0.75973,0.31597,2
487,link_congestion,123,0.54146,edge_0,edge_0-edge_1,3,2,edge_0,edge,0.45163,0.50452,4.69517,0.54837,0.49548,0.83921,4
487,normal,-1,0.0,,,-1,-1,edge_1,edge,0.38208,0.47662,0.0,0.61792,0.52338,0.71866,3
487,mixed,174,0.49188,edge_2,edge_2-edge_3,2,1,edge_2,edge,0.60293,0.56996,19.65127,0.39707,0.43004,1.16924,4
487,link_congestion,119,0.56929,edge_3,edge_2-edge_3,3,2,edge_3,edge,0.4612,0.51961,3.24442,0.5388,0.48039,0.91762,3
487,node_overload,49,0.56872,edge_4,edge_3-edge_4,4,3,edge_4,edge,0.64319,0.57201,38.69986,0.35681,0.42799,0.84137,3
487,normal,-1,0.0,,,-1,-1,cloud_0,cloud,0.39621,0.47765,0.0,0.60379,0.52235,0.55496,3
488,normal,-1,0.0,,,-1,-1,access_0,access,0.22271,0.25611,0.0,0.77729,0.74389,0.31416,2
488,normal,-1,0.0,,,-1,-1,access_1,access,0.22394,0.24787,0.0,0.77606,0.75213,0.31416,2
488,link_congestion,123,0.54146,edge_0,edge_0-edge_1,3,2,edge_0,edge,0.44476,0.47189,3.84261,0.55524,0.52811,0.82876,4
488,normal,-1,0.0,,,-1,-1,edge_1,edge,0.38506,0.46205,0.0,0.61494,0.53795,0.71359,3
488,mixed,174,0.49188,edge_2,edge_2-edge_3,2,1,edge_2,edge,0.65914,0.6302,21.41149,0.34086,0.3698,1.25409,4
488,link_congestion,119,0.56929,edge_3,edge_2-edge_3,3,2,edge_3,edge,0.46266,0.46767,4.25355,0.53734,0.53233,0.93007,3
488,burst,33,0.59213,edge_4,edge_4-edge_0,2,1,edge_4,edge,0.55097,0.52198,8.13697,0.44903,0.47802,0.8891,3
488,normal,-1,0.0,,,-1,-1,cloud_0,cloud,0.39443,0.46676,0.0,0.60557,0.53324,0.55271,3
489,normal,-1,0.0,,,-1,-1,access_0,access,0.22474,0.26419,0.0,0.77526,0.73581,0.31149,2
489,normal,-1,0.0,,,-1,-1,access_1,access,0.23566,0.27043,0.0,0.76434,0.72957,0.31149,2
489,link_congestion,123,0.54146,edge_0,edge_0-edge_1,3,2,edge_0,edge,0.44516,0.50689,3.57473,0.55484,0.49311,0.82171,4
489,normal,-1,0.0,,,-1,-1,edge_1,edge,0.3639,0.44709,0.0,0.6361,0.55291,0.70606,3
489,mixed,174,0.49188,edge_2,edge_2-edge_3,2,1,edge_2,edge,0.65728,0.6059,22.59771,0.34272,0.3941,1.33062,4
489,link_congestion,119,0.56929,edge_3,edge_2-edge_3,3,2,edge_3,edge,0.45969,0.51019,4.53796,0.54031,0.48981,0.93573,3
489,burst,33,0.59213,edge_4,edge_4-edge_0,2,1,edge_4,edge,0.52203,0.54257,6.51578,0.47797,0.45743,0.91079,3
489,normal,-1,0.0,,,-1,-1,cloud_0,cloud,0.41116,0.46877,0.0,0.58884,0.53123,0.54936,3
490,normal,-1,0.0,,,-1,-1,access_0,access,0.21711,0.25221,0.0,0.78289,0.74779,0.30814,2
490,normal,-1,0.0,,,-1,-1,access_1,access,0.22193,0.25291,0.0,0.77807,0.74709,0.30814,2
490,link_congestion,123,0.54146,edge_0,edge_0-edge_1,3,2,edge_0,edge,0.47528,0.49811,3.86221,0.52472,0.50189,0.81859,4
490,normal,-1,0.0,,,-1,-1,edge_1,edge,0.39025,0.47124,0.0,0.60975,0.52876,0.69664,3
490,mixed,174,0.49188,edge_2,edge_2-edge_3,2,1,edge_2,edge,0.69909,0.61125,25.22661,0.30091,0.38875,1.38662,4
490,link_congestion,119,0.56929,edge_3,edge_2-edge_3,3,2,edge_3,edge,0.45021,0.50584,3.42562,0.54979,0.49416,0.93382,3
490,burst,33,0.59213,edge_4,edge_4-edge_0,2,1,edge_4,edge,0.49187,0.52136,6.17319,0.50813,0.47864,0.93889,3
490,normal,-1,0.0,,,-1,-1,cloud_0,cloud,0.38717,0.47575,0.0,0.61283,0.52425,0.54517,3
491,normal,-1,0.0,,,-1,-1,access_0,access,0.22849,0.26699,0.0,0.77151,0.73301,0.30436,2
491,normal,-1,0.0,,,-1,-1,access_1,access,0.23163,0.25094,0.0,0.76837,0.74906,0.30436,2
491,link_congestion,123,0.54146,edge_0,edge_0-edge_1,3,2,edge_0,edge,0.44627,0.49036,4.0943,0.55373,0.50964,0.81964,4
491,normal,-1,0.0,,,-1,-1,edge_1,edge,0.37658,0.44736,0.0,0.62342,0.55264,0.68601,3
491,mixed,174,0.49188,edge_2,edge_2-edge_3,2,1,edge_2,edge,0.74179,0.62442,28.01768,0.25821,0.37558,1.41172,4
491,link_congestion,119,0.56929,edge_3,edge_2-edge_3,3,2,edge_3,edge,0.47087,0.50656,3.51004,0.52913,0.49344,0.92461,3
491,burst,33,0.59213,edge_4,edge_4-edge_0,2,1,edge_4,edge,0.50625,0.53249,7.5571,0.49375,0.46751,0.97548,3
491,normal,-1,0.0,,,-1,-1,cloud_0,cloud,0.38611,0.4771,0.0,0.61389,0.5229,0.54045,3
492,normal,-1,0.0,,,-1,-1,access_0,access,0.2293,0.25196,0.0,0.7707,0.74804,0.30044,2
492,normal,-1,0.0,,,-1,-1,access_1,access,0.19884,0.25616,0.0,0.80116,0.74384,0.30044,2
492,burst,30,0.55494,edge_0,edge_0-edge_1,3,2,edge_0,edge,0.46174,0.52018,5.29326,0.53826,0.47982,0.88241,4
492,normal,-1,0.0,,,-1,-1,edge_1,edge,0.36887,0.45646,0.0,0.63113,0.54354,0.67499,3
492,mixed,174,0.49188,edge_2,edge_2-edge_3,2,1,edge_2,edge,0.69822,0.61219,25.78822,0.30178,0.38781,1.40055,4
492,link_congestion,119,0.56929,edge_3,edge_2-edge_3,3,2,edge_3,edge,0.48732,0.50091,6.41184,0.51268,0.49909,0.90933,3
492,burst,33,0.59213,edge_4,edge_4-edge_0,2,1,edge_4,edge,0.53788,0.53159,8.17704,0.46212,0.46841,1.02261,3
492,normal,-1,0.0,,,-1,-1,cloud_0,cloud,0.37734,0.47517,0.0,0.62266,0.52483,0.53555,3
493,normal,-1,0.0,,,-1,-1,access_0,access,0.21722,0.24667,0.0,0.78278,0.75333,0.29666,2
493,normal,-1,0.0,,,-1,-1,access_1,access,0.2206,0.26348,0.0,0.7794,0.73652,0.29666,2
493,burst,30,0.55494,edge_0,edge_0-edge_1,3,2,edge_0,edge,0.47735,0.51635,4.75032,0.52265,0.48365,0.96367,4
493,normal,-1,0.0,,,-1,-1,edge_1,edge,0.37999,0.46737,0.0,0.62001,0.53263,0.66436,3
493,mixed,174,0.49188,edge_2,edge_2-edge_3,2,1,edge_2,edge,0.7282,0.57398,26.9207,0.2718,0.42602,1.35453,4
493,link_congestion,119,0.56929,edge_3,edge_2-edge_3,3,2,edge_3,edge,0.46615,0.50538,6.31188,0.53385,0.49462,0.89006,3
493,burst,33,0.59213,edge_4,edge_4-edge_0,2,1,edge_4,edge,0.54435,0.54406,8.5931,0.45565,0.45594,1.08136,3
493,normal,-1,0.0,,,-1,-1,cloud_0,cloud,0.36225,0.44931,0.0,0.63775,0.55069,0.53083,3
494,normal,-1,0.0,,,-1,-1,access_0,access,0.21758,0.25953,0.0,0.78242,0.74047,0.29331,2
494,normal,-1,0.0,,,-1,-1,access_1,access,0.23815,0.23714,0.0,0.76185,0.76286,0.29331,2
494,burst,30,0.55494,edge_0,edge_0-edge_1,3,2,edge_0,edge,0.521,0.55707,8.3339,0.479,0.44293,1.12594,4
494,normal,-1,0.0,,,-1,-1,edge_1,edge,0.38353,0.45478,0.0,0.61647,0.54522,0.65494,3
494,mixed,174,0.49188,edge_2,edge_2-edge_3,2,1,edge_2,edge,0.66179,0.58048,22.96085,0.33821,0.41952,1.29248,4
494,link_congestion,119,0.56929,edge_3,edge_2-edge_3,3,2,edge_3,edge,0.46013,0.50046,5.56491,0.53987,0.49954,0.86939,3
494,burst,33,0.59213,edge_4,edge_4-edge_0,2,1,edge_4,edge,0.51981,0.53346,9.76608,0.48019,0.46654,1.15086,3
494,normal,-1,0.0,,,-1,-1,cloud_0,cloud,0.40002,0.44628,0.0,0.59998,0.55372,0.52664,3
495,normal,-1,0.0,,,-1,-1,access_0,access,0.21481,0.24581,0.0,0.78519,0.75419,0.29064,2
495,normal,-1,0.0,,,-1,-1,access_1,access,0.20764,0.25017,0.0,0.79236,0.74983,0.29064,2
495,burst,30,0.55494,edge_0,edge_0-edge_1,3,2,edge_0,edge,0.57336,0.55547,11.19991,0.42664,0.44453,1.34133,4
495,normal,-1,0.0,,,-1,-1,edge_1,edge,0.37473,0.47938,0.0,0.62527,0.52062,0.64741,3
495,mixed,174,0.49188,edge_2,edge_2-edge_3,2,1,edge_2,edge,0.71469,0.62273,26.12257,0.28531,0.37727,1.32619,4
495,link_congestion,119,0.56929,edge_3,edge_2-edge_3,3,2,edge_3,edge,0.41627,0.49723,2.44192,0.58373,0.50277,0.85011,3
495,burst,33,0.59213,edge_4,edge_4-edge_0,2,1,edge_4,edge,0.55482,0.56761,10.21461,0.44518,0.43239,1.22739,3
495,normal,-1,0.0,,,-1,-1,cloud_0,cloud,0.36031,0.45014,0.0,0.63969,0.54986,0.52329,3
496,normal,-1,0.0,,,-1,-1,access_0,access,0.1941,0.25343,0.0,0.8059,0.74657,0.28883,2
496,normal,-1,0.0,,,-1,-1,access_1,access,0.20156,0.25242,0.0,0.79844,0.74758,0.28883,2
496,burst,30,0.55494,edge_0,edge_0-edge_1,3,2,edge_0,edge,0.59122,0.54582,13.15553,0.40878,0.45418,1.43289,4
496,normal,-1,0.0,,,-1,-1,edge_1,edge,0.39157,0.4463,0.0,0.60843,0.5537,0.64234,3
496,mixed,174,0.49188,edge_2,edge_2-edge_3,2,1,edge_2,edge,0.73087,0.67212,28.74678,0.26913,0.32788,1.33837,4
496,link_congestion,119,0.56929,edge_3,edge_2-edge_3,3,2,edge_3,edge,0.44951,0.51413,5.66753,0.55049,0.48587,0.83483,3
496,burst,33,0.59213,edge_4,edge_4-edge_0,2,1,edge_4,edge,0.62266,0.58415,14.57607,0.37734,0.41585,1.30408,3
496,normal,-1,0.0,,,-1,-1,cloud_0,cloud,0.38709,0.45734,0.0,0.61291,0.54266,0.52104,3
497,normal,-1,0.0,,,-1,-1,access_0,access,0.22576,0.25815,0.0,0.77424,0.74185,0.28803,2
497,normal,-1,0.0,,,-1,-1,access_1,access,0.20763,0.25363,0.0,0.79237,0.74637,0.28803,2
497,burst,30,0.55494,edge_0,edge_0-edge_1,3,2,edge_0,edge,0.57078,0.56884,11.11889,0.42922,0.43116,1.28406,4
497,normal,-1,0.0,,,-1,-1,edge_1,edge,0.37745,0.47399,0.0,0.62255,0.52601,0.64009,3
497,mixed,174,0.49188,edge_2,edge_2-edge_3,2,1,edge_2,edge,0.71332,0.63248,26.37598,0.28668,0.36752,1.32548,4
497,link_congestion,119,0.56929,edge_3,edge_2-edge_3,3,2,edge_3,edge,0.46616,0.50249,5.65659,0.53384,0.49751,0.82562,3
497,burst,33,0.59213,edge_4,edge_4-edge_0,2,1,edge_4,edge,0.64148,0.58552,15.5907,0.35852,0.41448,1.37165,3
497,normal,-1,0.0,,,-1,-1,cloud_0,cloud,0.37925,0.45729,0.0,0.62075,0.54271,0.52004,3
498,normal,-1,0.0,,,-1,-1,access_0,access,0.2251,0.24796,0.0,0.7749,0.75204,0.2883,2
498,normal,-1,0.0,,,-1,-1,access_1,access,0.21445,0.23207,0.0,0.78555,0.76793,0.2883,2
498,burst,30,0.55494,edge_0,edge_0-edge_1,3,2,edge_0,edge,0.49785,0.51881,7.3632,0.50215,0.48119,1.04494,4
498,normal,-1,0.0,,,-1,-1,edge_1,edge,0.37717,0.45543,0.0,0.62283,0.54457,0.64085,3
498,mixed,174,0.49188,edge_2,edge_2-edge_3,2,1,edge_2,edge,0.68222,0.62395,23.04443,0.31778,0.37605,1.28855,4
498,link_congestion,119,0.56929,edge_3,edge_2-edge_3,3,2,edge_3,edge,0.5147,0.5191,7.72467,0.4853,0.4809,0.82371,3
498,burst,33,0.59213,edge_4,edge_4-edge_0,2,1,edge_4,edge,0.62198,0.55151,15.01272,0.37802,0.44849,1.42009,3
498,normal,-1,0.0,,,-1,-1,cloud_0,cloud,0.36746,0.46729,0.0,0.63254,0.53271,0.52038,3
499,normal,-1,0.0,,,-1,-1,access_0,access,0.2033,0.23513,0.0,0.7967,0.76487,0.28961,2
499,normal,-1,0.0,,,-1,-1,access_1,access,0.22324,0.24823,0.0,0.77676,0.75177,0.28961,2
499,burst,30,0.55494,edge_0,edge_0-edge_1,3,2,edge_0,edge,0.46643,0.51681,5.11453,0.53357,0.48319,0.9064,4
499,normal,-1,0.0,,,-1,-1,edge_1,edge,0.36924,0.47477,0.0,0.63076,0.52523,0.64454,3
499,mixed,174,0.49188,edge_2,edge_2-edge_3,2,1,edge_2,edge,0.64051,0.5739,21.91223,0.35949,0.4261,1.23316,4
499,link_congestion,119,0.56929,edge_3,edge_2-edge_3,3,2,edge_3,edge,0.46559,0.50606,5.79604,0.53441,0.49394,0.82937,3
499,burst,33,0.59213,edge_4,edge_4-edge_0,2,1,edge_4,edge,0.63266,0.58944,15.05708,0.36734,0.41056,1.44102,3
499,normal,-1,0.0,,,-1,-1,cloud_0,cloud,0.39644,0.46148,0.0,0.60356,0.53852,0.52202,3
500,normal,-1,0.0,,,-1,-1,access_0,access,0.22877,0.25905,0.0,0.77123,0.74095,0.29188,2
500,normal,-1,0.0,,,-1,-1,access_1,access,0.20967,0.25222,0.0,0.79033,0.74778,0.29188,2
500,burst,30,0.55494,edge_0,edge_0-edge_1,3,2,edge_0,edge,0.45053,0.46589,3.90063,0.54947,0.53411,0.88241,4
500,mixed,177,0.53751,edge_1,access_0-edge_1,1,0,edge_1,edge,0.52728,0.55,14.84456,0.47272,0.45,1.02321,3
500,mixed,174,0.49188,edge_2,edge_2-edge_3,2,1,edge_2,edge,0.66729,0.57799,23.4916,0.33271,0.42201,1.23724,4
500,link_congestion,101,0.58545,edge_3,access_1-edge_3,1,0,edge_3,edge,0.45017,0.50565,4.46547,0.54983,0.49435,0.88263,3
500,burst,33,0.59213,edge_4,edge_4-edge_0,2,1,edge_4,edge,0.65423,0.57148,16.07105,0.34577,0.42852,1.42999,3
500,normal,-1,0.0,,,-1,-1,cloud_0,cloud,0.37286,0.46118,0.0,0.62714,0.53882,0.52484,3
501,normal,-1,0.0,,,-1,-1,access_0,access,0.21013,0.24508,0.0,0.78987,0.75492,0.29492,2
501,normal,-1,0.0,,,-1,-1,access_1,access,0.20904,0.24538,0.0,0.79096,0.75462,0.29492,2
501,burst,24,0.42602,edge_0,access_0-edge_0,1,0,edge_0,edge,0.55313,0.52114,9.14978,0.44687,0.47886,1.40968,4
501,mixed,177,0.53751,edge_1,access_0-edge_1,1,0,edge_1,edge,0.56454,0.54875,17.65519,0.43546,0.45125,1.08816,3
501,mixed,174,0.49188,edge_2,edge_2-edge_3,2,1,edge_2,edge,0.6752,0.6033,23.59082,0.3248,0.3967,1.29312,4
501,link_congestion,101,0.58545,edge_3,access_1-edge_3,1,0,edge_3,edge,0.4665,0.53138,5.41515,0.5335,0.46862,0.91304,3
501,burst,33,0.59213,edge_4,edge_4-edge_0,2,1,edge_4,edge,0.66231,0.60062,16.97234,0.33769,0.39938,1.38782,3
501,normal,-1,0.0,,,-1,-1,cloud_0,cloud,0.38692,0.46198,0.0,0.61308,0.53802,0.52865,3
502,normal,-1,0.0,,,-1,-1,access_0,access,0.21209,0.2466,0.0,0.78791,0.7534,0.29851,2
502,normal,-1,0.0,,,-1,-1,access_1,access,0.22999,0.23142,0.0,0.77001,0.76858,0.29851,2
502,burst,24,0.42602,edge_0,access_0-edge_0,1,0,edge_0,edge,0.59075,0.54418,9.63276,0.40925,0.45582,1.33244,4
502,mixed,177,0.53751,edge_1,access_0-edge_1,1,0,edge_1,edge,0.62758,0.55032,21.04055,0.37242,0.44968,1.16203,3
502,mixed,174,0.49188,edge_2,edge_2-edge_3,2,1,edge_2,edge,0.68484,0.62656,24.7518,0.31516,0.37344,1.31438,4
502,link_congestion,101,0.58545,edge_3,access_1-edge_3,1,0,edge_3,edge,0.49745,0.51537,6.74511,0.50255,0.48463,0.9338,3
502,burst,33,0.59213,edge_4,edge_4-edge_0,2,1,edge_4,edge,0.57757,0.51758,12.44986,0.42243,0.48242,1.32054,3
502,normal,-1,0.0,,,-1,-1,cloud_0,cloud,0.38546,0.46642,0.0,0.61454,0.53358,0.53314,3
503,normal,-1,0.0,,,-1,-1,access_0,access,0.21765,0.26874,0.0,0.78235,0.73126,0.3024,2
503,normal,-1,0.0,,,-1,-1,access_1,access,0.2199,0.26815,0.0,0.7801,0.73185,0.3024,2
503,burst,24,0.42602,edge_0,access_0-edge_0,1,0,edge_0,edge,0.52898,0.56445,6.36196,0.47102,0.43555,1.17899,4
503,mixed,177,0.53751,edge_1,access_0-edge_1,1,0,edge_1,edge,0.65135,0.61816,23.72494,0.34865,0.38184,1.23948,3
503,mixed,174,0.49188,edge_2,edge_2-edge_3,2,1,edge_2,edge,0.63807,0.55961,22.78971,0.36193,0.44039,1.29647,4
503,link_congestion,101,0.58545,edge_3,access_1-edge_3,1,0,edge_3,edge,0.54898,0.5493,10.07738,0.45102,0.4507,0.93831,3
503,burst,33,0.59213,edge_4,edge_4-edge_0,2,1,edge_4,edge,0.61714,0.59197,13.77834,0.38286,0.40803,1.23791,3
503,normal,-1,0.0,,,-1,-1,cloud_0,cloud,0.3754,0.46249,0.0,0.6246,0.53751,0.538,3
504,normal,-1,0.0,,,-1,-1,access_0,access,0.21783,0.23775,0.0,0.78217,0.76225,0.3024,2
504,normal,-1,0.0,,,-1,-1,access_1,access,0.20499,0.26761,0.0,0.79501,0.73239,0.3024,2
504,burst,24,0.42602,edge_0,access_0-edge_0,1,0,edge_0,edge,0.48894,0.52493,4.3811,0.51106,0.47507,1.02173,4
504,mixed,177,0.53751,edge_1,access_0-edge_1,1,0,edge_1,edge,0.61971,0.55812,21.2627,0.38029,0.44188,1.31274,3
504,mixed,174,0.49188,edge_2,edge_2-edge_3,2,1,edge_2,edge,0.65002,0.60047,23.65089,0.34998,0.39953,1.24668,4
504,link_congestion,101,0.58545,edge_3,access_1-edge_3,1,0,edge_3,edge,0.51648,0.54732,9.50926,0.48352,0.45268,0.92514,3
504,burst,33,0.59213,edge_4,edge_4-edge_0,2,1,edge_4,edge,0.59901,0.55891,13.02106,0.40099,0.44109,1.15107,3
504,normal,-1,0.0,,,-1,-1,cloud_0,cloud,0.40799,0.48084,0.0,0.59201,0.51916,0.538,3
505,normal,-1,0.0,,,-1,-1,access_0,access,0.22189,0.26665,0.0,0.77811,0.73335,0.30629,2
505,normal,-1,0.0,,,-1,-1,access_1,access,0.23545,0.27255,0.0,0.76455,0.72745,0.30629,2
505,burst,24,0.42602,edge_0,access_0-edge_0,1,0,edge_0,edge,0.45551,0.4951,3.16842,0.54449,0.5049,0.91391,4
505,mixed,177,0.53751,edge_1,access_0-edge_1,1,0,edge_1,edge,0.6591,0.61417,23.49235,0.3409,0.38583,1.37266,3
505,mixed,174,0.49188,edge_2,edge_2-edge_3,2,1,edge_2,edge,0.64217,0.6041,21.1906,0.35783,0.3959,1.18047,4
505,link_congestion,101,0.58545,edge_3,access_1-edge_3,1,0,edge_3,edge,0.47566,0.51605,5.34818,0.52434,0.48395,0.89848,3
505,burst,33,0.59213,edge_4,edge_4-edge_0,2,1,edge_4,edge,0.52176,0.52366,7.68895,0.47824,0.47634,1.07005,3
505,normal,-1,0.0,,,-1,-1,cloud_0,cloud,0.38607,0.46867,0.0,0.61393,0.53133,0.54286,3
506,normal,-1,0.0,,,-1,-1,access_0,access,0.21186,0.2513,0.0,0.78814,0.7487,0.30988,2
506,normal,-1,0.0,,,-1,-1,access_1,access,0.23728,0.23106,0.0,0.76272,0.76894,0.30988,2
506,burst,24,0.42602,edge_0,access_0-edge_0,1,0,edge_0,edge,0.43604,0.49432,1.36628,0.56396,0.50568,0.86585,4
506,mixed,177,0.53751,edge_1,access_0-edge_1,1,0,edge_1,edge,0.68981,0.58423,26.27206,0.31019,0.41577,1.41054,3
506,normal,-1,0.0,,,-1,-1,edge_2,edge,0.43403,0.4753,0.0,0.56597,0.5247,0.70154,4
506,link_congestion,101,0.58545,edge_3,access_1-edge_3,1,0,edge_3,edge,0.47444,0.48351,7.2009,0.52556,0.51649,0.86678,3
506,burst,33,0.59213,edge_4,edge_4-edge_0,2,1,edge_4,edge,0.4971,0.53551,8.25498,0.5029,0.46449,1.00205,3
506,normal,-1,0.0,,,-1,-1,cloud_0,cloud,0.36436,0.4817,0.0,0.63564,0.5183,0.54735,3
507,normal,-1,0.0,,,-1,-1,access_0,access,0.23373,0.25282,0.0,0.76627,0.74718,0.31292,2
507,normal,-1,0.0,,,-1,-1,access_1,access,0.22484,0.25822,0.0,0.77516,0.74178,0.31292,2
507,burst,24,0.42602,edge_0,access_0-edge_0,1,0,edge_0,edge,0.41943,0.46008,0.0,0.58057,0.53992,0.8592,4
507,mixed,177,0.53751,edge_1,access_0-edge_1,1,0,edge_1,edge,0.70729,0.65417,27.63475,0.29271,0.34583,1.42015,3
507,normal,-1,0.0,,,-1,-1,edge_2,edge,0.39321,0.47073,0.0,0.60679,0.52927,0.7101,4
507,link_congestion,101,0.58545,edge_3,access_1-edge_3,1,0,edge_3,edge,0.4667,0.52644,5.67438,0.5333,0.47356,0.84012,3
507,burst,33,0.59213,edge_4,edge_4-edge_0,2,1,edge_4,edge,0.50756,0.5062,6.61308,0.49244,0.4938,0.95069,3
507,normal,-1,0.0,,,-1,-1,cloud_0,cloud,0.38611,0.48593,0.0,0.61389,0.51407,0.55116,3
508,normal,-1,0.0,,,-1,-1,access_0,access,0.21289,0.25568,0.0,0.78711,0.74432,0.31519,2
508,normal,-1,0.0,,,-1,-1,access_1,access,0.21506,0.26111,0.0,0.78494,0.73889,0.31519,2
508,normal,-1,0.0,,,-1,-1,edge_0,edge,0.32381,0.44171,0.0,0.67619,0.55829,0.71646,4
508,mixed,177,0.53751,edge_1,access_0-edge_1,1,0,edge_1,edge,0.68835,0.59164,26.67266,0.31165,0.40836,1.39944,3
508,normal,-1,0.0,,,-1,-1,edge_2,edge,0.41577,0.48521,0.0,0.58423,0.51479,0.71646,4
508,link_congestion,101,0.58545,edge_3,access_1-edge_3,1,0,edge_3,edge,0.50272,0.53368,8.25933,0.49728,0.46632,0.82695,3
508,burst,33,0.59213,edge_4,edge_4-edge_0,2,1,edge_4,edge,0.52113,0.53483,7.01433,0.47887,0.46517,0.91628,3
508,normal,-1,0.0,,,-1,-1,cloud_0,cloud,0.38967,0.49492,0.0,0.61033,0.50508,0.55398,3
509,normal,-1,0.0,,,-1,-1,access_0,access,0.22487,0.25418,0.0,0.77513,0.74582,0.3165,2
509,normal,-1,0.0,,,-1,-1,access_1,access,0.2148,0.25737,0.0,0.7852,0.74263,0.3165,2
509,normal,-1,0.0,,,-1,-1,edge_0,edge,0.34535,0.43471,0.0,0.65465,0.56529,0.72015,4
509,mixed,177,0.53751,edge_1,access_0-edge_1,1,0,edge_1,edge,0.69141,0.63121,26.28953,0.30859,0.36879,1.35118,3
509,normal,-1,0.0,,,-1,-1,edge_2,edge,0.42325,0.50556,0.0,0.57675,0.49444,0.72015,4
509,link_congestion,101,0.58545,edge_3,access_1-edge_3,1,0,edge_3,edge,0.44354,0.49195,4.09418,0.55646,0.50805,0.83147,3
509,burst,33,0.59213,edge_4,edge_4-edge_0,2,1,edge_4,edge,0.51405,0.49735,6.71114,0.48595,0.50265,0.8968,3
509,normal,-1,0.0,,,-1,-1,cloud_0,cloud,0.40467,0.46835,0.0,0.59533,0.53165,0.55562,3
510,normal,-1,0.0,,,-1,-1,access_0,access,0.2256,0.24715,0.0,0.7744,0.75285,0.31677,2
510,normal,-1,0.0,,,-1,-1,access_1,access,0.22126,0.23198,0.0,0.77874,0.76802,0.31677,2
510,normal,-1,0.0,,,-1,-1,edge_0,edge,0.38181,0.46049,0.0,0.61819,0.53951,0.72091,4
510,mixed,177,0.53751,edge_1,access_0-edge_1,1,0,edge_1,edge,0.68846,0.6202,25.72543,0.31154,0.3798,1.30448,3
510,normal,-1,0.0,,,-1,-1,edge_2,edge,0.44296,0.48423,0.0,0.55704,0.51577,0.72091,4
510,link_congestion,101,0.58545,edge_3,access_1-edge_3,1,0,edge_3,edge,0.45117,0.48449,5.31385,0.54883,0.51551,0.85222,3
510,burst,33,0.59213,edge_4,edge_4-edge_0,2,1,edge_4,edge,0.49116,0.52114,7.14381,0.50884,0.47886,0.88894,3
510,normal,-1,0.0,,,-1,-1,cloud_0,cloud,0.40334,0.46887,0.0,0.59666,0.53113,0.55596,3
511,normal,-1,0.0,,,-1,-1,access_0,access,0.23008,0.25463,0.0,0.76992,0.74537,0.31597,2
511,normal,-1,0.0,,,-1,-1,access_1,access,0.24811,0.24382,0.0,0.75189,0.75618,0.31597,2
511,normal,-1,0.0,,,-1,-1,edge_0,edge,0.34196,0.43303,0.0,0.65804,0.56697,0.71866,4
511,mixed,177,0.53751,edge_1,access_0-edge_1,1,0,edge_1,edge,0.64456,0.60085,23.37224,0.35544,0.39915,1.3344,3
511,normal,-1,0.0,,,-1,-1,edge_2,edge,0.43964,0.50166,0.0,0.56036,0.49834,0.71866,4
511,link_congestion,101,0.58545,edge_3,access_1-edge_3,1,0,edge_3,edge,0.45834,0.5001,3.81966,0.54166,0.4999,0.88263,3
511,burst,33,0.59213,edge_4,edge_4-edge_0,2,1,edge_4,edge,0.46603,0.50284,4.94252,0.53397,0.49716,0.8891,3
511,normal,-1,0.0,,,-1,-1,cloud_0,cloud,0.38534,0.47144,0.0,0.61466,0.52856,0.55496,3
512,normal,-1,0.0,,,-1,-1,access_0,access,0.23753,0.25583,0.0,0.76247,0.74417,0.31416,2
512,normal,-1,0.0,,,-1,-1,access_1,access,0.23263,0.24559,0.0,0.76737,0.75441,0.31416,2
512,burst,6,0.43695,edge_0,edge_0-edge_1,3,2,edge_0,edge,0.42796,0.50301,2.00719,0.57204,0.49699,0.86117,4
512,mixed,177,0.53751,edge_1,access_0-edge_1,1,0,edge_1,edge,0.70125,0.61033,27.01218,0.29875,0.38967,1.34649,3
512,normal,-1,0.0,,,-1,-1,edge_2,edge,0.41061,0.48672,0.0,0.58939,0.51328,0.71359,4
512,mixed,163,0.49511,edge_3,edge_2-edge_3,3,2,edge_3,edge,0.61399,0.57972,20.86947,0.38601,0.42028,1.29571,3
512,link_congestion,84,0.58112,edge_4,edge_4-edge_0,4,3,edge_4,edge,0.50896,0.51871,8.29189,0.49104,0.48129,0.82835,3
512,normal,-1,0.0,,,-1,-1,cloud_0,cloud,0.39779,0.47348,0.0,0.60221,0.52652,0.55271,3
513,normal,-1,0.0,,,-1,-1,access_0,access,0.22358,0.25034,0.0,0.77642,0.74966,0.31149,2
513,normal,-1,0.0,,,-1,-1,access_1,access,0.22155,0.2661,0.0,0.77845,0.7339,0.31149,2
513,burst,6,0.43695,edge_0,edge_0-edge_1,3,2,edge_0,edge,0.45083,0.497,2.87611,0.54917,0.503,0.95986,4
513,mixed,177,0.53751,edge_1,access_0-edge_1,1,0,edge_1,edge,0.67663,0.59458,24.78195,0.32337,0.40542,1.33792,3
513,normal,-1,0.0,,,-1,-1,edge_2,edge,0.40622,0.48345,0.0,0.59378,0.51655,0.70606,4
513,mixed,163,0.49511,edge_3,edge_2-edge_3,3,2,edge_3,edge,0.61121,0.60644,20.72634,0.38879,0.39356,1.21572,3
513,link_congestion,84,0.58112,edge_4,edge_4-edge_0,4,3,edge_4,edge,0.47226,0.51447,6.03299,0.52774,0.48553,0.8256,3
513,normal,-1,0.0,,,-1,-1,cloud_0,cloud,0.37719,0.45935,0.0,0.62281,0.54065,0.54936,3
514,normal,-1,0.0,,,-1,-1,access_0,access,0.21619,0.24593,0.0,0.78381,0.75407,0.30814,2
514,normal,-1,0.0,,,-1,-1,access_1,access,0.21722,0.25621,0.0,0.78278,0.74379,0.30814,2
514,burst,6,0.43695,edge_0,edge_0-edge_1,3,2,edge_0,edge,0.48061,0.51813,4.39874,0.51939,0.48187,1.16617,4
514,mixed,177,0.53751,edge_1,access_0-edge_1,1,0,edge_1,edge,0.67214,0.61055,25.67139,0.32786,0.38945,1.30897,3
514,normal,-1,0.0,,,-1,-1,edge_2,edge,0.38666,0.48652,0.0,0.61334,0.51348,0.69664,4
514,mixed,163,0.49511,edge_3,edge_2-edge_3,3,2,edge_3,edge,0.63329,0.61463,21.57447,0.36671,0.38537,1.28077,3
514,link_congestion,84,0.58112,edge_4,edge_4-edge_0,4,3,edge_4,edge,0.48544,0.49912,6.45792,0.51456,0.50088,0.82835,3
514,normal,-1,0.0,,,-1,-1,cloud_0,cloud,0.3927,0.46795,0.0,0.6073,0.53205,0.54517,3
515,normal,-1,0.0,,,-1,-1,access_0,access,0.21585,0.25828,0.0,0.78415,0.74172,0.30436,2
515,normal,-1,0.0,,,-1,-1,access_1,access,0.21209,0.25614,0.0,0.78791,0.74386,0.30436,2
515,burst,6,0.43695,edge_0,edge_0-edge_1,3,2,edge_0,edge,0.54,0.53663,7.39067,0.46,0.46337,1.38676,4
515,mixed,177,0.53751,edge_1,access_0-edge_1,1,0,edge_1,edge,0.68027,0.63981,24.29637,0.31973,0.36019,1.26314,3
515,normal,-1,0.0,,,-1,-1,edge_2,edge,0.41467,0.47368,0.0,0.58533,0.52632,0.68601,4
515,mixed,163,0.49511,edge_3,edge_2-edge_3,3,2,edge_3,edge,0.65011,0.60284,24.67102,0.34989,0.39716,1.31475,3
515,link_congestion,84,0.58112,edge_4,edge_4-edge_0,4,3,edge_4,edge,0.54603,0.52974,9.88006,0.45397,0.47026,0.83634,3
515,normal,-1,0.0,,,-1,-1,cloud_0,cloud,0.39408,0.47197,0.0,0.60592,0.52803,0.54045,3
516,normal,-1,0.0,,,-1,-1,access_0,access,0.20819,0.26646,0.0,0.79181,0.73354,0.30044,2
516,normal,-1,0.0,,,-1,-1,access_1,access,0.22864,0.26468,0.0,0.77136,0.73532,0.30044,2
516,burst,6,0.43695,edge_0,edge_0-edge_1,3,2,edge_0,edge,0.53749,0.54177,7.97021,0.46251,0.45823,1.35161,4
516,mixed,177,0.53751,edge_1,access_0-edge_1,1,0,edge_1,edge,0.68152,0.60394,25.32048,0.31848,0.39606,1.21233,3
516,normal,-1,0.0,,,-1,-1,edge_2,edge,0.40641,0.47417,0.0,0.59359,0.52583,0.67499,4
516,mixed,163,0.49511,edge_3,edge_2-edge_3,3,2,edge_3,edge,0.61683,0.57389,20.94436,0.38317,0.42611,1.27162,3
516,link_congestion,84,0.58112,edge_4,edge_4-edge_0,4,3,edge_4,edge,0.48497,0.48741,5.70631,0.51503,0.51259,0.84879,3
516,normal,-1,0.0,,,-1,-1,cloud_0,cloud,0.38808,0.47372,0.0,0.61192,0.52628,0.53555,3
517,normal,-1,0.0,,,-1,-1,access_0,access,0.21962,0.25703,0.0,0.78038,0.74297,0.29666,2
517,normal,-1,0.0,,,-1,-1,access_1,access,0.21395,0.25429,0.0,0.78605,0.74571,0.29666,2
517,burst,6,0.43695,edge_0,edge_0-edge_1,3,2,edge_0,edge,0.50001,0.52357,5.53421,0.49999,0.47643,1.0872,4
517,mixed,177,0.53751,edge_1,access_0-edge_1,1,0,edge_1,edge,0.62603,0.56983,22.50999,0.37397,0.43017,1.27438,3
517,normal,-1,0.0,,,-1,-1,edge_2,edge,0.40533,0.48002,0.0,0.59467,0.51998,0.66436,4
517,mixed,163,0.49511,edge_3,edge_2-edge_3,3,2,edge_3,edge,0.58722,0.5727,18.45485,0.41278,0.4273,1.18105,3
517,link_congestion,84,0.58112,edge_4,edge_4-edge_0,4,3,edge_4,edge,0.54448,0.57239,7.25249,0.45552,0.42761,0.86447,3
517,normal,-1,0.0,,,-1,-1,cloud_0,cloud,0.38815,0.45132,0.0,0.61185,0.54868,0.53083,3
518,normal,-1,0.0,,,-1,-1,access_0,access,0.20229,0.24599,0.0,0.79771,0.75401,0.29331,2
518,normal,-1,0.0,,,-1,-1,access_1,access,0.21915,0.24548,0.0,0.78085,0.75452,0.29331,2
518,mixed,157,0.63571,edge_0,access_0-edge_0,1,0,edge_0,edge,0.57491,0.56512,19.01737,0.42509,0.43488,1.04089,4
518,mixed,177,0.53751,edge_1,access_0-edge_1,1,0,edge_1,edge,0.67945,0.63764,25.86398,0.32055,0.36236,1.31357,3
518,normal,-1,0.0,,,-1,-1,edge_2,edge,0.38163,0.45261,0.0,0.61837,0.54739,0.65494,4
518,normal,-1,0.0,,,-1,-1,edge_3,edge,0.33194,0.45346,0.0,0.66806,0.54654,0.65494,3
518,link_congestion,84,0.58112,edge_4,edge_4-edge_0,4,3,edge_4,edge,0.46366,0.47989,5.68349,0.53634,0.52011,0.88185,3
518,normal,-1,0.0,,,-1,-1,cloud_0,cloud,0.38979,0.4606,0.0,0.61021,0.5394,0.52664,3
519,normal,-1,0.0,,,-1,-1,access_0,access,0.19962,0.216,0.0,0.80038,0.784,0.29064,2
519,normal,-1,0.0,,,-1,-1,access_1,access,0.21984,0.25142,0.0,0.78016,0.74858,0.29064,2
519,mixed,157,0.63571,edge_0,access_0-edge_0,1,0,edge_0,edge,0.59004,0.54453,21.70784,0.40996,0.45547,1.11289,4
519,mixed,177,0.53751,edge_1,access_0-edge_1,1,0,edge_1,edge,0.71999,0.5935,27.36705,0.28001,0.4065,1.32149,3
519,normal,-1,0.0,,,-1,-1,edge_2,edge,0.43543,0.49345,0.0,0.56457,0.50655,0.64741,4
519,normal,-1,0.0,,,-1,-1,edge_3,edge,0.35184,0.45621,0.0,0.64816,0.54379,0.64741,3
519,mixed,172,0.53844,edge_4,edge_3-edge_4,4,3,edge_4,edge,0.63445,0.59317,25.77792,0.36555,0.40683,1.32276,3
519,normal,-1,0.0,,,-1,-1,cloud_0,cloud,0.39157,0.43746,0.0,0.60843,0.56254,0.52329,3
520,normal,-1,0.0,,,-1,-1,access_0,access,0.21467,0.25364,0.0,0.78533,0.74636,0.28883,2
520,normal,-1,0.0,,,-1,-1,access_1,access,0.21022,0.25435,0.0,0.78978,0.74565,0.28883,2
520,mixed,157,0.63571,edge_0,access_0-edge_0,1,0,edge_0,edge,0.63824,0.59583,24.56834,0.36176,0.40417,1.19513,4
520,mixed,177,0.53751,edge_1,access_0-edge_1,1,0,edge_1,edge,0.64785,0.59503,25.03895,0.35215,0.40497,1.29762,3
520,normal,-1,0.0,,,-1,-1,edge_2,edge,0.40586,0.46315,0.0,0.59414,0.53685,0.64234,4
520,normal,-1,0.0,,,-1,-1,edge_3,edge,0.34086,0.44741,0.0,0.65914,0.55259,0.64234,3
520,mixed,172,0.53844,edge_4,edge_3-edge_4,4,3,edge_4,edge,0.69019,0.62726,25.57967,0.30981,0.37274,1.30484,3
520,normal,-1,0.0,,,-1,-1,cloud_0,cloud,0.38914,0.45428,0.0,0.61086,0.54572,0.52104,3
521,normal,-1,0.0,,,-1,-1,access_0,access,0.2006,0.2422,0.0,0.7994,0.7578,0.28803,2
521,normal,-1,0.0,,,-1,-1,access_1,access,0.21023,0.24892,0.0,0.78977,0.75108,0.28803,2
521,mixed,157,0.63571,edge_0,access_0-edge_0,1,0,edge_0,edge,0.64011,0.57415,25.93324,0.35989,0.42585,1.27998,4
521,mixed,177,0.53751,edge_1,access_0-edge_1,1,0,edge_1,edge,0.61589,0.57762,21.68935,0.38411,0.42238,1.24929,3
521,normal,-1,0.0,,,-1,-1,edge_2,edge,0.3859,0.45756,0.0,0.6141,0.54244,0.64009,4
521,normal,-1,0.0,,,-1,-1,edge_3,edge,0.34177,0.46951,0.0,0.65823,0.53049,0.64009,3
521,mixed,172,0.53844,edge_4,edge_3-edge_4,4,3,edge_4,edge,0.69486,0.59242,26.93135,0.30514,0.40758,1.25506,3
521,normal,-1,0.0,,,-1,-1,cloud_0,cloud,0.37054,0.445,0.0,0.62946,0.555,0.52004,3
522,normal,-1,0.0,,,-1,-1,access_0,access,0.2139,0.2601,0.0,0.7861,0.7399,0.2883,2
522,normal,-1,0.0,,,-1,-1,access_1,access,0.22101,0.25593,0.0,0.77899,0.74407,0.2883,2
522,mixed,157,0.63571,edge_0,access_0-edge_0,1,0,edge_0,edge,0.68102,0.61455,27.46778,0.31898,0.38545,1.3565,4
522,mixed,177,0.53751,edge_1,access_0-edge_1,1,0,edge_1,edge,0.61249,0.58495,21.34687,0.38751,0.41505,1.18869,3
522,normal,-1,0.0,,,-1,-1,edge_2,edge,0.38231,0.47487,0.0,0.61769,0.52513,0.64085,4
522,normal,-1,0.0,,,-1,-1,edge_3,edge,0.35272,0.43263,0.0,0.64728,0.56737,0.64085,3
522,mixed,172,0.53844,edge_4,edge_3-edge_4,4,3,edge_4,edge,0.57057,0.56081,18.88804,0.42943,0.43919,1.18885,3
522,normal,-1,0.0,,,-1,-1,cloud_0,cloud,0.37835,0.45856,0.0,0.62165,0.54144,0.52038,3
523,normal,-1,0.0,,,-1,-1,access_0,access,0.213,0.24481,0.0,0.787,0.75519,0.28961,2
523,normal,-1,0.0,,,-1,-1,access_1,access,0.2099,0.23515,0.0,0.7901,0.76485,0.28961,2
523,mixed,157,0.63571,edge_0,access_0-edge_0,1,0,edge_0,edge,0.65445,0.58798,27.76657,0.34555,0.41202,1.4125,4
523,mixed,169,0.39901,edge_1,access_0-edge_1,1,0,edge_1,edge,0.5747,0.55245,16.27125,0.4253,0.44755,1.16376,3
523,normal,-1,0.0,,,-1,-1,edge_2,edge,0.41237,0.4871,0.0,0.58763,0.5129,0.64454,4
523,normal,-1,0.0,,,-1,-1,edge_3,edge,0.36073,0.44991,0.0,0.63927,0.55009,0.64454,3
523,normal,-1,0.0,,,-1,-1,edge_4,edge,0.35264,0.4556,0.0,0.64736,0.5444,0.64454,3
523,normal,-1,0.0,,,-1,-1,cloud_0,cloud,0.37352,0.46246,0.0,0.62648,0.53754,0.52202,3
524,normal,-1,0.0,,,-1,-1,access_0,access,0.21916,0.2565,0.0,0.78084,0.7435,0.29188,2
524,normal,-1,0.0,,,-1,-1,access_1,access,0.21001,0.24484,0.0,0.78999,0.75516,0.29188,2
524,mixed,157,0.63571,edge_0,access_0-edge_0,1,0,edge_0,edge,0.73176,0.65879,31.66257,0.26824,0.34121,1.43761,4
524,normal,-1,0.0,,,-1,-1,edge_1,edge,0.36274,0.44508,0.0,0.63726,0.55492,0.6509,3
524,normal,-1,0.0,,,-1,-1,edge_2,edge,0.40564,0.47292,0.0,0.59436,0.52708,0.6509,4
524,normal,-1,0.0,,,-1,-1,edge_3,edge,0.3609,0.44996,0.0,0.6391,0.55004,0.6509,3
524,normal,-1,0.0,,,-1,-1,edge_4,edge,0.38622,0.48378,0.0,0.61378,0.51622,0.6509,3
524,normal,-1,0.0,,,-1,-1,cloud_0,cloud,0.39201,0.47485,0.0,0.60799,0.52515,0.52484,3
525,normal,-1,0.0,,,-1,-1,access_0,access,0.21755,0.25455,0.0,0.78245,0.74545,0.29492,2
525,normal,-1,0.0,,,-1,-1,access_1,access,0.20946,0.25709,0.0,0.79054,0.74291,0.29492,2
525,mixed,157,0.63571,edge_0,access_0-edge_0,1,0,edge_0,edge,0.73536,0.61709,32.08107,0.26464,0.38291,1.42644,4
525,normal,-1,0.0,,,-1,-1,edge_1,edge,0.37455,0.45506,0.0,0.62545,0.54494,0.65946,3
525,normal,-1,0.0,,,-1,-1,edge_2,edge,0.40005,0.4758,0.0,0.59995,0.5242,0.65946,4
525,normal,-1,0.0,,,-1,-1,edge_3,edge,0.34676,0.44693,0.0,0.65324,0.55307,0.65946,3
525,normal,-1,0.0,,,-1,-1,edge_4,edge,0.39188,0.47132,0.0,0.60812,0.52868,0.65946,3
525,normal,-1,0.0,,,-1,-1,cloud_0,cloud,0.37849,0.4615,0.0,0.62151,0.5385,0.52865,3
526,normal,-1,0.0,,,-1,-1,access_0,access,0.2064,0.25709,0.0,0.7936,0.74291,0.29851,2
526,normal,-1,0.0,,,-1,-1,access_1,access,0.21069,0.26208,0.0,0.78931,0.73792,0.29851,2
526,mixed,157,0.63571,edge_0,access_0-edge_0,1,0,edge_0,edge,0.71713,0.63891,30.825,0.28287,0.36109,1.38042,4
526,normal,-1,0.0,,,-1,-1,edge_1,edge,0.38893,0.45086,0.0,0.61107,0.54914,0.66957,3
526,normal,-1,0.0,,,-1,-1,edge_2,edge,0.41391,0.476,0.0,0.58609,0.524,0.66957,4
526,normal,-1,0.0,,,-1,-1,edge_3,edge,0.34122,0.43429,0.0,0.65878,0.56571,0.66957,3
526,normal,-1,0.0,,,-1,-1,edge_4,edge,0.38282,0.48485,0.0,0.61718,0.51515,0.66957,3
526,normal,-1,0.0,,,-1,-1,cloud_0,cloud,0.3766,0.46426,0.0,0.6234,0.53574,0.53314,3
527,normal,-1,0.0,,,-1,-1,access_0,access,0.22826,0.24402,0.0,0.77174,0.75598,0.3024,2
527,normal,-1,0.0,,,-1,-1,access_1,access,0.22072,0.25455,0.0,0.77928,0.74545,0.3024,2
527,mixed,157,0.63571,edge_0,access_0-edge_0,1,0,edge_0,edge,0.63062,0.58943,25.53988,0.36938,0.41057,1.31837,4
527,normal,-1,0.0,,,-1,-1,edge_1,edge,0.358,0.43081,0.0,0.642,0.56919,0.6805,3
527,normal,-1,0.0,,,-1,-1,edge_2,edge,0.4278,0.50494,0.0,0.5722,0.49506,0.6805,4
527,normal,-1,0.0,,,-1,-1,edge_3,edge,0.35107,0.43724,0.0,0.64893,0.56276,0.6805,3
527,normal,-1,0.0,,,-1,-1,edge_4,edge,0.34384,0.4396,0.0,0.65616,0.5604,0.6805,3
527,normal,-1,0.0,,,-1,-1,cloud_0,cloud,0.37854,0.45203,0.0,0.62146,0.54797,0.538,3
528,normal,-1,0.0,,,-1,-1,access_0,access,0.22288,0.26206,0.0,0.77712,0.73794,0.3024,2
528,normal,-1,0.0,,,-1,-1,access_1,access,0.22036,0.25869,0.0,0.77964,0.74131,0.3024,2
528,mixed,157,0.63571,edge_0,access_0-edge_0,1,0,edge_0,edge,0.73198,0.61999,31.16592,0.26802,0.38001,1.35208,4
528,normal,-1,0.0,,,-1,-1,edge_1,edge,0.36925,0.44422,0.0,0.63075,0.55578,0.6805,3
528,burst,21,0.43104,edge_2,edge_1-edge_2,2,1,edge_2,edge,0.50858,0.49765,6.4638,0.49142,0.50235,0.8601,4
528,normal,-1,0.0,,,-1,-1,edge_3,edge,0.37608,0.45551,0.0,0.62392,0.54449,0.6805,3
528,normal,-1,0.0,,,-1,-1,edge_4,edge,0.39467,0.49621,0.0,0.60533,0.50379,0.6805,3
528,normal,-1,0.0,,,-1,-1,cloud_0,cloud,0.37119,0.47687,0.0,0.62881,0.52313,0.538,3
529,normal,-1,0.0,,,-1,-1,access_0,access,0.22683,0.24564,0.0,0.77317,0.75436,0.30629,2
529,normal,-1,0.0,,,-1,-1,access_1,access,0.20641,0.24753,0.0,0.79359,0.75247,0.30629,2
529,mixed,157,0.63571,edge_0,access_0-edge_0,1,0,edge_0,edge,0.69465,0.61334,30.78249,0.30535,0.38666,1.36426,4
529,link_congestion,121,0.52595,edge_1,access_0-edge_1,1,0,edge_1,edge,0.47621,0.51424,2.10566,0.52379,0.48576,0.87192,3
529,burst,21,0.43104,edge_2,edge_1-edge_2,2,1,edge_2,edge,0.55369,0.53506,9.07092,0.44631,0.46494,0.899,4
529,normal,-1,0.0,,,-1,-1,edge_3,edge,0.35267,0.4314,0.0,0.64733,0.5686,0.69143,3
529,normal,-1,0.0,,,-1,-1,edge_4,edge,0.40342,0.47731,0.0,0.59658,0.52269,0.69143,3
529,normal,-1,0.0,,,-1,-1,cloud_0,cloud,0.38117,0.4724,0.0,0.61883,0.5276,0.54286,3
530,normal,-1,0.0,,,-1,-1,access_0,access,0.22524,0.2532,0.0,0.77476,0.7468,0.30988,2
530,normal,-1,0.0,,,-1,-1,access_1,access,0.24031,0.24748,0.0,0.75969,0.75252,0.30988,2
530,mixed,157,0.63571,edge_0,access_0-edge_0,1,0,edge_0,edge,0.72272,0.64955,31.42572,0.27728,0.35045,1.35137,4
530,link_congestion,121,0.52595,edge_1,access_0-edge_1,1,0,edge_1,edge,0.48004,0.51814,4.39303,0.51996,0.48186,0.8948,3
530,burst,21,0.43104,edge_2,edge_1-edge_2,2,1,edge_2,edge,0.53361,0.52148,6.90021,0.46639,0.47852,0.9588,4
530,normal,-1,0.0,,,-1,-1,edge_3,edge,0.3379,0.44084,0.0,0.6621,0.55916,0.70154,3
530,normal,-1,0.0,,,-1,-1,edge_4,edge,0.38751,0.45139,0.0,0.61249,0.54861,0.70154,3
530,normal,-1,0.0,,,-1,-1,cloud_0,cloud,0.38676,0.46223,0.0,0.61324,0.53777,0.54735,3
531,normal,-1,0.0,,,-1,-1,access_0,access,0.21104,0.26078,0.0,0.78896,0.73922,0.31292,2
531,normal,-1,0.0,,,-1,-1,access_1,access,0.22083,0.24014,0.0,0.77917,0.75986,0.31292,2
531,mixed,157,0.63571,edge_0,access_0-edge_0,1,0,edge_0,edge,0.63925,0.58192,27.87294,0.36075,0.41808,1.31444,4
531,link_congestion,121,0.52595,edge_1,access_0-edge_1,1,0,edge_1,edge,0.52063,0.54053,8.3004,0.47937,0.45947,0.91372,3
531,burst,21,0.43104,edge_2,edge_1-edge_2,2,1,edge_2,edge,0.50895,0.51335,3.76639,0.49105,0.48665,1.04778,4
531,normal,-1,0.0,,,-1,-1,edge_3,edge,0.36775,0.45475,0.0,0.63225,0.54525,0.7101,3
531,normal,-1,0.0,,,-1,-1,edge_4,edge,0.40655,0.47716,0.0,0.59345,0.52284,0.7101,3
531,normal,-1,0.0,,,-1,-1,cloud_0,cloud,0.39861,0.47949,0.0,0.60139,0.52051,0.55116,3
532,normal,-1,0.0,,,-1,-1,access_0,access,0.21353,0.25581,0.0,0.78647,0.74419,0.31519,2
532,normal,-1,0.0,,,-1,-1,access_1,access,0.22492,0.27949,0.0,0.77508,0.72051,0.31519,2
532,mixed,157,0.63571,edge_0,access_0-edge_0,1,0,edge_0,edge,0.6849,0.60367,28.40973,0.3151,0.39633,1.25905,4
532,link_congestion,121,0.52595,edge_1,access_0-edge_1,1,0,edge_1,edge,0.48127,0.5123,3.78849,0.51873,0.4877,0.92542,3
532,burst,21,0.43104,edge_2,edge_1-edge_2,2,1,edge_2,edge,0.56321,0.54466,7.25275,0.43679,0.45534,1.16511,4
532,mixed,167,0.59318,edge_3,edge_2-edge_3,3,2,edge_3,edge,0.51884,0.51541,16.07058,0.48116,0.48459,1.03323,3
532,normal,-1,0.0,,,-1,-1,edge_4,edge,0.37681,0.46317,0.0,0.62319,0.53683,0.71646,3
532,normal,-1,0.0,,,-1,-1,cloud_0,cloud,0.38654,0.48213,0.0,0.61346,0.51787,0.55398,3
533,normal,-1,0.0,,,-1,-1,access_0,access,0.22724,0.26883,0.0,0.77276,0.73117,0.3165,2
533,normal,-1,0.0,,,-1,-1,access_1,access,0.2304,0.25313,0.0,0.7696,0.74687,0.3165,2
533,mixed,157,0.63571,edge_0,access_0-edge_0,1,0,edge_0,edge,0.63402,0.57355,25.67845,0.36598,0.42645,1.26313,4
533,link_congestion,121,0.52595,edge_1,access_0-edge_1,1,0,edge_1,edge,0.50115,0.48181,6.78221,0.49885,0.51819,0.92786,3
533,burst,21,0.43104,edge_2,edge_1-edge_2,2,1,edge_2,edge,0.57504,0.54235,10.14359,0.42496,0.45765,1.29068,4
533,mixed,167,0.59318,edge_3,edge_2-edge_3,3,2,edge_3,edge,0.56053,0.55741,18.15368,0.43947,0.44259,1.12506,3
533,normal,-1,0.0,,,-1,-1,edge_4,edge,0.37954,0.46423,0.0,0.62046,0.53577,0.72015,3
533,normal,-1,0.0,,,-1,-1,cloud_0,cloud,0.38474,0.47668,0.0,0.61526,0.52332,0.55562,3
534,normal,-1,0.0,,,-1,-1,access_0,access,0.21746,0.2683,0.0,0.78254,0.7317,0.31677,2
534,normal,-1,0.0,,,-1,-1,access_1,access,0.21619,0.24696,0.0,0.78381,0.75304,0.31677,2
534,mixed,157,0.63571,edge_0,access_0-edge_0,1,0,edge_0,edge,0.64136,0.60463,26.5191,0.35864,0.39537,1.31901,4
534,link_congestion,121,0.52595,edge_1,access_0-edge_1,1,0,edge_1,edge,0.47266,0.48049,6.27432,0.52734,0.51951,0.92064,3
534,burst,21,0.43104,edge_2,edge_1-edge_2,2,1,edge_2,edge,0.65449,0.6142,14.42917,0.34551,0.3858,1.38569,4
534,mixed,167,0.59318,edge_3,edge_2-edge_3,3,2,edge_3,edge,0.59881,0.5551,20.67678,0.40119,0.4449,1.23019,3
534,normal,-1,0.0,,,-1,-1,edge_4,edge,0.41726,0.49647,0.0,0.58274,0.50353,0.72091,3
534,normal,-1,0.0,,,-1,-1,cloud_0,cloud,0.38895,0.47915,0.0,0.61105,0.52085,0.55596,3
535,normal,-1,0.0,,,-1,-1,access_0,access,0.2338,0.24179,0.0,0.7662,0.75821,0.31597,2
535,normal,-1,0.0,,,-1,-1,access_1,access,0.24763,0.27629,0.0,0.75237,0.72371,0.31597,2
535,mixed,157,0.63571,edge_0,access_0-edge_0,1,0,edge_0,edge,0.74656,0.62789,31.85091,0.25344,0.37211,1.34027,4
535,link_congestion,121,0.52595,edge_1,access_0-edge_1,1,0,edge_1,edge,0.49863,0.51296,8.06083,0.50137,0.48704,0.90498,3
535,burst,21,0.43104,edge_2,edge_1-edge_2,2,1,edge_2,edge,0.6359,0.56559,13.89643,0.3641,0.43441,1.41059,4
535,mixed,167,0.59318,edge_3,edge_2-edge_3,3,2,edge_3,edge,0.59245,0.57003,22.33645,0.40755,0.42997,1.33117,3
535,normal,-1,0.0,,,-1,-1,edge_4,edge,0.40733,0.51733,0.0,0.59267,0.48267,0.71866,3
535,normal,-1,0.0,,,-1,-1,cloud_0,cloud,0.4063,0.47841,0.0,0.5937,0.52159,0.55496,3
536,normal,-1,0.0,,,-1,-1,access_0,access,0.2279,0.25831,0.0,0.7721,0.74169,0.31416,2
536,normal,-1,0.0,,,-1,-1,access_1,access,0.22556,0.24981,0.0,0.77444,0.75019,0.31416,2
536,mixed,157,0.63571,edge_0,access_0-edge_0,1,0,edge_0,edge,0.68223,0.61126,28.3942,0.31777,0.38874,1.32235,4
536,link_congestion,121,0.52595,edge_1,access_0-edge_1,1,0,edge_1,edge,0.51146,0.53339,7.97231,0.48854,0.46661,0.88362,3
536,burst,21,0.43104,edge_2,edge_1-edge_2,2,1,edge_2,edge,0.61517,0.56535,13.35247,0.38483,0.43465,1.35055,4
536,mixed,167,0.59318,edge_3,edge_2-edge_3,3,2,edge_3,edge,0.69723,0.6203,27.31129,0.30277,0.3797,1.40485,3
536,normal,-1,0.0,,,-1,-1,edge_4,edge,0.37886,0.47891,0.0,0.62114,0.52109,0.71359,3
536,normal,-1,0.0,,,-1,-1,cloud_0,cloud,0.39044,0.47492,0.0,0.60956,0.52508,0.55271,3
537,normal,-1,0.0,,,-1,-1,access_0,access,0.2269,0.25511,0.0,0.7731,0.74489,0.31149,2
537,normal,-1,0.0,,,-1,-1,access_1,access,0.23902,0.26689,0.0,0.76098,0.73311,0.31149,2
537,mixed,157,0.63571,edge_0,access_0-edge_0,1,0,edge_0,edge,0.66177,0.61033,25.81377,0.33823,0.38967,1.27257,4
537,link_congestion,121,0.52595,edge_1,access_0-edge_1,1,0,edge_1,edge,0.48518,0.51229,7.03641,0.51482,0.48771,0.86023,3
537,burst,21,0.43104,edge_2,edge_1-edge_2,2,1,edge_2,edge,0.59612,0.5864,11.23823,0.40388,0.4136,1.22735,4
537,mixed,167,0.59318,edge_3,edge_2-edge_3,3,2,edge_3,edge,0.69427,0.61546,28.13844,0.30573,0.38454,1.43063,3
537,normal,-1,0.0,,,-1,-1,edge_4,edge,0.37121,0.45858,0.0,0.62879,0.54142,0.70606,3
537,normal,-1,0.0,,,-1,-1,cloud_0,cloud,0.39647,0.47644,0.0,0.60353,0.52356,0.54936,3
538,normal,-1,0.0,,,-1,-1,access_0,access,0.23158,0.2521,0.0,0.76842,0.7479,0.30814,2
538,normal,-1,0.0,,,-1,-1,access_1,access,0.21113,0.25304,0.0,0.78887,0.74696,0.30814,2
538,mixed,157,0.63571,edge_0,access_0-edge_0,1,0,edge_0,edge,0.6494,0.57456,22.9686,0.3506,0.42544,1.20636,4
538,link_congestion,121,0.52595,edge_1,access_0-edge_1,1,0,edge_1,edge,0.49841,0.51092,7.15015,0.50159,0.48908,0.83886,3
538,burst,21,0.43104,edge_2,edge_1-edge_2,2,1,edge_2,edge,0.56923,0.56697,10.04214,0.43077,0.43303,1.08614,4
538,mixed,167,0.59318,edge_3,edge_2-edge_3,3,2,edge_3,edge,0.71328,0.60003,29.94072,0.28672,0.39997,1.39977,3
538,normal,-1,0.0,,,-1,-1,edge_4,edge,0.38578,0.46967,0.0,0.61422,0.53033,0.69664,3
538,normal,-1,0.0,,,-1,-1,cloud_0,cloud,0.39808,0.4904,0.0,0.60192,0.5096,0.54517,3
539,normal,-1,0.0,,,-1,-1,access_0,access,0.22122,0.25341,0.0,0.77878,0.74659,0.30436,2
539,normal,-1,0.0,,,-1,-1,access_1,access,0.22024,0.25491,0.0,0.77976,0.74509,0.30436,2
539,node_overload,52,0.61411,edge_0,edge_0-edge_1,3,2,edge_0,edge,0.55826,0.54603,32.3848,0.44174,0.45397,0.88104,4
539,link_congestion,121,0.52595,edge_1,access_0-edge_1,1,0,edge_1,edge,0.49573,0.52806,7.32067,0.50427,0.47194,0.82321,3
539,burst,21,0.43104,edge_2,edge_1-edge_2,2,1,edge_2,edge,0.5139,0.51048,7.17431,0.4861,0.48952,0.96881,4
539,mixed,167,0.59318,edge_3,edge_2-edge_3,3,2,edge_3,edge,0.6465,0.61312,25.57483,0.3535,0.38688,1.32,3
539,normal,-1,0.0,,,-1,-1,edge_4,edge,0.37084,0.46897,0.0,0.62916,0.53103,0.68601,3
539,normal,-1,0.0,,,-1,-1,cloud_0,cloud,0.38033,0.45893,0.0,0.61967,0.54107,0.54045,3
540,normal,-1,0.0,,,-1,-1,access_0,access,0.21064,0.24532,0.0,0.78936,0.75468,0.30044,2
540,normal,-1,0.0,,,-1,-1,access_1,access,0.231,0.25417,0.0,0.769,0.74583,0.30044,2
540,link_congestion,95,0.58341,edge_0,edge_0-edge_1,3,2,edge_0,edge,0.47108,0.48168,4.66489,0.52892,0.51832,0.88226,4
540,link_congestion,121,0.52595,edge_1,access_0-edge_1,1,0,edge_1,edge,0.5058,0.55457,8.0945,0.4942,0.44543,0.81598,3
540,burst,21,0.43104,edge_2,edge_1-edge_2,2,1,edge_2,edge,0.48103,0.51743,2.8832,0.51897,0.48257,0.89547,4
540,mixed,167,0.59318,edge_3,edge_2-edge_3,3,2,edge_3,edge,0.67417,0.55621,27.49061,0.32583,0.44379,1.34443,3
540,normal,-1,0.0,,,-1,-1,edge_4,edge,0.39709,0.46793,0.0,0.60291,0.53207,0.67499,3
540,normal,-1,0.0,,,-1,-1,cloud_0,cloud,0.37979,0.46613,0.0,0.62021,0.53387,0.53555,3
541,normal,-1,0.0,,,-1,-1,access_0,access,0.20345,0.23615,0.0,0.79655,0.76385,0.29666,2
541,normal,-1,0.0,,,-1,-1,access_1,access,0.23115,0.25209,0.0,0.76885,0.74791,0.29666,2
541,link_congestion,95,0.58341,edge_0,edge_0-edge_1,3,2,edge_0,edge,0.4772,0.50581,5.08766,0.5228,0.49419,0.91039,4
541,link_congestion,121,0.52595,edge_1,access_0-edge_1,1,0,edge_1,edge,0.48883,0.49579,6.52516,0.51117,0.50421,0.81842,3
541,burst,21,0.43104,edge_2,edge_1-edge_2,2,1,edge_2,edge,0.48415,0.51136,5.04357,0.51585,0.48864,0.86385,4
541,mixed,167,0.59318,edge_3,edge_2-edge_3,3,2,edge_3,edge,0.69406,0.59264,29.00381,0.30594,0.40736,1.35578,3
541,normal,-1,0.0,,,-1,-1,edge_4,edge,0.37619,0.45551,0.0,0.62381,0.54449,0.66436,3
541,normal,-1,0.0,,,-1,-1,cloud_0,cloud,0.39873,0.47132,0.0,0.60127,0.52868,0.53083,3
542,normal,-1,0.0,,,-1,-1,access_0,access,0.21815,0.24114,0.0,0.78185,0.75886,0.29331,2
542,normal,-1,0.0,,,-1,-1,access_1,access,0.2327,0.25216,0.0,0.7673,0.74784,0.29331,2
542,link_congestion,95,0.58341,edge_0,edge_0-edge_1,3,2,edge_0,edge,0.48677,0.52376,6.63675,0.51323,0.47624,0.93098,4
542,link_congestion,121,0.52595,edge_1,access_0-edge_1,1,0,edge_1,edge,0.49803,0.49247,6.84977,0.50197,0.50753,0.83012,3
542,burst,21,0.43104,edge_2,edge_1-edge_2,2,1,edge_2,edge,0.49497,0.50511,4.16292,0.50503,0.49489,0.8601,4
542,mixed,167,0.59318,edge_3,edge_2-edge_3,3,2,edge_3,edge,0.66513,0.58991,26.71623,0.33487,0.41009,1.328,3
542,normal,-1,0.0,,,-1,-1,edge_4,edge,0.38838,0.4688,0.0,0.61162,0.5312,0.65494,3
542,normal,-1,0.0,,,-1,-1,cloud_0,cloud,0.35466,0.46312,0.0,0.64534,0.53688,0.52664,3
543,normal,-1,0.0,,,-1,-1,access_0,access,0.216,0.24421,0.0,0.784,0.75579,0.29064,2
543,normal,-1,0.0,,,-1,-1,access_1,access,0.22872,0.2383,0.0,0.77128,0.7617,0.29064,2
543,link_congestion,95,0.58341,edge_0,edge_0-edge_1,3,2,edge_0,edge,0.47293,0.53944,6.75364,0.52707,0.46056,0.93851,4
543,link_congestion,121,0.52595,edge_1,access_0-edge_1,1,0,edge_1,edge,0.51446,0.51123,7.74845,0.48554,0.48877,0.84904,3
543,normal,-1,0.0,,,-1,-1,edge_2,edge,0.37937,0.47503,0.0,0.62063,0.52497,0.64741,4
543,mixed,167,0.59318,edge_3,edge_2-edge_3,3,2,edge_3,edge,0.64453,0.58957,25.45011,0.35547,0.41043,1.26653,3
543,normal,-1,0.0,,,-1,-1,edge_4,edge,0.39275,0.47104,0.0,0.60725,0.52896,0.64741,3
543,normal,-1,0.0,,,-1,-1,cloud_0,cloud,0.37177,0.46306,0.0,0.62823,0.53694,0.52329,3
544,normal,-1,0.0,,,-1,-1,access_0,access,0.20765,0.24854,0.0,0.79235,0.75146,0.28883,2
544,normal,-1,0.0,,,-1,-1,access_1,access,0.20827,0.24028,0.0,0.79173,0.75972,0.28883,2
544,link_congestion,95,0.58341,edge_0,edge_0-edge_1,3,2,edge_0,edge,0.51377,0.5075,7.11694,0.48623,0.4925,0.93098,4
544,link_congestion,121,0.52595,edge_1,access_0-edge_1,1,0,edge_1,edge,0.48214,0.51841,5.98366,0.51786,0.48159,0.87192,3
544,normal,-1,0.0,,,-1,-1,edge_2,edge,0.39633,0.46951,0.0,0.60367,0.53049,0.64234,4
544,mixed,167,0.59318,edge_3,edge_2-edge_3,3,2,edge_3,edge,0.63977,0.57351,24.32378,0.36023,0.42649,1.25547,3
544,normal,-1,0.0,,,-1,-1,edge_4,edge,0.40159,0.4861,0.0,0.59841,0.5139,0.64234,3
544,normal,-1,0.0,,,-1,-1,cloud_0,cloud,0.37505,0.46816,0.0,0.62495,0.53184,0.52104,3
545,normal,-1,0.0,,,-1,-1,access_0,access,0.20246,0.2411,0.0,0.79754,0.7589,0.28803,2
545,normal,-1,0.0,,,-1,-1,access_1,access,0.21735,0.24204,0.0,0.78265,0.75796,0.28803,2
545,link_congestion,95,0.58341,edge_0,edge_0-edge_1,3,2,edge_0,edge,0.48588,0.56205,6.832,0.51412,0.43795,0.91039,4
545,normal,-1,0.0,,,-1,-1,edge_1,edge,0.37345,0.46558,0.0,0.62655,0.53442,0.64009,3
545,normal,-1,0.0,,,-1,-1,edge_2,edge,0.38685,0.45852,0.0,0.61315,0.54148,0.64009,4
545,mixed,167,0.59318,edge_3,edge_2-edge_3,3,2,edge_3,edge,0.67948,0.55861,28.13883,0.32052,0.44139,1.3203,3
545,normal,-1,0.0,,,-1,-1,edge_4,edge,0.37765,0.44878,0.0,0.62235,0.55122,0.64009,3
545,normal,-1,0.0,,,-1,-1,cloud_0,cloud,0.35541,0.45576,0.0,0.64459,0.54424,0.52004,3
546,normal,-1,0.0,,,-1,-1,access_0,access,0.21989,0.25017,0.0,0.78011,0.74983,0.2883,2
546,normal,-1,0.0,,,-1,-1,access_1,access,0.22117,0.25256,0.0,0.77883,0.74744,0.2883,2
546,link_congestion,95,0.58341,edge_0,edge_0-edge_1,3,2,edge_0,edge,0.50059,0.52764,9.12163,0.49941,0.47236,0.88226,4
546,normal,-1,0.0,,,-1,-1,edge_1,edge,0.37392,0.47251,0.0,0.62608,0.52749,0.64085,3
546,normal,-1,0.0,,,-1,-1,edge_2,edge,0.38531,0.46858,0.0,0.61469,0.53142,0.64085,4
546,mixed,167,0.59318,edge_3,edge_2-edge_3,3,2,edge_3,edge,0.64693,0.57566,26.28651,0.35307,0.42434,1.32836,3
546,normal,-1,0.0,,,-1,-1,edge_4,edge,0.37629,0.46414,0.0,0.62371,0.53586,0.64085,3
546,normal,-1,0.0,,,-1,-1,cloud_0,cloud,0.37251,0.44879,0.0,0.62749,0.55121,0.52038,3
547,normal,-1,0.0,,,-1,-1,access_0,access,0.20758,0.24799,0.0,0.79242,0.75201,0.28961,2
547,normal,-1,0.0,,,-1,-1,access_1,access,0.20301,0.26788,0.0,0.79699,0.73212,0.28961,2
547,link_congestion,95,0.58341,edge_0,edge_0-edge_1,3,2,edge_0,edge,0.49593,0.5261,6.14854,0.50407,0.4739,0.85414,4
547,link_congestion,114,0.53286,edge_1,edge_1-edge_2,2,1,edge_1,edge,0.46906,0.47688,4.62446,0.53094,0.52312,0.87316,3
547,normal,-1,0.0,,,-1,-1,edge_2,edge,0.42453,0.4787,0.0,0.57547,0.5213,0.64454,4
547,mixed,167,0.59318,edge_3,edge_2-edge_3,3,2,edge_3,edge,0.6616,0.59432,26.36124,0.3384,0.40568,1.27958,3
547,normal,-1,0.0,,,-1,-1,edge_4,edge,0.38918,0.46583,0.0,0.61082,0.53417,0.64454,3
547,normal,-1,0.0,,,-1,-1,cloud_0,cloud,0.37361,0.46291,0.0,0.62639,0.53709,0.52202,3
548,normal,-1,0.0,,,-1,-1,access_0,access,0.22516,0.24617,0.0,0.77484,0.75383,0.29188,2
548,normal,-1,0.0,,,-1,-1,access_1,access,0.21172,0.24141,0.0,0.78828,0.75859,0.29188,2
548,link_congestion,95,0.58341,edge_0,edge_0-edge_1,3,2,edge_0,edge,0.49095,0.527,7.15087,0.50905,0.473,0.83355,4
548,link_congestion,114,0.53286,edge_1,edge_1-edge_2,2,1,edge_1,edge,0.47023,0.49223,5.32628,0.52977,0.50777,0.8924,3
548,burst,17,0.4699,edge_2,edge_1-edge_2,2,1,edge_2,edge,0.45716,0.51101,3.67579,0.54284,0.48899,0.8671,4
548,mixed,167,0.59318,edge_3,edge_2-edge_3,3,2,edge_3,edge,0.62554,0.56888,22.21589,0.37446,0.43112,1.19871,3
548,normal,-1,0.0,,,-1,-1,edge_4,edge,0.37921,0.46379,0.0,0.62079,0.53621,0.6509,3
548,normal,-1,0.0,,,-1,-1,cloud_0,cloud,0.3924,0.46089,0.0,0.6076,0.53911,0.52484,3
549,normal,-1,0.0,,,-1,-1,access_0,access,0.21974,0.2462,0.0,0.78026,0.7538,0.29492,2
549,normal,-1,0.0,,,-1,-1,access_1,access,0.23346,0.25137,0.0,0.76654,0.74863,0.29492,2
549,link_congestion,95,0.58341,edge_0,edge_0-edge_1,3,2,edge_0,edge,0.51054,0.5339,7.01753,0.48946,0.4661,0.82601,4
549,link_congestion,114,0.53286,edge_1,edge_1-edge_2,2,1,edge_1,edge,0.54814,0.56275,8.15352,0.45186,0.43725,0.90932,3
549,burst,17,0.4699,edge_2,edge_1-edge_2,2,1,edge_2,edge,0.52248,0.51513,6.88274,0.47752,0.48487,0.94837,4
549,mixed,151,0.54716,edge_3,edge_2-edge_3,3,2,edge_3,edge,0.60194,0.58442,21.75508,0.39806,0.41558,1.23176,3
549,normal,-1,0.0,,,-1,-1,edge_4,edge,0.37567,0.46365,0.0,0.62433,0.53635,0.65946,3
549,normal,-1,0.0,,,-1,-1,cloud_0,cloud,0.37619,0.44907,0.0,0.62381,0.55093,0.52865,3
550,normal,-1,0.0,,,-1,-1,access_0,access,0.22008,0.26778,0.0,0.77992,0.73222,0.29851,2
550,normal,-1,0.0,,,-1,-1,access_1,access,0.20857,0.25145,0.0,0.79143,0.74855,0.29851,2
550,link_congestion,95,0.58341,edge_0,edge_0-edge_1,3,2,edge_0,edge,0.47584,0.49932,5.35345,0.52416,0.50068,0.83355,4
550,link_congestion,114,0.53286,edge_1,edge_1-edge_2,2,1,edge_1,edge,0.51673,0.51681,6.24986,0.48327,0.48319,0.92188,3
550,burst,17,0.4699,edge_2,edge_1-edge_2,2,1,edge_2,edge,0.56007,0.523,8.93355,0.43993,0.477,1.11063,4
550,mixed,151,0.54716,edge_3,edge_2-edge_3,3,2,edge_3,edge,0.66288,0.57801,24.65913,0.33712,0.42199,1.28698,3
550,normal,-1,0.0,,,-1,-1,edge_4,edge,0.39705,0.45508,0.0,0.60295,0.54492,0.66957,3
550,normal,-1,0.0,,,-1,-1,cloud_0,cloud,0.39247,0.46828,0.0,0.60753,0.53172,0.53314,3
551,normal,-1,0.0,,,-1,-1,access_0,access,0.21879,0.28248,0.0,0.78121,0.71752,0.3024,2
551,normal,-1,0.0,,,-1,-1,access_1,access,0.22731,0.26236,0.0,0.77269,0.73764,0.3024,2
551,link_congestion,95,0.58341,edge_0,edge_0-edge_1,3,2,edge_0,edge,0.4803,0.51953,5.68031,0.5197,0.48047,0.85414,4
551,link_congestion,114,0.53286,edge_1,edge_1-edge_2,2,1,edge_1,edge,0.50852,0.5314,6.4336,0.49148,0.4686,0.92856,3
551,burst,17,0.4699,edge_2,edge_1-edge_2,2,1,edge_2,edge,0.6106,0.58284,13.1879,0.3894,0.41716,1.32603,4
551,mixed,151,0.54716,edge_3,edge_2-edge_3,3,2,edge_3,edge,0.62235,0.59254,22.0696,0.37765,0.40746,1.31906,3
551,normal,-1,0.0,,,-1,-1,edge_4,edge,0.35756,0.44686,0.0,0.64244,0.55314,0.6805,3
551,normal,-1,0.0,,,-1,-1,cloud_0,cloud,0.39221,0.46263,0.0,0.60779,0.53737,0.538,3
552,normal,-1,0.0,,,-1,-1,access_0,access,0.23202,0.25096,0.0,0.76798,0.74904,0.3024,2
552,normal,-1,0.0,,,-1,-1,access_1,access,0.22602,0.2597,0.0,0.77398,0.7403,0.3024,2
552,link_congestion,95,0.58341,edge_0,edge_0-edge_1,3,2,edge_0,edge,0.43698,0.53061,4.5743,0.56302,0.46939,0.88226,4
552,link_congestion,114,0.53286,edge_1,edge_1-edge_2,2,1,edge_1,edge,0.49493,0.5002,6.79335,0.50507,0.4998,0.92856,3
552,burst,17,0.4699,edge_2,edge_1-edge_2,2,1,edge_2,edge,0.62922,0.58453,13.56998,0.37078,0.41547,1.41758,4
552,mixed,151,0.54716,edge_3,edge_2-edge_3,3,2,edge_3,edge,0.65751,0.56578,25.82017,0.34249,0.43422,1.32183,3
552,normal,-1,0.0,,,-1,-1,edge_4,edge,0.36463,0.44418,0.0,0.63537,0.55582,0.6805,3
552,normal,-1,0.0,,,-1,-1,cloud_0,cloud,0.37367,0.46565,0.0,0.62633,0.53435,0.538,3
553,normal,-1,0.0,,,-1,-1,access_0,access,0.22489,0.27068,0.0,0.77511,0.72932,0.30629,2
553,normal,-1,0.0,,,-1,-1,access_1,access,0.20277,0.24782,0.0,0.79723,0.75218,0.30629,2
553,node_overload,40,0.39205,edge_0,edge_0-edge_1,3,2,edge_0,edge,0.53282,0.55549,23.50035,0.46718,0.44451,0.79652,4
553,link_congestion,114,0.53286,edge_1,edge_1-edge_2,2,1,edge_1,edge,0.51551,0.5444,8.07403,0.48449,0.4556,0.92188,3
553,burst,17,0.4699,edge_2,edge_1-edge_2,2,1,edge_2,edge,0.58528,0.55691,10.65009,0.41472,0.44309,1.26875,4
553,mixed,151,0.54716,edge_3,edge_2-edge_3,3,2,edge_3,edge,0.63548,0.57363,24.71564,0.36452,0.42637,1.29597,3
553,normal,-1,0.0,,,-1,-1,edge_4,edge,0.37087,0.46475,0.0,0.62913,0.53525,0.69143,3
553,normal,-1,0.0,,,-1,-1,cloud_0,cloud,0.39248,0.47142,0.0,0.60752,0.52858,0.54286,3
554,normal,-1,0.0,,,-1,-1,access_0,access,0.22536,0.25509,0.0,0.77464,0.74491,0.30988,2
554,normal,-1,0.0,,,-1,-1,access_1,access,0.21783,0.24168,0.0,0.78217,0.75832,0.30988,2
554,node_overload,40,0.39205,edge_0,edge_0-edge_1,3,2,edge_0,edge,0.48408,0.53037,18.40882,0.51592,0.46963,0.84107,4
554,link_congestion,114,0.53286,edge_1,edge_1-edge_2,2,1,edge_1,edge,0.51987,0.52338,7.83901,0.48013,0.47662,0.90932,3
554,burst,17,0.4699,edge_2,edge_1-edge_2,2,1,edge_2,edge,0.50695,0.51188,6.61033,0.49305,0.48812,1.02963,4
554,mixed,151,0.54716,edge_3,edge_2-edge_3,3,2,edge_3,edge,0.63354,0.56842,21.75003,0.36646,0.43158,1.24855,3
554,normal,-1,0.0,,,-1,-1,edge_4,edge,0.37354,0.44839,0.0,0.62646,0.55161,0.70154,3
554,normal,-1,0.0,,,-1,-1,cloud_0,cloud,0.39446,0.47412,0.0,0.60554,0.52588,0.54735,3
555,normal,-1,0.0,,,-1,-1,access_0,access,0.22696,0.2556,0.0,0.77304,0.7444,0.31292,2
555,normal,-1,0.0,,,-1,-1,access_1,access,0.23497,0.26116,0.0,0.76503,0.73884,0.31292,2
555,normal,-1,0.0,,,-1,-1,edge_0,edge,0.34274,0.46097,0.0,0.65726,0.53903,0.7101,4
555,link_congestion,114,0.53286,edge_1,edge_1-edge_2,2,1,edge_1,edge,0.49362,0.51031,5.77955,0.50638,0.48969,0.8924,3
555,burst,17,0.4699,edge_2,edge_1-edge_2,2,1,edge_2,edge,0.50452,0.49649,5.08777,0.49548,0.50351,0.89109,4
555,mixed,151,0.54716,edge_3,edge_2-edge_3,3,2,edge_3,edge,0.56354,0.51503,18.66188,0.43646,0.48497,1.19042,3
555,normal,-1,0.0,,,-1,-1,edge_4,edge,0.37563,0.46398,0.0,0.62437,0.53602,0.7101,3
555,normal,-1,0.0,,,-1,-1,cloud_0,cloud,0.40298,0.47316,0.0,0.59702,0.52684,0.55116,3
556,normal,-1,0.0,,,-1,-1,access_0,access,0.23264,0.23651,0.0,0.76736,0.76349,0.31519,2
556,normal,-1,0.0,,,-1,-1,access_1,access,0.24795,0.26758,0.0,0.75205,0.73242,0.31519,2
556,normal,-1,0.0,,,-1,-1,edge_0,edge,0.36045,0.45266,0.0,0.63955,0.54734,0.71646,4
556,link_congestion,114,0.53286,edge_1,edge_1-edge_2,2,1,edge_1,edge,0.47392,0.51532,4.82214,0.52608,0.48468,0.87316,3
556,burst,17,0.4699,edge_2,edge_1-edge_2,2,1,edge_2,edge,0.47511,0.47141,5.72265,0.52489,0.52859,0.8671,4
556,normal,-1,0.0,,,-1,-1,edge_3,edge,0.37499,0.45686,0.0,0.62501,0.54314,0.71646,3
556,normal,-1,0.0,,,-1,-1,edge_4,edge,0.39291,0.45748,0.0,0.60709,0.54252,0.71646,3
556,normal,-1,0.0,,,-1,-1,cloud_0,cloud,0.39406,0.47121,0.0,0.60594,0.52879,0.55398,3
557,normal,-1,0.0,,,-1,-1,access_0,access,0.21096,0.25882,0.0,0.78904,0.74118,0.3165,2
557,normal,-1,0.0,,,-1,-1,access_1,access,0.21864,0.26602,0.0,0.78136,0.73398,0.3165,2
557,normal,-1,0.0,,,-1,-1,edge_0,edge,0.36277,0.45305,0.0,0.63723,0.54695,0.72015,4
557,link_congestion,114,0.53286,edge_1,edge_1-edge_2,2,1,edge_1,edge,0.49802,0.51392,6.24309,0.50198,0.48608,0.85393,3
557,normal,-1,0.0,,,-1,-1,edge_2,edge,0.4206,0.47451,0.0,0.5794,0.52549,0.72015,4
557,normal,-1,0.0,,,-1,-1,edge_3,edge,0.40102,0.47557,0.0,0.59898,0.52443,0.72015,3
557,normal,-1,0.0,,,-1,-1,edge_4,edge,0.38912,0.47728,0.0,0.61088,0.52272,0.72015,3
557,normal,-1,0.0,,,-1,-1,cloud_0,cloud,0.4236,0.48246,0.0,0.5764,0.51754,0.55562,3
558,normal,-1,0.0,,,-1,-1,access_0,access,0.24402,0.26723,0.0,0.75598,0.73277,0.31677,2
558,normal,-1,0.0,,,-1,-1,access_1,access,0.21196,0.25688,0.0,0.78804,0.74312,0.31677,2
558,normal,-1,0.0,,,-1,-1,edge_0,edge,0.33971,0.43104,0.0,0.66029,0.56896,0.72091,4
558,link_congestion,114,0.53286,edge_1,edge_1-edge_2,2,1,edge_1,edge,0.50213,0.48094,7.2919,0.49787,0.51906,0.83701,3
558,normal,-1,0.0,,,-1,-1,edge_2,edge,0.42571,0.49933,0.0,0.57429,0.50067,0.72091,4
558,normal,-1,0.0,,,-1,-1,edge_3,edge,0.36452,0.44084,0.0,0.63548,0.55916,0.72091,3
558,normal,-1,0.0,,,-1,-1,edge_4,edge,0.39992,0.46464,0.0,0.60008,0.53536,0.72091,3
558,normal,-1,0.0,,,-1,-1,cloud_0,cloud,0.4045,0.45752,0.0,0.5955,0.54248,0.55596,3
559,normal,-1,0.0,,,-1,-1,access_0,access,0.22987,0.25404,0.0,0.77013,0.74596,0.31597,2
559,normal,-1,0.0,,,-1,-1,access_1,access,0.22625,0.25036,0.0,0.77375,0.74964,0.31597,2
559,normal,-1,0.0,,,-1,-1,edge_0,edge,0.37185,0.44518,0.0,0.62815,0.55482,0.71866,4
559,link_congestion,114,0.53286,edge_1,edge_1-edge_2,2,1,edge_1,edge,0.49223,0.52771,6.7748,0.50777,0.47229,0.82445,3
559,normal,-1,0.0,,,-1,-1,edge_2,edge,0.42435,0.5033,0.0,0.57565,0.4967,0.71866,4
559,normal,-1,0.0,,,-1,-1,edge_3,edge,0.35063,0.44447,0.0,0.64937,0.55553,0.71866,3
559,normal,-1,0.0,,,-1,-1,edge_4,edge,0.42468,0.47559,0.0,0.57532,0.52441,0.71866,3
559,normal,-1,0.0,,,-1,-1,cloud_0,cloud,0.3906,0.4839,0.0,0.6094,0.5161,0.55496,3
560,normal,-1,0.0,,,-1,-1,access_0,access,0.23301,0.26087,0.0,0.76699,0.73913,0.31416,2
560,normal,-1,0.0,,,-1,-1,access_1,access,0.22867,0.25951,0.0,0.77133,0.74049,0.31416,2
560,normal,-1,0.0,,,-1,-1,edge_0,edge,0.36603,0.43169,0.0,0.63397,0.56831,0.71359,4
560,link_congestion,114,0.53286,edge_1,edge_1-edge_2,2,1,edge_1,edge,0.50379,0.5434,7.36539,0.49621,0.4566,0.81777,3
560,normal,-1,0.0,,,-1,-1,edge_2,edge,0.3987,0.48531,0.0,0.6013,0.51469,0.71359,4
560,normal,-1,0.0,,,-1,-1,edge_3,edge,0.36793,0.45232,0.0,0.63207,0.54768,0.71359,3
560,normal,-1,0.0,,,-1,-1,edge_4,edge,0.40192,0.46844,0.0,0.59808,0.53156,0.71359,3
560,normal,-1,0.0,,,-1,-1,cloud_0,cloud,0.39861,0.47876,0.0,0.60139,0.52124,0.55271,3
561,normal,-1,0.0,,,-1,-1,access_0,access,0.20849,0.2552,0.0,0.79151,0.7448,0.31149,2
561,normal,-1,0.0,,,-1,-1,access_1,access,0.22565,0.26911,0.0,0.77435,0.73089,0.31149,2
561,normal,-1,0.0,,,-1,-1,edge_0,edge,0.34738,0.43014,0.0,0.65262,0.56986,0.70606,4
561,link_congestion,114,0.53286,edge_1,edge_1-edge_2,2,1,edge_1,edge,0.49228,0.50746,8.35059,0.50772,0.49254,0.81777,3
561,normal,-1,0.0,,,-1,-1,edge_2,edge,0.39718,0.49247,0.0,0.60282,0.50753,0.70606,4
561,normal,-1,0.0,,,-1,-1,edge_3,edge,0.36736,0.46596,0.0,0.63264,0.53404,0.70606,3
561,normal,-1,0.0,,,-1,-1,edge_4,edge,0.38519,0.48018,0.0,0.61481,0.51982,0.70606,3
561,normal,-1,0.0,,,-1,-1,cloud_0,cloud,0.37291,0.4796,0.0,0.62709,0.5204,0.54936,3
562,normal,-1,0.0,,,-1,-1,access_0,access,0.2243,0.26295,0.0,0.7757,0.73705,0.30814,2
562,normal,-1,0.0,,,-1,-1,access_1,access,0.2223,0.24431,0.0,0.7777,0.75569,0.30814,2
562,normal,-1,0.0,,,-1,-1,edge_0,edge,0.35593,0.45267,0.0,0.64407,0.54733,0.69664,4
562,link_congestion,114,0.53286,edge_1,edge_1-edge_2,2,1,edge_1,edge,0.49214,0.51174,7.16251,0.50786,0.48826,0.82445,3
562,normal,-1,0.0,,,-1,-1,edge_2,edge,0.41852,0.46595,0.0,0.58148,0.53405,0.69664,4
562,normal,-1,0.0,,,-1,-1,edge_3,edge,0.38592,0.4822,0.0,0.61408,0.5178,0.69664,3
562,burst,19,0.56347,edge_4,edge_3-edge_4,4,3,edge_4,edge,0.48392,0.51649,4.39968,0.51608,0.48351,0.88394,3
562,normal,-1,0.0,,,-1,-1,cloud_0,cloud,0.38972,0.46565,0.0,0.61028,0.53435,0.54517,3
563,normal,-1,0.0,,,-1,-1,access_0,access,0.19851,0.25234,0.0,0.80149,0.74766,0.30436,2
563,normal,-1,0.0,,,-1,-1,access_1,access,0.22965,0.25466,0.0,0.77035,0.74534,0.30436,2
563,normal,-1,0.0,,,-1,-1,edge_0,edge,0.35214,0.44045,0.0,0.64786,0.55955,0.68601,4
563,link_congestion,114,0.53286,edge_1,edge_1-edge_2,2,1,edge_1,edge,0.47941,0.52179,5.78917,0.52059,0.47821,0.83701,3
563,normal,-1,0.0,,,-1,-1,edge_2,edge,0.4108,0.48333,0.0,0.5892,0.51667,0.68601,4
563,normal,-1,0.0,,,-1,-1,edge_3,edge,0.35997,0.46448,0.0,0.64003,0.53552,0.68601,3
563,burst,19,0.56347,edge_4,edge_3-edge_4,4,3,edge_4,edge,0.48149,0.50833,6.07728,0.51851,0.49167,0.90564,3
563,normal,-1,0.0,,,-1,-1,cloud_0,cloud,0.38178,0.4761,0.0,0.61822,0.5239,0.54045,3
564,normal,-1,0.0,,,-1,-1,access_0,access,0.22506,0.25148,0.0,0.77494,0.74852,0.30044,2
564,normal,-1,0.0,,,-1,-1,access_1,access,0.23151,0.25013,0.0,0.76849,0.74987,0.30044,2
564,normal,-1,0.0,,,-1,-1,edge_0,edge,0.37204,0.46512,0.0,0.62796,0.53488,0.67499,4
564,link_congestion,114,0.53286,edge_1,edge_1-edge_2,2,1,edge_1,edge,0.48244,0.52527,5.35433,0.51756,0.47473,0.85393,3
564,normal,-1,0.0,,,-1,-1,edge_2,edge,0.40427,0.49023,0.0,0.59573,0.50977,0.67499,4
564,normal,-1,0.0,,,-1,-1,edge_3,edge,0.33338,0.43742,0.0,0.66662,0.56258,0.67499,3
564,burst,19,0.56347,edge_4,edge_3-edge_4,4,3,edge_4,edge,0.49477,0.56025,6.73334,0.50523,0.43975,0.93373,3
564,normal,-1,0.0,,,-1,-1,cloud_0,cloud,0.38811,0.46619,0.0,0.61189,0.53381,0.53555,3
565,normal,-1,0.0,,,-1,-1,access_0,access,0.22793,0.24997,0.0,0.77207,0.75003,0.29666,2
565,normal,-1,0.0,,,-1,-1,access_1,access,0.22443,0.25698,0.0,0.77557,0.74302,0.29666,2
565,link_congestion,135,0.42709,edge_0,edge_0-edge_1,3,2,edge_0,edge,0.43819,0.46577,2.17006,0.56181,0.53423,0.85413,4
565,link_congestion,114,0.53286,edge_1,edge_1-edge_2,2,1,edge_1,edge,0.48673,0.52504,5.64618,0.51327,0.47496,0.87316,3
565,normal,-1,0.0,,,-1,-1,edge_2,edge,0.42543,0.47257,0.0,0.57457,0.52743,0.66436,4
565,normal,-1,0.0,,,-1,-1,edge_3,edge,0.3357,0.44013,0.0,0.6643,0.55987,0.66436,3
565,burst,19,0.56347,edge_4,edge_3-edge_4,4,3,edge_4,edge,0.54381,0.56864,8.62479,0.45619,0.43136,0.97032,3
565,normal,-1,0.0,,,-1,-1,cloud_0,cloud,0.39323,0.45533,0.0,0.60677,0.54467,0.53083,3
566,normal,-1,0.0,,,-1,-1,access_0,access,0.21571,0.24942,0.0,0.78429,0.75058,0.29331,2
566,normal,-1,0.0,,,-1,-1,access_1,access,0.20974,0.25278,0.0,0.79026,0.74722,0.29331,2
566,link_congestion,135,0.42709,edge_0,edge_0-edge_1,3,2,edge_0,edge,0.45996,0.52268,2.20198,0.54004,0.47732,0.87336,4
566,normal,-1,0.0,,,-1,-1,edge_1,edge,0.38471,0.45122,0.0,0.61529,0.54878,0.65494,3
566,normal,-1,0.0,,,-1,-1,edge_2,edge,0.40691,0.47138,0.0,0.59309,0.52862,0.65494,4
566,normal,-1,0.0,,,-1,-1,edge_3,edge,0.34446,0.43946,0.0,0.65554,0.56054,0.65494,3
566,burst,19,0.56347,edge_4,edge_3-edge_4,4,3,edge_4,edge,0.52819,0.55162,8.61629,0.47181,0.44838,1.01745,3
566,normal,-1,0.0,,,-1,-1,cloud_0,cloud,0.37821,0.46211,0.0,0.62179,0.53789,0.52664,3
567,normal,-1,0.0,,,-1,-1,access_0,access,0.20819,0.24761,0.0,0.79181,0.75239,0.29064,2
567,normal,-1,0.0,,,-1,-1,access_1,access,0.21135,0.24832,0.0,0.78865,0.75168,0.29064,2
567,link_congestion,135,0.42709,edge_0,edge_0-edge_1,3,2,edge_0,edge,0.46653,0.48009,2.68052,0.53347,0.51991,0.89028,4
567,normal,-1,0.0,,,-1,-1,edge_1,edge,0.38199,0.46413,0.0,0.61801,0.53587,0.64741,3
567,normal,-1,0.0,,,-1,-1,edge_2,edge,0.40207,0.4675,0.0,0.59793,0.5325,0.64741,4
567,normal,-1,0.0,,,-1,-1,edge_3,edge,0.33127,0.44725,0.0,0.66873,0.55275,0.64741,3
567,burst,19,0.56347,edge_4,edge_3-edge_4,4,3,edge_4,edge,0.53075,0.55538,8.6917,0.46925,0.44462,1.0762,3
567,normal,-1,0.0,,,-1,-1,cloud_0,cloud,0.37514,0.45343,0.0,0.62486,0.54657,0.52329,3
568,normal,-1,0.0,,,-1,-1,access_0,access,0.22607,0.25511,0.0,0.77393,0.74489,0.28883,2
568,normal,-1,0.0,,,-1,-1,access_1,access,0.20155,0.24853,0.0,0.79845,0.75147,0.28883,2
568,link_congestion,135,0.42709,edge_0,edge_0-edge_1,3,2,edge_0,edge,0.41793,0.46014,0.0,0.58207,0.53986,0.90284,4
568,normal,-1,0.0,,,-1,-1,edge_1,edge,0.38709,0.46519,0.0,0.61291,0.53481,0.64234,3
568,normal,-1,0.0,,,-1,-1,edge_2,edge,0.39291,0.46587,0.0,0.60709,0.53413,0.64234,4
568,normal,-1,0.0,,,-1,-1,edge_3,edge,0.36809,0.47108,0.0,0.63191,0.52892,0.64234,3
568,burst,19,0.56347,edge_4,edge_3-edge_4,4,3,edge_4,edge,0.56304,0.56068,10.40886,0.43696,0.43932,1.14571,3
568,normal,-1,0.0,,,-1,-1,cloud_0,cloud,0.37298,0.46653,0.0,0.62702,0.53347,0.52104,3
569,normal,-1,0.0,,,-1,-1,access_0,access,0.21771,0.2331,0.0,0.78229,0.7669,0.28803,2
569,normal,-1,0.0,,,-1,-1,access_1,access,0.21405,0.25756,0.0,0.78595,0.74244,0.28803,2
569,link_congestion,135,0.42709,edge_0,edge_0-edge_1,3,2,edge_0,edge,0.42594,0.47899,1.77423,0.57406,0.52101,0.90952,4
569,normal,-1,0.0,,,-1,-1,edge_1,edge,0.37526,0.45358,0.0,0.62474,0.54642,0.64009,3
569,normal,-1,0.0,,,-1,-1,edge_2,edge,0.38244,0.45492,0.0,0.61756,0.54508,0.64009,4
569,normal,-1,0.0,,,-1,-1,edge_3,edge,0.3154,0.43177,0.0,0.6846,0.56823,0.64009,3
569,burst,19,0.56347,edge_4,edge_3-edge_4,4,3,edge_4,edge,0.55973,0.55141,9.5536,0.44027,0.44859,1.22223,3
569,normal,-1,0.0,,,-1,-1,cloud_0,cloud,0.36512,0.45463,0.0,0.63488,0.54537,0.52004,3
570,normal,-1,0.0,,,-1,-1,access_0,access,0.21435,0.2463,0.0,0.78565,0.7537,0.2883,2
570,normal,-1,0.0,,,-1,-1,access_1,access,0.20056,0.26203,0.0,0.79944,0.73797,0.2883,2
570,link_congestion,135,0.42709,edge_0,edge_0-edge_1,3,2,edge_0,edge,0.44587,0.51867,2.97412,0.55413,0.48133,0.90952,4
570,link_congestion,117,0.45885,edge_1,access_0-edge_1,1,0,edge_1,edge,0.46105,0.49819,3.08289,0.53895,0.50181,0.85984,3
570,normal,-1,0.0,,,-1,-1,edge_2,edge,0.39551,0.45674,0.0,0.60449,0.54326,0.64085,4
570,normal,-1,0.0,,,-1,-1,edge_3,edge,0.33863,0.43583,0.0,0.66137,0.56417,0.64085,3
570,burst,19,0.56347,edge_4,edge_3-edge_4,4,3,edge_4,edge,0.61418,0.56763,15.96991,0.38582,0.43237,1.29893,3
570,normal,-1,0.0,,,-1,-1,cloud_0,cloud,0.37581,0.43807,0.0,0.62419,0.56193,0.52038,3
571,normal,-1,0.0,,,-1,-1,access_0,access,0.21857,0.23416,0.0,0.78143,0.76584,0.28961,2
571,normal,-1,0.0,,,-1,-1,access_1,access,0.21271,0.23665,0.0,0.78729,0.76335,0.28961,2
571,link_congestion,135,0.42709,edge_0,edge_0-edge_1,3,2,edge_0,edge,0.43203,0.48345,2.24156,0.56797,0.51655,0.90284,4
571,link_congestion,117,0.45885,edge_1,access_0-edge_1,1,0,edge_1,edge,0.46027,0.53015,1.52879,0.53973,0.46985,0.88016,3
571,normal,-1,0.0,,,-1,-1,edge_2,edge,0.42045,0.4877,0.0,0.57955,0.5123,0.64454,4
571,normal,-1,0.0,,,-1,-1,edge_3,edge,0.33796,0.4494,0.0,0.66204,0.5506,0.64454,3
571,burst,19,0.56347,edge_4,edge_3-edge_4,4,3,edge_4,edge,0.57451,0.59081,11.26512,0.42549,0.40919,1.36649,3
571,normal,-1,0.0,,,-1,-1,cloud_0,cloud,0.39089,0.47155,0.0,0.60911,0.52845,0.52202,3
572,normal,-1,0.0,,,-1,-1,access_0,access,0.21084,0.25549,0.0,0.78916,0.74451,0.29188,2
572,normal,-1,0.0,,,-1,-1,access_1,access,0.22067,0.25782,0.0,0.77933,0.74218,0.29188,2
572,link_congestion,135,0.42709,edge_0,edge_0-edge_1,3,2,edge_0,edge,0.44401,0.49823,3.0494,0.55599,0.50177,0.89028,4
572,link_congestion,117,0.45885,edge_1,access_0-edge_1,1,0,edge_1,edge,0.49189,0.53323,4.7525,0.50811,0.46677,0.89774,3
572,normal,-1,0.0,,,-1,-1,edge_2,edge,0.39575,0.4743,0.0,0.60425,0.5257,0.6509,4
572,normal,-1,0.0,,,-1,-1,edge_3,edge,0.31854,0.44414,0.0,0.68146,0.55586,0.6509,3
572,burst,19,0.56347,edge_4,edge_3-edge_4,4,3,edge_4,edge,0.6128,0.59339,14.39822,0.3872,0.40661,1.41493,3
572,normal,-1,0.0,,,-1,-1,cloud_0,cloud,0.39365,0.46405,0.0,0.60635,0.53595,0.52484,3
573,normal,-1,0.0,,,-1,-1,access_0,access,0.21331,0.24422,0.0,0.78669,0.75578,0.29492,2
573,normal,-1,0.0,,,-1,-1,access_1,access,0.21529,0.24617,0.0,0.78471,0.75383,0.29492,2
573,link_congestion,135,0.42709,edge_0,edge_0-edge_1,3,2,edge_0,edge,0.46284,0.49669,3.07212,0.53716,0.50331,0.87336,4
573,link_congestion,117,0.45885,edge_1,access_0-edge_1,1,0,edge_1,edge,0.47047,0.51642,3.11405,0.52953,0.48358,0.9102,3
573,normal,-1,0.0,,,-1,-1,edge_2,edge,0.41705,0.48779,0.0,0.58295,0.51221,0.65946,4
573,normal,-1,0.0,,,-1,-1,edge_3,edge,0.34399,0.44291,0.0,0.65601,0.55709,0.65946,3
573,burst,19,0.56347,edge_4,edge_3-edge_4,4,3,edge_4,edge,0.65406,0.58652,17.41053,0.34594,0.41348,1.43586,3
573,normal,-1,0.0,,,-1,-1,cloud_0,cloud,0.37996,0.46493,0.0,0.62004,0.53507,0.52865,3
574,normal,-1,0.0,,,-1,-1,access_0,access,0.21487,0.25573,0.0,0.78513,0.74427,0.29851,2
574,normal,-1,0.0,,,-1,-1,access_1,access,0.19806,0.26038,0.0,0.80194,0.73962,0.29851,2
574,link_congestion,135,0.42709,edge_0,edge_0-edge_1,3,2,edge_0,edge,0.47868,0.52082,4.0894,0.52132,0.47918,0.85413,4
574,link_congestion,117,0.45885,edge_1,access_0-edge_1,1,0,edge_1,edge,0.4721,0.53643,5.49235,0.5279,0.46357,0.91585,3
574,normal,-1,0.0,,,-1,-1,edge_2,edge,0.42855,0.48688,0.0,0.57145,0.51312,0.66957,4
574,normal,-1,0.0,,,-1,-1,edge_3,edge,0.34888,0.44104,0.0,0.65112,0.55896,0.66957,3
574,burst,19,0.56347,edge_4,edge_3-edge_4,4,3,edge_4,edge,0.65108,0.59186,18.29384,0.34892,0.40814,1.42483,3
574,normal,-1,0.0,,,-1,-1,cloud_0,cloud,0.36595,0.46497,0.0,0.63405,0.53503,0.53314,3
575,normal,-1,0.0,,,-1,-1,access_0,access,0.23371,0.24415,0.0,0.76629,0.75585,0.3024,2
575,normal,-1,0.0,,,-1,-1,access_1,access,0.23221,0.26753,0.0,0.76779,0.73247,0.3024,2
575,link_congestion,135,0.42709,edge_0,edge_0-edge_1,3,2,edge_0,edge,0.45926,0.49057,1.12526,0.54074,0.50943,0.83489,4
575,link_congestion,117,0.45885,edge_1,access_0-edge_1,1,0,edge_1,edge,0.48751,0.52825,4.8469,0.51249,0.47175,0.91395,3
575,normal,-1,0.0,,,-1,-1,edge_2,edge,0.40313,0.47555,0.0,0.59687,0.52445,0.6805,4
575,normal,-1,0.0,,,-1,-1,edge_3,edge,0.36248,0.45387,0.0,0.63752,0.54613,0.6805,3
575,burst,19,0.56347,edge_4,edge_3-edge_4,4,3,edge_4,edge,0.60247,0.55749,12.93778,0.39753,0.44251,1.38266,3
575,normal,-1,0.0,,,-1,-1,cloud_0,cloud,0.39536,0.46932,0.0,0.60464,0.53068,0.538,3
576,normal,-1,0.0,,,-1,-1,access_0,access,0.21252,0.25201,0.0,0.78748,0.74799,0.3024,2
576,normal,-1,0.0,,,-1,-1,access_1,access,0.21627,0.25591,0.0,0.78373,0.74409,0.3024,2
576,link_congestion,135,0.42709,edge_0,edge_0-edge_1,3,2,edge_0,edge,0.4331,0.50229,1.8763,0.5669,0.49771,0.81797,4
576,link_congestion,117,0.45885,edge_1,access_0-edge_1,1,0,edge_1,edge,0.51191,0.54517,7.15254,0.48809,0.45483,0.90473,3
576,normal,-1,0.0,,,-1,-1,edge_2,edge,0.4068,0.4962,0.0,0.5932,0.5038,0.6805,4
576,normal,-1,0.0,,,-1,-1,edge_3,edge,0.3594,0.44236,0.0,0.6406,0.55764,0.6805,3
576,burst,19,0.56347,edge_4,edge_3-edge_4,4,3,edge_4,edge,0.58238,0.55789,11.30904,0.41762,0.44211,1.31538,3
576,normal,-1,0.0,,,-1,-1,cloud_0,cloud,0.38848,0.45699,0.0,0.61152,0.54301,0.538,3
577,normal,-1,0.0,,,-1,-1,access_0,access,0.21778,0.25855,0.0,0.78222,0.74145,0.30629,2
577,normal,-1,0.0,,,-1,-1,access_1,access,0.23054,0.2659,0.0,0.76946,0.7341,0.30629,2
577,link_congestion,135,0.42709,edge_0,edge_0-edge_1,3,2,edge_0,edge,0.43465,0.46954,2.22607,0.56535,0.53046,0.80541,4
577,link_congestion,117,0.45885,edge_1,access_0-edge_1,1,0,edge_1,edge,0.44855,0.47346,4.85028,0.55145,0.52654,0.88945,3
577,normal,-1,0.0,,,-1,-1,edge_2,edge,0.41553,0.48265,0.0,0.58447,0.51735,0.69143,4
577,normal,-1,0.0,,,-1,-1,edge_3,edge,0.37076,0.45545,0.0,0.62924,0.54455,0.69143,3
577,burst,19,0.56347,edge_4,edge_3-edge_4,4,3,edge_4,edge,0.58647,0.52166,12.11226,0.41353,0.47834,1.23275,3
577,normal,-1,0.0,,,-1,-1,cloud_0,cloud,0.38114,0.4542,0.0,0.61886,0.5458,0.54286,3
578,normal,-1,0.0,,,-1,-1,access_0,access,0.22651,0.25503,0.0,0.77349,0.74497,0.30988,2
578,normal,-1,0.0,,,-1,-1,access_1,access,0.22927,0.24441,0.0,0.77073,0.75559,0.30988,2
578,link_congestion,107,0.5759,edge_0,edge_0-edge_1,3,2,edge_0,edge,0.44156,0.47896,2.648,0.55844,0.52104,0.88091,4
578,link_congestion,117,0.45885,edge_1,access_0-edge_1,1,0,edge_1,edge,0.46417,0.52786,3.31154,0.53583,0.47214,0.87018,3
578,normal,-1,0.0,,,-1,-1,edge_2,edge,0.42355,0.47866,0.0,0.57645,0.52134,0.70154,4
578,normal,-1,0.0,,,-1,-1,edge_3,edge,0.34752,0.45459,0.0,0.65248,0.54541,0.70154,3
578,burst,19,0.56347,edge_4,edge_3-edge_4,4,3,edge_4,edge,0.52265,0.53726,7.41216,0.47735,0.46274,1.14591,3
578,normal,-1,0.0,,,-1,-1,cloud_0,cloud,0.40559,0.4685,0.0,0.59441,0.5315,0.54735,3
579,normal,-1,0.0,,,-1,-1,access_0,access,0.23049,0.25604,0.0,0.76951,0.74396,0.31292,2
579,normal,-1,0.0,,,-1,-1,access_1,access,0.22454,0.26215,0.0,0.77546,0.73785,0.31292,2
579,link_congestion,107,0.5759,edge_0,edge_0-edge_1,3,2,edge_0,edge,0.47357,0.51692,5.2865,0.52643,0.48308,0.89676,4
579,link_congestion,117,0.45885,edge_1,access_0-edge_1,1,0,edge_1,edge,0.48591,0.54906,5.69533,0.51409,0.45094,0.84951,3
579,normal,-1,0.0,,,-1,-1,edge_2,edge,0.40499,0.47571,0.0,0.59501,0.52429,0.7101,4
579,normal,-1,0.0,,,-1,-1,edge_3,edge,0.35648,0.45174,0.0,0.64352,0.54826,0.7101,3
579,burst,19,0.56347,edge_4,edge_3-edge_4,4,3,edge_4,edge,0.54197,0.51614,10.27868,0.45803,0.48386,1.06489,3
579,normal,-1,0.0,,,-1,-1,cloud_0,cloud,0.39848,0.49243,0.0,0.60152,0.50757,0.55116,3
580,normal,-1,0.0,,,-1,-1,access_0,access,0.21931,0.25383,0.0,0.78069,0.74617,0.31519,2
580,normal,-1,0.0,,,-1,-1,access_1,access,0.22848,0.25104,0.0,0.77152,0.74896,0.31519,2
580,link_congestion,107,0.5759,edge_0,edge_0-edge_1,3,2,edge_0,edge,0.4942,0.5081,6.07523,0.5058,0.4919,0.91132,4
580,link_congestion,117,0.45885,edge_1,access_0-edge_1,1,0,edge_1,edge,0.45189,0.50168,4.42565,0.54811,0.49832,0.83023,3
580,normal,-1,0.0,,,-1,-1,edge_2,edge,0.4111,0.46392,0.0,0.5889,0.53608,0.71646,4
580,normal,-1,0.0,,,-1,-1,edge_3,edge,0.38405,0.46274,0.0,0.61595,0.53726,0.71646,3
580,burst,19,0.56347,edge_4,edge_3-edge_4,4,3,edge_4,edge,0.52712,0.55267,9.02659,0.47288,0.44733,0.99689,3
580,normal,-1,0.0,,,-1,-1,cloud_0,cloud,0.37085,0.49201,0.0,0.62915,0.50799,0.55398,3
581,normal,-1,0.0,,,-1,-1,access_0,access,0.23219,0.27247,0.0,0.76781,0.72753,0.3165,2
581,normal,-1,0.0,,,-1,-1,access_1,access,0.23078,0.26647,0.0,0.76922,0.73353,0.3165,2
581,link_congestion,107,0.5759,edge_0,edge_0-edge_1,3,2,edge_0,edge,0.48689,0.50417,7.0291,0.51311,0.49583,0.92342,4
581,link_congestion,117,0.45885,edge_1,access_0-edge_1,1,0,edge_1,edge,0.49329,0.49876,5.01154,0.50671,0.50124,0.81495,3
581,normal,-1,0.0,,,-1,-1,edge_2,edge,0.41192,0.50065,0.0,0.58808,0.49935,0.72015,4
581,normal,-1,0.0,,,-1,-1,edge_3,edge,0.33999,0.43384,0.0,0.66001,0.56616,0.72015,3
581,burst,19,0.56347,edge_4,edge_3-edge_4,4,3,edge_4,edge,0.48475,0.49913,6.84245,0.51525,0.50087,0.94553,3
581,normal,-1,0.0,,,-1,-1,cloud_0,cloud,0.38443,0.45799,0.0,0.61557,0.54201,0.55562,3
582,normal,-1,0.0,,,-1,-1,access_0,access,0.24155,0.2592,0.0,0.75845,0.7408,0.31677,2
582,normal,-1,0.0,,,-1,-1,access_1,access,0.22801,0.26472,0.0,0.77199,0.73528,0.31677,2
582,link_congestion,107,0.5759,edge_0,edge_0-edge_1,3,2,edge_0,edge,0.48955,0.50586,6.18114,0.51045,0.49414,0.93208,4
582,link_congestion,117,0.45885,edge_1,access_0-edge_1,1,0,edge_1,edge,0.44361,0.48532,3.52605,0.55639,0.51468,0.80574,3
582,normal,-1,0.0,,,-1,-1,edge_2,edge,0.42297,0.48449,0.0,0.57703,0.51551,0.72091,4
582,normal,-1,0.0,,,-1,-1,edge_3,edge,0.33971,0.44904,0.0,0.66029,0.55096,0.72091,3
582,burst,19,0.56347,edge_4,edge_3-edge_4,4,3,edge_4,edge,0.51335,0.52519,5.99315,0.48665,0.47481,0.91112,3
582,normal,-1,0.0,,,-1,-1,cloud_0,cloud,0.38693,0.47263,0.0,0.61307,0.52737,0.55596,3
583,normal,-1,0.0,,,-1,-1,access_0,access,0.23868,0.26699,0.0,0.76132,0.73301,0.31597,2
583,normal,-1,0.0,,,-1,-1,access_1,access,0.23691,0.25701,0.0,0.76309,0.74299,0.31597,2
583,link_congestion,107,0.5759,edge_0,edge_0-edge_1,3,2,edge_0,edge,0.50124,0.4875,7.76163,0.49876,0.5125,0.93659,4
583,link_congestion,117,0.45885,edge_1,access_0-edge_1,1,0,edge_1,edge,0.48487,0.51689,5.94205,0.51513,0.48311,0.80383,3
583,normal,-1,0.0,,,-1,-1,edge_2,edge,0.42983,0.49211,0.0,0.57017,0.50789,0.71866,4
583,normal,-1,0.0,,,-1,-1,edge_3,edge,0.37246,0.46326,0.0,0.62754,0.53674,0.71866,3
583,burst,19,0.56347,edge_4,edge_3-edge_4,4,3,edge_4,edge,0.50829,0.51084,6.56534,0.49171,0.48916,0.89164,3
583,normal,-1,0.0,,,-1,-1,cloud_0,cloud,0.40493,0.47731,0.0,0.59507,0.52269,0.55496,3
584,normal,-1,0.0,,,-1,-1,access_0,access,0.22377,0.27282,0.0,0.77623,0.72718,0.31416,2
584,normal,-1,0.0,,,-1,-1,access_1,access,0.23899,0.26133,0.0,0.76101,0.73867,0.31416,2
584,link_congestion,107,0.5759,edge_0,edge_0-edge_1,3,2,edge_0,edge,0.43542,0.48161,4.4627,0.56458,0.51839,0.93659,4
584,link_congestion,117,0.45885,edge_1,access_0-edge_1,1,0,edge_1,edge,0.464,0.53002,4.40029,0.536,0.46998,0.80949,3
584,normal,-1,0.0,,,-1,-1,edge_2,edge,0.41346,0.4688,0.0,0.58654,0.5312,0.71359,4
584,normal,-1,0.0,,,-1,-1,edge_3,edge,0.36625,0.44948,0.0,0.63375,0.55052,0.71359,3
584,burst,19,0.56347,edge_4,edge_3-edge_4,4,3,edge_4,edge,0.45318,0.51144,4.45103,0.54682,0.48856,0.88378,3
584,normal,-1,0.0,,,-1,-1,cloud_0,cloud,0.40743,0.48167,0.0,0.59257,0.51833,0.55271,3
585,normal,-1,0.0,,,-1,-1,access_0,access,0.21524,0.25232,0.0,0.78476,0.74768,0.31149,2
585,normal,-1,0.0,,,-1,-1,access_1,access,0.21342,0.25905,0.0,0.78658,0.74095,0.31149,2
585,link_congestion,107,0.5759,edge_0,edge_0-edge_1,3,2,edge_0,edge,0.46896,0.47881,4.24565,0.53104,0.52119,0.93208,4
585,link_congestion,117,0.45885,edge_1,access_0-edge_1,1,0,edge_1,edge,0.48714,0.48982,4.93634,0.51286,0.51018,0.82195,3
585,normal,-1,0.0,,,-1,-1,edge_2,edge,0.40009,0.46981,0.0,0.59991,0.53019,0.70606,4
585,normal,-1,0.0,,,-1,-1,edge_3,edge,0.35245,0.45885,0.0,0.64755,0.54115,0.70606,3
585,burst,19,0.56347,edge_4,edge_3-edge_4,4,3,edge_4,edge,0.46714,0.50489,4.20893,0.53286,0.49511,0.88394,3
585,normal,-1,0.0,,,-1,-1,cloud_0,cloud,0.40455,0.47488,0.0,0.59545,0.52512,0.54936,3
586,normal,-1,0.0,,,-1,-1,access_0,access,0.21654,0.23837,0.0,0.78346,0.76163,0.30814,2
586,normal,-1,0.0,,,-1,-1,access_1,access,0.22503,0.24279,0.0,0.77497,0.75721,0.30814,2
586,link_congestion,107,0.5759,edge_0,edge_0-edge_1,3,2,edge_0,edge,0.4368,0.49093,2.61889,0.5632,0.50907,0.92342,4
586,link_congestion,117,0.45885,edge_1,access_0-edge_1,1,0,edge_1,edge,0.44797,0.49408,2.82184,0.55203,0.50592,0.83952,3
586,mixed,198,0.54055,edge_2,edge_1-edge_2,2,1,edge_2,edge,0.54418,0.51674,13.87782,0.45582,0.48326,1.02376,4
586,normal,-1,0.0,,,-1,-1,edge_3,edge,0.34344,0.46207,0.0,0.65656,0.53793,0.69664,3
586,mixed,216,0.51895,edge_4,edge_4-edge_0,4,3,edge_4,edge,0.68123,0.60005,24.89512,0.31877,0.39995,1.32555,3
586,normal,-1,0.0,,,-1,-1,cloud_0,cloud,0.38036,0.46229,0.0,0.61964,0.53771,0.54517,3
587,normal,-1,0.0,,,-1,-1,access_0,access,0.22607,0.2594,0.0,0.77393,0.7406,0.30436,2
587,normal,-1,0.0,,,-1,-1,access_1,access,0.2262,0.26619,0.0,0.7738,0.73381,0.30436,2
587,link_congestion,107,0.5759,edge_0,edge_0-edge_1,3,2,edge_0,edge,0.50332,0.51475,8.13292,0.49668,0.48525,0.91132,4
587,link_congestion,117,0.45885,edge_1,access_0-edge_1,1,0,edge_1,edge,0.47803,0.526,3.87094,0.52197,0.474,0.85984,3
587,mixed,198,0.54055,edge_2,edge_1-edge_2,2,1,edge_2,edge,0.62476,0.58807,20.17623,0.37524,0.41193,1.11559,4
587,normal,-1,0.0,,,-1,-1,edge_3,edge,0.34147,0.44167,0.0,0.65853,0.55833,0.68601,3
587,mixed,216,0.51895,edge_4,edge_4-edge_0,4,3,edge_4,edge,0.67407,0.5861,25.32928,0.32593,0.4139,1.29134,3
587,normal,-1,0.0,,,-1,-1,cloud_0,cloud,0.39056,0.4595,0.0,0.60944,0.5405,0.54045,3
588,normal,-1,0.0,,,-1,-1,access_0,access,0.22725,0.26754,0.0,0.77275,0.73246,0.30044,2
588,normal,-1,0.0,,,-1,-1,access_1,access,0.21544,0.26455,0.0,0.78456,0.73545,0.30044,2
588,link_congestion,107,0.5759,edge_0,edge_0-edge_1,3,2,edge_0,edge,0.46484,0.49917,5.7154,0.53516,0.50083,0.89676,4
588,normal,-1,0.0,,,-1,-1,edge_1,edge,0.38702,0.46884,0.0,0.61298,0.53116,0.67499,3
588,mixed,198,0.54055,edge_2,edge_1-edge_2,2,1,edge_2,edge,0.62596,0.57356,20.2629,0.37404,0.42644,1.22072,4
588,normal,-1,0.0,,,-1,-1,edge_3,edge,0.34307,0.46263,0.0,0.65693,0.53737,0.67499,3
588,mixed,216,0.51895,edge_4,edge_4-edge_0,4,3,edge_4,edge,0.63401,0.58545,23.90702,0.36599,0.41455,1.24338,3
588,normal,-1,0.0,,,-1,-1,cloud_0,cloud,0.38716,0.46458,0.0,0.61284,0.53542,0.53555,3
589,normal,-1,0.0,,,-1,-1,access_0,access,0.22126,0.23513,0.0,0.77874,0.76487,0.29666,2
589,normal,-1,0.0,,,-1,-1,access_1,access,0.21012,0.25058,0.0,0.78988,0.74942,0.29666,2
589,link_congestion,107,0.5759,edge_0,edge_0-edge_1,3,2,edge_0,edge,0.49327,0.5182,6.08418,0.50673,0.4818,0.88091,4
589,normal,-1,0.0,,,-1,-1,edge_1,edge,0.38349,0.48977,0.0,0.61651,0.51023,0.66436,3
589,mixed,198,0.54055,edge_2,edge_1-edge_2,2,1,edge_2,edge,0.69048,0.62548,24.89462,0.30952,0.37452,1.3217,4
589,normal,-1,0.0,,,-1,-1,edge_3,edge,0.36982,0.45003,0.0,0.63018,0.54997,0.66436,3
589,mixed,216,0.51895,edge_4,edge_4-edge_0,4,3,edge_4,edge,0.63886,0.59854,21.99643,0.36114,0.40146,1.22669,3
589,normal,-1,0.0,,,-1,-1,cloud_0,cloud,0.36978,0.46503,0.0,0.63022,0.53497,0.53083,3
590,normal,-1,0.0,,,-1,-1,access_0,access,0.22962,0.24664,0.0,0.77038,0.75336,0.29331,2
590,normal,-1,0.0,,,-1,-1,access_1,access,0.20939,0.25641,0.0,0.79061,0.74359,0.29331,2
590,link_congestion,107,0.5759,edge_0,edge_0-edge_1,3,2,edge_0,edge,0.43499,0.48338,3.19942,0.56501,0.51662,0.86506,4
590,normal,-1,0.0,,,-1,-1,edge_1,edge,0.38096,0.45615,0.0,0.61904,0.54385,0.65494,3
590,mixed,198,0.54055,edge_2,edge_1-edge_2,2,1,edge_2,edge,0.70898,0.61172,27.71075,0.29102,0.38828,1.39538,4
590,normal,-1,0.0,,,-1,-1,edge_3,edge,0.35939,0.449,0.0,0.64061,0.551,0.65494,3
590,mixed,216,0.51895,edge_4,edge_4-edge_0,4,3,edge_4,edge,0.64407,0.58013,24.19907,0.35593,0.41987,1.2819,3
590,normal,-1,0.0,,,-1,-1,cloud_0,cloud,0.38297,0.45438,0.0,0.61703,0.54562,0.52664,3
591,normal,-1,0.0,,,-1,-1,access_0,access,0.20776,0.2431,0.0,0.79224,0.7569,0.29064,2
591,normal,-1,0.0,,,-1,-1,access_1,access,0.21118,0.24477,0.0,0.78882,0.75523,0.29064,2
591,link_congestion,107,0.5759,edge_0,edge_0-edge_1,3,2,edge_0,edge,0.44377,0.48453,5.71057,0.55623,0.51547,0.8505,4
591,normal,-1,0.0,,,-1,-1,edge_1,edge,0.36587,0.47737,0.0,0.63413,0.52263,0.64741,3
591,mixed,198,0.54055,edge_2,edge_1-edge_2,2,1,edge_2,edge,0.74877,0.63169,29.79966,0.25123,0.36831,1.42116,4
591,normal,-1,0.0,,,-1,-1,edge_3,edge,0.33683,0.43699,0.0,0.66317,0.56301,0.64741,3
591,mixed,216,0.51895,edge_4,edge_4-edge_0,4,3,edge_4,edge,0.70434,0.66628,26.36106,0.29566,0.33372,1.31398,3
591,normal,-1,0.0,,,-1,-1,cloud_0,cloud,0.39266,0.44684,0.0,0.60734,0.55316,0.52329,3
592,normal,-1,0.0,,,-1,-1,access_0,access,0.20153,0.23977,0.0,0.79847,0.76023,0.28883,2
592,normal,-1,0.0,,,-1,-1,access_1,access,0.19971,0.27616,0.0,0.80029,0.72384,0.28883,2
592,link_congestion,107,0.5759,edge_0,edge_0-edge_1,3,2,edge_0,edge,0.50559,0.51794,7.4338,0.49441,0.48206,0.8384,4
592,normal,-1,0.0,,,-1,-1,edge_1,edge,0.35875,0.47033,0.0,0.64125,0.52967,0.64234,3
592,mixed,198,0.54055,edge_2,edge_1-edge_2,2,1,edge_2,edge,0.73398,0.63462,28.44402,0.26602,0.36538,1.39029,4
592,normal,-1,0.0,,,-1,-1,edge_3,edge,0.32335,0.40838,0.0,0.67665,0.59162,0.64234,3
592,mixed,216,0.51895,edge_4,edge_4-edge_0,4,3,edge_4,edge,0.66885,0.56649,25.64374,0.33115,0.43351,1.31675,3
592,normal,-1,0.0,,,-1,-1,cloud_0,cloud,0.36884,0.45842,0.0,0.63116,0.54158,0.52104,3
593,normal,-1,0.0,,,-1,-1,access_0,access,0.21907,0.24663,0.0,0.78093,0.75337,0.28803,2
593,normal,-1,0.0,,,-1,-1,access_1,access,0.21895,0.23092,0.0,0.78105,0.76908,0.28803,2
593,link_congestion,107,0.5759,edge_0,edge_0-edge_1,3,2,edge_0,edge,0.50012,0.4956,8.71317,0.49988,0.5044,0.82975,4
593,normal,-1,0.0,,,-1,-1,edge_1,edge,0.36705,0.45763,0.0,0.63295,0.54237,0.64009,3
593,mixed,198,0.54055,edge_2,edge_1-edge_2,2,1,edge_2,edge,0.68546,0.59669,25.70084,0.31454,0.40331,1.31053,4
593,normal,-1,0.0,,,-1,-1,edge_3,edge,0.34716,0.42998,0.0,0.65284,0.57002,0.64009,3
593,mixed,216,0.51895,edge_4,edge_4-edge_0,4,3,edge_4,edge,0.71908,0.63692,27.98005,0.28092,0.36308,1.29089,3
593,normal,-1,0.0,,,-1,-1,cloud_0,cloud,0.36419,0.45627,0.0,0.63581,0.54373,0.52004,3
594,normal,-1,0.0,,,-1,-1,access_0,access,0.21406,0.24764,0.0,0.78594,0.75236,0.2883,2
594,normal,-1,0.0,,,-1,-1,access_1,access,0.21415,0.2488,0.0,0.78585,0.7512,0.2883,2
594,link_congestion,107,0.5759,edge_0,edge_0-edge_1,3,2,edge_0,edge,0.48664,0.49652,6.52453,0.51336,0.50348,0.82523,4
594,normal,-1,0.0,,,-1,-1,edge_1,edge,0.38559,0.4556,0.0,0.61441,0.5444,0.64085,3
594,mixed,198,0.54055,edge_2,edge_1-edge_2,2,1,edge_2,edge,0.68258,0.61133,25.10727,0.31742,0.38867,1.33495,4
594,normal,-1,0.0,,,-1,-1,edge_3,edge,0.32073,0.41804,0.0,0.67927,0.58196,0.64085,3
594,mixed,216,0.51895,edge_4,edge_4-edge_0,4,3,edge_4,edge,0.64586,0.58794,23.23643,0.35414,0.41206,1.24347,3
594,normal,-1,0.0,,,-1,-1,cloud_0,cloud,0.37558,0.46789,0.0,0.62442,0.53211,0.52038,3
595,normal,-1,0.0,,,-1,-1,access_0,access,0.20596,0.24828,0.0,0.79404,0.75172,0.28961,2
595,normal,-1,0.0,,,-1,-1,access_1,access,0.20357,0.22631,0.0,0.79643,0.77369,0.28961,2
595,link_congestion,107,0.5759,edge_0,edge_0-edge_1,3,2,edge_0,edge,0.47932,0.52319,6.05881,0.52068,0.47681,0.82523,4
595,normal,-1,0.0,,,-1,-1,edge_1,edge,0.37057,0.44082,0.0,0.62943,0.55918,0.64454,3
595,link_congestion,86,0.54664,edge_2,edge_1-edge_2,2,1,edge_2,edge,0.51105,0.52978,6.22405,0.48895,0.47022,0.87564,4
595,normal,-1,0.0,,,-1,-1,edge_3,edge,0.34997,0.44541,0.0,0.65003,0.55459,0.64454,3
595,mixed,216,0.51895,edge_4,edge_4-edge_0,4,3,edge_4,edge,0.6395,0.58555,21.51971,0.3605,0.41445,1.18534,3
595,normal,-1,0.0,,,-1,-1,cloud_0,cloud,0.37162,0.45377,0.0,0.62838,0.54623,0.52202,3
596,normal,-1,0.0,,,-1,-1,access_0,access,0.22064,0.25878,0.0,0.77936,0.74122,0.29188,2
596,normal,-1,0.0,,,-1,-1,access_1,access,0.21649,0.24551,0.0,0.78351,0.75449,0.29188,2
596,link_congestion,107,0.5759,edge_0,edge_0-edge_1,3,2,edge_0,edge,0.49109,0.5158,5.41536,0.50891,0.4842,0.82975,4
596,normal,-1,0.0,,,-1,-1,edge_1,edge,0.36131,0.45937,0.0,0.63869,0.54063,0.6509,3
596,link_congestion,86,0.54664,edge_2,edge_1-edge_2,2,1,edge_2,edge,0.58517,0.56216,10.9467,0.41483,0.43784,0.89082,4
596,normal,-1,0.0,,,-1,-1,edge_3,edge,0.33628,0.42441,0.0,0.66372,0.57559,0.6509,3
596,link_congestion,104,0.33857,edge_4,edge_4-edge_0,4,3,edge_4,edge,0.48283,0.48679,2.93895,0.51717,0.51321,0.8626,3
596,normal,-1,0.0,,,-1,-1,cloud_0,cloud,0.37858,0.47839,0.0,0.62142,0.52161,0.52484,3
597,normal,-1,0.0,,,-1,-1,access_0,access,0.22693,0.25293,0.0,0.77307,0.74707,0.29492,2
597,normal,-1,0.0,,,-1,-1,access_1,access,0.22828,0.26038,0.0,0.77172,0.73962,0.29492,2
597,link_congestion,107,0.5759,edge_0,edge_0-edge_1,3,2,edge_0,edge,0.48552,0.5287,5.70089,0.51448,0.4713,0.8384,4
597,normal,-1,0.0,,,-1,-1,edge_1,edge,0.37972,0.46008,0.0,0.62028,0.53992,0.65946,3
597,link_congestion,86,0.54664,edge_2,edge_1-edge_2,2,1,edge_2,edge,0.54814,0.5373,8.21353,0.45186,0.4627,0.90487,4
597,normal,-1,0.0,,,-1,-1,edge_3,edge,0.34213,0.454,0.0,0.65787,0.546,0.65946,3
597,link_congestion,104,0.33857,edge_4,edge_4-edge_0,4,3,edge_4,edge,0.45675,0.49086,4.13327,0.54325,0.50914,0.83819,3
597,normal,-1,0.0,,,-1,-1,cloud_0,cloud,0.38722,0.46847,0.0,0.61278,0.53153,0.52865,3
598,normal,-1,0.0,,,-1,-1,access_0,access,0.22353,0.27905,0.0,0.77647,0.72095,0.29851,2
598,normal,-1,0.0,,,-1,-1,access_1,access,0.20399,0.24477,0.0,0.79601,0.75523,0.29851,2
598,link_congestion,107,0.5759,edge_0,edge_0-edge_1,3,2,edge_0,edge,0.49603,0.52571,6.46173,0.50397,0.47429,0.8505,4
598,normal,-1,0.0,,,-1,-1,edge_1,edge,0.37003,0.46825,0.0,0.62997,0.53175,0.66957,3
598,link_congestion,86,0.54664,edge_2,edge_1-edge_2,2,1,edge_2,edge,0.54744,0.55843,7.74221,0.45256,0.44157,0.91675,4
598,normal,-1,0.0,,,-1,-1,edge_3,edge,0.34099,0.4721,0.0,0.65901,0.5279,0.66957,3
598,link_congestion,104,0.33857,edge_4,edge_4-edge_0,4,3,edge_4,edge,0.43899,0.49475,2.52591,0.56101,0.50525,0.81379,3
598,normal,-1,0.0,,,-1,-1,cloud_0,cloud,0.39367,0.45981,0.0,0.60633,0.54019,0.53314,3
599,normal,-1,0.0,,,-1,-1,access_0,access,0.2355,0.24979,0.0,0.7645,0.75021,0.3024,2
599,normal,-1,0.0,,,-1,-1,access_1,access,0.22457,0.25617,0.0,0.77543,0.74383,0.3024,2
599,link_congestion,107,0.5759,edge_0,edge_0-edge_1,3,2,edge_0,edge,0.487,0.51721,6.3061,0.513,0.48279,0.86506,4
599,normal,-1,0.0,,,-1,-1,edge_1,edge,0.35559,0.44008,0.0,0.64441,0.55992,0.6805,3
599,link_congestion,86,0.54664,edge_2,edge_1-edge_2,2,1,edge_2,edge,0.53811,0.54144,7.98691,0.46189,0.45856,0.92559,4
599,normal,-1,0.0,,,-1,-1,edge_3,edge,0.36492,0.4589,0.0,0.63508,0.5411,0.6805,3
599,link_congestion,104,0.33857,edge_4,edge_4-edge_0,4,3,edge_4,edge,0.44926,0.485,1.273,0.55074,0.515,0.79421,3
599,normal,-1,0.0,,,-1,-1,cloud_0,cloud,0.41189,0.46353,0.0,0.58811,0.53647,0.538,3
600,normal,-1,0.0,,,-1,-1,access_0,access,0.21553,0.23904,0.0,0.78447,0.76096,0.3024,2
600,normal,-1,0.0,,,-1,-1,access_1,access,0.21991,0.27084,0.0,0.78009,0.72916,0.3024,2
600,link_congestion,107,0.5759,edge_0,edge_0-edge_1,3,2,edge_0,edge,0.47744,0.48136,5.45821,0.52256,0.51864,0.88091,4
600,normal,-1,0.0,,,-1,-1,edge_1,edge,0.38821,0.44777,0.0,0.61179,0.55223,0.6805,3
600,link_congestion,86,0.54664,edge_2,edge_1-edge_2,2,1,edge_2,edge,0.52821,0.5409,8.69287,0.47179,0.4591,0.93072,4
600,normal,-1,0.0,,,-1,-1,edge_3,edge,0.34374,0.45254,0.0,0.65626,0.54746,0.6805,3
600,link_congestion,104,0.33857,edge_4,edge_4-edge_0,4,3,edge_4,edge,0.4579,0.5173,3.13928,0.5421,0.4827,0.78335,3
600,normal,-1,0.0,,,-1,-1,cloud_0,cloud,0.36973,0.46976,0.0,0.63027,0.53024,0.538,3
601,normal,-1,0.0,,,-1,-1,access_0,access,0.21293,0.25487,0.0,0.78707,0.74513,0.30629,2
601,normal,-1,0.0,,,-1,-1,access_1,access,0.21276,0.25862,0.0,0.78724,0.74138,0.30629,2
601,link_congestion,139,0.50184,edge_0,edge_0-edge_1,3,2,edge_0,edge,0.42945,0.49996,1.94018,0.57055,0.50004,0.85241,4
601,normal,-1,0.0,,,-1,-1,edge_1,edge,0.39924,0.47488,0.0,0.60076,0.52512,0.69143,3
601,link_congestion,86,0.54664,edge_2,edge_1-edge_2,2,1,edge_2,edge,0.5267,0.54276,9.18916,0.4733,0.45724,0.93176,4
601,normal,-1,0.0,,,-1,-1,edge_3,edge,0.35515,0.46172,0.0,0.64485,0.53828,0.69143,3
601,link_congestion,104,0.33857,edge_4,edge_4-edge_0,4,3,edge_4,edge,0.46232,0.48625,1.62399,0.53768,0.51375,0.78335,3
601,normal,-1,0.0,,,-1,-1,cloud_0,cloud,0.39838,0.46626,0.0,0.60162,0.53374,0.54286,3
602,normal,-1,0.0,,,-1,-1,access_0,access,0.22517,0.25337,0.0,0.77483,0.74663,0.30988,2
602,normal,-1,0.0,,,-1,-1,access_1,access,0.22132,0.25651,0.0,0.77868,0.74349,0.30988,2
602,link_congestion,139,0.50184,edge_0,edge_0-edge_1,3,2,edge_0,edge,0.47923,0.51096,4.35789,0.52077,0.48904,0.86758,4
602,node_overload,231,0.45815,edge_1,access_0-edge_1,1,0,edge_1,edge,0.50204,0.51571,22.47087,0.49796,0.48429,0.85297,3
602,link_congestion,86,0.54664,edge_2,edge_1-edge_2,2,1,edge_2,edge,0.5815,0.59675,11.2734,0.4185,0.40325,0.92865,4
602,normal,-1,0.0,,,-1,-1,edge_3,edge,0.3795,0.4626,0.0,0.6205,0.5374,0.70154,3
602,link_congestion,104,0.33857,edge_4,edge_4-edge_0,4,3,edge_4,edge,0.50888,0.54565,5.33439,0.49112,0.45435,0.79421,3
602,normal,-1,0.0,,,-1,-1,cloud_0,cloud,0.38192,0.48027,0.0,0.61808,0.51973,0.54735,3
603,normal,-1,0.0,,,-1,-1,access_0,access,0.23064,0.26443,0.0,0.76936,0.73557,0.31292,2
603,normal,-1,0.0,,,-1,-1,access_1,access,0.21761,0.24902,0.0,0.78239,0.75098,0.31292,2
603,normal,-1,0.0,,,-1,-1,edge_0,edge,0.34456,0.4433,0.0,0.65544,0.5567,0.7101,4
603,node_overload,231,0.45815,edge_1,access_0-edge_1,1,0,edge_1,edge,0.54363,0.55155,26.80202,0.45637,0.44845,0.89346,3
603,link_congestion,86,0.54664,edge_2,edge_1-edge_2,2,1,edge_2,edge,0.53397,0.49788,8.13265,0.46603,0.50212,0.9216,4
603,normal,-1,0.0,,,-1,-1,edge_3,edge,0.35344,0.45437,0.0,0.64656,0.54563,0.7101,3
603,link_congestion,104,0.33857,edge_4,edge_4-edge_0,4,3,edge_4,edge,0.44364,0.48839,1.52184,0.55636,0.51161,0.81379,3
603,normal,-1,0.0,,,-1,-1,cloud_0,cloud,0.40158,0.48204,0.0,0.59842,0.51796,0.55116,3
604,normal,-1,0.0,,,-1,-1,access_0,access,0.22928,0.24577,0.0,0.77072,0.75423,0.31519,2
604,normal,-1,0.0,,,-1,-1,access_1,access,0.22352,0.25484,0.0,0.77648,0.74516,0.31519,2
604,normal,-1,0.0,,,-1,-1,edge_0,edge,0.39171,0.47464,0.0,0.60829,0.52536,0.71646,4
604,node_overload,231,0.45815,edge_1,access_0-edge_1,1,0,edge_1,edge,0.58216,0.5782,27.53262,0.41784,0.4218,0.91501,3
604,link_congestion,86,0.54664,edge_2,edge_1-edge_2,2,1,edge_2,edge,0.54178,0.54032,9.18375,0.45822,0.45968,0.91114,4
604,normal,-1,0.0,,,-1,-1,edge_3,edge,0.33455,0.44887,0.0,0.66545,0.55113,0.71646,3
604,link_congestion,104,0.33857,edge_4,edge_4-edge_0,4,3,edge_4,edge,0.48759,0.50691,4.84191,0.51241,0.49309,0.83819,3
604,normal,-1,0.0,,,-1,-1,cloud_0,cloud,0.40407,0.45978,0.0,0.59593,0.54022,0.55398,3
605,normal,-1,0.0,,,-1,-1,access_0,access,0.2336,0.25929,0.0,0.7664,0.74071,0.3165,2
605,normal,-1,0.0,,,-1,-1,access_1,access,0.24194,0.27302,0.0,0.75806,0.72698,0.3165,2
605,normal,-1,0.0,,,-1,-1,edge_0,edge,0.33315,0.43311,0.0,0.66685,0.56689,0.72015,4
605,node_overload,231,0.45815,edge_1,access_0-edge_1,1,0,edge_1,edge,0.64432,0.5911,34.25546,0.35568,0.4089,0.90753,3
605,link_congestion,86,0.54664,edge_2,edge_1-edge_2,2,1,edge_2,edge,0.55644,0.56184,9.90192,0.44356,0.43816,0.89805,4
605,normal,-1,0.0,,,-1,-1,edge_3,edge,0.35678,0.42762,0.0,0.64322,0.57238,0.72015,3
605,normal,-1,0.0,,,-1,-1,edge_4,edge,0.39141,0.46915,0.0,0.60859,0.53085,0.72015,3
605,normal,-1,0.0,,,-1,-1,cloud_0,cloud,0.38377,0.46943,0.0,0.61623,0.53057,0.55562,3
606,normal,-1,0.0,,,-1,-1,access_0,access,0.22103,0.26396,0.0,0.77897,0.73604,0.31677,2
606,normal,-1,0.0,,,-1,-1,access_1,access,0.22694,0.25718,0.0,0.77306,0.74282,0.31677,2
606,normal,-1,0.0,,,-1,-1,edge_0,edge,0.37512,0.44907,0.0,0.62488,0.55093,0.72091,4
606,node_overload,231,0.45815,edge_1,access_0-edge_1,1,0,edge_1,edge,0.61962,0.58498,33.16409,0.38038,0.41502,0.87451,3
606,link_congestion,86,0.54664,edge_2,edge_1-edge_2,2,1,edge_2,edge,0.53544,0.54893,8.82684,0.46456,0.45107,0.8833,4
606,normal,-1,0.0,,,-1,-1,edge_3,edge,0.36104,0.46286,0.0,0.63896,0.53714,0.72091,3
606,normal,-1,0.0,,,-1,-1,edge_4,edge,0.37517,0.46296,0.0,0.62483,0.53704,0.72091,3
606,normal,-1,0.0,,,-1,-1,cloud_0,cloud,0.4091,0.4798,0.0,0.5909,0.5202,0.55596,3
607,normal,-1,0.0,,,-1,-1,access_0,access,0.21899,0.26261,0.0,0.78101,0.73739,0.31597,2
607,normal,-1,0.0,,,-1,-1,access_1,access,0.23079,0.25294,0.0,0.76921,0.74706,0.31597,2
607,normal,-1,0.0,,,-1,-1,edge_0,edge,0.35079,0.44517,0.0,0.64921,0.55483,0.71866,4
607,node_overload,231,0.45815,edge_1,access_0-edge_1,1,0,edge_1,edge,0.57273,0.55671,27.43251,0.42727,0.44329,0.83142,3
607,link_congestion,86,0.54664,edge_2,edge_1-edge_2,2,1,edge_2,edge,0.52789,0.52355,8.0908,0.47211,0.47645,0.86798,4
607,normal,-1,0.0,,,-1,-1,edge_3,edge,0.34698,0.43403,0.0,0.65302,0.56597,0.71866,3
607,normal,-1,0.0,,,-1,-1,edge_4,edge,0.39334,0.45358,0.0,0.60666,0.54642,0.71866,3
607,normal,-1,0.0,,,-1,-1,cloud_0,cloud,0.3931,0.47255,0.0,0.6069,0.52745,0.55496,3
608,normal,-1,0.0,,,-1,-1,access_0,access,0.22629,0.26193,0.0,0.77371,0.73807,0.31416,2
608,normal,-1,0.0,,,-1,-1,access_1,access,0.23788,0.25639,0.0,0.76212,0.74361,0.31416,2
608,mixed,276,0.51983,edge_0,edge_0-edge_1,3,2,edge_0,edge,0.56845,0.53779,15.67678,0.43155,0.46221,1.02003,4
608,node_overload,231,0.45815,edge_1,access_0-edge_1,1,0,edge_1,edge,0.58993,0.52676,32.43335,0.41007,0.47324,0.79841,3
608,link_congestion,86,0.54664,edge_2,edge_1-edge_2,2,1,edge_2,edge,0.54027,0.55129,9.13404,0.45973,0.44871,0.85323,4
608,normal,-1,0.0,,,-1,-1,edge_3,edge,0.32562,0.44454,0.0,0.67438,0.55546,0.71359,3
608,burst,227,0.36065,edge_4,edge_4-edge_0,4,3,edge_4,edge,0.45106,0.4971,1.44331,0.54894,0.5029,0.84743,3
608,normal,-1,0.0,,,-1,-1,cloud_0,cloud,0.38327,0.4656,0.0,0.61673,0.5344,0.55271,3
609,normal,-1,0.0,,,-1,-1,access_0,access,0.21799,0.25633,0.0,0.78201,0.74367,0.31149,2
609,normal,-1,0.0,,,-1,-1,access_1,access,0.22609,0.26193,0.0,0.77391,0.73807,0.31149,2
609,mixed,276,0.51983,edge_0,edge_0-edge_1,3,2,edge_0,edge,0.58806,0.55456,18.86043,0.41194,0.44544,1.21699,4
609,node_overload,231,0.45815,edge_1,access_0-edge_1,1,0,edge_1,edge,0.58872,0.55876,30.05125,0.41128,0.44124,0.79092,3
609,link_congestion,86,0.54664,edge_2,edge_1-edge_2,2,1,edge_2,edge,0.54787,0.54981,9.733,0.45213,0.45019,0.84015,4
609,normal,-1,0.0,,,-1,-1,edge_3,edge,0.3479,0.45403,0.0,0.6521,0.54597,0.70606,3
609,node_overload,236,0.59724,edge_4,edge_3-edge_4,2,1,edge_4,edge,0.52728,0.53811,28.95148,0.47272,0.46189,0.878,3
609,normal,-1,0.0,,,-1,-1,cloud_0,cloud,0.4,0.47731,0.0,0.6,0.52269,0.54936,3
610,normal,-1,0.0,,,-1,-1,access_0,access,0.22287,0.27817,0.0,0.77713,0.72183,0.30814,2
610,normal,-1,0.0,,,-1,-1,access_1,access,0.21776,0.25091,0.0,0.78224,0.74909,0.30814,2
610,mixed,276,0.51983,edge_0,edge_0-edge_1,3,2,edge_0,edge,0.64537,0.61292,23.51822,0.35463,0.38708,1.39165,4
610,node_overload,231,0.45815,edge_1,access_0-edge_1,1,0,edge_1,edge,0.57478,0.53612,27.88719,0.42522,0.46388,0.81247,3
610,link_congestion,86,0.54664,edge_2,edge_1-edge_2,2,1,edge_2,edge,0.54709,0.55219,8.15343,0.45291,0.44781,0.82969,4
610,normal,-1,0.0,,,-1,-1,edge_3,edge,0.31903,0.45151,0.0,0.68097,0.54849,0.69664,3
610,node_overload,236,0.59724,edge_4,edge_3-edge_4,2,1,edge_4,edge,0.62283,0.5748,37.18383,0.37717,0.4252,0.92255,3
610,normal,-1,0.0,,,-1,-1,cloud_0,cloud,0.3839,0.47773,0.0,0.6161,0.52227,0.54517,3
611,normal,-1,0.0,,,-1,-1,access_0,access,0.21154,0.25149,0.0,0.78846,0.74851,0.30436,2
611,normal,-1,0.0,,,-1,-1,access_1,access,0.21506,0.2505,0.0,0.78494,0.7495,0.30436,2
611,mixed,276,0.51983,edge_0,edge_0-edge_1,3,2,edge_0,edge,0.66824,0.56997,26.42224,0.33176,0.43003,1.38656,4
611,node_overload,231,0.45815,edge_1,access_0-edge_1,1,0,edge_1,edge,0.54612,0.55933,25.69514,0.45388,0.44067,0.85297,3
611,link_congestion,86,0.54664,edge_2,edge_1-edge_2,2,1,edge_2,edge,0.49153,0.52324,6.40718,0.50847,0.47676,0.82264,4
611,normal,-1,0.0,,,-1,-1,edge_3,edge,0.35037,0.45187,0.0,0.64963,0.54813,0.68601,3
611,node_overload,236,0.59724,edge_4,edge_3-edge_4,2,1,edge_4,edge,0.67226,0.61623,41.23274,0.32774,0.38377,0.941,3
611,normal,-1,0.0,,,-1,-1,cloud_0,cloud,0.39671,0.46835,0.0,0.60329,0.53165,0.54045,3
612,normal,-1,0.0,,,-1,-1,access_0,access,0.20331,0.26537,0.0,0.79669,0.73463,0.30044,2
612,normal,-1,0.0,,,-1,-1,access_1,access,0.22518,0.23691,0.0,0.77482,0.76309,0.30044,2
612,mixed,276,0.51983,edge_0,edge_0-edge_1,3,2,edge_0,edge,0.64449,0.59198,22.69891,0.35551,0.40802,1.33122,4
612,normal,-1,0.0,,,-1,-1,edge_1,edge,0.37841,0.4776,0.0,0.62159,0.5224,0.67499,3
612,link_congestion,86,0.54664,edge_2,edge_1-edge_2,2,1,edge_2,edge,0.55159,0.52694,9.68762,0.44841,0.47306,0.81953,4
612,normal,-1,0.0,,,-1,-1,edge_3,edge,0.36894,0.4449,0.0,0.63106,0.5551,0.67499,3
612,node_overload,236,0.59724,edge_4,edge_3-edge_4,2,1,edge_4,edge,0.7101,0.62046,44.81312,0.2899,0.37954,0.92255,3
612,normal,-1,0.0,,,-1,-1,cloud_0,cloud,0.3806,0.45589,0.0,0.6194,0.54411,0.53555,3
613,normal,-1,0.0,,,-1,-1,access_0,access,0.2106,0.24535,0.0,0.7894,0.75465,0.29666,2
613,normal,-1,0.0,,,-1,-1,access_1,access,0.22382,0.24393,0.0,0.77618,0.75607,0.29666,2
613,mixed,276,0.51983,edge_0,edge_0-edge_1,3,2,edge_0,edge,0.65274,0.6141,24.24539,0.34726,0.3859,1.3148,4
613,normal,-1,0.0,,,-1,-1,edge_1,edge,0.38329,0.44252,0.0,0.61671,0.55748,0.66436,3
613,link_congestion,86,0.54664,edge_2,edge_1-edge_2,2,1,edge_2,edge,0.48488,0.49632,6.26521,0.51512,0.50368,0.82057,4
613,normal,-1,0.0,,,-1,-1,edge_3,edge,0.36573,0.42645,0.0,0.63427,0.57355,0.66436,3
613,node_overload,236,0.59724,edge_4,edge_3-edge_4,2,1,edge_4,edge,0.64194,0.6281,37.7057,0.35806,0.3719,0.878,3
613,normal,-1,0.0,,,-1,-1,cloud_0,cloud,0.37035,0.46407,0.0,0.62965,0.53593,0.53083,3
614,normal,-1,0.0,,,-1,-1,access_0,access,0.201,0.2366,0.0,0.799,0.7634,0.29331,2
614,normal,-1,0.0,,,-1,-1,access_1,access,0.21172,0.25676,0.0,0.78828,0.74324,0.29331,2
614,mixed,276,0.51983,edge_0,edge_0-edge_1,3,2,edge_0,edge,0.64579,0.60791,22.78734,0.35421,0.39209,1.24227,4
614,normal,-1,0.0,,,-1,-1,edge_1,edge,0.35403,0.43841,0.0,0.64597,0.56159,0.65494,3
614,link_congestion,86,0.54664,edge_2,edge_1-edge_2,2,1,edge_2,edge,0.50803,0.51621,6.59179,0.49197,0.48379,0.8257,4
614,normal,-1,0.0,,,-1,-1,edge_3,edge,0.33496,0.4451,0.0,0.66504,0.5549,0.65494,3
614,node_overload,236,0.59724,edge_4,edge_3-edge_4,2,1,edge_4,edge,0.66222,0.61318,42.27444,0.33778,0.38682,0.83346,3
614,normal,-1,0.0,,,-1,-1,cloud_0,cloud,0.38457,0.458,0.0,0.61543,0.542,0.52664,3
615,normal,-1,0.0,,,-1,-1,access_0,access,0.22575,0.24657,0.0,0.77425,0.75343,0.29064,2
615,normal,-1,0.0,,,-1,-1,access_1,access,0.22066,0.23663,0.0,0.77934,0.76337,0.29064,2
615,mixed,276,0.51983,edge_0,edge_0-edge_1,3,2,edge_0,edge,0.62405,0.57531,22.89656,0.37595,0.42469,1.31515,4
615,normal,-1,0.0,,,-1,-1,edge_1,edge,0.3688,0.44423,0.0,0.6312,0.55577,0.64741,3
615,link_congestion,86,0.54664,edge_2,edge_1-edge_2,2,1,edge_2,edge,0.53898,0.52304,9.56476,0.46102,0.47696,0.83453,4
615,normal,-1,0.0,,,-1,-1,edge_3,edge,0.36407,0.44937,0.0,0.63593,0.55063,0.64741,3
615,node_overload,236,0.59724,edge_4,edge_3-edge_4,2,1,edge_4,edge,0.68932,0.61711,43.80695,0.31068,0.38289,0.815,3
615,normal,-1,0.0,,,-1,-1,cloud_0,cloud,0.38151,0.44851,0.0,0.61849,0.55149,0.52329,3
616,normal,-1,0.0,,,-1,-1,access_0,access,0.21827,0.25473,0.0,0.78173,0.74527,0.28883,2
616,normal,-1,0.0,,,-1,-1,access_1,access,0.2189,0.24795,0.0,0.7811,0.75205,0.28883,2
616,mixed,276,0.51983,edge_0,edge_0-edge_1,3,2,edge_0,edge,0.56042,0.53632,18.09214,0.43958,0.46368,1.1855,4
616,normal,-1,0.0,,,-1,-1,edge_1,edge,0.3741,0.46692,0.0,0.6259,0.53308,0.64234,3
616,link_congestion,86,0.54664,edge_2,edge_1-edge_2,2,1,edge_2,edge,0.50881,0.49446,6.83292,0.49119,0.50554,0.84642,4
616,normal,-1,0.0,,,-1,-1,edge_3,edge,0.35279,0.45583,0.0,0.64721,0.54417,0.64234,3
616,node_overload,236,0.59724,edge_4,edge_3-edge_4,2,1,edge_4,edge,0.5869,0.58933,36.12998,0.4131,0.41067,0.83346,3
616,normal,-1,0.0,,,-1,-1,cloud_0,cloud,0.37389,0.46195,0.0,0.62611,0.53805,0.52104,3
617,normal,-1,0.0,,,-1,-1,access_0,access,0.20645,0.24406,0.0,0.79355,0.75594,0.28803,2
617,normal,-1,0.0,,,-1,-1,access_1,access,0.20824,0.24633,0.0,0.79176,0.75367,0.28803,2
617,burst,218,0.49488,edge_0,edge_0-edge_1,3,2,edge_0,edge,0.53509,0.53869,10.14019,0.46491,0.46131,1.25152,4
617,normal,-1,0.0,,,-1,-1,edge_1,edge,0.37284,0.46709,0.0,0.62716,0.53291,0.64009,3
617,link_congestion,86,0.54664,edge_2,edge_1-edge_2,2,1,edge_2,edge,0.53482,0.55028,8.60433,0.46518,0.44972,0.86047,4
617,normal,-1,0.0,,,-1,-1,edge_3,edge,0.34269,0.42192,0.0,0.65731,0.57808,0.64009,3
617,node_overload,236,0.59724,edge_4,edge_3-edge_4,2,1,edge_4,edge,0.5677,0.53909,31.32788,0.4323,0.46091,0.878,3
617,normal,-1,0.0,,,-1,-1,cloud_0,cloud,0.36859,0.46297,0.0,0.63141,0.53703,0.52004,3
618,normal,-1,0.0,,,-1,-1,access_0,access,0.22759,0.24259,0.0,0.77241,0.75741,0.2883,2
618,normal,-1,0.0,,,-1,-1,access_1,access,0.2095,0.26539,0.0,0.7905,0.73461,0.2883,2
618,burst,218,0.49488,edge_0,edge_0-edge_1,3,2,edge_0,edge,0.50316,0.54472,6.80557,0.49684,0.45528,1.07359,4
618,normal,-1,0.0,,,-1,-1,edge_1,edge,0.38389,0.45388,0.0,0.61611,0.54612,0.64085,3
618,link_congestion,86,0.54664,edge_2,edge_1-edge_2,2,1,edge_2,edge,0.52665,0.52821,6.94298,0.47335,0.47179,0.87564,4
618,normal,-1,0.0,,,-1,-1,edge_3,edge,0.36428,0.44658,0.0,0.63572,0.55342,0.64085,3
618,burst,227,0.36065,edge_4,edge_4-edge_0,4,3,edge_4,edge,0.45444,0.47577,1.43087,0.54556,0.52423,0.90214,3
618,normal,-1,0.0,,,-1,-1,cloud_0,cloud,0.37156,0.45462,0.0,0.62844,0.54538,0.52038,3
619,normal,-1,0.0,,,-1,-1,access_0,access,0.20319,0.2501,0.0,0.79681,0.7499,0.28961,2
619,normal,-1,0.0,,,-1,-1,access_1,access,0.21643,0.23874,0.0,0.78357,0.76126,0.28961,2
619,burst,218,0.49488,edge_0,edge_0-edge_1,3,2,edge_0,edge,0.42282,0.47949,2.40291,0.57718,0.52051,0.94123,4
619,normal,-1,0.0,,,-1,-1,edge_1,edge,0.36386,0.45931,0.0,0.63614,0.54069,0.64454,3
619,node_overload,243,0.35142,edge_2,access_1-edge_2,1,0,edge_2,edge,0.60023,0.52056,25.00317,0.39977,0.47944,0.89518,4
619,normal,-1,0.0,,,-1,-1,edge_3,edge,0.3838,0.46118,0.0,0.6162,0.53882,0.64454,3
619,mixed,299,0.47619,edge_4,edge_4-edge_0,2,1,edge_4,edge,0.50539,0.53464,11.7322,0.49461,0.46536,1.01217,3
619,normal,-1,0.0,,,-1,-1,cloud_0,cloud,0.3831,0.45183,0.0,0.6169,0.54817,0.52202,3
620,normal,-1,0.0,,,-1,-1,access_0,access,0.21729,0.24772,0.0,0.78271,0.75228,0.29188,2
620,normal,-1,0.0,,,-1,-1,access_1,access,0.20775,0.24452,0.0,0.79225,0.75548,0.29188,2
620,burst,218,0.49488,edge_0,edge_0-edge_1,3,2,edge_0,edge,0.48038,0.48861,4.91222,0.51962,0.51139,0.88053,4
620,normal,-1,0.0,,,-1,-1,edge_1,edge,0.38856,0.46297,0.0,0.61144,0.53703,0.6509,3
620,node_overload,243,0.35142,edge_2,access_1-edge_2,1,0,edge_2,edge,0.58021,0.59187,24.81827,0.41979,0.40813,0.88301,4
620,normal,-1,0.0,,,-1,-1,edge_3,edge,0.36108,0.46237,0.0,0.63892,0.53763,0.6509,3
620,mixed,299,0.47619,edge_4,edge_4-edge_0,2,1,edge_4,edge,0.53956,0.53628,14.69783,0.46044,0.46372,1.10401,3
620,normal,-1,0.0,,,-1,-1,cloud_0,cloud,0.36899,0.47809,0.0,0.63101,0.52191,0.52484,3
621,normal,-1,0.0,,,-1,-1,access_0,access,0.21094,0.24809,0.0,0.78906,0.75191,0.29492,2
621,normal,-1,0.0,,,-1,-1,access_1,access,0.22022,0.26419,0.0,0.77978,0.73581,0.29492,2
621,burst,218,0.49488,edge_0,edge_0-edge_1,3,2,edge_0,edge,0.47354,0.49797,2.58435,0.52646,0.50203,0.87159,4
621,normal,-1,0.0,,,-1,-1,edge_1,edge,0.38854,0.4585,0.0,0.61146,0.5415,0.65946,3
621,node_overload,243,0.35142,edge_2,access_1-edge_2,1,0,edge_2,edge,0.5695,0.54268,23.34605,0.4305,0.45732,0.86109,4
621,normal,-1,0.0,,,-1,-1,edge_3,edge,0.34455,0.44258,0.0,0.65545,0.55742,0.65946,3
621,mixed,299,0.47619,edge_4,edge_4-edge_0,2,1,edge_4,edge,0.60515,0.58942,17.05738,0.39485,0.41058,1.20913,3
621,normal,-1,0.0,,,-1,-1,cloud_0,cloud,0.3864,0.46558,0.0,0.6136,0.53442,0.52865,3
622,normal,-1,0.0,,,-1,-1,access_0,access,0.22292,0.24996,0.0,0.77708,0.75004,0.29851,2
622,normal,-1,0.0,,,-1,-1,access_1,access,0.2127,0.23482,0.0,0.7873,0.76518,0.29851,2
622,normal,-1,0.0,,,-1,-1,edge_0,edge,0.35595,0.45024,0.0,0.64405,0.54976,0.66957,4
622,normal,-1,0.0,,,-1,-1,edge_1,edge,0.38052,0.47299,0.0,0.61948,0.52701,0.66957,3
622,node_overload,243,0.35142,edge_2,access_1-edge_2,1,0,edge_2,edge,0.54126,0.52946,20.91049,0.45874,0.47054,0.83376,4
622,normal,-1,0.0,,,-1,-1,edge_3,edge,0.35888,0.45534,0.0,0.64112,0.54466,0.66957,3
622,mixed,299,0.47619,edge_4,edge_4-edge_0,2,1,edge_4,edge,0.6104,0.53992,18.95148,0.3896,0.46008,1.31011,3
622,normal,-1,0.0,,,-1,-1,cloud_0,cloud,0.3693,0.46811,0.0,0.6307,0.53189,0.53314,3
623,normal,-1,0.0,,,-1,-1,access_0,access,0.21547,0.23925,0.0,0.78453,0.76075,0.3024,2
623,normal,-1,0.0,,,-1,-1,access_1,access,0.23032,0.24585,0.0,0.76968,0.75415,0.3024,2
623,normal,-1,0.0,,,-1,-1,edge_0,edge,0.37896,0.45416,0.0,0.62104,0.54584,0.6805,4
623,normal,-1,0.0,,,-1,-1,edge_1,edge,0.37459,0.46772,0.0,0.62541,0.53228,0.6805,3
623,node_overload,243,0.35142,edge_2,access_1-edge_2,1,0,edge_2,edge,0.57612,0.58418,22.74627,0.42388,0.41582,0.80642,4
623,normal,-1,0.0,,,-1,-1,edge_3,edge,0.35285,0.4427,0.0,0.64715,0.5573,0.6805,3
623,mixed,299,0.47619,edge_4,edge_4-edge_0,2,1,edge_4,edge,0.66926,0.60716,23.75205,0.33074,0.39284,1.38379,3
623,normal,-1,0.0,,,-1,-1,cloud_0,cloud,0.38528,0.47242,0.0,0.61472,0.52758,0.538,3
624,normal,-1,0.0,,,-1,-1,access_0,access,0.23134,0.25825,0.0,0.76866,0.74175,0.3024,2
624,normal,-1,0.0,,,-1,-1,access_1,access,0.21036,0.24975,0.0,0.78964,0.75025,0.3024,2
624,normal,-1,0.0,,,-1,-1,edge_0,edge,0.34163,0.43136,0.0,0.65837,0.56864,0.6805,4
624,normal,-1,0.0,,,-1,-1,edge_1,edge,0.3891,0.47453,0.0,0.6109,0.52547,0.6805,3
624,node_overload,243,0.35142,edge_2,access_1-edge_2,1,0,edge_2,edge,0.5589,0.55548,21.45555,0.4411,0.44452,0.7845,4
624,normal,-1,0.0,,,-1,-1,edge_3,edge,0.35267,0.45816,0.0,0.64733,0.54184,0.6805,3
624,mixed,299,0.47619,edge_4,edge_4-edge_0,2,1,edge_4,edge,0.64816,0.59457,22.76263,0.35184,0.40543,1.40957,3
624,normal,-1,0.0,,,-1,-1,cloud_0,cloud,0.36007,0.46792,0.0,0.63993,0.53208,0.538,3
625,normal,-1,0.0,,,-1,-1,access_0,access,0.21368,0.25653,0.0,0.78632,0.74347,0.30629,2
625,normal,-1,0.0,,,-1,-1,access_1,access,0.2333,0.27028,0.0,0.7667,0.72972,0.30629,2
625,link_congestion,262,0.37062,edge_0,edge_0-edge_1,3,2,edge_0,edge,0.4214,0.49191,0.19987,0.5786,0.50809,0.84396,4
625,normal,-1,0.0,,,-1,-1,edge_1,edge,0.37569,0.46943,0.0,0.62431,0.53057,0.69143,3
625,node_overload,243,0.35142,edge_2,access_1-edge_2,1,0,edge_2,edge,0.58352,0.55191,23.9235,0.41648,0.44809,0.77234,4
625,normal,-1,0.0,,,-1,-1,edge_3,edge,0.37265,0.45889,0.0,0.62735,0.54111,0.69143,3
625,mixed,299,0.47619,edge_4,edge_4-edge_0,2,1,edge_4,edge,0.6653,0.59063,22.37119,0.3347,0.40937,1.37871,3
625,normal,-1,0.0,,,-1,-1,cloud_0,cloud,0.39712,0.49371,0.0,0.60288,0.50629,0.54286,3
626,normal,-1,0.0,,,-1,-1,access_0,access,0.22646,0.26024,0.0,0.77354,0.73976,0.30988,2
626,normal,-1,0.0,,,-1,-1,access_1,access,0.2244,0.25682,0.0,0.7756,0.74318,0.30988,2
626,link_congestion,262,0.37062,edge_0,edge_0-edge_1,3,2,edge_0,edge,0.42065,0.48498,0.86595,0.57935,0.51502,0.86054,4
626,normal,-1,0.0,,,-1,-1,edge_1,edge,0.38984,0.45964,0.0,0.61016,0.54036,0.70154,3
626,node_overload,243,0.35142,edge_2,access_1-edge_2,1,0,edge_2,edge,0.58752,0.54117,24.62114,0.41248,0.45883,0.77234,4
626,link_congestion,246,0.39989,edge_3,edge_2-edge_3,3,2,edge_3,edge,0.44805,0.48477,3.57582,0.55195,0.51523,0.84923,3
626,mixed,299,0.47619,edge_4,edge_4-edge_0,2,1,edge_4,edge,0.67495,0.56197,23.9564,0.32505,0.43803,1.29894,3
626,normal,-1,0.0,,,-1,-1,cloud_0,cloud,0.39818,0.48134,0.0,0.60182,0.51866,0.54735,3
627,normal,-1,0.0,,,-1,-1,access_0,access,0.22335,0.25972,0.0,0.77665,0.74028,0.31292,2
627,normal,-1,0.0,,,-1,-1,access_1,access,0.22616,0.26319,0.0,0.77384,0.73681,0.31292,2
627,link_congestion,262,0.37062,edge_0,edge_0-edge_1,3,2,edge_0,edge,0.39779,0.47515,0.0,0.60221,0.52485,0.87565,4
627,normal,-1,0.0,,,-1,-1,edge_1,edge,0.36199,0.4534,0.0,0.63801,0.5466,0.7101,3
627,node_overload,243,0.35142,edge_2,access_1-edge_2,1,0,edge_2,edge,0.57345,0.53732,23.49542,0.42655,0.46268,0.7845,4
627,link_congestion,246,0.39989,edge_3,edge_2-edge_3,3,2,edge_3,edge,0.45491,0.50284,2.16187,0.54509,0.49716,0.86581,3
627,mixed,299,0.47619,edge_4,edge_4-edge_0,2,1,edge_4,edge,0.63962,0.56542,22.73412,0.36038,0.43458,1.32337,3
627,normal,-1,0.0,,,-1,-1,cloud_0,cloud,0.40861,0.47325,0.0,0.59139,0.52675,0.55116,3
628,normal,-1,0.0,,,-1,-1,access_0,access,0.22674,0.24561,0.0,0.77326,0.75439,0.31519,2
628,normal,-1,0.0,,,-1,-1,access_1,access,0.22347,0.26181,0.0,0.77653,0.73819,0.31519,2
628,link_congestion,262,0.37062,edge_0,edge_0-edge_1,3,2,edge_0,edge,0.43925,0.53233,1.20801,0.56075,0.46767,0.88794,4
628,normal,-1,0.0,,,-1,-1,edge_1,edge,0.37929,0.43983,0.0,0.62071,0.56017,0.71646,3
628,node_overload,243,0.35142,edge_2,access_1-edge_2,1,0,edge_2,edge,0.56955,0.55433,22.37621,0.43045,0.44567,0.80642,4
628,link_congestion,246,0.39989,edge_3,edge_2-edge_3,3,2,edge_3,edge,0.40839,0.47742,0.0,0.59161,0.52258,0.88092,3
628,mixed,285,0.50719,edge_4,edge_4-edge_0,4,3,edge_4,edge,0.54044,0.52418,14.76134,0.45956,0.47582,1.01775,3
628,normal,-1,0.0,,,-1,-1,cloud_0,cloud,0.38387,0.47598,0.0,0.61613,0.52402,0.55398,3
629,normal,-1,0.0,,,-1,-1,access_0,access,0.24505,0.26406,0.0,0.75495,0.73594,0.3165,2
629,normal,-1,0.0,,,-1,-1,access_1,access,0.22143,0.25682,0.0,0.77857,0.74318,0.3165,2
629,link_congestion,262,0.37062,edge_0,edge_0-edge_1,3,2,edge_0,edge,0.41488,0.49236,0.09608,0.58512,0.50764,0.89632,4
629,normal,-1,0.0,,,-1,-1,edge_1,edge,0.41259,0.48466,0.0,0.58741,0.51534,0.72015,3
629,mixed,267,0.45615,edge_2,edge_2-edge_3,2,1,edge_2,edge,0.5607,0.58322,14.09641,0.4393,0.41678,1.00857,4
629,link_congestion,246,0.39989,edge_3,edge_2-edge_3,3,2,edge_3,edge,0.39239,0.45693,0.0,0.60761,0.54307,0.89321,3
629,mixed,285,0.50719,edge_4,edge_4-edge_0,4,3,edge_4,edge,0.59033,0.56281,18.42242,0.40967,0.43719,1.09388,3
629,normal,-1,0.0,,,-1,-1,cloud_0,cloud,0.39761,0.47566,0.0,0.60239,0.52434,0.55562,3
630,normal,-1,0.0,,,-1,-1,access_0,access,0.23592,0.26241,0.0,0.76408,0.73759,0.31677,2
630,normal,-1,0.0,,,-1,-1,access_1,access,0.22902,0.25959,0.0,0.77098,0.74041,0.31677,2
630,link_congestion,262,0.37062,edge_0,edge_0-edge_1,3,2,edge_0,edge,0.41605,0.51848,0.43838,0.58395,0.48152,0.90006,4
630,normal,-1,0.0,,,-1,-1,edge_1,edge,0.42475,0.48187,0.0,0.57525,0.51813,0.72091,3
630,mixed,267,0.45615,edge_2,edge_2-edge_3,2,1,edge_2,edge,0.59451,0.56529,17.01472,0.40549,0.43471,1.07048,4
630,link_congestion,246,0.39989,edge_3,edge_2-edge_3,3,2,edge_3,edge,0.45048,0.49096,1.86916,0.54952,0.50904,0.90159,3
630,mixed,285,0.50719,edge_4,edge_4-edge_0,4,3,edge_4,edge,0.63616,0.58045,20.48751,0.36384,0.41955,1.18097,3
630,normal,-1,0.0,,,-1,-1,cloud_0,cloud,0.39409,0.45354,0.0,0.60591,0.54646,0.55596,3
631,normal,-1,0.0,,,-1,-1,access_0,access,0.23772,0.27465,0.0,0.76228,0.72535,0.31597,2
631,normal,-1,0.0,,,-1,-1,access_1,access,0.22473,0.26067,0.0,0.77527,0.73933,0.31597,2
631,link_congestion,262,0.37062,edge_0,edge_0-edge_1,3,2,edge_0,edge,0.46497,0.52396,2.26245,0.53503,0.47604,0.8988,4
631,normal,-1,0.0,,,-1,-1,edge_1,edge,0.36766,0.43804,0.0,0.63234,0.56196,0.71866,3
631,link_congestion,249,0.59735,edge_2,edge_2-edge_3,2,1,edge_2,edge,0.52514,0.51603,7.70281,0.47486,0.48397,0.88477,4
631,link_congestion,246,0.39989,edge_3,edge_2-edge_3,3,2,edge_3,edge,0.45001,0.48607,1.96363,0.54999,0.51393,0.90532,3
631,mixed,285,0.50719,edge_4,edge_4-edge_0,4,3,edge_4,edge,0.61981,0.60642,21.9369,0.38019,0.39358,1.26979,3
631,normal,-1,0.0,,,-1,-1,cloud_0,cloud,0.40399,0.47743,0.0,0.59601,0.52257,0.55496,3
632,normal,-1,0.0,,,-1,-1,access_0,access,0.23715,0.25462,0.0,0.76285,0.74538,0.31416,2
632,normal,-1,0.0,,,-1,-1,access_1,access,0.22254,0.25866,0.0,0.77746,0.74134,0.31416,2
632,link_congestion,262,0.37062,edge_0,edge_0-edge_1,3,2,edge_0,edge,0.42468,0.4809,0.19938,0.57532,0.5191,0.89268,4
632,normal,-1,0.0,,,-1,-1,edge_1,edge,0.38152,0.45017,0.0,0.61848,0.54983,0.71359,3
632,link_congestion,249,0.59735,edge_2,edge_2-edge_3,2,1,edge_2,edge,0.49503,0.53073,6.60147,0.50497,0.46927,0.90135,4
632,link_congestion,246,0.39989,edge_3,edge_2-edge_3,3,2,edge_3,edge,0.42453,0.49916,1.41153,0.57547,0.50084,0.90407,3
632,mixed,285,0.50719,edge_4,edge_4-edge_0,4,3,edge_4,edge,0.66032,0.59671,21.72586,0.33968,0.40329,1.34726,3
632,normal,-1,0.0,,,-1,-1,cloud_0,cloud,0.38347,0.48078,0.0,0.61653,0.51922,0.55271,3
633,normal,-1,0.0,,,-1,-1,access_0,access,0.22747,0.24525,0.0,0.77253,0.75475,0.31149,2
633,normal,-1,0.0,,,-1,-1,access_1,access,0.24044,0.26332,0.0,0.75956,0.73668,0.31149,2
633,link_congestion,262,0.37062,edge_0,edge_0-edge_1,3,2,edge_0,edge,0.40707,0.49364,0.96902,0.59293,0.50636,0.88222,4
633,normal,-1,0.0,,,-1,-1,edge_1,edge,0.37628,0.47597,0.0,0.62372,0.52403,0.70606,3
633,link_congestion,249,0.59735,edge_2,edge_2-edge_3,2,1,edge_2,edge,0.52482,0.506,8.30608,0.47518,0.494,0.91646,4
633,link_congestion,246,0.39989,edge_3,edge_2-edge_3,3,2,edge_3,edge,0.47565,0.53698,3.27312,0.52435,0.46302,0.89794,3
633,mixed,285,0.50719,edge_4,edge_4-edge_0,4,3,edge_4,edge,0.68591,0.61764,25.6517,0.31409,0.38236,1.3993,3
633,normal,-1,0.0,,,-1,-1,cloud_0,cloud,0.39785,0.47346,0.0,0.60215,0.52654,0.54936,3
634,normal,-1,0.0,,,-1,-1,access_0,access,0.22601,0.26638,0.0,0.77399,0.73362,0.30814,2
634,normal,-1,0.0,,,-1,-1,access_1,access,0.23074,0.26412,0.0,0.76926,0.73588,0.30814,2
634,link_congestion,262,0.37062,edge_0,edge_0-edge_1,3,2,edge_0,edge,0.4676,0.49397,2.48445,0.5324,0.50603,0.86837,4
634,normal,-1,0.0,,,-1,-1,edge_1,edge,0.38784,0.46275,0.0,0.61216,0.53725,0.69664,3
634,link_congestion,249,0.59735,edge_2,edge_2-edge_3,2,1,edge_2,edge,0.54101,0.54062,9.82549,0.45899,0.45938,0.92875,4
634,link_congestion,246,0.39989,edge_3,edge_2-edge_3,3,2,edge_3,edge,0.44798,0.49962,3.12723,0.55202,0.50038,0.88749,3
634,mixed,285,0.50719,edge_4,edge_4-edge_0,4,3,edge_4,edge,0.73172,0.64228,28.10792,0.26828,0.35772,1.41494,3
634,normal,-1,0.0,,,-1,-1,cloud_0,cloud,0.37687,0.47282,0.0,0.62313,0.52718,0.54517,3
635,normal,-1,0.0,,,-1,-1,access_0,access,0.21858,0.25227,0.0,0.78142,0.74773,0.30436,2
635,normal,-1,0.0,,,-1,-1,access_1,access,0.20707,0.26544,0.0,0.79293,0.73456,0.30436,2
635,link_congestion,262,0.37062,edge_0,edge_0-edge_1,3,2,edge_0,edge,0.4027,0.51232,0.07686,0.5973,0.48768,0.85235,4
635,normal,-1,0.0,,,-1,-1,edge_1,edge,0.39097,0.46253,0.0,0.60903,0.53747,0.68601,3
635,link_congestion,249,0.59735,edge_2,edge_2-edge_3,2,1,edge_2,edge,0.55143,0.53677,9.88156,0.44857,0.46323,0.93713,4
635,link_congestion,246,0.39989,edge_3,edge_2-edge_3,3,2,edge_3,edge,0.43239,0.49089,2.28279,0.56761,0.50911,0.87364,3
635,mixed,285,0.50719,edge_4,edge_4-edge_0,4,3,edge_4,edge,0.73471,0.61894,27.47278,0.26529,0.38106,1.39011,3
635,normal,-1,0.0,,,-1,-1,cloud_0,cloud,0.3794,0.45334,0.0,0.6206,0.54666,0.54045,3
636,normal,-1,0.0,,,-1,-1,access_0,access,0.2178,0.25362,0.0,0.7822,0.74638,0.30044,2
636,normal,-1,0.0,,,-1,-1,access_1,access,0.22424,0.24819,0.0,0.77576,0.75181,0.30044,2
636,link_congestion,262,0.37062,edge_0,edge_0-edge_1,3,2,edge_0,edge,0.42443,0.47721,1.17067,0.57557,0.52279,0.83558,4
636,normal,-1,0.0,,,-1,-1,edge_1,edge,0.373,0.46018,0.0,0.627,0.53982,0.67499,3
636,link_congestion,249,0.59735,edge_2,edge_2-edge_3,2,1,edge_2,edge,0.52749,0.50816,8.90935,0.47251,0.49184,0.94087,4
636,link_congestion,246,0.39989,edge_3,edge_2-edge_3,3,2,edge_3,edge,0.45569,0.49874,4.47028,0.54431,0.50126,0.85761,3
636,mixed,285,0.50719,edge_4,edge_4-edge_0,4,3,edge_4,edge,0.66392,0.59817,25.35975,0.33608,0.40183,1.32923,3
636,normal,-1,0.0,,,-1,-1,cloud_0,cloud,0.3999,0.46492,0.0,0.6001,0.53508,0.53555,3
637,normal,-1,0.0,,,-1,-1,access_0,access,0.21594,0.25805,0.0,0.78406,0.74195,0.29666,2
637,normal,-1,0.0,,,-1,-1,access_1,access,0.23447,0.25732,0.0,0.76553,0.74268,0.29666,2
637,link_congestion,262,0.37062,edge_0,edge_0-edge_1,3,2,edge_0,edge,0.42374,0.49044,0.0,0.57626,0.50956,0.81956,4
637,normal,-1,0.0,,,-1,-1,edge_1,edge,0.3791,0.45561,0.0,0.6209,0.54439,0.66436,3
637,link_congestion,249,0.59735,edge_2,edge_2-edge_3,2,1,edge_2,edge,0.58022,0.54637,10.94896,0.41978,0.45363,0.93961,4
637,link_congestion,246,0.39989,edge_3,edge_2-edge_3,3,2,edge_3,edge,0.44442,0.47479,3.19074,0.55558,0.52521,0.84085,3
637,mixed,285,0.50719,edge_4,edge_4-edge_0,4,3,edge_4,edge,0.63216,0.57559,20.99416,0.36784,0.42441,1.31351,3
637,normal,-1,0.0,,,-1,-1,cloud_0,cloud,0.38205,0.46413,0.0,0.61795,0.53587,0.53083,3
638,normal,-1,0.0,,,-1,-1,access_0,access,0.21296,0.24883,0.0,0.78704,0.75117,0.29331,2
638,normal,-1,0.0,,,-1,-1,access_1,access,0.23625,0.26281,0.0,0.76375,0.73719,0.29331,2
638,link_congestion,262,0.37062,edge_0,edge_0-edge_1,3,2,edge_0,edge,0.45388,0.5008,3.87295,0.54612,0.4992,0.8057,4
638,normal,-1,0.0,,,-1,-1,edge_1,edge,0.37769,0.45683,0.0,0.62231,0.54317,0.65494,3
638,link_congestion,249,0.59735,edge_2,edge_2-edge_3,2,1,edge_2,edge,0.53162,0.5572,10.02004,0.46838,0.4428,0.93349,4
638,link_congestion,246,0.39989,edge_3,edge_2-edge_3,3,2,edge_3,edge,0.48363,0.52307,4.32585,0.51637,0.47693,0.82482,3
638,mixed,285,0.50719,edge_4,edge_4-edge_0,4,3,edge_4,edge,0.68514,0.60469,25.40597,0.31486,0.39531,1.33836,3
638,normal,-1,0.0,,,-1,-1,cloud_0,cloud,0.37858,0.46163,0.0,0.62142,0.53837,0.52664,3
639,normal,-1,0.0,,,-1,-1,access_0,access,0.21491,0.2566,0.0,0.78509,0.7434,0.29064,2
639,normal,-1,0.0,,,-1,-1,access_1,access,0.21166,0.2452,0.0,0.78834,0.7548,0.29064,2
639,link_congestion,262,0.37062,edge_0,edge_0-edge_1,3,2,edge_0,edge,0.40278,0.43997,0.0,0.59722,0.56003,0.79525,4
639,normal,-1,0.0,,,-1,-1,edge_1,edge,0.37562,0.46329,0.0,0.62438,0.53671,0.64741,3
639,link_congestion,249,0.59735,edge_2,edge_2-edge_3,2,1,edge_2,edge,0.55156,0.55119,11.11216,0.44844,0.44881,0.92303,4
639,link_congestion,246,0.39989,edge_3,edge_2-edge_3,3,2,edge_3,edge,0.45151,0.51219,2.8143,0.54849,0.48781,0.81097,3
639,mixed,285,0.50719,edge_4,edge_4-edge_0,4,3,edge_4,edge,0.69392,0.62112,26.01545,0.30608,0.37888,1.33677,3
639,normal,-1,0.0,,,-1,-1,cloud_0,cloud,0.36639,0.44252,0.0,0.63361,0.55748,0.52329,3
640,normal,-1,0.0,,,-1,-1,access_0,access,0.21495,0.24912,0.0,0.78505,0.75088,0.28883,2
640,normal,-1,0.0,,,-1,-1,access_1,access,0.21486,0.24319,0.0,0.78514,0.75681,0.28883,2
640,link_congestion,262,0.37062,edge_0,edge_0-edge_1,3,2,edge_0,edge,0.39997,0.47265,0.0,0.60003,0.52735,0.78912,4
640,normal,-1,0.0,,,-1,-1,edge_1,edge,0.37858,0.43932,0.0,0.62142,0.56068,0.64234,3
640,link_congestion,249,0.59735,edge_2,edge_2-edge_3,2,1,edge_2,edge,0.54159,0.55561,10.39925,0.45841,0.44439,0.90918,4
640,link_congestion,246,0.39989,edge_3,edge_2-edge_3,3,2,edge_3,edge,0.47679,0.53841,2.71138,0.52321,0.46159,0.80052,3
640,mixed,285,0.50719,edge_4,edge_4-edge_0,4,3,edge_4,edge,0.68799,0.60788,24.58156,0.31201,0.39212,1.30744,3
640,normal,-1,0.0,,,-1,-1,cloud_0,cloud,0.37306,0.45216,0.0,0.62694,0.54784,0.52104,3
641,normal,-1,0.0,,,-1,-1,access_0,access,0.21343,0.24908,0.0,0.78657,0.75092,0.28803,2
641,normal,-1,0.0,,,-1,-1,access_1,access,0.20676,0.25596,0.0,0.79324,0.74404,0.28803,2
641,link_congestion,262,0.37062,edge_0,edge_0-edge_1,3,2,edge_0,edge,0.45107,0.45446,2.44876,0.54893,0.54554,0.78787,4
641,normal,-1,0.0,,,-1,-1,edge_1,edge,0.36128,0.46242,0.0,0.63872,0.53758,0.64009,3
641,link_congestion,249,0.59735,edge_2,edge_2-edge_3,2,1,edge_2,edge,0.53009,0.55902,8.85211,0.46991,0.44098,0.89316,4
641,link_congestion,246,0.39989,edge_3,edge_2-edge_3,3,2,edge_3,edge,0.42268,0.4984,1.6918,0.57732,0.5016,0.79439,3
641,mixed,285,0.50719,edge_4,edge_4-edge_0,4,3,edge_4,edge,0.68223,0.59623,25.65999,0.31777,0.40377,1.25491,3
641,normal,-1,0.0,,,-1,-1,cloud_0,cloud,0.36624,0.45408,0.0,0.63376,0.54592,0.52004,3
642,normal,-1,0.0,,,-1,-1,access_0,access,0.20666,0.24622,0.0,0.79334,0.75378,0.2883,2
642,normal,-1,0.0,,,-1,-1,access_1,access,0.21338,0.24675,0.0,0.78662,0.75325,0.2883,2
642,link_congestion,262,0.37062,edge_0,edge_0-edge_1,3,2,edge_0,edge,0.40611,0.47331,0.55058,0.59389,0.52669,0.7916,4
642,normal,-1,0.0,,,-1,-1,edge_1,edge,0.37137,0.44355,0.0,0.62863,0.55645,0.64085,3
642,link_congestion,249,0.59735,edge_2,edge_2-edge_3,2,1,edge_2,edge,0.55702,0.56817,10.06426,0.44298,0.43183,0.87639,4
642,link_congestion,246,0.39989,edge_3,edge_2-edge_3,3,2,edge_3,edge,0.42214,0.49841,3.42397,0.57786,0.50159,0.79314,3
642,mixed,285,0.50719,edge_4,edge_4-edge_0,4,3,edge_4,edge,0.62242,0.54795,21.42533,0.37758,0.45205,1.22122,3
642,normal,-1,0.0,,,-1,-1,cloud_0,cloud,0.40067,0.45933,0.0,0.59933,0.54067,0.52038,3
643,normal,-1,0.0,,,-1,-1,access_0,access,0.20858,0.24427,0.0,0.79142,0.75573,0.28961,2
643,normal,-1,0.0,,,-1,-1,access_1,access,0.22017,0.2453,0.0,0.77983,0.7547,0.28961,2
643,link_congestion,262,0.37062,edge_0,edge_0-edge_1,3,2,edge_0,edge,0.4252,0.51259,1.95301,0.5748,0.48741,0.79998,4
643,normal,-1,0.0,,,-1,-1,edge_1,edge,0.38117,0.45488,0.0,0.61883,0.54512,0.64454,3
643,link_congestion,249,0.59735,edge_2,edge_2-edge_3,2,1,edge_2,edge,0.56215,0.53584,11.2786,0.43785,0.46416,0.86037,4
643,link_congestion,246,0.39989,edge_3,edge_2-edge_3,3,2,edge_3,edge,0.47421,0.50076,4.05604,0.52579,0.49924,0.79687,3
643,mixed,285,0.50719,edge_4,edge_4-edge_0,4,3,edge_4,edge,0.61826,0.57754,20.77892,0.38174,0.42246,1.28662,3
643,normal,-1,0.0,,,-1,-1,cloud_0,cloud,0.37765,0.45594,0.0,0.62235,0.54406,0.52202,3
644,normal,-1,0.0,,,-1,-1,access_0,access,0.20779,0.25329,0.0,0.79221,0.74671,0.29188,2
644,normal,-1,0.0,,,-1,-1,access_1,access,0.21953,0.24244,0.0,0.78047,0.75756,0.29188,2
644,link_congestion,262,0.37062,edge_0,edge_0-edge_1,3,2,edge_0,edge,0.40643,0.46173,0.0,0.59357,0.53827,0.81228,4
644,normal,-1,0.0,,,-1,-1,edge_1,edge,0.38545,0.47361,0.0,0.61455,0.52639,0.6509,3
644,link_congestion,249,0.59735,edge_2,edge_2-edge_3,2,1,edge_2,edge,0.50773,0.54527,7.37566,0.49227,0.45473,0.84651,4
644,link_congestion,246,0.39989,edge_3,edge_2-edge_3,3,2,edge_3,edge,0.46631,0.5011,5.31202,0.53369,0.4989,0.80525,3
644,mixed,285,0.50719,edge_4,edge_4-edge_0,4,3,edge_4,edge,0.68921,0.62958,25.47507,0.31079,0.37042,1.31641,3
644,normal,-1,0.0,,,-1,-1,cloud_0,cloud,0.3707,0.46085,0.0,0.6293,0.53915,0.52484,3
645,normal,-1,0.0,,,-1,-1,access_0,access,0.23251,0.26385,0.0,0.76749,0.73615,0.29492,2
645,normal,-1,0.0,,,-1,-1,access_1,access,0.23005,0.24776,0.0,0.76995,0.75224,0.29492,2
645,link_congestion,262,0.37062,edge_0,edge_0-edge_1,3,2,edge_0,edge,0.45567,0.51443,3.19495,0.54433,0.48557,0.82738,4
645,normal,-1,0.0,,,-1,-1,edge_1,edge,0.37193,0.46464,0.0,0.62807,0.53536,0.65946,3
645,link_congestion,249,0.59735,edge_2,edge_2-edge_3,2,1,edge_2,edge,0.54569,0.52166,11.01268,0.45431,0.47834,0.83606,4
645,link_congestion,246,0.39989,edge_3,edge_2-edge_3,3,2,edge_3,edge,0.40584,0.5186,2.2882,0.59416,0.4814,0.81754,3
645,mixed,285,0.50719,edge_4,edge_4-edge_0,4,3,edge_4,edge,0.62069,0.56364,22.24014,0.37931,0.43636,1.30282,3
645,normal,-1,0.0,,,-1,-1,cloud_0,cloud,0.38382,0.44099,0.0,0.61618,0.55901,0.52865,3
646,normal,-1,0.0,,,-1,-1,access_0,access,0.22651,0.2406,0.0,0.77349,0.7594,0.29851,2
646,normal,-1,0.0,,,-1,-1,access_1,access,0.22535,0.24981,0.0,0.77465,0.75019,0.29851,2
646,link_congestion,262,0.37062,edge_0,edge_0-edge_1,3,2,edge_0,edge,0.43295,0.5292,2.124,0.56705,0.4708,0.84396,4
646,normal,-1,0.0,,,-1,-1,edge_1,edge,0.37518,0.46434,0.0,0.62482,0.53566,0.66957,3
646,link_congestion,249,0.59735,edge_2,edge_2-edge_3,2,1,edge_2,edge,0.53579,0.55014,7.92213,0.46421,0.44986,0.82993,4
646,link_congestion,246,0.39989,edge_3,edge_2-edge_3,3,2,edge_3,edge,0.44051,0.49115,3.23142,0.55949,0.50885,0.83265,3
646,mixed,285,0.50719,edge_4,edge_4-edge_0,4,3,edge_4,edge,0.65062,0.61779,21.76804,0.34938,0.38221,1.25262,3
646,normal,-1,0.0,,,-1,-1,cloud_0,cloud,0.39665,0.46719,0.0,0.60335,0.53281,0.53314,3
647,normal,-1,0.0,,,-1,-1,access_0,access,0.22404,0.24973,0.0,0.77596,0.75027,0.3024,2
647,normal,-1,0.0,,,-1,-1,access_1,access,0.22108,0.25006,0.0,0.77892,0.74994,0.3024,2
647,normal,-1,0.0,,,-1,-1,edge_0,edge,0.34061,0.44275,0.0,0.65939,0.55725,0.6805,4
647,normal,-1,0.0,,,-1,-1,edge_1,edge,0.40023,0.45749,0.0,0.59977,0.54251,0.6805,3
647,link_congestion,249,0.59735,edge_2,edge_2-edge_3,2,1,edge_2,edge,0.54781,0.54141,10.85454,0.45219,0.45859,0.82868,4
647,link_congestion,246,0.39989,edge_3,edge_2-edge_3,3,2,edge_3,edge,0.44977,0.49903,2.01062,0.55023,0.50097,0.84923,3
647,mixed,285,0.50719,edge_4,edge_4-edge_0,4,3,edge_4,edge,0.58063,0.58873,19.82357,0.41937,0.41127,1.18323,3
647,normal,-1,0.0,,,-1,-1,cloud_0,cloud,0.37748,0.46449,0.0,0.62252,0.53551,0.538,3
648,normal,-1,0.0,,,-1,-1,access_0,access,0.2119,0.2706,0.0,0.7881,0.7294,0.3024,2
648,normal,-1,0.0,,,-1,-1,access_1,access,0.21056,0.25374,0.0,0.78944,0.74626,0.3024,2
648,normal,-1,0.0,,,-1,-1,edge_0,edge,0.35362,0.44269,0.0,0.64638,0.55731,0.6805,4
648,normal,-1,0.0,,,-1,-1,edge_1,edge,0.40056,0.46195,0.0,0.59944,0.53805,0.6805,3
648,link_congestion,249,0.59735,edge_2,edge_2-edge_3,2,1,edge_2,edge,0.54387,0.55902,11.23818,0.45613,0.44098,0.83241,4
648,normal,-1,0.0,,,-1,-1,edge_3,edge,0.33858,0.43516,0.0,0.66142,0.56484,0.6805,3
648,normal,-1,0.0,,,-1,-1,edge_4,edge,0.39257,0.47572,0.0,0.60743,0.52428,0.6805,3
648,normal,-1,0.0,,,-1,-1,cloud_0,cloud,0.39449,0.44738,0.0,0.60551,0.55262,0.538,3
649,normal,-1,0.0,,,-1,-1,access_0,access,0.2103,0.24977,0.0,0.7897,0.75023,0.30629,2
649,normal,-1,0.0,,,-1,-1,access_1,access,0.23026,0.24747,0.0,0.76974,0.75253,0.30629,2
649,normal,-1,0.0,,,-1,-1,edge_0,edge,0.33081,0.43256,0.0,0.66919,0.56744,0.69143,4
649,normal,-1,0.0,,,-1,-1,edge_1,edge,0.39049,0.4848,0.0,0.60951,0.5152,0.69143,3
649,link_congestion,249,0.59735,edge_2,edge_2-edge_3,2,1,edge_2,edge,0.54117,0.57637,8.32414,0.45883,0.42363,0.84079,4
649,normal,-1,0.0,,,-1,-1,edge_3,edge,0.35257,0.45625,0.0,0.64743,0.54375,0.69143,3
649,normal,-1,0.0,,,-1,-1,edge_4,edge,0.40594,0.4698,0.0,0.59406,0.5302,0.69143,3
649,normal,-1,0.0,,,-1,-1,cloud_0,cloud,0.40059,0.46754,0.0,0.59941,0.53246,0.54286,3
650,normal,-1,0.0,,,-1,-1,access_0,access,0.21847,0.25956,0.0,0.78153,0.74044,0.30988,2
650,normal,-1,0.0,,,-1,-1,access_1,access,0.21562,0.24558,0.0,0.78438,0.75442,0.30988,2
650,normal,-1,0.0,,,-1,-1,edge_0,edge,0.32624,0.43753,0.0,0.67376,0.56247,0.70154,4
650,normal,-1,0.0,,,-1,-1,edge_1,edge,0.36849,0.46934,0.0,0.63151,0.53066,0.70154,3
650,link_congestion,249,0.59735,edge_2,edge_2-edge_3,2,1,edge_2,edge,0.55599,0.55254,10.64671,0.44401,0.44746,0.85309,4
650,normal,-1,0.0,,,-1,-1,edge_3,edge,0.34393,0.45663,0.0,0.65607,0.54337,0.70154,3
650,normal,-1,0.0,,,-1,-1,edge_4,edge,0.3967,0.47002,0.0,0.6033,0.52998,0.70154,3
650,normal,-1,0.0,,,-1,-1,cloud_0,cloud,0.38924,0.48658,0.0,0.61076,0.51342,0.54735,3
651,normal,-1,0.0,,,-1,-1,access_0,access,0.23946,0.246,0.0,0.76054,0.754,0.31292,2
651,normal,-1,0.0,,,-1,-1,access_1,access,0.24019,0.25102,0.0,0.75981,0.74898,0.31292,2
651,normal,-1,0.0,,,-1,-1,edge_0,edge,0.32816,0.45949,0.0,0.67184,0.54051,0.7101,4
651,normal,-1,0.0,,,-1,-1,edge_1,edge,0.39931,0.4576,0.0,0.60069,0.5424,0.7101,3
651,link_congestion,249,0.59735,edge_2,edge_2-edge_3,2,1,edge_2,edge,0.53125,0.52165,9.17751,0.46875,0.47835,0.86819,4
651,normal,-1,0.0,,,-1,-1,edge_3,edge,0.3594,0.43916,0.0,0.6406,0.56084,0.7101,3
651,normal,-1,0.0,,,-1,-1,edge_4,edge,0.39742,0.47978,0.0,0.60258,0.52022,0.7101,3
651,normal,-1,0.0,,,-1,-1,cloud_0,cloud,0.36492,0.44109,0.0,0.63508,0.55891,0.55116,3
652,normal,-1,0.0,,,-1,-1,access_0,access,0.23223,0.25531,0.0,0.76777,0.74469,0.31519,2
652,normal,-1,0.0,,,-1,-1,access_1,access,0.21808,0.26092,0.0,0.78192,0.73908,0.31519,2
652,normal,-1,0.0,,,-1,-1,edge_0,edge,0.37228,0.46174,0.0,0.62772,0.53826,0.71646,4
652,normal,-1,0.0,,,-1,-1,edge_1,edge,0.37919,0.47778,0.0,0.62081,0.52222,0.71646,3
652,link_congestion,249,0.59735,edge_2,edge_2-edge_3,2,1,edge_2,edge,0.54239,0.51915,9.44768,0.45761,0.48085,0.88477,4
652,normal,-1,0.0,,,-1,-1,edge_3,edge,0.36964,0.43826,0.0,0.63036,0.56174,0.71646,3
652,normal,-1,0.0,,,-1,-1,edge_4,edge,0.37906,0.4616,0.0,0.62094,0.5384,0.71646,3
652,normal,-1,0.0,,,-1,-1,cloud_0,cloud,0.39752,0.46553,0.0,0.60248,0.53447,0.55398,3
653,normal,-1,0.0,,,-1,-1,access_0,access,0.23583,0.2518,0.0,0.76417,0.7482,0.3165,2
653,normal,-1,0.0,,,-1,-1,access_1,access,0.22753,0.2729,0.0,0.77247,0.7271,0.3165,2
653,normal,-1,0.0,,,-1,-1,edge_0,edge,0.33252,0.44914,0.0,0.66748,0.55086,0.72015,4
653,normal,-1,0.0,,,-1,-1,edge_1,edge,0.3832,0.4658,0.0,0.6168,0.5342,0.72015,3
653,mixed,270,0.55757,edge_2,access_1-edge_2,1,0,edge_2,edge,0.71041,0.60524,27.43803,0.28959,0.39476,1.30494,4
653,mixed,284,0.59544,edge_3,edge_2-edge_3,3,2,edge_3,edge,0.50905,0.52038,14.22949,0.49095,0.47962,1.03364,3
653,normal,-1,0.0,,,-1,-1,edge_4,edge,0.40368,0.47781,0.0,0.59632,0.52219,0.72015,3
653,normal,-1,0.0,,,-1,-1,cloud_0,cloud,0.38483,0.47506,0.0,0.61517,0.52494,0.55562,3
654,normal,-1,0.0,,,-1,-1,access_0,access,0.22063,0.25356,0.0,0.77937,0.74644,0.31677,2
654,normal,-1,0.0,,,-1,-1,access_1,access,0.22789,0.26755,0.0,0.77211,0.73245,0.31677,2
654,normal,-1,0.0,,,-1,-1,edge_0,edge,0.34614,0.44569,0.0,0.65386,0.55431,0.72091,4
654,normal,-1,0.0,,,-1,-1,edge_1,edge,0.39482,0.4845,0.0,0.60518,0.5155,0.72091,3
654,mixed,270,0.55757,edge_2,access_1-edge_2,1,0,edge_2,edge,0.69493,0.6342,28.3666,0.30507,0.3658,1.32446,4
654,mixed,284,0.59544,edge_3,edge_2-edge_3,3,2,edge_3,edge,0.52827,0.55106,18.01703,0.47173,0.44894,1.13999,3
654,normal,-1,0.0,,,-1,-1,edge_4,edge,0.38995,0.45666,0.0,0.61005,0.54334,0.72091,3
654,normal,-1,0.0,,,-1,-1,cloud_0,cloud,0.40894,0.4686,0.0,0.59106,0.5314,0.55596,3
655,normal,-1,0.0,,,-1,-1,access_0,access,0.2148,0.26605,0.0,0.7852,0.73395,0.31597,2
655,normal,-1,0.0,,,-1,-1,access_1,access,0.22847,0.26161,0.0,0.77153,0.73839,0.31597,2
655,normal,-1,0.0,,,-1,-1,edge_0,edge,0.36861,0.46329,0.0,0.63139,0.53671,0.71866,4
655,normal,-1,0.0,,,-1,-1,edge_1,edge,0.40339,0.47863,0.0,0.59661,0.52137,0.71866,3
655,mixed,270,0.55757,edge_2,access_1-edge_2,1,0,edge_2,edge,0.70986,0.60757,27.8451,0.29014,0.39243,1.27778,4
655,mixed,284,0.59544,edge_3,edge_2-edge_3,3,2,edge_3,edge,0.66652,0.59771,24.79126,0.33348,0.40229,1.26083,3
655,normal,-1,0.0,,,-1,-1,edge_4,edge,0.41062,0.48738,0.0,0.58938,0.51262,0.71866,3
655,normal,-1,0.0,,,-1,-1,cloud_0,cloud,0.38915,0.47103,0.0,0.61085,0.52897,0.55496,3
656,normal,-1,0.0,,,-1,-1,access_0,access,0.21309,0.2639,0.0,0.78691,0.7361,0.31416,2
656,normal,-1,0.0,,,-1,-1,access_1,access,0.22091,0.25284,0.0,0.77909,0.74716,0.31416,2
656,normal,-1,0.0,,,-1,-1,edge_0,edge,0.34914,0.44423,0.0,0.65086,0.55577,0.71359,4
656,normal,-1,0.0,,,-1,-1,edge_1,edge,0.39315,0.45256,0.0,0.60685,0.54744,0.71359,3
656,mixed,270,0.55757,edge_2,access_1-edge_2,1,0,edge_2,edge,0.66206,0.58836,23.34661,0.33794,0.41164,1.19229,4
656,mixed,284,0.59544,edge_3,edge_2-edge_3,3,2,edge_3,edge,0.62622,0.59485,25.23954,0.37378,0.40515,1.36787,3
656,normal,-1,0.0,,,-1,-1,edge_4,edge,0.37156,0.4585,0.0,0.62844,0.5415,0.71359,3
656,normal,-1,0.0,,,-1,-1,cloud_0,cloud,0.38071,0.45247,0.0,0.61929,0.54753,0.55271,3
657,normal,-1,0.0,,,-1,-1,access_0,access,0.23613,0.26553,0.0,0.76387,0.73447,0.31149,2
657,normal,-1,0.0,,,-1,-1,access_1,access,0.23114,0.24765,0.0,0.76886,0.75235,0.31149,2
657,normal,-1,0.0,,,-1,-1,edge_0,edge,0.34456,0.44761,0.0,0.65544,0.55239,0.70606,4
657,normal,-1,0.0,,,-1,-1,edge_1,edge,0.4038,0.47228,0.0,0.5962,0.52772,0.70606,3
657,link_congestion,253,0.37009,edge_2,edge_1-edge_2,2,1,edge_2,edge,0.49868,0.49773,5.81183,0.50132,0.50227,0.89422,4
657,mixed,284,0.59544,edge_3,edge_2-edge_3,3,2,edge_3,edge,0.69399,0.59979,28.0623,0.30601,0.40021,1.42678,3
657,normal,-1,0.0,,,-1,-1,edge_4,edge,0.37852,0.48237,0.0,0.62148,0.51763,0.70606,3
657,normal,-1,0.0,,,-1,-1,cloud_0,cloud,0.40298,0.47375,0.0,0.59702,0.52625,0.54936,3
658,normal,-1,0.0,,,-1,-1,access_0,access,0.21601,0.26004,0.0,0.78399,0.73996,0.30814,2
658,normal,-1,0.0,,,-1,-1,access_1,access,0.23334,0.26498,0.0,0.76666,0.73502,0.30814,2
658,normal,-1,0.0,,,-1,-1,edge_0,edge,0.35985,0.44874,0.0,0.64015,0.55126,0.69664,4
658,normal,-1,0.0,,,-1,-1,edge_1,edge,0.38134,0.45958,0.0,0.61866,0.54042,0.69664,3
658,link_congestion,253,0.37009,edge_2,edge_1-edge_2,2,1,edge_2,edge,0.48936,0.53625,5.24512,0.51064,0.46375,0.89988,4
658,mixed,284,0.59544,edge_3,edge_2-edge_3,3,2,edge_3,edge,0.65909,0.62061,26.34773,0.34091,0.37939,1.41463,3
658,normal,-1,0.0,,,-1,-1,edge_4,edge,0.38549,0.47854,0.0,0.61451,0.52146,0.69664,3
658,normal,-1,0.0,,,-1,-1,cloud_0,cloud,0.37626,0.47891,0.0,0.62374,0.52109,0.54517,3
659,normal,-1,0.0,,,-1,-1,access_0,access,0.21734,0.26465,0.0,0.78266,0.73535,0.30436,2
659,normal,-1,0.0,,,-1,-1,access_1,access,0.21302,0.2508,0.0,0.78698,0.7492,0.30436,2
659,mixed,280,0.36739,edge_0,edge_0-edge_1,3,2,edge_0,edge,0.46426,0.47659,8.23583,0.53574,0.52341,0.99259,4
659,normal,-1,0.0,,,-1,-1,edge_1,edge,0.37805,0.45647,0.0,0.62195,0.54353,0.68601,3
659,link_congestion,253,0.37009,edge_2,edge_1-edge_2,2,1,edge_2,edge,0.48646,0.49376,4.37461,0.51354,0.50624,0.89797,4
659,mixed,284,0.59544,edge_3,edge_2-edge_3,3,2,edge_3,edge,0.64489,0.56521,24.49455,0.35511,0.43479,1.33409,3
659,node_overload,234,0.38322,edge_4,edge_4-edge_0,4,3,edge_4,edge,0.5044,0.51103,19.16473,0.4956,0.48897,0.83948,3
659,normal,-1,0.0,,,-1,-1,cloud_0,cloud,0.39232,0.46021,0.0,0.60768,0.53979,0.54045,3
660,normal,-1,0.0,,,-1,-1,access_0,access,0.22845,0.25408,0.0,0.77155,0.74592,0.30044,2
660,normal,-1,0.0,,,-1,-1,access_1,access,0.23128,0.25965,0.0,0.76872,0.74035,0.30044,2
660,mixed,280,0.36739,edge_0,edge_0-edge_1,3,2,edge_0,edge,0.55408,0.5695,12.2706,0.44592,0.4305,1.1658,4
660,normal,-1,0.0,,,-1,-1,edge_1,edge,0.38013,0.45812,0.0,0.61987,0.54188,0.67499,3
660,mixed,278,0.38868,edge_2,access_1-edge_2,1,0,edge_2,edge,0.53312,0.52965,11.26462,0.46688,0.47035,0.99642,4
660,mixed,284,0.59544,edge_3,edge_2-edge_3,3,2,edge_3,edge,0.66346,0.59451,26.1742,0.33654,0.40549,1.34483,3
660,node_overload,234,0.38322,edge_4,edge_4-edge_0,4,3,edge_4,edge,0.47905,0.48575,17.38125,0.52095,0.51425,0.85723,3
660,normal,-1,0.0,,,-1,-1,cloud_0,cloud,0.39737,0.47778,0.0,0.60263,0.52222,0.53555,3
661,normal,-1,0.0,,,-1,-1,access_0,access,0.2162,0.25879,0.0,0.7838,0.74121,0.29666,2
661,normal,-1,0.0,,,-1,-1,access_1,access,0.2258,0.24477,0.0,0.7742,0.75523,0.29666,2
661,mixed,280,0.36739,edge_0,edge_0-edge_1,3,2,edge_0,edge,0.55399,0.52249,13.75109,0.44601,0.47751,1.33633,4
661,mixed,295,0.58508,edge_1,edge_1-edge_2,2,1,edge_1,edge,0.52648,0.51476,15.33695,0.47352,0.48524,1.03177,3
661,mixed,278,0.38868,edge_2,access_1-edge_2,1,0,edge_2,edge,0.58678,0.57464,15.94698,0.41322,0.42536,1.22362,4
661,mixed,284,0.59544,edge_3,edge_2-edge_3,3,2,edge_3,edge,0.68263,0.59367,28.14698,0.31737,0.40633,1.35461,3
661,node_overload,234,0.38322,edge_4,edge_4-edge_0,4,3,edge_4,edge,0.49826,0.52239,17.33379,0.50174,0.47761,0.87354,3
661,normal,-1,0.0,,,-1,-1,cloud_0,cloud,0.39464,0.46603,0.0,0.60536,0.53397,0.53083,3
662,normal,-1,0.0,,,-1,-1,access_0,access,0.20086,0.25851,0.0,0.79914,0.74149,0.29331,2
662,normal,-1,0.0,,,-1,-1,access_1,access,0.22193,0.24515,0.0,0.77807,0.75485,0.29331,2
662,mixed,280,0.36739,edge_0,edge_0-edge_1,3,2,edge_0,edge,0.64233,0.58318,19.36176,0.35767,0.41682,1.38595,4
662,mixed,295,0.58508,edge_1,edge_1-edge_2,2,1,edge_1,edge,0.6232,0.57845,22.7381,0.3768,0.42155,1.17059,3
662,mixed,278,0.38868,edge_2,access_1-edge_2,1,0,edge_2,edge,0.669,0.61444,22.47082,0.331,0.38556,1.38956,4
662,mixed,284,0.59544,edge_3,edge_2-edge_3,3,2,edge_3,edge,0.68434,0.60926,28.37471,0.31566,0.39074,1.31377,3
662,node_overload,234,0.38322,edge_4,edge_4-edge_0,4,3,edge_4,edge,0.54618,0.52297,22.33601,0.45382,0.47703,0.88709,3
662,normal,-1,0.0,,,-1,-1,cloud_0,cloud,0.37041,0.47041,0.0,0.62959,0.52959,0.52664,3
663,normal,-1,0.0,,,-1,-1,access_0,access,0.21255,0.25247,0.0,0.78745,0.74753,0.29064,2
663,normal,-1,0.0,,,-1,-1,access_1,access,0.21489,0.24473,0.0,0.78511,0.75527,0.29064,2
663,mixed,280,0.36739,edge_0,edge_0-edge_1,3,2,edge_0,edge,0.5942,0.57143,15.65732,0.4058,0.42857,1.26831,4
663,mixed,295,0.58508,edge_1,edge_1-edge_2,2,1,edge_1,edge,0.67342,0.58185,26.6539,0.32658,0.41815,1.3213,3
663,mixed,278,0.38868,edge_2,access_1-edge_2,1,0,edge_2,edge,0.65591,0.64833,19.81713,0.34409,0.35167,1.29688,4
663,mixed,284,0.59544,edge_3,edge_2-edge_3,3,2,edge_3,edge,0.64137,0.59235,24.39406,0.35863,0.40765,1.23378,3
663,node_overload,234,0.38322,edge_4,edge_4-edge_0,4,3,edge_4,edge,0.53576,0.52588,23.54555,0.46424,0.47412,0.89679,3
663,normal,-1,0.0,,,-1,-1,cloud_0,cloud,0.37374,0.45808,0.0,0.62626,0.54192,0.52329,3
664,normal,-1,0.0,,,-1,-1,access_0,access,0.21874,0.25062,0.0,0.78126,0.74938,0.28883,2
664,normal,-1,0.0,,,-1,-1,access_1,access,0.20983,0.25408,0.0,0.79017,0.74592,0.28883,2
664,node_overload,240,0.51307,edge_0,edge_0-edge_1,2,1,edge_0,edge,0.51194,0.51614,25.28204,0.48806,0.48386,0.86285,4
664,mixed,295,0.58508,edge_1,edge_1-edge_2,2,1,edge_1,edge,0.72517,0.62773,30.3776,0.27483,0.37227,1.4191,3
664,mixed,278,0.38868,edge_2,access_1-edge_2,1,0,edge_2,edge,0.67077,0.63957,20.68572,0.32923,0.36043,1.31739,4
664,mixed,284,0.59544,edge_3,edge_2-edge_3,3,2,edge_3,edge,0.62751,0.57955,25.31816,0.37249,0.42045,1.29883,3
664,mixed,277,0.47761,edge_4,edge_3-edge_4,4,3,edge_4,edge,0.48984,0.52813,11.88594,0.51016,0.47187,1.01243,3
664,normal,-1,0.0,,,-1,-1,cloud_0,cloud,0.37046,0.45625,0.0,0.62954,0.54375,0.52104,3
665,normal,-1,0.0,,,-1,-1,access_0,access,0.20875,0.23877,0.0,0.79125,0.76123,0.28803,2
665,normal,-1,0.0,,,-1,-1,access_1,access,0.20917,0.24533,0.0,0.79083,0.75467,0.28803,2
665,node_overload,240,0.51307,edge_0,edge_0-edge_1,2,1,edge_0,edge,0.50978,0.49384,26.08188,0.49022,0.50616,0.87985,4
665,mixed,295,0.58508,edge_1,edge_1-edge_2,2,1,edge_1,edge,0.7083,0.61565,27.6573,0.2917,0.38435,1.408,3
665,mixed,278,0.38868,edge_2,access_1-edge_2,1,0,edge_2,edge,0.62691,0.61013,18.02094,0.37309,0.38987,1.19656,4
665,mixed,284,0.59544,edge_3,edge_2-edge_3,3,2,edge_3,edge,0.63475,0.58682,24.89142,0.36525,0.41318,1.33281,3
665,mixed,277,0.47761,edge_4,edge_3-edge_4,4,3,edge_4,edge,0.61005,0.59892,17.14616,0.38995,0.40108,1.15125,3
665,normal,-1,0.0,,,-1,-1,cloud_0,cloud,0.37837,0.45231,0.0,0.62163,0.54769,0.52004,3
666,normal,-1,0.0,,,-1,-1,access_0,access,0.21525,0.2356,0.0,0.78475,0.7644,0.2883,2
666,normal,-1,0.0,,,-1,-1,access_1,access,0.21177,0.23468,0.0,0.78823,0.76532,0.2883,2
666,node_overload,240,0.51307,edge_0,edge_0-edge_1,2,1,edge_0,edge,0.51105,0.51648,25.84329,0.48895,0.48352,0.89559,4
666,mixed,295,0.58508,edge_1,edge_1-edge_2,2,1,edge_1,edge,0.64931,0.59314,24.42377,0.35069,0.40686,1.31305,3
666,mixed,278,0.38868,edge_2,access_1-edge_2,1,0,edge_2,edge,0.6554,0.61374,21.46169,0.3446,0.38626,1.2956,4
666,mixed,284,0.59544,edge_3,edge_2-edge_3,3,2,edge_3,edge,0.65919,0.61554,26.11795,0.34081,0.38446,1.28968,3
666,mixed,277,0.47761,edge_4,edge_3-edge_4,4,3,edge_4,edge,0.62302,0.56755,20.10706,0.37698,0.43245,1.30196,3
666,normal,-1,0.0,,,-1,-1,cloud_0,cloud,0.37558,0.45933,0.0,0.62442,0.54067,0.52038,3
667,normal,-1,0.0,,,-1,-1,access_0,access,0.22787,0.2461,0.0,0.77213,0.7539,0.28961,2
667,normal,-1,0.0,,,-1,-1,access_1,access,0.21595,0.25982,0.0,0.78405,0.74018,0.28961,2
667,node_overload,240,0.51307,edge_0,edge_0-edge_1,2,1,edge_0,edge,0.5645,0.5423,30.21143,0.4355,0.4577,0.9089,4
667,mixed,295,0.58508,edge_1,edge_1-edge_2,2,1,edge_1,edge,0.70358,0.62727,28.47037,0.29642,0.37273,1.35505,3
667,mixed,278,0.38868,edge_2,access_1-edge_2,1,0,edge_2,edge,0.60413,0.52005,17.30198,0.39587,0.47995,1.16189,4
667,mixed,284,0.59544,edge_3,edge_2-edge_3,3,2,edge_3,edge,0.61051,0.56832,22.96278,0.38949,0.43168,1.19911,3
667,mixed,277,0.47761,edge_4,edge_3-edge_4,4,3,edge_4,edge,0.63886,0.60211,23.68461,0.36114,0.39789,1.39976,3
667,normal,-1,0.0,,,-1,-1,cloud_0,cloud,0.36894,0.45966,0.0,0.63106,0.54034,0.52202,3
668,normal,-1,0.0,,,-1,-1,access_0,access,0.22599,0.25177,0.0,0.77401,0.74823,0.29188,2
668,normal,-1,0.0,,,-1,-1,access_1,access,0.20988,0.25083,0.0,0.79012,0.74917,0.29188,2
668,node_overload,240,0.51307,edge_0,edge_0-edge_1,2,1,edge_0,edge,0.56578,0.53548,30.48639,0.43422,0.46452,0.91879,4
668,mixed,295,0.58508,edge_1,edge_1-edge_2,2,1,edge_1,edge,0.66699,0.64073,26.20164,0.33301,0.35927,1.31753,3
668,link_congestion,253,0.37009,edge_2,edge_1-edge_2,2,1,edge_2,edge,0.51547,0.52105,4.96383,0.48453,0.47895,0.79351,4
668,normal,-1,0.0,,,-1,-1,edge_3,edge,0.37558,0.47477,0.0,0.62442,0.52523,0.6509,3
668,mixed,277,0.47761,edge_4,edge_3-edge_4,4,3,edge_4,edge,0.68528,0.61057,24.64176,0.31472,0.38943,1.38866,3
668,normal,-1,0.0,,,-1,-1,cloud_0,cloud,0.37044,0.45349,0.0,0.62956,0.54651,0.52484,3
669,normal,-1,0.0,,,-1,-1,access_0,access,0.22665,0.22793,0.0,0.77335,0.77207,0.29492,2
669,normal,-1,0.0,,,-1,-1,access_1,access,0.22331,0.25731,0.0,0.77669,0.74269,0.29492,2
669,node_overload,240,0.51307,edge_0,edge_0-edge_1,2,1,edge_0,edge,0.56784,0.53515,30.95023,0.43216,0.46485,0.92454,4
669,mixed,295,0.58508,edge_1,edge_1-edge_2,2,1,edge_1,edge,0.62786,0.6132,23.24314,0.37214,0.3868,1.2209,3
669,link_congestion,253,0.37009,edge_2,edge_1-edge_2,2,1,edge_2,edge,0.50344,0.50618,5.39279,0.49656,0.49382,0.80597,4
669,normal,-1,0.0,,,-1,-1,edge_3,edge,0.34906,0.44446,0.0,0.65094,0.55554,0.65946,3
669,mixed,277,0.47761,edge_4,edge_3-edge_4,4,3,edge_4,edge,0.62814,0.60772,21.94388,0.37186,0.39228,1.2937,3
669,normal,-1,0.0,,,-1,-1,cloud_0,cloud,0.37314,0.47146,0.0,0.62686,0.52854,0.52865,3
670,normal,-1,0.0,,,-1,-1,access_0,access,0.21689,0.23467,0.0,0.78311,0.76533,0.29851,2
670,normal,-1,0.0,,,-1,-1,access_1,access,0.21086,0.24562,0.0,0.78914,0.75438,0.29851,2
670,node_overload,240,0.51307,edge_0,edge_0-edge_1,2,1,edge_0,edge,0.60451,0.57463,34.2222,0.39549,0.42537,0.92571,4
670,mixed,295,0.58508,edge_1,edge_1-edge_2,2,1,edge_1,edge,0.71386,0.61223,29.88985,0.28614,0.38777,1.32213,3
670,link_congestion,253,0.37009,edge_2,edge_1-edge_2,2,1,edge_2,edge,0.47045,0.53119,2.5945,0.52955,0.46881,0.82355,4
670,normal,-1,0.0,,,-1,-1,edge_3,edge,0.34751,0.44426,0.0,0.65249,0.55574,0.66957,3
670,mixed,277,0.47761,edge_4,edge_3-edge_4,4,3,edge_4,edge,0.67137,0.56671,22.96028,0.32863,0.43329,1.33571,3
670,normal,-1,0.0,,,-1,-1,cloud_0,cloud,0.38076,0.44536,0.0,0.61924,0.55464,0.53314,3
671,normal,-1,0.0,,,-1,-1,access_0,access,0.20407,0.26966,0.0,0.79593,0.73034,0.3024,2
671,normal,-1,0.0,,,-1,-1,access_1,access,0.22259,0.26145,0.0,0.77741,0.73855,0.3024,2
671,node_overload,240,0.51307,edge_0,edge_0-edge_1,2,1,edge_0,edge,0.60289,0.59341,33.82726,0.39711,0.40659,0.92222,4
671,mixed,295,0.58508,edge_1,edge_1-edge_2,2,1,edge_1,edge,0.65127,0.59426,26.48352,0.34873,0.40574,1.30618,3
671,link_congestion,253,0.37009,edge_2,edge_1-edge_2,2,1,edge_2,edge,0.48832,0.49317,3.19771,0.51168,0.50683,0.84387,4
671,normal,-1,0.0,,,-1,-1,edge_3,edge,0.33431,0.45408,0.0,0.66569,0.54592,0.6805,3
671,mixed,277,0.47761,edge_4,edge_3-edge_4,4,3,edge_4,edge,0.68325,0.55282,25.00004,0.31675,0.44718,1.29819,3
671,normal,-1,0.0,,,-1,-1,cloud_0,cloud,0.38339,0.46341,0.0,0.61661,0.53659,0.538,3
672,normal,-1,0.0,,,-1,-1,access_0,access,0.22908,0.25701,0.0,0.77092,0.74299,0.3024,2
672,normal,-1,0.0,,,-1,-1,access_1,access,0.22367,0.25048,0.0,0.77633,0.74952,0.3024,2
672,node_overload,240,0.51307,edge_0,edge_0-edge_1,2,1,edge_0,edge,0.63539,0.59953,36.03103,0.36461,0.40047,0.91432,4
672,mixed,295,0.58508,edge_1,edge_1-edge_2,2,1,edge_1,edge,0.61781,0.5913,23.44267,0.38219,0.4087,1.19725,3
672,link_congestion,245,0.3369,edge_2,edge_1-edge_2,2,1,edge_2,edge,0.46885,0.51674,3.60411,0.53115,0.48326,0.87579,4
672,normal,-1,0.0,,,-1,-1,edge_3,edge,0.34256,0.44143,0.0,0.65744,0.55857,0.6805,3
672,mixed,277,0.47761,edge_4,edge_3-edge_4,4,3,edge_4,edge,0.58908,0.55959,19.52267,0.41092,0.44041,1.20155,3
672,normal,-1,0.0,,,-1,-1,cloud_0,cloud,0.40821,0.45731,0.0,0.59179,0.54269,0.538,3
673,normal,-1,0.0,,,-1,-1,access_0,access,0.21845,0.27216,0.0,0.78155,0.72784,0.30629,2
673,normal,-1,0.0,,,-1,-1,access_1,access,0.22338,0.24852,0.0,0.77662,0.75148,0.30629,2
673,node_overload,240,0.51307,edge_0,edge_0-edge_1,2,1,edge_0,edge,0.62621,0.57487,33.5444,0.37379,0.42513,0.90261,4
673,normal,-1,0.0,,,-1,-1,edge_1,edge,0.37171,0.44796,0.0,0.62829,0.55204,0.69143,3
673,link_congestion,245,0.3369,edge_2,edge_1-edge_2,2,1,edge_2,edge,0.49067,0.51614,3.84301,0.50933,0.48386,0.88824,4
673,normal,-1,0.0,,,-1,-1,edge_3,edge,0.35775,0.46493,0.0,0.64225,0.53507,0.69143,3
673,mixed,277,0.47761,edge_4,edge_3-edge_4,4,3,edge_4,edge,0.6599,0.59011,23.68747,0.3401,0.40989,1.30279,3
673,normal,-1,0.0,,,-1,-1,cloud_0,cloud,0.40482,0.47025,0.0,0.59518,0.52975,0.54286,3
674,normal,-1,0.0,,,-1,-1,access_0,access,0.23272,0.25062,0.0,0.76728,0.74938,0.30988,2
674,normal,-1,0.0,,,-1,-1,access_1,access,0.2256,0.26282,0.0,0.7744,0.73718,0.30988,2
674,node_overload,240,0.51307,edge_0,edge_0-edge_1,2,1,edge_0,edge,0.61998,0.59193,33.1119,0.38002,0.40807,0.88795,4
674,normal,-1,0.0,,,-1,-1,edge_1,edge,0.39286,0.46965,0.0,0.60714,0.53035,0.70154,3
674,link_congestion,245,0.3369,edge_2,edge_1-edge_2,2,1,edge_2,edge,0.48676,0.51415,5.17536,0.51324,0.48585,0.8939,4
674,normal,-1,0.0,,,-1,-1,edge_3,edge,0.37459,0.44873,0.0,0.62541,0.55127,0.70154,3
674,mixed,277,0.47761,edge_4,edge_3-edge_4,4,3,edge_4,edge,0.67823,0.64877,23.03207,0.32177,0.35123,1.28683,3
674,normal,-1,0.0,,,-1,-1,cloud_0,cloud,0.40016,0.4716,0.0,0.59984,0.5284,0.54735,3
675,normal,-1,0.0,,,-1,-1,access_0,access,0.22065,0.25794,0.0,0.77935,0.74206,0.31292,2
675,normal,-1,0.0,,,-1,-1,access_1,access,0.21843,0.26054,0.0,0.78157,0.73946,0.31292,2
675,node_overload,240,0.51307,edge_0,edge_0-edge_1,2,1,edge_0,edge,0.60788,0.57515,34.05955,0.39212,0.42485,0.87143,4
675,normal,-1,0.0,,,-1,-1,edge_1,edge,0.39648,0.46677,0.0,0.60352,0.53323,0.7101,3
675,link_congestion,245,0.3369,edge_2,edge_1-edge_2,2,1,edge_2,edge,0.45524,0.50164,1.36538,0.54476,0.49836,0.89199,4
675,normal,-1,0.0,,,-1,-1,edge_3,edge,0.37322,0.47578,0.0,0.62678,0.52422,0.7101,3
675,mixed,277,0.47761,edge_4,edge_3-edge_4,4,3,edge_4,edge,0.60878,0.6075,19.94428,0.39122,0.3925,1.1779,3
675,normal,-1,0.0,,,-1,-1,cloud_0,cloud,0.39719,0.46346,0.0,0.60281,0.53654,0.55116,3
676,normal,-1,0.0,,,-1,-1,access_0,access,0.23584,0.26574,0.0,0.76416,0.73426,0.31519,2
676,normal,-1,0.0,,,-1,-1,access_1,access,0.23213,0.26396,0.0,0.76787,0.73604,0.31519,2
676,node_overload,240,0.51307,edge_0,edge_0-edge_1,2,1,edge_0,edge,0.58798,0.5701,31.65058,0.41202,0.4299,0.85427,4
676,normal,-1,0.0,,,-1,-1,edge_1,edge,0.35034,0.45978,0.0,0.64966,0.54022,0.71646,3
676,link_congestion,245,0.3369,edge_2,edge_1-edge_2,2,1,edge_2,edge,0.51222,0.55121,4.74655,0.48778,0.44879,0.88278,4
676,normal,-1,0.0,,,-1,-1,edge_3,edge,0.37892,0.4594,0.0,0.62108,0.5406,0.71646,3
676,mixed,293,0.43889,edge_4,edge_4-edge_0,4,3,edge_4,edge,0.61184,0.59312,18.75361,0.38816,0.40688,1.2166,3
676,normal,-1,0.0,,,-1,-1,cloud_0,cloud,0.39741,0.47413,0.0,0.60259,0.52587,0.55398,3
677,normal,-1,0.0,,,-1,-1,access_0,access,0.22089,0.26804,0.0,0.77911,0.73196,0.3165,2
677,normal,-1,0.0,,,-1,-1,access_1,access,0.23449,0.2573,0.0,0.76551,0.7427,0.3165,2
677,node_overload,240,0.51307,edge_0,edge_0-edge_1,2,1,edge_0,edge,0.58693,0.58981,32.54227,0.41307,0.41019,0.83775,4
677,normal,-1,0.0,,,-1,-1,edge_1,edge,0.39386,0.46971,0.0,0.60614,0.53029,0.72015,3
677,link_congestion,245,0.3369,edge_2,edge_1-edge_2,2,1,edge_2,edge,0.51072,0.51096,6.9355,0.48928,0.48904,0.8675,4
677,normal,-1,0.0,,,-1,-1,edge_3,edge,0.32378,0.4411,0.0,0.67622,0.5589,0.72015,3
677,mixed,293,0.43889,edge_4,edge_4-edge_0,4,3,edge_4,edge,0.58629,0.60244,17.40138,0.41371,0.39756,1.32108,3
677,normal,-1,0.0,,,-1,-1,cloud_0,cloud,0.38024,0.48873,0.0,0.61976,0.51127,0.55562,3
678,normal,-1,0.0,,,-1,-1,access_0,access,0.23528,0.25754,0.0,0.76472,0.74246,0.31677,2
678,normal,-1,0.0,,,-1,-1,access_1,access,0.23319,0.25304,0.0,0.76681,0.74696,0.31677,2
678,node_overload,240,0.51307,edge_0,edge_0-edge_1,2,1,edge_0,edge,0.64803,0.58608,34.58389,0.35197,0.41392,0.82309,4
678,normal,-1,0.0,,,-1,-1,edge_1,edge,0.39276,0.46585,0.0,0.60724,0.53415,0.72091,3
678,link_congestion,245,0.3369,edge_2,edge_1-edge_2,2,1,edge_2,edge,0.52921,0.53812,7.2821,0.47079,0.46188,0.84823,4
678,normal,-1,0.0,,,-1,-1,edge_3,edge,0.38511,0.46032,0.0,0.61489,0.53968,0.72091,3
678,mixed,293,0.43889,edge_4,edge_4-edge_0,4,3,edge_4,edge,0.68227,0.58512,24.84606,0.31773,0.41488,1.38927,3
678,normal,-1,0.0,,,-1,-1,cloud_0,cloud,0.40287,0.4709,0.0,0.59713,0.5291,0.55596,3
679,normal,-1,0.0,,,-1,-1,access_0,access,0.23352,0.26453,0.0,0.76648,0.73547,0.31597,2
679,normal,-1,0.0,,,-1,-1,access_1,access,0.22485,0.26116,0.0,0.77515,0.73884,0.31597,2
679,link_congestion,258,0.58438,edge_0,edge_0-edge_1,3,2,edge_0,edge,0.48915,0.52738,4.87089,0.51085,0.47262,0.88244,4
679,normal,-1,0.0,,,-1,-1,edge_1,edge,0.38307,0.45612,0.0,0.61693,0.54388,0.71866,3
679,link_congestion,245,0.3369,edge_2,edge_1-edge_2,2,1,edge_2,edge,0.49909,0.57367,7.04463,0.50091,0.42633,0.82756,4
679,normal,-1,0.0,,,-1,-1,edge_3,edge,0.37947,0.4688,0.0,0.62053,0.5312,0.71866,3
679,mixed,293,0.43889,edge_4,edge_4-edge_0,4,3,edge_4,edge,0.64945,0.57671,22.24312,0.35055,0.42329,1.39882,3
679,normal,-1,0.0,,,-1,-1,cloud_0,cloud,0.4193,0.47495,0.0,0.5807,0.52505,0.55496,3
680,normal,-1,0.0,,,-1,-1,access_0,access,0.22227,0.24155,0.0,0.77773,0.75845,0.31416,2
680,normal,-1,0.0,,,-1,-1,access_1,access,0.24255,0.25772,0.0,0.75745,0.74228,0.31416,2
680,link_congestion,258,0.58438,edge_0,edge_0-edge_1,3,2,edge_0,edge,0.49085,0.51284,6.90895,0.50915,0.48716,0.89761,4
680,normal,-1,0.0,,,-1,-1,edge_1,edge,0.3978,0.48603,0.0,0.6022,0.51397,0.71359,3
680,link_congestion,245,0.3369,edge_2,edge_1-edge_2,2,1,edge_2,edge,0.47004,0.48843,4.17012,0.52996,0.51157,0.80828,4
680,normal,-1,0.0,,,-1,-1,edge_3,edge,0.35104,0.4712,0.0,0.64896,0.5288,0.71359,3
680,mixed,293,0.43889,edge_4,edge_4-edge_0,4,3,edge_4,edge,0.63362,0.56276,20.01361,0.36638,0.43724,1.345,3
680,normal,-1,0.0,,,-1,-1,cloud_0,cloud,0.38883,0.45973,0.0,0.61117,0.54027,0.55271,3
681,normal,-1,0.0,,,-1,-1,access_0,access,0.23432,0.25021,0.0,0.76568,0.74979,0.31149,2
681,normal,-1,0.0,,,-1,-1,access_1,access,0.22916,0.25879,0.0,0.77084,0.74121,0.31149,2
681,link_congestion,258,0.58438,edge_0,edge_0-edge_1,3,2,edge_0,edge,0.48111,0.5095,5.65982,0.51889,0.4905,0.91166,4
681,normal,-1,0.0,,,-1,-1,edge_1,edge,0.40915,0.47154,0.0,0.59085,0.52846,0.70606,3
681,link_congestion,245,0.3369,edge_2,edge_1-edge_2,2,1,edge_2,edge,0.45586,0.50795,1.61032,0.54414,0.49205,0.793,4
681,normal,-1,0.0,,,-1,-1,edge_3,edge,0.34763,0.42971,0.0,0.65237,0.57029,0.70606,3
681,mixed,293,0.43889,edge_4,edge_4-edge_0,4,3,edge_4,edge,0.65233,0.611,21.40452,0.34767,0.389,1.2962,3
681,normal,-1,0.0,,,-1,-1,cloud_0,cloud,0.39409,0.46855,0.0,0.60591,0.53145,0.54936,3
682,normal,-1,0.0,,,-1,-1,access_0,access,0.23058,0.25122,0.0,0.76942,0.74878,0.30814,2
682,normal,-1,0.0,,,-1,-1,access_1,access,0.22731,0.24071,0.0,0.77269,0.75929,0.30814,2
682,link_congestion,258,0.58438,edge_0,edge_0-edge_1,3,2,edge_0,edge,0.45192,0.5096,3.3659,0.54808,0.4904,0.92355,4
682,normal,-1,0.0,,,-1,-1,edge_1,edge,0.37733,0.46769,0.0,0.62267,0.53231,0.69664,3
682,link_congestion,245,0.3369,edge_2,edge_1-edge_2,2,1,edge_2,edge,0.47977,0.49443,3.23595,0.52023,0.50557,0.78379,4
682,normal,-1,0.0,,,-1,-1,edge_3,edge,0.36013,0.45316,0.0,0.63987,0.54684,0.69664,3
682,mixed,293,0.43889,edge_4,edge_4-edge_0,4,3,edge_4,edge,0.64979,0.59594,23.82014,0.35021,0.40406,1.32747,3
682,normal,-1,0.0,,,-1,-1,cloud_0,cloud,0.40281,0.4813,0.0,0.59719,0.5187,0.54517,3
683,normal,-1,0.0,,,-1,-1,access_0,access,0.22728,0.25795,0.0,0.77272,0.74205,0.30436,2
683,normal,-1,0.0,,,-1,-1,access_1,access,0.22422,0.24288,0.0,0.77578,0.75712,0.30436,2
683,link_congestion,258,0.58438,edge_0,edge_0-edge_1,3,2,edge_0,edge,0.4658,0.48339,5.16389,0.5342,0.51661,0.93238,4
683,normal,-1,0.0,,,-1,-1,edge_1,edge,0.37493,0.47357,0.0,0.62507,0.52643,0.68601,3
683,link_congestion,245,0.3369,edge_2,edge_1-edge_2,2,1,edge_2,edge,0.47201,0.49843,3.25683,0.52799,0.50157,0.78188,4
683,normal,-1,0.0,,,-1,-1,edge_3,edge,0.35924,0.43799,0.0,0.64076,0.56201,0.68601,3
683,mixed,293,0.43889,edge_4,edge_4-edge_0,4,3,edge_4,edge,0.65347,0.59584,21.44934,0.34653,0.40416,1.31594,3
683,normal,-1,0.0,,,-1,-1,cloud_0,cloud,0.37524,0.46287,0.0,0.62476,0.53713,0.54045,3
684,normal,-1,0.0,,,-1,-1,access_0,access,0.22781,0.247,0.0,0.77219,0.753,0.30044,2
684,normal,-1,0.0,,,-1,-1,access_1,access,0.23025,0.23866,0.0,0.76975,0.76134,0.30044,2
684,link_congestion,258,0.58438,edge_0,edge_0-edge_1,3,2,edge_0,edge,0.46313,0.50078,3.612,0.53687,0.49922,0.93751,4
684,normal,-1,0.0,,,-1,-1,edge_1,edge,0.39753,0.45891,0.0,0.60247,0.54109,0.67499,3
684,mixed,283,0.39215,edge_2,edge_1-edge_2,2,1,edge_2,edge,0.49421,0.52609,9.16691,0.50579,0.47391,0.99705,4
684,normal,-1,0.0,,,-1,-1,edge_3,edge,0.34073,0.42408,0.0,0.65927,0.57592,0.67499,3
684,mixed,293,0.43889,edge_4,edge_4-edge_0,4,3,edge_4,edge,0.61336,0.57451,19.85932,0.38664,0.42549,1.26221,3
684,normal,-1,0.0,,,-1,-1,cloud_0,cloud,0.39435,0.45829,0.0,0.60565,0.54171,0.53555,3
685,normal,-1,0.0,,,-1,-1,access_0,access,0.21429,0.2467,0.0,0.78571,0.7533,0.29666,2
685,normal,-1,0.0,,,-1,-1,access_1,access,0.22135,0.24735,0.0,0.77865,0.75265,0.29666,2
685,link_congestion,258,0.58438,edge_0,edge_0-edge_1,3,2,edge_0,edge,0.50497,0.52637,7.94994,0.49503,0.47363,0.93856,4
685,normal,-1,0.0,,,-1,-1,edge_1,edge,0.38206,0.4716,0.0,0.61794,0.5284,0.66436,3
685,mixed,283,0.39215,edge_2,edge_1-edge_2,2,1,edge_2,edge,0.57077,0.58279,13.36017,0.42923,0.41721,1.06905,4
685,normal,-1,0.0,,,-1,-1,edge_3,edge,0.32841,0.41993,0.0,0.67159,0.58007,0.66436,3
685,mixed,293,0.43889,edge_4,edge_4-edge_0,4,3,edge_4,edge,0.60626,0.57463,19.98063,0.39374,0.42537,1.20372,3
685,normal,-1,0.0,,,-1,-1,cloud_0,cloud,0.37202,0.44567,0.0,0.62798,0.55433,0.53083,3
686,normal,-1,0.0,,,-1,-1,access_0,access,0.21057,0.25566,0.0,0.78943,0.74434,0.29331,2
686,normal,-1,0.0,,,-1,-1,access_1,access,0.20623,0.24647,0.0,0.79377,0.75353,0.29331,2
686,link_congestion,258,0.58438,edge_0,edge_0-edge_1,3,2,edge_0,edge,0.47402,0.53705,6.50726,0.52598,0.46295,0.93544,4
686,normal,-1,0.0,,,-1,-1,edge_1,edge,0.37963,0.45905,0.0,0.62037,0.54095,0.65494,3
686,mixed,283,0.39215,edge_2,edge_1-edge_2,2,1,edge_2,edge,0.59036,0.57339,16.3725,0.40964,0.42661,1.15129,4
686,normal,-1,0.0,,,-1,-1,edge_3,edge,0.35058,0.45677,0.0,0.64942,0.54323,0.65494,3
686,mixed,293,0.43889,edge_4,edge_4-edge_0,4,3,edge_4,edge,0.63022,0.59664,20.62383,0.36978,0.40336,1.28358,3
686,normal,-1,0.0,,,-1,-1,cloud_0,cloud,0.37951,0.45419,0.0,0.62049,0.54581,0.52664,3
687,normal,-1,0.0,,,-1,-1,access_0,access,0.21642,0.24111,0.0,0.78358,0.75889,0.29064,2
687,normal,-1,0.0,,,-1,-1,access_1,access,0.22665,0.23317,0.0,0.77335,0.76683,0.29064,2
687,link_congestion,258,0.58438,edge_0,edge_0-edge_1,3,2,edge_0,edge,0.50943,0.50918,8.64235,0.49057,0.49082,0.92839,4
687,normal,-1,0.0,,,-1,-1,edge_1,edge,0.38417,0.4575,0.0,0.61583,0.5425,0.64741,3
687,mixed,283,0.39215,edge_2,edge_1-edge_2,2,1,edge_2,edge,0.65395,0.61193,17.96857,0.34605,0.38807,1.23614,4
687,normal,-1,0.0,,,-1,-1,edge_3,edge,0.35837,0.43542,0.0,0.64163,0.56458,0.64741,3
687,mixed,293,0.43889,edge_4,edge_4-edge_0,4,3,edge_4,edge,0.62596,0.56582,21.10954,0.37404,0.43418,1.30309,3
687,normal,-1,0.0,,,-1,-1,cloud_0,cloud,0.37836,0.46532,0.0,0.62164,0.53468,0.52329,3
688,normal,-1,0.0,,,-1,-1,access_0,access,0.21734,0.2362,0.0,0.78266,0.7638,0.28883,2
688,normal,-1,0.0,,,-1,-1,access_1,access,0.20842,0.24052,0.0,0.79158,0.75948,0.28883,2
688,link_congestion,258,0.58438,edge_0,edge_0-edge_1,3,2,edge_0,edge,0.48854,0.53327,7.09519,0.51146,0.46673,0.91794,4
688,normal,-1,0.0,,,-1,-1,edge_1,edge,0.38547,0.46471,0.0,0.61453,0.53529,0.64234,3
688,mixed,283,0.39215,edge_2,edge_1-edge_2,2,1,edge_2,edge,0.63832,0.62224,18.75078,0.36168,0.37776,1.31266,4
688,normal,-1,0.0,,,-1,-1,edge_3,edge,0.31509,0.44573,0.0,0.68491,0.55427,0.64234,3
688,link_congestion,247,0.59632,edge_4,edge_4-edge_0,4,3,edge_4,edge,0.48233,0.4941,5.58104,0.51767,0.5059,0.88459,3
688,normal,-1,0.0,,,-1,-1,cloud_0,cloud,0.386,0.46023,0.0,0.614,0.53977,0.52104,3
689,normal,-1,0.0,,,-1,-1,access_0,access,0.2098,0.23419,0.0,0.7902,0.76581,0.28803,2
689,normal,-1,0.0,,,-1,-1,access_1,access,0.21887,0.24883,0.0,0.78113,0.75117,0.28803,2
689,link_congestion,258,0.58438,edge_0,edge_0-edge_1,3,2,edge_0,edge,0.48617,0.52936,7.725,0.51383,0.47064,0.90485,4
689,normal,-1,0.0,,,-1,-1,edge_1,edge,0.38216,0.46487,0.0,0.61784,0.53513,0.64009,3
689,mixed,283,0.39215,edge_2,edge_1-edge_2,2,1,edge_2,edge,0.65139,0.58009,20.20157,0.34861,0.41991,1.36866,4
689,normal,-1,0.0,,,-1,-1,edge_3,edge,0.33466,0.43184,0.0,0.66534,0.56816,0.64009,3
689,link_congestion,247,0.59632,edge_4,edge_4-edge_0,4,3,edge_4,edge,0.47861,0.50256,5.56205,0.52139,0.49744,0.92857,3
689,normal,-1,0.0,,,-1,-1,cloud_0,cloud,0.38866,0.45561,0.0,0.61134,0.54439,0.52004,3
690,normal,-1,0.0,,,-1,-1,access_0,access,0.22016,0.24029,0.0,0.77984,0.75971,0.2883,2
690,normal,-1,0.0,,,-1,-1,access_1,access,0.20844,0.24789,0.0,0.79156,0.75211,0.2883,2
690,link_congestion,258,0.58438,edge_0,edge_0-edge_1,3,2,edge_0,edge,0.52008,0.57006,8.09018,0.47992,0.42994,0.8901,4
690,normal,-1,0.0,,,-1,-1,edge_1,edge,0.37366,0.47334,0.0,0.62634,0.52666,0.64085,3
690,mixed,283,0.39215,edge_2,edge_1-edge_2,2,1,edge_2,edge,0.68887,0.62158,21.61803,0.31113,0.37842,1.39377,4
690,normal,-1,0.0,,,-1,-1,edge_3,edge,0.3463,0.44781,0.0,0.6537,0.55219,0.64085,3
690,link_congestion,247,0.59632,edge_4,edge_4-edge_0,4,3,edge_4,edge,0.51903,0.52031,7.6848,0.48097,0.47969,0.93943,3
690,normal,-1,0.0,,,-1,-1,cloud_0,cloud,0.37591,0.45727,0.0,0.62409,0.54273,0.52038,3
691,normal,-1,0.0,,,-1,-1,access_0,access,0.19991,0.25344,0.0,0.80009,0.74656,0.28961,2
691,normal,-1,0.0,,,-1,-1,access_1,access,0.19986,0.23922,0.0,0.80014,0.76078,0.28961,2
691,link_congestion,258,0.58438,edge_0,edge_0-edge_1,3,2,edge_0,edge,0.50585,0.51957,6.62639,0.49415,0.48043,0.87478,4
691,normal,-1,0.0,,,-1,-1,edge_1,edge,0.39392,0.48125,0.0,0.60608,0.51875,0.64454,3
691,mixed,283,0.39215,edge_2,edge_1-edge_2,2,1,edge_2,edge,0.65921,0.59093,21.72384,0.34079,0.40907,1.3826,4
691,normal,-1,0.0,,,-1,-1,edge_3,edge,0.35501,0.4585,0.0,0.64499,0.5415,0.64454,3
691,link_congestion,247,0.59632,edge_4,edge_4-edge_0,4,3,edge_4,edge,0.51163,0.53041,8.70568,0.48837,0.46959,0.90899,3
691,normal,-1,0.0,,,-1,-1,cloud_0,cloud,0.37345,0.45607,0.0,0.62655,0.54393,0.52202,3
692,normal,-1,0.0,,,-1,-1,access_0,access,0.19564,0.25066,0.0,0.80436,0.74934,0.29188,2
692,normal,-1,0.0,,,-1,-1,access_1,access,0.21181,0.24284,0.0,0.78819,0.75716,0.29188,2
692,link_congestion,258,0.58438,edge_0,edge_0-edge_1,3,2,edge_0,edge,0.45531,0.49444,3.36599,0.54469,0.50556,0.86003,4
692,normal,-1,0.0,,,-1,-1,edge_1,edge,0.39849,0.4586,0.0,0.60151,0.5414,0.6509,3
692,mixed,283,0.39215,edge_2,edge_1-edge_2,2,1,edge_2,edge,0.64551,0.5847,19.14989,0.35449,0.4153,1.33658,4
692,normal,-1,0.0,,,-1,-1,edge_3,edge,0.34255,0.42738,0.0,0.65745,0.57262,0.6509,3
692,link_congestion,247,0.59632,edge_4,edge_4-edge_0,4,3,edge_4,edge,0.47715,0.52452,6.17692,0.52285,0.47548,0.86018,3
692,normal,-1,0.0,,,-1,-1,cloud_0,cloud,0.40246,0.43903,0.0,0.59754,0.56097,0.52484,3
693,normal,-1,0.0,,,-1,-1,access_0,access,0.21553,0.24349,0.0,0.78447,0.75651,0.29492,2
693,normal,-1,0.0,,,-1,-1,access_1,access,0.2199,0.26283,0.0,0.7801,0.73717,0.29492,2
693,link_congestion,258,0.58438,edge_0,edge_0-edge_1,3,2,edge_0,edge,0.47492,0.53646,5.77876,0.52508,0.46354,0.84694,4
693,normal,-1,0.0,,,-1,-1,edge_1,edge,0.39001,0.46726,0.0,0.60999,0.53274,0.65946,3
693,mixed,283,0.39215,edge_2,edge_1-edge_2,2,1,edge_2,edge,0.68889,0.60791,21.7817,0.31111,0.39209,1.27453,4
693,normal,-1,0.0,,,-1,-1,edge_3,edge,0.37358,0.45105,0.0,0.62642,0.54895,0.65946,3
693,link_congestion,247,0.59632,edge_4,edge_4-edge_0,4,3,edge_4,edge,0.51208,0.52547,7.10383,0.48792,0.47453,0.82975,3
693,normal,-1,0.0,,,-1,-1,cloud_0,cloud,0.36985,0.47339,0.0,0.63015,0.52661,0.52865,3
694,normal,-1,0.0,,,-1,-1,access_0,access,0.21535,0.24725,0.0,0.78465,0.75275,0.29851,2
694,normal,-1,0.0,,,-1,-1,access_1,access,0.21374,0.25638,0.0,0.78626,0.74362,0.29851,2
694,link_congestion,258,0.58438,edge_0,edge_0-edge_1,3,2,edge_0,edge,0.48416,0.5242,4.84619,0.51584,0.4758,0.83648,4
694,normal,-1,0.0,,,-1,-1,edge_1,edge,0.37147,0.44824,0.0,0.62853,0.55176,0.66957,3
694,mixed,283,0.39215,edge_2,edge_1-edge_2,2,1,edge_2,edge,0.66302,0.59383,20.26106,0.33698,0.40617,1.30824,4
694,normal,-1,0.0,,,-1,-1,edge_3,edge,0.34433,0.44668,0.0,0.65567,0.55332,0.66957,3
694,link_congestion,247,0.59632,edge_4,edge_4-edge_0,4,3,edge_4,edge,0.49368,0.51358,6.04541,0.50632,0.48642,0.84061,3
694,normal,-1,0.0,,,-1,-1,cloud_0,cloud,0.38802,0.46097,0.0,0.61198,0.53903,0.53314,3
695,normal,-1,0.0,,,-1,-1,access_0,access,0.20981,0.24717,0.0,0.79019,0.75283,0.3024,2
695,normal,-1,0.0,,,-1,-1,access_1,access,0.23794,0.24359,0.0,0.76206,0.75641,0.3024,2
695,link_congestion,258,0.58438,edge_0,edge_0-edge_1,3,2,edge_0,edge,0.45807,0.48701,6.88979,0.54193,0.51299,0.82944,4
695,normal,-1,0.0,,,-1,-1,edge_1,edge,0.39388,0.46492,0.0,0.60612,0.53508,0.6805,3
695,mixed,283,0.39215,edge_2,edge_1-edge_2,2,1,edge_2,edge,0.68753,0.62431,22.97106,0.31247,0.37569,1.32042,4
695,normal,-1,0.0,,,-1,-1,edge_3,edge,0.35124,0.45368,0.0,0.64876,0.54632,0.6805,3
695,link_congestion,247,0.59632,edge_4,edge_4-edge_0,4,3,edge_4,edge,0.52662,0.54202,7.53561,0.47338,0.45798,0.88459,3
695,normal,-1,0.0,,,-1,-1,cloud_0,cloud,0.38689,0.45955,0.0,0.61311,0.54045,0.538,3
696,normal,-1,0.0,,,-1,-1,access_0,access,0.22809,0.26681,0.0,0.77191,0.73319,0.3024,2
696,normal,-1,0.0,,,-1,-1,access_1,access,0.21053,0.26395,0.0,0.78947,0.73605,0.3024,2
696,link_congestion,258,0.58438,edge_0,edge_0-edge_1,3,2,edge_0,edge,0.47378,0.50156,5.69153,0.52622,0.49844,0.82632,4
696,normal,-1,0.0,,,-1,-1,edge_1,edge,0.39528,0.47328,0.0,0.60472,0.52672,0.6805,3
696,mixed,283,0.39215,edge_2,edge_1-edge_2,2,1,edge_2,edge,0.66793,0.60929,20.87151,0.33207,0.39071,1.30753,4
696,normal,-1,0.0,,,-1,-1,edge_3,edge,0.3624,0.44254,0.0,0.6376,0.55746,0.6805,3
696,mixed,275,0.56234,edge_4,edge_4-edge_0,2,1,edge_4,edge,0.70966,0.60598,28.27476,0.29034,0.39402,1.42104,3
696,normal,-1,0.0,,,-1,-1,cloud_0,cloud,0.38565,0.46558,0.0,0.61435,0.53442,0.538,3
697,normal,-1,0.0,,,-1,-1,access_0,access,0.22699,0.27526,0.0,0.77301,0.72474,0.30629,2
697,normal,-1,0.0,,,-1,-1,access_1,access,0.22336,0.25186,0.0,0.77664,0.74814,0.30629,2
697,link_congestion,258,0.58438,edge_0,edge_0-edge_1,3,2,edge_0,edge,0.46595,0.48358,6.52682,0.53405,0.51642,0.82736,4
697,normal,-1,0.0,,,-1,-1,edge_1,edge,0.35709,0.45442,0.0,0.64291,0.54558,0.69143,3
697,mixed,283,0.39215,edge_2,edge_1-edge_2,2,1,edge_2,edge,0.68267,0.57329,21.61081,0.31733,0.42671,1.2706,4
697,normal,-1,0.0,,,-1,-1,edge_3,edge,0.36888,0.43674,0.0,0.63112,0.56326,0.69143,3
697,mixed,275,0.56234,edge_4,edge_4-edge_0,2,1,edge_4,edge,0.66481,0.58463,26.26125,0.33519,0.41537,1.34536,3
697,normal,-1,0.0,,,-1,-1,cloud_0,cloud,0.3835,0.4638,0.0,0.6165,0.5362,0.54286,3
698,normal,-1,0.0,,,-1,-1,access_0,access,0.22992,0.25669,0.0,0.77008,0.74331,0.30988,2
698,normal,-1,0.0,,,-1,-1,access_1,access,0.22935,0.25487,0.0,0.77065,0.74513,0.30988,2
698,link_congestion,258,0.58438,edge_0,edge_0-edge_1,3,2,edge_0,edge,0.43491,0.50449,4.09115,0.56509,0.49551,0.83249,4
698,normal,-1,0.0,,,-1,-1,edge_1,edge,0.3787,0.46593,0.0,0.6213,0.53407,0.70154,3
698,mixed,283,0.39215,edge_2,edge_1-edge_2,2,1,edge_2,edge,0.65842,0.57778,20.31978,0.34158,0.42222,1.21521,4
698,normal,-1,0.0,,,-1,-1,edge_3,edge,0.37875,0.4784,0.0,0.62125,0.5216,0.70154,3
698,mixed,275,0.56234,edge_4,edge_4-edge_0,2,1,edge_4,edge,0.74263,0.63396,30.60908,0.25737,0.36604,1.33887,3
698,normal,-1,0.0,,,-1,-1,cloud_0,cloud,0.38916,0.46282,0.0,0.61084,0.53718,0.54735,3
699,normal,-1,0.0,,,-1,-1,access_0,access,0.22039,0.26906,0.0,0.77961,0.73094,0.31292,2
699,normal,-1,0.0,,,-1,-1,access_1,access,0.22962,0.26263,0.0,0.77038,0.73737,0.31292,2
699,link_congestion,258,0.58438,edge_0,edge_0-edge_1,3,2,edge_0,edge,0.46962,0.51855,6.3388,0.53038,0.48145,0.84133,4
699,normal,-1,0.0,,,-1,-1,edge_1,edge,0.3949,0.45411,0.0,0.6051,0.54589,0.7101,3
699,mixed,283,0.39215,edge_2,edge_1-edge_2,2,1,edge_2,edge,0.57305,0.52203,16.43484,0.42695,0.47797,1.21929,4
699,normal,-1,0.0,,,-1,-1,edge_3,edge,0.38632,0.47683,0.0,0.61368,0.52317,0.7101,3
699,mixed,275,0.56234,edge_4,edge_4-edge_0,2,1,edge_4,edge,0.70982,0.6193,27.93673,0.29018,0.3807,1.34528,3
699,normal,-1,0.0,,,-1,-1,cloud_0,cloud,0.37219,0.47514,0.0,0.62781,0.52486,0.55116,3
700,normal,-1,0.0,,,-1,-1,access_0,access,0.22737,0.25715,0.0,0.77263,0.74285,0.31519,2
700,normal,-1,0.0,,,-1,-1,access_1,access,0.22856,0.25944,0.0,0.77144,0.74056,0.31519,2
700,link_congestion,258,0.58438,edge_0,edge_0-edge_1,3,2,edge_0,edge,0.47985,0.48729,6.52348,0.52015,0.51271,0.85321,4
700,normal,-1,0.0,,,-1,-1,edge_1,edge,0.39642,0.47068,0.0,0.60358,0.52932,0.71646,3
700,mixed,283,0.39215,edge_2,edge_1-edge_2,2,1,edge_2,edge,0.63111,0.58405,19.47777,0.36889,0.41595,1.27517,4
700,normal,-1,0.0,,,-1,-1,edge_3,edge,0.35345,0.45753,0.0,0.64655,0.54247,0.71646,3
700,mixed,275,0.56234,edge_4,edge_4-edge_0,2,1,edge_4,edge,0.6335,0.56136,24.48916,0.3665,0.43864,1.28443,3
700,normal,-1,0.0,,,-1,-1,cloud_0,cloud,0.40302,0.47077,0.0,0.59698,0.52923,0.55398,3
701,normal,-1,0.0,,,-1,-1,access_0,access,0.21603,0.27416,0.0,0.78397,0.72584,0.3165,2
701,normal,-1,0.0,,,-1,-1,access_1,access,0.22642,0.26539,0.0,0.77358,0.73461,0.3165,2
701,link_congestion,258,0.58438,edge_0,edge_0-edge_1,3,2,edge_0,edge,0.47202,0.5361,5.27525,0.52798,0.4639,0.86726,4
701,normal,-1,0.0,,,-1,-1,edge_1,edge,0.37981,0.44199,0.0,0.62019,0.55801,0.72015,3
701,mixed,283,0.39215,edge_2,edge_1-edge_2,2,1,edge_2,edge,0.64834,0.5773,20.22355,0.35166,0.4227,1.29643,4
701,normal,-1,0.0,,,-1,-1,edge_3,edge,0.35497,0.44887,0.0,0.64503,0.55113,0.72015,3
701,mixed,275,0.56234,edge_4,edge_4-edge_0,2,1,edge_4,edge,0.68661,0.61499,26.41419,0.31339,0.38501,1.24992,3
701,normal,-1,0.0,,,-1,-1,cloud_0,cloud,0.39813,0.47831,0.0,0.60187,0.52169,0.55562,3
702,normal,-1,0.0,,,-1,-1,access_0,access,0.23084,0.25516,0.0,0.76916,0.74484,0.31677,2
702,normal,-1,0.0,,,-1,-1,access_1,access,0.21589,0.26053,0.0,0.78411,0.73947,0.31677,2
702,link_congestion,258,0.58438,edge_0,edge_0-edge_1,3,2,edge_0,edge,0.4584,0.46183,3.78106,0.5416,0.53817,0.88244,4
702,normal,-1,0.0,,,-1,-1,edge_1,edge,0.40224,0.47021,0.0,0.59776,0.52979,0.72091,3
702,mixed,283,0.39215,edge_2,edge_1-edge_2,2,1,edge_2,edge,0.66744,0.60411,20.34203,0.33256,0.39589,1.27851,4
702,normal,-1,0.0,,,-1,-1,edge_3,edge,0.38429,0.45997,0.0,0.61571,0.54003,0.72091,3
702,mixed,275,0.56234,edge_4,edge_4-edge_0,2,1,edge_4,edge,0.68363,0.60325,26.93241,0.31637,0.39675,1.32436,3
702,normal,-1,0.0,,,-1,-1,cloud_0,cloud,0.40595,0.4863,0.0,0.59405,0.5137,0.55596,3
703,normal,-1,0.0,,,-1,-1,access_0,access,0.23269,0.24015,0.0,0.76731,0.75985,0.31597,2
703,normal,-1,0.0,,,-1,-1,access_1,access,0.23092,0.27224,0.0,0.76908,0.72776,0.31597,2
703,mixed,272,0.41987,edge_0,edge_0-edge_1,3,2,edge_0,edge,0.67014,0.62445,20.89751,0.32986,0.37555,1.31352,4
703,mixed,286,0.3831,edge_1,access_0-edge_1,1,0,edge_1,edge,0.51676,0.5133,12.12084,0.48324,0.4867,0.99542,3
703,mixed,283,0.39215,edge_2,edge_1-edge_2,2,1,edge_2,edge,0.62104,0.56271,18.46503,0.37896,0.43729,1.22873,4
703,normal,-1,0.0,,,-1,-1,edge_3,edge,0.34935,0.44265,0.0,0.65065,0.55735,0.71866,3
703,mixed,275,0.56234,edge_4,edge_4-edge_0,2,1,edge_4,edge,0.67291,0.59811,26.66363,0.32709,0.40189,1.29544,3
703,normal,-1,0.0,,,-1,-1,cloud_0,cloud,0.40128,0.49325,0.0,0.59872,0.50675,0.55496,3
704,normal,-1,0.0,,,-1,-1,access_0,access,0.23272,0.26188,0.0,0.76728,0.73812,0.31416,2
704,normal,-1,0.0,,,-1,-1,access_1,access,0.23151,0.24938,0.0,0.76849,0.75062,0.31416,2
704,mixed,272,0.41987,edge_0,edge_0-edge_1,3,2,edge_0,edge,0.60812,0.58072,19.03548,0.39188,0.41928,1.29779,4
704,mixed,286,0.3831,edge_1,access_0-edge_1,1,0,edge_1,edge,0.54361,0.5392,12.01572,0.45639,0.4608,1.06742,3
704,mixed,283,0.39215,edge_2,edge_1-edge_2,2,1,edge_2,edge,0.63285,0.5846,18.91871,0.36715,0.4154,1.16252,4
704,normal,-1,0.0,,,-1,-1,edge_3,edge,0.32619,0.44914,0.0,0.67381,0.55086,0.71359,3
704,mixed,275,0.56234,edge_4,edge_4-edge_0,2,1,edge_4,edge,0.63208,0.60402,22.47435,0.36792,0.39598,1.19315,3
704,normal,-1,0.0,,,-1,-1,cloud_0,cloud,0.39948,0.47788,0.0,0.60052,0.52212,0.55271,3
705,normal,-1,0.0,,,-1,-1,access_0,access,0.23871,0.25375,0.0,0.76129,0.74625,0.31149,2
705,normal,-1,0.0,,,-1,-1,access_1,access,0.2246,0.24772,0.0,0.7754,0.75228,0.31149,2
705,mixed,272,0.41987,edge_0,edge_0-edge_1,3,2,edge_0,edge,0.60765,0.58958,19.38593,0.39235,0.41042,1.32265,4
705,mixed,286,0.3831,edge_1,access_0-edge_1,1,0,edge_1,edge,0.58509,0.52511,15.13805,0.41491,0.47489,1.14966,3
705,normal,-1,0.0,,,-1,-1,edge_2,edge,0.42636,0.46556,0.0,0.57364,0.53444,0.70606,4
705,normal,-1,0.0,,,-1,-1,edge_3,edge,0.37575,0.46108,0.0,0.62425,0.53892,0.70606,3
705,burst,229,0.42881,edge_4,edge_3-edge_4,2,1,edge_4,edge,0.6179,0.56274,11.72714,0.3821,0.43726,1.39223,3
705,normal,-1,0.0,,,-1,-1,cloud_0,cloud,0.38724,0.47241,0.0,0.61276,0.52759,0.54936,3
706,normal,-1,0.0,,,-1,-1,access_0,access,0.23084,0.25328,0.0,0.76916,0.74672,0.30814,2
706,normal,-1,0.0,,,-1,-1,access_1,access,0.21976,0.2634,0.0,0.78024,0.7366,0.30814,2
706,mixed,290,0.44145,edge_0,access_0-edge_0,1,0,edge_0,edge,0.48959,0.52531,9.92628,0.51041,0.47469,1.00592,4
706,mixed,286,0.3831,edge_1,access_0-edge_1,1,0,edge_1,edge,0.59183,0.5648,15.54821,0.40817,0.4352,1.23451,3
706,normal,-1,0.0,,,-1,-1,edge_2,edge,0.41895,0.4807,0.0,0.58105,0.5193,0.69664,4
706,normal,-1,0.0,,,-1,-1,edge_3,edge,0.36041,0.45549,0.0,0.63959,0.54451,0.69664,3
706,burst,229,0.42881,edge_4,edge_3-edge_4,2,1,edge_4,edge,0.58912,0.59335,11.22375,0.41088,0.40665,1.30617,3
706,normal,-1,0.0,,,-1,-1,cloud_0,cloud,0.39248,0.46512,0.0,0.60752,0.53488,0.54517,3
707,normal,-1,0.0,,,-1,-1,access_0,access,0.2203,0.25204,0.0,0.7797,0.74796,0.30436,2
707,normal,-1,0.0,,,-1,-1,access_1,access,0.23125,0.26064,0.0,0.76875,0.73936,0.30436,2
707,mixed,290,0.44145,edge_0,access_0-edge_0,1,0,edge_0,edge,0.55764,0.53945,13.6983,0.44236,0.46055,1.12133,4
707,mixed,286,0.3831,edge_1,access_0-edge_1,1,0,edge_1,edge,0.6206,0.55395,18.17362,0.3794,0.44605,1.31103,3
707,normal,-1,0.0,,,-1,-1,edge_2,edge,0.41403,0.4726,0.0,0.58597,0.5274,0.68601,4
707,normal,-1,0.0,,,-1,-1,edge_3,edge,0.34592,0.46975,0.0,0.65408,0.53025,0.68601,3
707,burst,229,0.42881,edge_4,edge_3-edge_4,2,1,edge_4,edge,0.55951,0.54834,9.20308,0.44049,0.45166,1.17949,3
707,normal,-1,0.0,,,-1,-1,cloud_0,cloud,0.39211,0.47526,0.0,0.60789,0.52474,0.54045,3
708,normal,-1,0.0,,,-1,-1,access_0,access,0.22765,0.24794,0.0,0.77235,0.75206,0.30044,2
708,normal,-1,0.0,,,-1,-1,access_1,access,0.22049,0.25078,0.0,0.77951,0.74922,0.30044,2
708,mixed,290,0.44145,edge_0,access_0-edge_0,1,0,edge_0,edge,0.59355,0.56271,18.32592,0.40645,0.43729,1.25135,4
708,mixed,286,0.3831,edge_1,access_0-edge_1,1,0,edge_1,edge,0.6048,0.57201,18.5251,0.3952,0.42799,1.36704,3
708,normal,-1,0.0,,,-1,-1,edge_2,edge,0.42379,0.4862,0.0,0.57621,0.5138,0.67499,4
708,normal,-1,0.0,,,-1,-1,edge_3,edge,0.35585,0.44085,0.0,0.64415,0.55915,0.67499,3
708,burst,229,0.42881,edge_4,edge_3-edge_4,2,1,edge_4,edge,0.48643,0.49526,5.60384,0.51357,0.50474,1.05083,3
708,normal,-1,0.0,,,-1,-1,cloud_0,cloud,0.38401,0.47823,0.0,0.61599,0.52177,0.53555,3
709,normal,-1,0.0,,,-1,-1,access_0,access,0.21108,0.25387,0.0,0.78892,0.74613,0.29666,2
709,normal,-1,0.0,,,-1,-1,access_1,access,0.2173,0.24157,0.0,0.7827,0.75843,0.29666,2
709,mixed,290,0.44145,edge_0,access_0-edge_0,1,0,edge_0,edge,0.60317,0.58281,18.93082,0.39683,0.41719,1.35917,4
709,mixed,286,0.3831,edge_1,access_0-edge_1,1,0,edge_1,edge,0.67666,0.58925,21.16186,0.32334,0.41075,1.39214,3
709,normal,-1,0.0,,,-1,-1,edge_2,edge,0.42057,0.47968,0.0,0.57943,0.52032,0.66436,4
709,normal,-1,0.0,,,-1,-1,edge_3,edge,0.33978,0.45238,0.0,0.66022,0.54762,0.66436,3
709,burst,229,0.42881,edge_4,edge_3-edge_4,2,1,edge_4,edge,0.44356,0.48224,1.90722,0.55644,0.51776,0.95003,3
709,normal,-1,0.0,,,-1,-1,cloud_0,cloud,0.39248,0.45911,0.0,0.60752,0.54089,0.53083,3
710,normal,-1,0.0,,,-1,-1,access_0,access,0.21728,0.24711,0.0,0.78272,0.75289,0.29331,2
710,normal,-1,0.0,,,-1,-1,access_1,access,0.20754,0.23412,0.0,0.79246,0.76588,0.29331,2
710,mixed,290,0.44145,edge_0,access_0-edge_0,1,0,edge_0,edge,0.65113,0.60317,22.92461,0.34887,0.39683,1.40333,4
710,mixed,286,0.3831,edge_1,access_0-edge_1,1,0,edge_1,edge,0.67667,0.62179,20.53169,0.32333,0.37821,1.38097,3
710,normal,-1,0.0,,,-1,-1,edge_2,edge,0.40974,0.48021,0.0,0.59026,0.51979,0.65494,4
710,normal,-1,0.0,,,-1,-1,edge_3,edge,0.33926,0.45312,0.0,0.66074,0.54688,0.65494,3
710,burst,229,0.42881,edge_4,edge_3-edge_4,2,1,edge_4,edge,0.47474,0.49556,4.2461,0.52526,0.50444,0.88868,3
710,normal,-1,0.0,,,-1,-1,cloud_0,cloud,0.39193,0.46361,0.0,0.60807,0.53639,0.52664,3
711,normal,-1,0.0,,,-1,-1,access_0,access,0.21646,0.24319,0.0,0.78354,0.75681,0.29064,2
711,normal,-1,0.0,,,-1,-1,access_1,access,0.21687,0.247,0.0,0.78313,0.753,0.29064,2
711,mixed,290,0.44145,edge_0,access_0-edge_0,1,0,edge_0,edge,0.59617,0.54257,19.7912,0.40383,0.45743,1.36296,4
711,mixed,286,0.3831,edge_1,access_0-edge_1,1,0,edge_1,edge,0.62025,0.55751,18.76929,0.37975,0.44249,1.33495,3
711,normal,-1,0.0,,,-1,-1,edge_2,edge,0.38581,0.47505,0.0,0.61419,0.52495,0.64741,4
711,normal,-1,0.0,,,-1,-1,edge_3,edge,0.34523,0.47536,0.0,0.65477,0.52464,0.64741,3
711,burst,229,0.42881,edge_4,edge_3-edge_4,2,1,edge_4,edge,0.46674,0.50656,2.35132,0.53326,0.49344,0.86251,3
711,normal,-1,0.0,,,-1,-1,cloud_0,cloud,0.3948,0.45415,0.0,0.6052,0.54585,0.52329,3
712,normal,-1,0.0,,,-1,-1,access_0,access,0.19678,0.25834,0.0,0.80322,0.74166,0.28883,2
712,normal,-1,0.0,,,-1,-1,access_1,access,0.21184,0.24955,0.0,0.78816,0.75045,0.28883,2
712,mixed,290,0.44145,edge_0,access_0-edge_0,1,0,edge_0,edge,0.5926,0.56365,17.77505,0.4074,0.43635,1.29277,4
712,mixed,286,0.3831,edge_1,access_0-edge_1,1,0,edge_1,edge,0.6123,0.55361,16.55106,0.3877,0.44639,1.2729,3
712,normal,-1,0.0,,,-1,-1,edge_2,edge,0.39034,0.47431,0.0,0.60966,0.52569,0.64234,4
712,normal,-1,0.0,,,-1,-1,edge_3,edge,0.34471,0.45247,0.0,0.65529,0.54753,0.64234,3
712,burst,229,0.42881,edge_4,edge_3-edge_4,2,1,edge_4,edge,0.47731,0.5032,3.10293,0.52269,0.4968,0.8597,3
712,normal,-1,0.0,,,-1,-1,cloud_0,cloud,0.36893,0.47204,0.0,0.63107,0.52796,0.52104,3
713,normal,-1,0.0,,,-1,-1,access_0,access,0.22458,0.25073,0.0,0.77542,0.74927,0.28803,2
713,normal,-1,0.0,,,-1,-1,access_1,access,0.20354,0.24399,0.0,0.79646,0.75601,0.28803,2
713,mixed,290,0.44145,edge_0,access_0-edge_0,1,0,edge_0,edge,0.64837,0.5941,23.48774,0.35163,0.4059,1.32865,4
713,mixed,286,0.3831,edge_1,access_0-edge_1,1,0,edge_1,edge,0.59698,0.57795,17.35557,0.40302,0.42205,1.30661,3
713,normal,-1,0.0,,,-1,-1,edge_2,edge,0.39696,0.46707,0.0,0.60304,0.53293,0.64009,4
713,normal,-1,0.0,,,-1,-1,edge_3,edge,0.35356,0.43962,0.0,0.64644,0.56038,0.64009,3
713,burst,219,0.37634,edge_4,edge_3-edge_4,4,3,edge_4,edge,0.58655,0.54519,9.63365,0.41345,0.45481,1.38851,3
713,normal,-1,0.0,,,-1,-1,cloud_0,cloud,0.3895,0.47118,0.0,0.6105,0.52882,0.52004,3
714,normal,-1,0.0,,,-1,-1,access_0,access,0.22906,0.24969,0.0,0.77094,0.75031,0.2883,2
714,normal,-1,0.0,,,-1,-1,access_1,access,0.21487,0.24745,0.0,0.78513,0.75255,0.2883,2
714,link_congestion,266,0.58315,edge_0,edge_0-edge_1,3,2,edge_0,edge,0.44938,0.4824,3.41213,0.55062,0.5176,0.88222,4
714,mixed,286,0.3831,edge_1,access_0-edge_1,1,0,edge_1,edge,0.59674,0.55847,16.43945,0.40326,0.44153,1.31879,3
714,normal,-1,0.0,,,-1,-1,edge_2,edge,0.40199,0.49028,0.0,0.59801,0.50972,0.64085,4
714,normal,-1,0.0,,,-1,-1,edge_3,edge,0.33658,0.44071,0.0,0.66342,0.55929,0.64085,3
714,burst,219,0.37634,edge_4,edge_3-edge_4,4,3,edge_4,edge,0.59185,0.59013,10.22631,0.40815,0.40987,1.3608,3
714,normal,-1,0.0,,,-1,-1,cloud_0,cloud,0.37643,0.451,0.0,0.62357,0.549,0.52038,3
715,normal,-1,0.0,,,-1,-1,access_0,access,0.21335,0.25909,0.0,0.78665,0.74091,0.28961,2
715,normal,-1,0.0,,,-1,-1,access_1,access,0.21647,0.23764,0.0,0.78353,0.76236,0.28961,2
715,link_congestion,266,0.58315,edge_0,edge_0-edge_1,3,2,edge_0,edge,0.4529,0.48319,5.02011,0.5471,0.51681,0.90146,4
715,mixed,286,0.3831,edge_1,access_0-edge_1,1,0,edge_1,edge,0.64506,0.61735,19.96399,0.35494,0.38265,1.3059,3
715,normal,-1,0.0,,,-1,-1,edge_2,edge,0.39554,0.48314,0.0,0.60446,0.51686,0.64454,4
715,normal,-1,0.0,,,-1,-1,edge_3,edge,0.33374,0.44833,0.0,0.66626,0.55167,0.64454,3
715,burst,219,0.37634,edge_4,edge_3-edge_4,4,3,edge_4,edge,0.5106,0.53411,6.22077,0.4894,0.46589,1.17005,3
715,normal,-1,0.0,,,-1,-1,cloud_0,cloud,0.38284,0.44633,0.0,0.61716,0.55367,0.52202,3
716,normal,-1,0.0,,,-1,-1,access_0,access,0.21324,0.23679,0.0,0.78676,0.76321,0.29188,2
716,normal,-1,0.0,,,-1,-1,access_1,access,0.23055,0.24685,0.0,0.76945,0.75315,0.29188,2
716,link_congestion,266,0.58315,edge_0,edge_0-edge_1,3,2,edge_0,edge,0.44417,0.49626,2.60078,0.55583,0.50374,0.91837,4
716,mixed,286,0.3831,edge_1,access_0-edge_1,1,0,edge_1,edge,0.62705,0.59231,18.99915,0.37295,0.40769,1.26897,3
716,normal,-1,0.0,,,-1,-1,edge_2,edge,0.39456,0.47877,0.0,0.60544,0.52123,0.6509,4
716,normal,-1,0.0,,,-1,-1,edge_3,edge,0.36532,0.44891,0.0,0.63468,0.55109,0.6509,3
716,burst,219,0.37634,edge_4,edge_3-edge_4,4,3,edge_4,edge,0.48499,0.52691,4.8787,0.51501,0.47309,0.96998,3
716,normal,-1,0.0,,,-1,-1,cloud_0,cloud,0.39902,0.44257,0.0,0.60098,0.55743,0.52484,3
717,normal,-1,0.0,,,-1,-1,access_0,access,0.2111,0.25299,0.0,0.7889,0.74701,0.29492,2
717,normal,-1,0.0,,,-1,-1,access_1,access,0.2254,0.24544,0.0,0.7746,0.75456,0.29492,2
717,link_congestion,266,0.58315,edge_0,edge_0-edge_1,3,2,edge_0,edge,0.48704,0.48268,6.37936,0.51296,0.51732,0.93093,4
717,mixed,286,0.3831,edge_1,access_0-edge_1,1,0,edge_1,edge,0.61622,0.62692,18.53263,0.38378,0.37308,1.21358,3
717,normal,-1,0.0,,,-1,-1,edge_2,edge,0.38828,0.4689,0.0,0.61172,0.5311,0.65946,4
717,normal,-1,0.0,,,-1,-1,edge_3,edge,0.36787,0.46174,0.0,0.63213,0.53826,0.65946,3
717,burst,219,0.37634,edge_4,edge_3-edge_4,4,3,edge_4,edge,0.45573,0.5056,1.30765,0.54427,0.4944,0.86712,3
717,normal,-1,0.0,,,-1,-1,cloud_0,cloud,0.38725,0.46553,0.0,0.61275,0.53447,0.52865,3
718,normal,-1,0.0,,,-1,-1,access_0,access,0.22739,0.25707,0.0,0.77261,0.74293,0.29851,2
718,normal,-1,0.0,,,-1,-1,access_1,access,0.22054,0.25752,0.0,0.77946,0.74248,0.29851,2
718,link_congestion,266,0.58315,edge_0,edge_0-edge_1,3,2,edge_0,edge,0.46577,0.52954,5.30405,0.53423,0.47046,0.93761,4
718,mixed,286,0.3831,edge_1,access_0-edge_1,1,0,edge_1,edge,0.5748,0.56416,15.31339,0.4252,0.43584,1.21766,3
718,normal,-1,0.0,,,-1,-1,edge_2,edge,0.40477,0.49496,0.0,0.59523,0.50504,0.66957,4
718,normal,-1,0.0,,,-1,-1,edge_3,edge,0.36297,0.44728,0.0,0.63703,0.55272,0.66957,3
718,burst,219,0.37634,edge_4,edge_3-edge_4,4,3,edge_4,edge,0.48287,0.55358,4.51783,0.51713,0.44642,0.85026,3
718,normal,-1,0.0,,,-1,-1,cloud_0,cloud,0.38557,0.47303,0.0,0.61443,0.52697,0.53314,3
719,normal,-1,0.0,,,-1,-1,access_0,access,0.19838,0.25458,0.0,0.80162,0.74542,0.3024,2
719,normal,-1,0.0,,,-1,-1,access_1,access,0.22854,0.26769,0.0,0.77146,0.73231,0.3024,2
719,link_congestion,266,0.58315,edge_0,edge_0-edge_1,3,2,edge_0,edge,0.48767,0.49017,7.25935,0.51233,0.50983,0.93761,4
719,mixed,286,0.3831,edge_1,access_0-edge_1,1,0,edge_1,edge,0.62801,0.56032,18.84657,0.37199,0.43968,1.27354,3
719,normal,-1,0.0,,,-1,-1,edge_2,edge,0.44401,0.48044,0.0,0.55599,0.51956,0.6805,4
719,normal,-1,0.0,,,-1,-1,edge_3,edge,0.32954,0.45565,0.0,0.67046,0.54435,0.6805,3
719,link_congestion,255,0.34119,edge_4,edge_4-edge_0,4,3,edge_4,edge,0.45172,0.51937,2.23303,0.54828,0.48063,0.81834,3
719,normal,-1,0.0,,,-1,-1,cloud_0,cloud,0.38583,0.46169,0.0,0.61417,0.53831,0.538,3
720,normal,-1,0.0,,,-1,-1,access_0,access,0.22051,0.2586,0.0,0.77949,0.7414,0.3024,2
720,normal,-1,0.0,,,-1,-1,access_1,access,0.23018,0.26129,0.0,0.76982,0.73871,0.3024,2
720,link_congestion,266,0.58315,edge_0,edge_0-edge_1,3,2,edge_0,edge,0.48597,0.52406,6.50949,0.51403,0.47594,0.93093,4
720,mixed,286,0.3831,edge_1,access_0-edge_1,1,0,edge_1,edge,0.6151,0.55978,17.95753,0.3849,0.44022,1.2948,3
720,normal,-1,0.0,,,-1,-1,edge_2,edge,0.41149,0.48982,0.0,0.58851,0.51018,0.6805,4
720,normal,-1,0.0,,,-1,-1,edge_3,edge,0.32038,0.43647,0.0,0.67962,0.56353,0.6805,3
720,link_congestion,255,0.34119,edge_4,edge_4-edge_0,4,3,edge_4,edge,0.44391,0.49882,2.04153,0.55609,0.50118,0.83866,3
720,normal,-1,0.0,,,-1,-1,cloud_0,cloud,0.38226,0.46022,0.0,0.61774,0.53978,0.538,3
721,normal,-1,0.0,,,-1,-1,access_0,access,0.22585,0.25619,0.0,0.77415,0.74381,0.30629,2
721,normal,-1,0.0,,,-1,-1,access_1,access,0.22194,0.26097,0.0,0.77806,0.73903,0.30629,2
721,link_congestion,266,0.58315,edge_0,edge_0-edge_1,3,2,edge_0,edge,0.47325,0.52507,6.90691,0.52675,0.47493,0.91837,4
721,mixed,286,0.3831,edge_1,access_0-edge_1,1,0,edge_1,edge,0.5834,0.54312,16.39577,0.4166,0.45688,1.27688,3
721,link_congestion,252,0.44439,edge_2,access_1-edge_2,1,0,edge_2,edge,0.48318,0.50365,5.06451,0.51682,0.49635,0.85724,4
721,normal,-1,0.0,,,-1,-1,edge_3,edge,0.34682,0.45411,0.0,0.65318,0.54589,0.69143,3
721,normal,-1,0.0,,,-1,-1,edge_4,edge,0.37085,0.46585,0.0,0.62915,0.53415,0.69143,3
721,normal,-1,0.0,,,-1,-1,cloud_0,cloud,0.37531,0.4612,0.0,0.62469,0.5388,0.54286,3
722,normal,-1,0.0,,,-1,-1,access_0,access,0.2147,0.24737,0.0,0.7853,0.75263,0.30988,2
722,normal,-1,0.0,,,-1,-1,access_1,access,0.23032,0.25581,0.0,0.76968,0.74419,0.30988,2
722,link_congestion,266,0.58315,edge_0,edge_0-edge_1,3,2,edge_0,edge,0.47359,0.50515,7.42411,0.52641,0.49485,0.90146,4
722,mixed,286,0.3831,edge_1,access_0-edge_1,1,0,edge_1,edge,0.576,0.55488,16.91283,0.424,0.44512,1.2271,3
722,link_congestion,252,0.44439,edge_2,access_1-edge_2,1,0,edge_2,edge,0.50779,0.50407,6.09496,0.49221,0.49593,0.8903,4
722,normal,-1,0.0,,,-1,-1,edge_3,edge,0.35829,0.43502,0.0,0.64171,0.56498,0.70154,3
722,normal,-1,0.0,,,-1,-1,edge_4,edge,0.37406,0.46157,0.0,0.62594,0.53843,0.70154,3
722,normal,-1,0.0,,,-1,-1,cloud_0,cloud,0.39132,0.47022,0.0,0.60868,0.52978,0.54735,3
723,normal,-1,0.0,,,-1,-1,access_0,access,0.22175,0.23884,0.0,0.77825,0.76116,0.31292,2
723,normal,-1,0.0,,,-1,-1,access_1,access,0.2386,0.26797,0.0,0.7614,0.73203,0.31292,2
723,link_congestion,266,0.58315,edge_0,edge_0-edge_1,3,2,edge_0,edge,0.47144,0.51698,5.43863,0.52856,0.48302,0.88222,4
723,mixed,286,0.3831,edge_1,access_0-edge_1,1,0,edge_1,edge,0.58205,0.61198,14.33193,0.41795,0.38802,1.16089,3
723,link_congestion,252,0.44439,edge_2,access_1-edge_2,1,0,edge_2,edge,0.51625,0.55393,6.38515,0.48375,0.44607,0.91074,4
723,normal,-1,0.0,,,-1,-1,edge_3,edge,0.32214,0.43319,0.0,0.67786,0.56681,0.7101,3
723,normal,-1,0.0,,,-1,-1,edge_4,edge,0.41856,0.50186,0.0,0.58144,0.49814,0.7101,3
723,normal,-1,0.0,,,-1,-1,cloud_0,cloud,0.39548,0.46564,0.0,0.60452,0.53436,0.55116,3
724,normal,-1,0.0,,,-1,-1,access_0,access,0.22941,0.26603,0.0,0.77059,0.73397,0.31519,2
724,normal,-1,0.0,,,-1,-1,access_1,access,0.2266,0.26451,0.0,0.7734,0.73549,0.31519,2
724,link_congestion,266,0.58315,edge_0,edge_0-edge_1,3,2,edge_0,edge,0.49335,0.51599,5.72269,0.50665,0.48401,0.86298,4
724,normal,-1,0.0,,,-1,-1,edge_1,edge,0.3823,0.4849,0.0,0.6177,0.5151,0.71646,3
724,mixed,291,0.50955,edge_2,edge_1-edge_2,2,1,edge_2,edge,0.59969,0.55564,16.09775,0.40031,0.44436,1.01818,4
724,normal,-1,0.0,,,-1,-1,edge_3,edge,0.36193,0.47513,0.0,0.63807,0.52487,0.71646,3
724,normal,-1,0.0,,,-1,-1,edge_4,edge,0.35116,0.4533,0.0,0.64884,0.5467,0.71646,3
724,normal,-1,0.0,,,-1,-1,cloud_0,cloud,0.39902,0.47294,0.0,0.60098,0.52706,0.55398,3
725,normal,-1,0.0,,,-1,-1,access_0,access,0.23801,0.2673,0.0,0.76199,0.7327,0.3165,2
725,normal,-1,0.0,,,-1,-1,access_1,access,0.23191,0.25812,0.0,0.76809,0.74188,0.3165,2
725,link_congestion,266,0.58315,edge_0,edge_0-edge_1,3,2,edge_0,edge,0.41817,0.46153,2.11418,0.58183,0.53847,0.84606,4
725,normal,-1,0.0,,,-1,-1,edge_1,edge,0.39191,0.46585,0.0,0.60809,0.53415,0.72015,3
725,mixed,291,0.50955,edge_2,edge_1-edge_2,2,1,edge_2,edge,0.56901,0.56761,15.16182,0.43099,0.43239,1.09892,4
725,normal,-1,0.0,,,-1,-1,edge_3,edge,0.36682,0.45014,0.0,0.63318,0.54986,0.72015,3
725,normal,-1,0.0,,,-1,-1,edge_4,edge,0.38961,0.4674,0.0,0.61039,0.5326,0.72015,3
725,normal,-1,0.0,,,-1,-1,cloud_0,cloud,0.40129,0.47277,0.0,0.59871,0.52723,0.55562,3
726,normal,-1,0.0,,,-1,-1,access_0,access,0.22106,0.26481,0.0,0.77894,0.73519,0.31677,2
726,normal,-1,0.0,,,-1,-1,access_1,access,0.22168,0.25506,0.0,0.77832,0.74494,0.31677,2
726,link_congestion,266,0.58315,edge_0,edge_0-edge_1,3,2,edge_0,edge,0.46436,0.48565,6.80788,0.53564,0.51435,0.8335,4
726,normal,-1,0.0,,,-1,-1,edge_1,edge,0.38211,0.47457,0.0,0.61789,0.52543,0.72091,3
726,mixed,291,0.50955,edge_2,edge_1-edge_2,2,1,edge_2,edge,0.63326,0.58341,21.46626,0.36674,0.41659,1.19139,4
726,normal,-1,0.0,,,-1,-1,edge_3,edge,0.39119,0.45901,0.0,0.60881,0.54099,0.72091,3
726,normal,-1,0.0,,,-1,-1,edge_4,edge,0.38426,0.45705,0.0,0.61574,0.54295,0.72091,3
726,normal,-1,0.0,,,-1,-1,cloud_0,cloud,0.39848,0.48128,0.0,0.60152,0.51872,0.55596,3
727,normal,-1,0.0,,,-1,-1,access_0,access,0.23132,0.2873,0.0,0.76868,0.7127,0.31597,2
727,normal,-1,0.0,,,-1,-1,access_1,access,0.23033,0.24532,0.0,0.76967,0.75468,0.31597,2
727,link_congestion,266,0.58315,edge_0,edge_0-edge_1,3,2,edge_0,edge,0.46169,0.49644,5.26098,0.53831,0.50356,0.82682,4
727,normal,-1,0.0,,,-1,-1,edge_1,edge,0.38443,0.463,0.0,0.61557,0.537,0.71866,3
727,mixed,291,0.50955,edge_2,edge_1-edge_2,2,1,edge_2,edge,0.67903,0.57779,22.54543,0.32097,0.42221,1.2843,4
727,normal,-1,0.0,,,-1,-1,edge_3,edge,0.33556,0.4414,0.0,0.66444,0.5586,0.71866,3
727,normal,-1,0.0,,,-1,-1,edge_4,edge,0.39574,0.47974,0.0,0.60426,0.52026,0.71866,3
727,normal,-1,0.0,,,-1,-1,cloud_0,cloud,0.36835,0.46579,0.0,0.63165,0.53421,0.55496,3
728,normal,-1,0.0,,,-1,-1,access_0,access,0.20767,0.2494,0.0,0.79233,0.7506,0.31416,2
728,normal,-1,0.0,,,-1,-1,access_1,access,0.21865,0.25974,0.0,0.78135,0.74026,0.31416,2
728,link_congestion,266,0.58315,edge_0,edge_0-edge_1,3,2,edge_0,edge,0.50425,0.50491,7.30313,0.49575,0.49509,0.82682,4
728,normal,-1,0.0,,,-1,-1,edge_1,edge,0.36894,0.45357,0.0,0.63106,0.54643,0.71359,3
728,mixed,291,0.50955,edge_2,edge_1-edge_2,2,1,edge_2,edge,0.69369,0.59778,25.26187,0.30631,0.40222,1.36192,4
728,normal,-1,0.0,,,-1,-1,edge_3,edge,0.35436,0.46069,0.0,0.64564,0.53931,0.71359,3
728,normal,-1,0.0,,,-1,-1,edge_4,edge,0.40336,0.46758,0.0,0.59664,0.53242,0.71359,3
728,normal,-1,0.0,,,-1,-1,cloud_0,cloud,0.40499,0.45889,0.0,0.59501,0.54111,0.55271,3
729,normal,-1,0.0,,,-1,-1,access_0,access,0.22042,0.26111,0.0,0.77958,0.73889,0.31149,2
729,normal,-1,0.0,,,-1,-1,access_1,access,0.23125,0.25559,0.0,0.76875,0.74441,0.31149,2
729,link_congestion,266,0.58315,edge_0,edge_0-edge_1,3,2,edge_0,edge,0.43415,0.46205,4.39205,0.56585,0.53795,0.8335,4
729,normal,-1,0.0,,,-1,-1,edge_1,edge,0.38876,0.46003,0.0,0.61124,0.53997,0.70606,3
729,mixed,294,0.60379,edge_2,access_1-edge_2,1,0,edge_2,edge,0.58101,0.53924,18.90308,0.41899,0.46076,1.03514,4
729,normal,-1,0.0,,,-1,-1,edge_3,edge,0.3531,0.4314,0.0,0.6469,0.5686,0.70606,3
729,normal,-1,0.0,,,-1,-1,edge_4,edge,0.39591,0.47612,0.0,0.60409,0.52388,0.70606,3
729,normal,-1,0.0,,,-1,-1,cloud_0,cloud,0.40346,0.49604,0.0,0.59654,0.50396,0.54936,3
730,normal,-1,0.0,,,-1,-1,access_0,access,0.23293,0.26009,0.0,0.76707,0.73991,0.30814,2
730,normal,-1,0.0,,,-1,-1,access_1,access,0.2184,0.25306,0.0,0.7816,0.74694,0.30814,2
730,link_congestion,266,0.58315,edge_0,edge_0-edge_1,3,2,edge_0,edge,0.44097,0.49326,4.02782,0.55903,0.50674,0.84606,4
730,normal,-1,0.0,,,-1,-1,edge_1,edge,0.39503,0.47382,0.0,0.60497,0.52618,0.69664,3
730,mixed,294,0.60379,edge_2,access_1-edge_2,1,0,edge_2,edge,0.66106,0.58305,24.94938,0.33894,0.41695,1.18938,4
730,normal,-1,0.0,,,-1,-1,edge_3,edge,0.37169,0.47598,0.0,0.62831,0.52402,0.69664,3
730,normal,-1,0.0,,,-1,-1,edge_4,edge,0.36654,0.46489,0.0,0.63346,0.53511,0.69664,3
730,normal,-1,0.0,,,-1,-1,cloud_0,cloud,0.39897,0.46614,0.0,0.60103,0.53386,0.54517,3
731,normal,-1,0.0,,,-1,-1,access_0,access,0.22899,0.25123,0.0,0.77101,0.74877,0.30436,2
731,normal,-1,0.0,,,-1,-1,access_1,access,0.22409,0.25535,0.0,0.77591,0.74465,0.30436,2
731,link_congestion,266,0.58315,edge_0,edge_0-edge_1,3,2,edge_0,edge,0.46617,0.46998,5.76536,0.53383,0.53002,0.86298,4
731,normal,-1,0.0,,,-1,-1,edge_1,edge,0.37041,0.46001,0.0,0.62959,0.53999,0.68601,3
731,mixed,294,0.60379,edge_2,access_1-edge_2,1,0,edge_2,edge,0.74462,0.65007,30.1758,0.25538,0.34993,1.35076,4
731,normal,-1,0.0,,,-1,-1,edge_3,edge,0.35787,0.46163,0.0,0.64213,0.53837,0.68601,3
731,mixed,297,0.62169,edge_4,edge_3-edge_4,4,3,edge_4,edge,0.58475,0.54177,19.33828,0.41525,0.45823,1.03836,3
731,normal,-1,0.0,,,-1,-1,cloud_0,cloud,0.38327,0.47308,0.0,0.61673,0.52692,0.54045,3
732,normal,-1,0.0,,,-1,-1,access_0,access,0.22234,0.26351,0.0,0.77766,0.73649,0.30044,2
732,normal,-1,0.0,,,-1,-1,access_1,access,0.22675,0.24901,0.0,0.77325,0.75099,0.30044,2
732,link_congestion,266,0.58315,edge_0,edge_0-edge_1,3,2,edge_0,edge,0.42203,0.47425,1.92381,0.57797,0.52575,0.88222,4
732,normal,-1,0.0,,,-1,-1,edge_1,edge,0.37709,0.48344,0.0,0.62291,0.51656,0.67499,3
732,mixed,294,0.60379,edge_2,access_1-edge_2,1,0,edge_2,edge,0.76052,0.66301,32.55253,0.23948,0.33699,1.43186,4
732,normal,-1,0.0,,,-1,-1,edge_3,edge,0.33316,0.43661,0.0,0.66684,0.56339,0.67499,3
732,mixed,297,0.62169,edge_4,edge_3-edge_4,4,3,edge_4,edge,0.61898,0.58598,22.6417,0.38102,0.41402,1.15377,3
732,normal,-1,0.0,,,-1,-1,cloud_0,cloud,0.39871,0.46719,0.0,0.60129,0.53281,0.53555,3
733,normal,-1,0.0,,,-1,-1,access_0,access,0.20511,0.24844,0.0,0.79489,0.75156,0.29666,2
733,normal,-1,0.0,,,-1,-1,access_1,access,0.21694,0.23925,0.0,0.78306,0.76075,0.29666,2
733,normal,-1,0.0,,,-1,-1,edge_0,edge,0.34326,0.45253,0.0,0.65674,0.54747,0.66436,4
733,normal,-1,0.0,,,-1,-1,edge_1,edge,0.37243,0.44793,0.0,0.62757,0.55207,0.66436,3
733,mixed,294,0.60379,edge_2,access_1-edge_2,1,0,edge_2,edge,0.75643,0.66273,31.3341,0.24357,0.33727,1.37468,4
733,normal,-1,0.0,,,-1,-1,edge_3,edge,0.3532,0.45551,0.0,0.6468,0.54449,0.66436,3
733,mixed,297,0.62169,edge_4,edge_3-edge_4,4,3,edge_4,edge,0.67544,0.6138,26.70579,0.32456,0.3862,1.28379,3
733,normal,-1,0.0,,,-1,-1,cloud_0,cloud,0.38835,0.47439,0.0,0.61165,0.52561,0.53083,3
734,normal,-1,0.0,,,-1,-1,access_0,access,0.22911,0.25185,0.0,0.77089,0.74815,0.29331,2
734,normal,-1,0.0,,,-1,-1,access_1,access,0.21688,0.27171,0.0,0.78312,0.72829,0.29331,2
734,normal,-1,0.0,,,-1,-1,edge_0,edge,0.33135,0.42763,0.0,0.66865,0.57237,0.65494,4
734,normal,-1,0.0,,,-1,-1,edge_1,edge,0.36707,0.46418,0.0,0.63293,0.53582,0.65494,3
734,mixed,294,0.60379,edge_2,access_1-edge_2,1,0,edge_2,edge,0.75082,0.62848,32.42325,0.24918,0.37152,1.34633,4
734,normal,-1,0.0,,,-1,-1,edge_3,edge,0.34898,0.43079,0.0,0.65102,0.56921,0.65494,3
734,mixed,297,0.62169,edge_4,edge_3-edge_4,4,3,edge_4,edge,0.65405,0.60286,27.16804,0.34595,0.39714,1.39161,3
734,normal,-1,0.0,,,-1,-1,cloud_0,cloud,0.39641,0.45928,0.0,0.60359,0.54072,0.52664,3
735,normal,-1,0.0,,,-1,-1,access_0,access,0.23223,0.2441,0.0,0.76777,0.7559,0.29064,2
735,normal,-1,0.0,,,-1,-1,access_1,access,0.21193,0.26296,0.0,0.78807,0.73704,0.29064,2
735,normal,-1,0.0,,,-1,-1,edge_0,edge,0.33599,0.45653,0.0,0.66401,0.54347,0.64741,4
735,normal,-1,0.0,,,-1,-1,edge_1,edge,0.36617,0.45374,0.0,0.63383,0.54626,0.64741,3
735,mixed,294,0.60379,edge_2,access_1-edge_2,1,0,edge_2,edge,0.76378,0.6488,33.42795,0.23622,0.3512,1.34562,4
735,normal,-1,0.0,,,-1,-1,edge_3,edge,0.29901,0.42229,0.0,0.70099,0.57771,0.64741,3
735,mixed,297,0.62169,edge_4,edge_3-edge_4,4,3,edge_4,edge,0.73324,0.61753,31.63963,0.26676,0.38247,1.43578,3
735,normal,-1,0.0,,,-1,-1,cloud_0,cloud,0.38305,0.4556,0.0,0.61695,0.5444,0.52329,3
736,normal,-1,0.0,,,-1,-1,access_0,access,0.21658,0.24864,0.0,0.78342,0.75136,0.28883,2
736,normal,-1,0.0,,,-1,-1,access_1,access,0.21048,0.25703,0.0,0.78952,0.74297,0.28883,2
736,normal,-1,0.0,,,-1,-1,edge_0,edge,0.36073,0.46896,0.0,0.63927,0.53104,0.64234,4
736,normal,-1,0.0,,,-1,-1,edge_1,edge,0.37037,0.45291,0.0,0.62963,0.54709,0.64234,3
736,mixed,294,0.60379,edge_2,access_1-edge_2,1,0,edge_2,edge,0.72331,0.64409,29.73653,0.27669,0.35591,1.25331,4
736,normal,-1,0.0,,,-1,-1,edge_3,edge,0.36346,0.47875,0.0,0.63654,0.52125,0.64234,3
736,mixed,297,0.62169,edge_4,edge_3-edge_4,4,3,edge_4,edge,0.75547,0.66803,32.22738,0.24453,0.33197,1.3954,3
736,normal,-1,0.0,,,-1,-1,cloud_0,cloud,0.37624,0.45425,0.0,0.62376,0.54575,0.52104,3
737,normal,-1,0.0,,,-1,-1,access_0,access,0.22173,0.24616,0.0,0.77827,0.75384,0.28803,2
737,normal,-1,0.0,,,-1,-1,access_1,access,0.20738,0.25176,0.0,0.79262,0.74824,0.28803,2
737,normal,-1,0.0,,,-1,-1,edge_0,edge,0.33947,0.43161,0.0,0.66053,0.56839,0.64009,4
737,normal,-1,0.0,,,-1,-1,edge_1,edge,0.35696,0.47251,0.0,0.64304,0.52749,0.64009,3
737,mixed,294,0.60379,edge_2,access_1-edge_2,1,0,edge_2,edge,0.73545,0.6422,30.2483,0.26455,0.3578,1.31326,4
737,normal,-1,0.0,,,-1,-1,edge_3,edge,0.33547,0.43322,0.0,0.66453,0.56678,0.64009,3
737,mixed,297,0.62169,edge_4,edge_3-edge_4,4,3,edge_4,edge,0.67953,0.62473,27.40451,0.32047,0.37527,1.32521,3
737,normal,-1,0.0,,,-1,-1,cloud_0,cloud,0.37943,0.44279,0.0,0.62057,0.55721,0.52004,3
738,normal,-1,0.0,,,-1,-1,access_0,access,0.2115,0.25057,0.0,0.7885,0.74943,0.2883,2
738,normal,-1,0.0,,,-1,-1,access_1,access,0.21272,0.25256,0.0,0.78728,0.74744,0.2883,2
738,normal,-1,0.0,,,-1,-1,edge_0,edge,0.34399,0.44876,0.0,0.65601,0.55124,0.64085,4
738,normal,-1,0.0,,,-1,-1,edge_1,edge,0.38409,0.46584,0.0,0.61591,0.53416,0.64085,3
738,mixed,294,0.60379,edge_2,access_1-edge_2,1,0,edge_2,edge,0.77678,0.65781,32.72277,0.22322,0.34219,1.31661,4
738,normal,-1,0.0,,,-1,-1,edge_3,edge,0.35081,0.45779,0.0,0.64919,0.54221,0.64085,3
738,mixed,297,0.62169,edge_4,edge_3-edge_4,4,3,edge_4,edge,0.74341,0.65035,31.45529,0.25659,0.34965,1.36109,3
738,normal,-1,0.0,,,-1,-1,cloud_0,cloud,0.38872,0.46821,0.0,0.61128,0.53179,0.52038,3
739,normal,-1,0.0,,,-1,-1,access_0,access,0.22251,0.2623,0.0,0.77749,0.7377,0.28961,2
739,normal,-1,0.0,,,-1,-1,access_1,access,0.19879,0.25759,0.0,0.80121,0.74241,0.28961,2
739,normal,-1,0.0,,,-1,-1,edge_0,edge,0.34209,0.44102,0.0,0.65791,0.55898,0.64454,4
739,normal,-1,0.0,,,-1,-1,edge_1,edge,0.36676,0.47569,0.0,0.63324,0.52431,0.64454,3
739,mixed,294,0.60379,edge_2,access_1-edge_2,1,0,edge_2,edge,0.65911,0.58681,26.12023,0.34089,0.41319,1.20061,4
739,normal,-1,0.0,,,-1,-1,edge_3,edge,0.34559,0.44932,0.0,0.65441,0.55068,0.64454,3
739,mixed,297,0.62169,edge_4,edge_3-edge_4,4,3,edge_4,edge,0.68434,0.58382,28.67095,0.31566,0.41618,1.33986,3
739,normal,-1,0.0,,,-1,-1,cloud_0,cloud,0.37425,0.45648,0.0,0.62575,0.54352,0.52202,3
740,normal,-1,0.0,,,-1,-1,access_0,access,0.20603,0.24664,0.0,0.79397,0.75336,0.29188,2
740,normal,-1,0.0,,,-1,-1,access_1,access,0.2105,0.24986,0.0,0.7895,0.75014,0.29188,2
740,normal,-1,0.0,,,-1,-1,edge_0,edge,0.3325,0.44192,0.0,0.6675,0.55808,0.6509,4
740,normal,-1,0.0,,,-1,-1,edge_1,edge,0.37085,0.48029,0.0,0.62915,0.51971,0.6509,3
740,mixed,291,0.50955,edge_2,edge_1-edge_2,2,1,edge_2,edge,0.69126,0.58138,26.37963,0.30874,0.41862,1.30681,4
740,normal,-1,0.0,,,-1,-1,edge_3,edge,0.35161,0.45382,0.0,0.64839,0.54618,0.6509,3
740,mixed,297,0.62169,edge_4,edge_3-edge_4,4,3,edge_4,edge,0.66856,0.61273,27.08074,0.33144,0.38727,1.26592,3
740,normal,-1,0.0,,,-1,-1,cloud_0,cloud,0.38488,0.44941,0.0,0.61512,0.55059,0.52484,3
741,normal,-1,0.0,,,-1,-1,access_0,access,0.22579,0.26624,0.0,0.77421,0.73376,0.29492,2
741,normal,-1,0.0,,,-1,-1,access_1,access,0.21551,0.23626,0.0,0.78449,0.76374,0.29492,2
741,normal,-1,0.0,,,-1,-1,edge_0,edge,0.34137,0.45588,0.0,0.65863,0.54412,0.65946,4
741,normal,-1,0.0,,,-1,-1,edge_1,edge,0.37399,0.44523,0.0,0.62601,0.55477,0.65946,3
741,mixed,291,0.50955,edge_2,edge_1-edge_2,2,1,edge_2,edge,0.67566,0.59961,24.73023,0.32434,0.40039,1.25652,4
741,normal,-1,0.0,,,-1,-1,edge_3,edge,0.3476,0.44857,0.0,0.6524,0.55143,0.65946,3
741,mixed,297,0.62169,edge_4,edge_3-edge_4,4,3,edge_4,edge,0.65317,0.59907,26.91629,0.34683,0.40093,1.28542,3
741,normal,-1,0.0,,,-1,-1,cloud_0,cloud,0.37607,0.48464,0.0,0.62393,0.51536,0.52865,3
742,normal,-1,0.0,,,-1,-1,access_0,access,0.22491,0.25003,0.0,0.77509,0.74997,0.29851,2
742,normal,-1,0.0,,,-1,-1,access_1,access,0.21735,0.2621,0.0,0.78265,0.7379,0.29851,2
742,normal,-1,0.0,,,-1,-1,edge_0,edge,0.33506,0.42754,0.0,0.66494,0.57246,0.66957,4
742,normal,-1,0.0,,,-1,-1,edge_1,edge,0.38767,0.45742,0.0,0.61233,0.54258,0.66957,3
742,mixed,291,0.50955,edge_2,edge_1-edge_2,2,1,edge_2,edge,0.67215,0.5976,22.16853,0.32785,0.4024,1.18365,4
742,normal,-1,0.0,,,-1,-1,edge_3,edge,0.35731,0.45743,0.0,0.64269,0.54257,0.66957,3
742,mixed,297,0.62169,edge_4,edge_3-edge_4,4,3,edge_4,edge,0.72335,0.64289,30.56876,0.27665,0.35711,1.33752,3
742,normal,-1,0.0,,,-1,-1,cloud_0,cloud,0.37729,0.47069,0.0,0.62271,0.52931,0.53314,3
743,normal,-1,0.0,,,-1,-1,access_0,access,0.21457,0.23762,0.0,0.78543,0.76238,0.3024,2
743,normal,-1,0.0,,,-1,-1,access_1,access,0.2204,0.24329,0.0,0.7796,0.75671,0.3024,2
743,normal,-1,0.0,,,-1,-1,edge_0,edge,0.34742,0.45269,0.0,0.65258,0.54731,0.6805,4
743,normal,-1,0.0,,,-1,-1,edge_1,edge,0.3632,0.45472,0.0,0.6368,0.54528,0.6805,3
743,normal,-1,0.0,,,-1,-1,edge_2,edge,0.4142,0.45296,0.0,0.5858,0.54704,0.6805,4
743,normal,-1,0.0,,,-1,-1,edge_3,edge,0.36578,0.45057,0.0,0.63422,0.54943,0.6805,3
743,mixed,297,0.62169,edge_4,edge_3-edge_4,4,3,edge_4,edge,0.68337,0.59545,27.32354,0.31663,0.40455,1.29999,3
743,normal,-1,0.0,,,-1,-1,cloud_0,cloud,0.39281,0.47066,0.0,0.60719,0.52934,0.538,3
744,normal,-1,0.0,,,-1,-1,access_0,access,0.22122,0.25627,0.0,0.77878,0.74373,0.3024,2
744,normal,-1,0.0,,,-1,-1,access_1,access,0.22209,0.26022,0.0,0.77791,0.73978,0.3024,2
744,normal,-1,0.0,,,-1,-1,edge_0,edge,0.33331,0.44348,0.0,0.66669,0.55652,0.6805,4
744,normal,-1,0.0,,,-1,-1,edge_1,edge,0.38439,0.46567,0.0,0.61561,0.53433,0.6805,3
744,normal,-1,0.0,,,-1,-1,edge_2,edge,0.42855,0.46613,0.0,0.57145,0.53387,0.6805,4
744,normal,-1,0.0,,,-1,-1,edge_3,edge,0.33855,0.44039,0.0,0.66145,0.55961,0.6805,3
744,mixed,297,0.62169,edge_4,edge_3-edge_4,4,3,edge_4,edge,0.65117,0.60387,25.51795,0.34883,0.39613,1.20384,3
744,normal,-1,0.0,,,-1,-1,cloud_0,cloud,0.38865,0.4681,0.0,0.61135,0.5319,0.538,3
745,normal,-1,0.0,,,-1,-1,access_0,access,0.22134,0.24204,0.0,0.77866,0.75796,0.30629,2
745,normal,-1,0.0,,,-1,-1,access_1,access,0.22222,0.25935,0.0,0.77778,0.74065,0.30629,2
745,normal,-1,0.0,,,-1,-1,edge_0,edge,0.35068,0.44443,0.0,0.64932,0.55557,0.69143,4
745,normal,-1,0.0,,,-1,-1,edge_1,edge,0.3902,0.48166,0.0,0.6098,0.51834,0.69143,3
745,normal,-1,0.0,,,-1,-1,edge_2,edge,0.41446,0.47864,0.0,0.58554,0.52136,0.69143,4
745,normal,-1,0.0,,,-1,-1,edge_3,edge,0.34559,0.43647,0.0,0.65441,0.56353,0.69143,3
745,link_congestion,263,0.45941,edge_4,edge_3-edge_4,4,3,edge_4,edge,0.50144,0.49984,5.90726,0.49856,0.50016,0.80735,3
745,normal,-1,0.0,,,-1,-1,cloud_0,cloud,0.38253,0.47699,0.0,0.61747,0.52301,0.54286,3
746,normal,-1,0.0,,,-1,-1,access_0,access,0.23426,0.25978,0.0,0.76574,0.74022,0.30988,2
746,normal,-1,0.0,,,-1,-1,access_1,access,0.22111,0.26328,0.0,0.77889,0.73672,0.30988,2
746,node_overload,233,0.58249,edge_0,edge_0-edge_1,3,2,edge_0,edge,0.50951,0.56208,27.72034,0.49049,0.43792,0.87535,4
746,normal,-1,0.0,,,-1,-1,edge_1,edge,0.37844,0.46233,0.0,0.62156,0.53767,0.70154,3
746,normal,-1,0.0,,,-1,-1,edge_2,edge,0.40298,0.47666,0.0,0.59702,0.52334,0.70154,4
746,normal,-1,0.0,,,-1,-1,edge_3,edge,0.39147,0.45055,0.0,0.60853,0.54945,0.70154,3
746,link_congestion,263,0.45941,edge_4,edge_3-edge_4,4,3,edge_4,edge,0.48278,0.49087,6.62388,0.51722,0.50913,0.8041,3
746,normal,-1,0.0,,,-1,-1,cloud_0,cloud,0.41063,0.46663,0.0,0.58937,0.53337,0.54735,3
747,normal,-1,0.0,,,-1,-1,access_0,access,0.21824,0.25688,0.0,0.78176,0.74312,0.31292,2
747,normal,-1,0.0,,,-1,-1,access_1,access,0.2379,0.26035,0.0,0.7621,0.73965,0.31292,2
747,node_overload,233,0.58249,edge_0,edge_0-edge_1,3,2,edge_0,edge,0.51722,0.50298,28.98434,0.48278,0.49702,0.89482,4
747,normal,-1,0.0,,,-1,-1,edge_1,edge,0.4007,0.46449,0.0,0.5993,0.53551,0.7101,3
747,normal,-1,0.0,,,-1,-1,edge_2,edge,0.401,0.4611,0.0,0.599,0.5389,0.7101,4
747,normal,-1,0.0,,,-1,-1,edge_3,edge,0.33564,0.45547,0.0,0.66436,0.54453,0.7101,3
747,link_congestion,251,0.49229,edge_4,edge_4-edge_0,4,3,edge_4,edge,0.47572,0.51824,4.86446,0.52428,0.48176,0.86586,3
747,normal,-1,0.0,,,-1,-1,cloud_0,cloud,0.37309,0.48805,0.0,0.62691,0.51195,0.55116,3
748,normal,-1,0.0,,,-1,-1,access_0,access,0.21817,0.26534,0.0,0.78183,0.73466,0.31519,2
748,normal,-1,0.0,,,-1,-1,access_1,access,0.22507,0.25922,0.0,0.77493,0.74078,0.31519,2
748,node_overload,233,0.58249,edge_0,edge_0-edge_1,3,2,edge_0,edge,0.55643,0.55836,32.18995,0.44357,0.44164,0.91238,4
748,normal,-1,0.0,,,-1,-1,edge_1,edge,0.39348,0.48197,0.0,0.60652,0.51803,0.71646,3
748,normal,-1,0.0,,,-1,-1,edge_2,edge,0.42922,0.48516,0.0,0.57078,0.51484,0.71646,4
748,normal,-1,0.0,,,-1,-1,edge_3,edge,0.34902,0.43449,0.0,0.65098,0.56551,0.71646,3
748,link_congestion,251,0.49229,edge_4,edge_4-edge_0,4,3,edge_4,edge,0.50405,0.50509,5.62993,0.49595,0.49491,0.89627,3
748,normal,-1,0.0,,,-1,-1,cloud_0,cloud,0.3907,0.47438,0.0,0.6093,0.52562,0.55398,3
749,normal,-1,0.0,,,-1,-1,access_0,access,0.23007,0.24592,0.0,0.76993,0.75408,0.3165,2
749,normal,-1,0.0,,,-1,-1,access_1,access,0.23576,0.25215,0.0,0.76424,0.74785,0.3165,2
749,node_overload,233,0.58249,edge_0,edge_0-edge_1,3,2,edge_0,edge,0.57827,0.57265,34.05939,0.42173,0.42735,0.92632,4
749,normal,-1,0.0,,,-1,-1,edge_1,edge,0.36039,0.46053,0.0,0.63961,0.53947,0.72015,3
749,normal,-1,0.0,,,-1,-1,edge_2,edge,0.42337,0.48876,0.0,0.57663,0.51124,0.72015,4
749,normal,-1,0.0,,,-1,-1,edge_3,edge,0.3597,0.45269,0.0,0.6403,0.54731,0.72015,3
749,link_congestion,251,0.49229,edge_4,edge_4-edge_0,4,3,edge_4,edge,0.52022,0.54024,8.30365,0.47978,0.45976,0.91703,3
749,normal,-1,0.0,,,-1,-1,cloud_0,cloud,0.40211,0.47526,0.0,0.59789,0.52474,0.55562,3
750,normal,-1,0.0,,,-1,-1,access_0,access,0.23711,0.27076,0.0,0.76289,0.72924,0.31677,2
750,normal,-1,0.0,,,-1,-1,access_1,access,0.22107,0.25503,0.0,0.77893,0.74497,0.31677,2
750,node_overload,233,0.58249,edge_0,edge_0-edge_1,3,2,edge_0,edge,0.61573,0.59143,36.28981,0.38427,0.40857,0.93526,4
750,normal,-1,0.0,,,-1,-1,edge_1,edge,0.41561,0.48253,0.0,0.58439,0.51747,0.72091,3
750,normal,-1,0.0,,,-1,-1,edge_2,edge,0.4178,0.43984,0.0,0.5822,0.56016,0.72091,4
750,link_congestion,254,0.56948,edge_3,edge_2-edge_3,3,2,edge_3,edge,0.40612,0.50034,0.63679,0.59388,0.49966,0.87976,3
750,link_congestion,251,0.49229,edge_4,edge_4-edge_0,4,3,edge_4,edge,0.49981,0.53364,7.21867,0.50019,0.46636,0.92154,3
750,normal,-1,0.0,,,-1,-1,cloud_0,cloud,0.38746,0.46297,0.0,0.61254,0.53703,0.55596,3
751,normal,-1,0.0,,,-1,-1,access_0,access,0.24287,0.24611,0.0,0.75713,0.75389,0.31597,2
751,normal,-1,0.0,,,-1,-1,access_1,access,0.21544,0.26745,0.0,0.78456,0.73255,0.31597,2
751,node_overload,233,0.58249,edge_0,edge_0-edge_1,3,2,edge_0,edge,0.59359,0.56707,35.70194,0.40641,0.43293,0.93835,4
751,normal,-1,0.0,,,-1,-1,edge_1,edge,0.37579,0.47309,0.0,0.62421,0.52691,0.71866,3
751,normal,-1,0.0,,,-1,-1,edge_2,edge,0.40864,0.48174,0.0,0.59136,0.51826,0.71866,4
751,link_congestion,254,0.56948,edge_3,edge_2-edge_3,3,2,edge_3,edge,0.47013,0.50269,4.87482,0.52987,0.49731,0.91282,3
751,link_congestion,251,0.49229,edge_4,edge_4-edge_0,4,3,edge_4,edge,0.50832,0.52519,7.53934,0.49168,0.47481,0.90837,3
751,normal,-1,0.0,,,-1,-1,cloud_0,cloud,0.40576,0.45495,0.0,0.59424,0.54505,0.55496,3
752,normal,-1,0.0,,,-1,-1,access_0,access,0.23522,0.25708,0.0,0.76478,0.74292,0.31416,2
752,normal,-1,0.0,,,-1,-1,access_1,access,0.23472,0.26595,0.0,0.76528,0.73405,0.31416,2
752,node_overload,233,0.58249,edge_0,edge_0-edge_1,3,2,edge_0,edge,0.62566,0.60506,38.9684,0.37434,0.39494,0.93526,4
752,normal,-1,0.0,,,-1,-1,edge_1,edge,0.41253,0.4652,0.0,0.58747,0.5348,0.71359,3
752,normal,-1,0.0,,,-1,-1,edge_2,edge,0.41709,0.49642,0.0,0.58291,0.50358,0.71359,4
752,link_congestion,254,0.56948,edge_3,edge_2-edge_3,3,2,edge_3,edge,0.51457,0.52366,7.16242,0.48543,0.47634,0.93325,3
752,link_congestion,251,0.49229,edge_4,edge_4-edge_0,4,3,edge_4,edge,0.5109,0.52756,5.65195,0.4891,0.47244,0.88171,3
752,normal,-1,0.0,,,-1,-1,cloud_0,cloud,0.39503,0.4676,0.0,0.60497,0.5324,0.55271,3
753,normal,-1,0.0,,,-1,-1,access_0,access,0.21263,0.25246,0.0,0.78737,0.74754,0.31149,2
753,normal,-1,0.0,,,-1,-1,access_1,access,0.22879,0.27038,0.0,0.77121,0.72962,0.31149,2
753,node_overload,233,0.58249,edge_0,edge_0-edge_1,3,2,edge_0,edge,0.66453,0.61276,40.06316,0.33547,0.38724,0.92632,4
753,normal,-1,0.0,,,-1,-1,edge_1,edge,0.39539,0.44691,0.0,0.60461,0.55309,0.70606,3
753,normal,-1,0.0,,,-1,-1,edge_2,edge,0.41257,0.48036,0.0,0.58743,0.51964,0.70606,4
753,link_congestion,254,0.56948,edge_3,edge_2-edge_3,3,2,edge_3,edge,0.48214,0.4948,6.0927,0.51786,0.5052,0.93325,3
753,link_congestion,251,0.49229,edge_4,edge_4-edge_0,4,3,edge_4,edge,0.48855,0.50579,5.59275,0.51145,0.49421,0.85002,3
753,normal,-1,0.0,,,-1,-1,cloud_0,cloud,0.39133,0.46137,0.0,0.60867,0.53863,0.54936,3
754,normal,-1,0.0,,,-1,-1,access_0,access,0.24543,0.26755,0.0,0.75457,0.73245,0.30814,2
754,normal,-1,0.0,,,-1,-1,access_1,access,0.22244,0.25227,0.0,0.77756,0.74773,0.30814,2
754,node_overload,233,0.58249,edge_0,edge_0-edge_1,3,2,edge_0,edge,0.64251,0.59922,41.75954,0.35749,0.40078,0.91238,4
754,normal,-1,0.0,,,-1,-1,edge_1,edge,0.37213,0.46103,0.0,0.62787,0.53897,0.69664,3
754,normal,-1,0.0,,,-1,-1,edge_2,edge,0.41867,0.47654,0.0,0.58133,0.52346,0.69664,4
754,link_congestion,254,0.56948,edge_3,edge_2-edge_3,3,2,edge_3,edge,0.49602,0.5012,5.76145,0.50398,0.4988,0.91282,3
754,link_congestion,251,0.49229,edge_4,edge_4-edge_0,4,3,edge_4,edge,0.44367,0.50552,1.98274,0.55633,0.49448,0.82335,3
754,normal,-1,0.0,,,-1,-1,cloud_0,cloud,0.39266,0.48473,0.0,0.60734,0.51527,0.54517,3
755,normal,-1,0.0,,,-1,-1,access_0,access,0.23558,0.25715,0.0,0.76442,0.74285,0.30436,2
755,normal,-1,0.0,,,-1,-1,access_1,access,0.21943,0.25029,0.0,0.78057,0.74971,0.30436,2
755,node_overload,233,0.58249,edge_0,edge_0-edge_1,3,2,edge_0,edge,0.60366,0.57706,37.88884,0.39634,0.42294,0.89482,4
755,normal,-1,0.0,,,-1,-1,edge_1,edge,0.40297,0.48243,0.0,0.59703,0.51757,0.68601,3
755,normal,-1,0.0,,,-1,-1,edge_2,edge,0.42343,0.49159,0.0,0.57657,0.50841,0.68601,4
755,link_congestion,254,0.56948,edge_3,edge_2-edge_3,3,2,edge_3,edge,0.52153,0.53506,7.95251,0.47847,0.46494,0.87976,3
755,link_congestion,251,0.49229,edge_4,edge_4-edge_0,4,3,edge_4,edge,0.44825,0.49407,4.69092,0.55175,0.50593,0.81019,3
755,normal,-1,0.0,,,-1,-1,cloud_0,cloud,0.39256,0.4688,0.0,0.60744,0.5312,0.54045,3
756,normal,-1,0.0,,,-1,-1,access_0,access,0.2126,0.25056,0.0,0.7874,0.74944,0.30044,2
756,normal,-1,0.0,,,-1,-1,access_1,access,0.21,0.24785,0.0,0.79,0.75215,0.30044,2
756,node_overload,233,0.58249,edge_0,edge_0-edge_1,3,2,edge_0,edge,0.63365,0.57132,37.98563,0.36635,0.42868,0.87535,4
756,normal,-1,0.0,,,-1,-1,edge_1,edge,0.36998,0.43886,0.0,0.63002,0.56114,0.67499,3
756,normal,-1,0.0,,,-1,-1,edge_2,edge,0.43586,0.47897,0.0,0.56414,0.52103,0.67499,4
756,link_congestion,254,0.56948,edge_3,edge_2-edge_3,3,2,edge_3,edge,0.47496,0.5408,4.98788,0.52504,0.4592,0.84669,3
756,link_congestion,251,0.49229,edge_4,edge_4-edge_0,4,3,edge_4,edge,0.49801,0.55338,5.46364,0.50199,0.44662,0.8147,3
756,normal,-1,0.0,,,-1,-1,cloud_0,cloud,0.37604,0.47512,0.0,0.62396,0.52488,0.53555,3
757,normal,-1,0.0,,,-1,-1,access_0,access,0.21438,0.25292,0.0,0.78562,0.74708,0.29666,2
757,normal,-1,0.0,,,-1,-1,access_1,access,0.22087,0.25711,0.0,0.77913,0.74289,0.29666,2
757,node_overload,233,0.58249,edge_0,edge_0-edge_1,3,2,edge_0,edge,0.63141,0.5971,38.47429,0.36859,0.4029,0.85588,4
757,normal,-1,0.0,,,-1,-1,edge_1,edge,0.3939,0.44353,0.0,0.6061,0.55647,0.66436,3
757,normal,-1,0.0,,,-1,-1,edge_2,edge,0.38279,0.4698,0.0,0.61721,0.5302,0.66436,4
757,link_congestion,254,0.56948,edge_3,edge_2-edge_3,3,2,edge_3,edge,0.47042,0.51426,5.22537,0.52958,0.48574,0.82626,3
757,link_congestion,251,0.49229,edge_4,edge_4-edge_0,4,3,edge_4,edge,0.48084,0.51623,5.37758,0.51916,0.48377,0.83545,3
757,normal,-1,0.0,,,-1,-1,cloud_0,cloud,0.39185,0.47506,0.0,0.60815,0.52494,0.53083,3
758,normal,-1,0.0,,,-1,-1,access_0,access,0.2144,0.25627,0.0,0.7856,0.74373,0.29331,2
758,normal,-1,0.0,,,-1,-1,access_1,access,0.20552,0.24074,0.0,0.79448,0.75926,0.29331,2
758,node_overload,233,0.58249,edge_0,edge_0-edge_1,3,2,edge_0,edge,0.62291,0.57714,38.89032,0.37709,0.42286,0.83832,4
758,normal,-1,0.0,,,-1,-1,edge_1,edge,0.38591,0.44205,0.0,0.61409,0.55795,0.65494,3
758,normal,-1,0.0,,,-1,-1,edge_2,edge,0.41117,0.46187,0.0,0.58883,0.53813,0.65494,4
758,link_congestion,254,0.56948,edge_3,edge_2-edge_3,3,2,edge_3,edge,0.45291,0.48492,5.36435,0.54709,0.51508,0.82626,3
758,link_congestion,251,0.49229,edge_4,edge_4-edge_0,4,3,edge_4,edge,0.51055,0.5228,6.44966,0.48945,0.4772,0.86586,3
758,normal,-1,0.0,,,-1,-1,cloud_0,cloud,0.37238,0.47117,0.0,0.62762,0.52883,0.52664,3
759,normal,-1,0.0,,,-1,-1,access_0,access,0.21963,0.25316,0.0,0.78037,0.74684,0.29064,2
759,normal,-1,0.0,,,-1,-1,access_1,access,0.22438,0.24852,0.0,0.77562,0.75148,0.29064,2
759,node_overload,233,0.58249,edge_0,edge_0-edge_1,3,2,edge_0,edge,0.60688,0.58268,38.04076,0.39312,0.41732,0.82438,4
759,normal,-1,0.0,,,-1,-1,edge_1,edge,0.36591,0.43568,0.0,0.63409,0.56432,0.64741,3
759,link_congestion,257,0.47689,edge_2,edge_2-edge_3,2,1,edge_2,edge,0.52811,0.53164,6.99611,0.47189,0.46836,0.86309,4
759,link_congestion,254,0.56948,edge_3,edge_2-edge_3,3,2,edge_3,edge,0.44705,0.50505,3.81025,0.55295,0.49495,0.84669,3
759,normal,-1,0.0,,,-1,-1,edge_4,edge,0.35742,0.44934,0.0,0.64258,0.55066,0.64741,3
759,normal,-1,0.0,,,-1,-1,cloud_0,cloud,0.37986,0.46673,0.0,0.62014,0.53327,0.52329,3
760,normal,-1,0.0,,,-1,-1,access_0,access,0.19957,0.25232,0.0,0.80043,0.74768,0.28883,2
760,normal,-1,0.0,,,-1,-1,access_1,access,0.22495,0.25237,0.0,0.77505,0.74763,0.28883,2
760,node_overload,233,0.58249,edge_0,edge_0-edge_1,3,2,edge_0,edge,0.64734,0.59924,40.01398,0.35266,0.40076,0.81543,4
760,normal,-1,0.0,,,-1,-1,edge_1,edge,0.37832,0.45423,0.0,0.62168,0.54577,0.64234,3
760,link_congestion,257,0.47689,edge_2,edge_2-edge_3,2,1,edge_2,edge,0.51999,0.52669,7.2179,0.48001,0.47331,0.89615,4
760,link_congestion,254,0.56948,edge_3,edge_2-edge_3,3,2,edge_3,edge,0.46822,0.51349,5.90909,0.53178,0.48651,0.87976,3
760,normal,-1,0.0,,,-1,-1,edge_4,edge,0.35916,0.4652,0.0,0.64084,0.5348,0.64234,3
760,normal,-1,0.0,,,-1,-1,cloud_0,cloud,0.3794,0.47295,0.0,0.6206,0.52705,0.52104,3
761,normal,-1,0.0,,,-1,-1,access_0,access,0.22998,0.23851,0.0,0.77002,0.76149,0.28803,2
761,normal,-1,0.0,,,-1,-1,access_1,access,0.21427,0.25193,0.0,0.78573,0.74807,0.28803,2
761,node_overload,233,0.58249,edge_0,edge_0-edge_1,3,2,edge_0,edge,0.62699,0.5975,39.29383,0.37301,0.4025,0.81235,4
761,normal,-1,0.0,,,-1,-1,edge_1,edge,0.38485,0.46275,0.0,0.61515,0.53725,0.64009,3
761,link_congestion,257,0.47689,edge_2,edge_2-edge_3,2,1,edge_2,edge,0.51319,0.53384,7.08162,0.48681,0.46616,0.91659,4
761,normal,-1,0.0,,,-1,-1,edge_3,edge,0.3445,0.45264,0.0,0.6555,0.54736,0.64009,3
761,normal,-1,0.0,,,-1,-1,edge_4,edge,0.35291,0.45906,0.0,0.64709,0.54094,0.64009,3
761,normal,-1,0.0,,,-1,-1,cloud_0,cloud,0.38393,0.46323,0.0,0.61607,0.53677,0.52004,3
762,normal,-1,0.0,,,-1,-1,access_0,access,0.20491,0.25695,0.0,0.79509,0.74305,0.2883,2
762,normal,-1,0.0,,,-1,-1,access_1,access,0.23921,0.24901,0.0,0.76079,0.75099,0.2883,2
762,node_overload,233,0.58249,edge_0,edge_0-edge_1,3,2,edge_0,edge,0.62358,0.58351,37.88605,0.37642,0.41649,0.81543,4
762,normal,-1,0.0,,,-1,-1,edge_1,edge,0.3884,0.47153,0.0,0.6116,0.52847,0.64085,3
762,mixed,287,0.52647,edge_2,edge_2-edge_3,2,1,edge_2,edge,0.5576,0.52445,14.38537,0.4424,0.47555,1.02122,4
762,normal,-1,0.0,,,-1,-1,edge_3,edge,0.34449,0.4302,0.0,0.65551,0.5698,0.64085,3
762,normal,-1,0.0,,,-1,-1,edge_4,edge,0.36505,0.47086,0.0,0.63495,0.52914,0.64085,3
762,normal,-1,0.0,,,-1,-1,cloud_0,cloud,0.36874,0.46053,0.0,0.63126,0.53947,0.52038,3
763,normal,-1,0.0,,,-1,-1,access_0,access,0.21361,0.23158,0.0,0.78639,0.76842,0.28961,2
763,normal,-1,0.0,,,-1,-1,access_1,access,0.20961,0.25191,0.0,0.79039,0.74809,0.28961,2
763,node_overload,233,0.58249,edge_0,edge_0-edge_1,3,2,edge_0,edge,0.56863,0.55329,34.3602,0.43137,0.44671,0.82438,4
763,normal,-1,0.0,,,-1,-1,edge_1,edge,0.37507,0.46493,0.0,0.62493,0.53507,0.64454,3
763,mixed,287,0.52647,edge_2,edge_2-edge_3,2,1,edge_2,edge,0.62998,0.5706,18.88755,0.37002,0.4294,1.13663,4
763,normal,-1,0.0,,,-1,-1,edge_3,edge,0.36052,0.44979,0.0,0.63948,0.55021,0.64454,3
763,normal,-1,0.0,,,-1,-1,edge_4,edge,0.37695,0.45369,0.0,0.62305,0.54631,0.64454,3
763,normal,-1,0.0,,,-1,-1,cloud_0,cloud,0.35889,0.46951,0.0,0.64111,0.53049,0.52202,3
764,normal,-1,0.0,,,-1,-1,access_0,access,0.20465,0.25976,0.0,0.79535,0.74024,0.29188,2
764,normal,-1,0.0,,,-1,-1,access_1,access,0.21485,0.22633,0.0,0.78515,0.77367,0.29188,2
764,node_overload,233,0.58249,edge_0,edge_0-edge_1,3,2,edge_0,edge,0.56179,0.55288,33.95969,0.43821,0.44712,0.83832,4
764,normal,-1,0.0,,,-1,-1,edge_1,edge,0.37914,0.46946,0.0,0.62086,0.53054,0.6509,3
764,mixed,287,0.52647,edge_2,edge_2-edge_3,2,1,edge_2,edge,0.66248,0.56681,24.29094,0.33752,0.43319,1.26665,4
764,normal,-1,0.0,,,-1,-1,edge_3,edge,0.32831,0.41747,0.0,0.67169,0.58253,0.6509,3
764,normal,-1,0.0,,,-1,-1,edge_4,edge,0.35193,0.45401,0.0,0.64807,0.54599,0.6509,3
764,normal,-1,0.0,,,-1,-1,cloud_0,cloud,0.39117,0.46355,0.0,0.60883,0.53645,0.52484,3
765,normal,-1,0.0,,,-1,-1,access_0,access,0.2166,0.24277,0.0,0.7834,0.75723,0.29492,2
765,normal,-1,0.0,,,-1,-1,access_1,access,0.21243,0.2358,0.0,0.78757,0.7642,0.29492,2
765,node_overload,233,0.58249,edge_0,edge_0-edge_1,3,2,edge_0,edge,0.53511,0.52884,31.01997,0.46489,0.47116,0.85588,4
765,normal,-1,0.0,,,-1,-1,edge_1,edge,0.38383,0.48115,0.0,0.61617,0.51885,0.65946,3
765,mixed,287,0.52647,edge_2,edge_2-edge_3,2,1,edge_2,edge,0.72095,0.59639,27.35862,0.27905,0.40361,1.37447,4
765,normal,-1,0.0,,,-1,-1,edge_3,edge,0.35224,0.43295,0.0,0.64776,0.56705,0.65946,3
765,normal,-1,0.0,,,-1,-1,edge_4,edge,0.37544,0.46543,0.0,0.62456,0.53457,0.65946,3
765,normal,-1,0.0,,,-1,-1,cloud_0,cloud,0.39038,0.47489,0.0,0.60962,0.52511,0.52865,3
766,normal,-1,0.0,,,-1,-1,access_0,access,0.2276,0.26302,0.0,0.7724,0.73698,0.29851,2
766,normal,-1,0.0,,,-1,-1,access_1,access,0.21632,0.2414,0.0,0.78368,0.7586,0.29851,2
766,node_overload,233,0.58249,edge_0,edge_0-edge_1,3,2,edge_0,edge,0.54865,0.5531,30.66799,0.45135,0.4469,0.87535,4
766,normal,-1,0.0,,,-1,-1,edge_1,edge,0.37845,0.45177,0.0,0.62155,0.54823,0.66957,3
766,mixed,287,0.52647,edge_2,edge_2-edge_3,2,1,edge_2,edge,0.7061,0.60576,27.48649,0.2939,0.39424,1.41864,4
766,normal,-1,0.0,,,-1,-1,edge_3,edge,0.33377,0.42703,0.0,0.66623,0.57297,0.66957,3
766,normal,-1,0.0,,,-1,-1,edge_4,edge,0.38396,0.4517,0.0,0.61604,0.5483,0.66957,3
766,normal,-1,0.0,,,-1,-1,cloud_0,cloud,0.38769,0.45287,0.0,0.61231,0.54713,0.53314,3
767,normal,-1,0.0,,,-1,-1,access_0,access,0.23062,0.24384,0.0,0.76938,0.75616,0.3024,2
767,normal,-1,0.0,,,-1,-1,access_1,access,0.21121,0.25367,0.0,0.78879,0.74633,0.3024,2
767,mixed,292,0.55959,edge_0,edge_0-edge_1,3,2,edge_0,edge,0.63847,0.59743,22.73517,0.36153,0.40257,1.32512,4
767,burst,220,0.37404,edge_1,access_0-edge_1,1,0,edge_1,edge,0.43258,0.48666,0.06186,0.56742,0.51334,0.84984,3
767,mixed,287,0.52647,edge_2,edge_2-edge_3,2,1,edge_2,edge,0.70695,0.58632,25.65985,0.29305,0.41368,1.37826,4
767,normal,-1,0.0,,,-1,-1,edge_3,edge,0.36096,0.45239,0.0,0.63904,0.54761,0.6805,3
767,mixed,279,0.64707,edge_4,edge_3-edge_4,2,1,edge_4,edge,0.60168,0.56363,20.77351,0.39832,0.43637,1.04293,3
767,normal,-1,0.0,,,-1,-1,cloud_0,cloud,0.38169,0.4594,0.0,0.61831,0.5406,0.538,3
768,normal,-1,0.0,,,-1,-1,access_0,access,0.22327,0.25915,0.0,0.77673,0.74085,0.3024,2
768,normal,-1,0.0,,,-1,-1,access_1,access,0.21961,0.24668,0.0,0.78039,0.75332,0.3024,2
768,mixed,292,0.55959,edge_0,edge_0-edge_1,3,2,edge_0,edge,0.6694,0.62757,25.96117,0.3306,0.37243,1.3988,4
768,burst,220,0.37404,edge_1,access_0-edge_1,1,0,edge_1,edge,0.45464,0.48746,3.27806,0.54536,0.51254,0.88874,3
768,mixed,287,0.52647,edge_2,edge_2-edge_3,2,1,edge_2,edge,0.68448,0.64074,24.63963,0.31552,0.35926,1.30808,4
768,normal,-1,0.0,,,-1,-1,edge_3,edge,0.33768,0.45078,0.0,0.66232,0.54922,0.6805,3
768,mixed,279,0.64707,edge_4,edge_3-edge_4,2,1,edge_4,edge,0.66479,0.63808,26.48748,0.33521,0.36192,1.14928,3
768,normal,-1,0.0,,,-1,-1,cloud_0,cloud,0.39451,0.46596,0.0,0.60549,0.53404,0.538,3
769,normal,-1,0.0,,,-1,-1,access_0,access,0.21247,0.24755,0.0,0.78753,0.75245,0.30629,2
769,normal,-1,0.0,,,-1,-1,access_1,access,0.21973,0.27544,0.0,0.78027,0.72456,0.30629,2
769,mixed,292,0.55959,edge_0,edge_0-edge_1,3,2,edge_0,edge,0.67791,0.60747,27.51666,0.32209,0.39253,1.42458,4
769,burst,220,0.37404,edge_1,access_0-edge_1,1,0,edge_1,edge,0.47923,0.51204,3.51833,0.52077,0.48796,0.94854,3
769,mixed,287,0.52647,edge_2,edge_2-edge_3,2,1,edge_2,edge,0.74651,0.64129,29.66479,0.25349,0.35871,1.34395,4
769,mixed,282,0.44703,edge_3,access_1-edge_3,1,0,edge_3,edge,0.46179,0.5139,9.28273,0.53821,0.4861,1.00692,3
769,mixed,279,0.64707,edge_4,edge_3-edge_4,2,1,edge_4,edge,0.66133,0.58361,24.58543,0.33867,0.41639,1.27013,3
769,normal,-1,0.0,,,-1,-1,cloud_0,cloud,0.38148,0.47401,0.0,0.61852,0.52599,0.54286,3
770,normal,-1,0.0,,,-1,-1,access_0,access,0.23117,0.25382,0.0,0.76883,0.74618,0.30988,2
770,normal,-1,0.0,,,-1,-1,access_1,access,0.2241,0.25364,0.0,0.7759,0.74636,0.30988,2
770,mixed,292,0.55959,edge_0,edge_0-edge_1,3,2,edge_0,edge,0.618,0.57465,23.29705,0.382,0.42535,1.39372,4
770,burst,220,0.37404,edge_1,access_0-edge_1,1,0,edge_1,edge,0.52463,0.53862,5.59833,0.47537,0.46138,1.03752,3
770,mixed,287,0.52647,edge_2,edge_2-edge_3,2,1,edge_2,edge,0.6908,0.61733,25.98863,0.3092,0.38267,1.32273,4
770,mixed,282,0.44703,edge_3,access_1-edge_3,1,0,edge_3,edge,0.54871,0.59059,15.07169,0.45129,0.40941,1.18014,3
770,mixed,279,0.64707,edge_4,edge_3-edge_4,2,1,edge_4,edge,0.7305,0.65841,30.89747,0.2695,0.34159,1.37716,3
770,normal,-1,0.0,,,-1,-1,cloud_0,cloud,0.40748,0.45761,0.0,0.59252,0.54239,0.54735,3
771,normal,-1,0.0,,,-1,-1,access_0,access,0.22151,0.26566,0.0,0.77849,0.73434,0.31292,2
771,normal,-1,0.0,,,-1,-1,access_1,access,0.23515,0.23842,0.0,0.76485,0.76158,0.31292,2
771,mixed,292,0.55959,edge_0,edge_0-edge_1,3,2,edge_0,edge,0.63136,0.58427,24.9767,0.36864,0.41573,1.31395,4
771,burst,220,0.37404,edge_1,access_0-edge_1,1,0,edge_1,edge,0.49855,0.51855,4.11358,0.50145,0.48145,1.15485,3
771,mixed,287,0.52647,edge_2,edge_2-edge_3,2,1,edge_2,edge,0.65675,0.59271,24.281,0.34325,0.40729,1.24878,4
771,mixed,282,0.44703,edge_3,access_1-edge_3,1,0,edge_3,edge,0.60439,0.57407,18.11282,0.39561,0.42593,1.35066,3
771,mixed,279,0.64707,edge_4,edge_3-edge_4,2,1,edge_4,edge,0.75515,0.61219,32.90558,0.24485,0.38781,1.43607,3
771,normal,-1,0.0,,,-1,-1,cloud_0,cloud,0.38592,0.46453,0.0,0.61408,0.53547,0.55116,3
772,normal,-1,0.0,,,-1,-1,access_0,access,0.23555,0.27489,0.0,0.76445,0.72511,0.31519,2
772,normal,-1,0.0,,,-1,-1,access_1,access,0.21448,0.23847,0.0,0.78552,0.76153,0.31519,2
772,mixed,292,0.55959,edge_0,edge_0-edge_1,3,2,edge_0,edge,0.68677,0.62153,26.15633,0.31323,0.37847,1.33838,4
772,burst,220,0.37404,edge_1,access_0-edge_1,1,0,edge_1,edge,0.55706,0.54862,8.6271,0.44294,0.45138,1.28042,3
772,mixed,287,0.52647,edge_2,edge_2-edge_3,2,1,edge_2,edge,0.68015,0.60915,25.78198,0.31985,0.39085,1.26828,4
772,mixed,282,0.44703,edge_3,access_1-edge_3,1,0,edge_3,edge,0.6312,0.59922,20.1964,0.3688,0.40078,1.40029,3
772,mixed,279,0.64707,edge_4,edge_3-edge_4,2,1,edge_4,edge,0.76083,0.65531,32.98943,0.23917,0.34469,1.42392,3
772,normal,-1,0.0,,,-1,-1,cloud_0,cloud,0.39253,0.47211,0.0,0.60747,0.52789,0.55398,3
773,normal,-1,0.0,,,-1,-1,access_0,access,0.23723,0.25351,0.0,0.76277,0.74649,0.3165,2
773,normal,-1,0.0,,,-1,-1,access_1,access,0.21202,0.25188,0.0,0.78798,0.74812,0.3165,2
773,mixed,292,0.55959,edge_0,edge_0-edge_1,3,2,edge_0,edge,0.74167,0.60098,30.007,0.25833,0.39902,1.34973,4
773,burst,220,0.37404,edge_1,access_0-edge_1,1,0,edge_1,edge,0.56665,0.54839,9.35362,0.43335,0.45161,1.37544,3
773,mixed,287,0.52647,edge_2,edge_2-edge_3,2,1,edge_2,edge,0.69528,0.62704,26.04429,0.30472,0.37296,1.32038,4
773,mixed,282,0.44703,edge_3,access_1-edge_3,1,0,edge_3,edge,0.64078,0.55474,19.25435,0.35922,0.44526,1.28264,3
773,mixed,279,0.64707,edge_4,edge_3-edge_4,2,1,edge_4,edge,0.68924,0.62807,27.77339,0.31076,0.37193,1.34339,3
773,normal,-1,0.0,,,-1,-1,cloud_0,cloud,0.38115,0.47662,0.0,0.61885,0.52338,0.55562,3
774,normal,-1,0.0,,,-1,-1,access_0,access,0.22995,0.25466,0.0,0.77005,0.74534,0.31677,2
774,normal,-1,0.0,,,-1,-1,access_1,access,0.24012,0.2511,0.0,0.75988,0.7489,0.31677,2
774,mixed,292,0.55959,edge_0,edge_0-edge_1,3,2,edge_0,edge,0.64651,0.5804,25.36458,0.35349,0.4196,1.32195,4
774,burst,220,0.37404,edge_1,access_0-edge_1,1,0,edge_1,edge,0.5906,0.55047,11.4707,0.4094,0.44953,1.40033,3
774,mixed,287,0.52647,edge_2,edge_2-edge_3,2,1,edge_2,edge,0.65459,0.61222,22.24269,0.34541,0.38778,1.28285,4
774,mixed,282,0.44703,edge_3,access_1-edge_3,1,0,edge_3,edge,0.6217,0.57508,18.3721,0.3783,0.42492,1.33013,3
774,mixed,279,0.64707,edge_4,edge_3-edge_4,2,1,edge_4,edge,0.68732,0.60664,30.54203,0.31268,0.39336,1.35412,3
774,normal,-1,0.0,,,-1,-1,cloud_0,cloud,0.39339,0.47103,0.0,0.60661,0.52897,0.55596,3
775,normal,-1,0.0,,,-1,-1,access_0,access,0.24487,0.26943,0.0,0.75513,0.73057,0.31597,2
775,normal,-1,0.0,,,-1,-1,access_1,access,0.23403,0.25358,0.0,0.76597,0.74642,0.31597,2
775,mixed,292,0.55959,edge_0,edge_0-edge_1,3,2,edge_0,edge,0.63573,0.55958,24.2981,0.36427,0.44042,1.26048,4
775,burst,220,0.37404,edge_1,access_0-edge_1,1,0,edge_1,edge,0.57087,0.5654,9.18303,0.42913,0.4346,1.34029,3
775,mixed,287,0.52647,edge_2,edge_2-edge_3,2,1,edge_2,edge,0.64975,0.58744,23.08033,0.35025,0.41256,1.1867,4
775,mixed,282,0.44703,edge_3,access_1-edge_3,1,0,edge_3,edge,0.62407,0.56146,20.28029,0.37593,0.43854,1.26367,3
775,mixed,279,0.64707,edge_4,edge_3-edge_4,2,1,edge_4,edge,0.76339,0.65174,32.67118,0.23661,0.34826,1.3639,3
775,normal,-1,0.0,,,-1,-1,cloud_0,cloud,0.3895,0.49505,0.0,0.6105,0.50495,0.55496,3
776,normal,-1,0.0,,,-1,-1,access_0,access,0.22112,0.26401,0.0,0.77888,0.73599,0.31416,2
776,normal,-1,0.0,,,-1,-1,access_1,access,0.22197,0.26279,0.0,0.77803,0.73721,0.31416,2
776,mixed,292,0.55959,edge_0,edge_0-edge_1,3,2,edge_0,edge,0.64324,0.59233,24.64456,0.35676,0.40767,1.24942,4
776,burst,220,0.37404,edge_1,access_0-edge_1,1,0,edge_1,edge,0.55501,0.53367,9.04358,0.44499,0.46633,1.21709,3
776,mixed,298,0.51764,edge_2,access_1-edge_2,1,0,edge_2,edge,0.63001,0.59255,21.56661,0.36999,0.40745,1.15179,4
776,mixed,282,0.44703,edge_3,access_1-edge_3,1,0,edge_3,edge,0.60876,0.58966,20.08015,0.39124,0.41034,1.26379,3
776,mixed,279,0.64707,edge_4,edge_3-edge_4,2,1,edge_4,edge,0.71311,0.6011,31.37401,0.28689,0.3989,1.32306,3
776,normal,-1,0.0,,,-1,-1,cloud_0,cloud,0.38885,0.48159,0.0,0.61115,0.51841,0.55271,3
777,normal,-1,0.0,,,-1,-1,access_0,access,0.2304,0.24893,0.0,0.7696,0.75107,0.31149,2
777,normal,-1,0.0,,,-1,-1,access_1,access,0.2392,0.25325,0.0,0.7608,0.74675,0.31149,2
777,mixed,292,0.55959,edge_0,edge_0-edge_1,3,2,edge_0,edge,0.65749,0.56972,24.11782,0.34251,0.43028,1.31425,4
777,burst,220,0.37404,edge_1,access_0-edge_1,1,0,edge_1,edge,0.53631,0.51889,7.46589,0.46369,0.48111,1.07588,3
777,mixed,298,0.51764,edge_2,access_1-edge_2,1,0,edge_2,edge,0.65404,0.57426,22.7613,0.34596,0.42574,1.22585,4
777,mixed,282,0.44703,edge_3,access_1-edge_3,1,0,edge_3,edge,0.65156,0.58835,23.3739,0.34844,0.41165,1.29555,3
777,mixed,279,0.64707,edge_4,edge_3-edge_4,2,1,edge_4,edge,0.67059,0.61302,27.58784,0.32941,0.38698,1.24307,3
777,normal,-1,0.0,,,-1,-1,cloud_0,cloud,0.39305,0.47939,0.0,0.60695,0.52061,0.54936,3
778,normal,-1,0.0,,,-1,-1,access_0,access,0.2181,0.24997,0.0,0.7819,0.75003,0.30814,2
778,normal,-1,0.0,,,-1,-1,access_1,access,0.22678,0.23444,0.0,0.77322,0.76556,0.30814,2
778,mixed,292,0.55959,edge_0,edge_0-edge_1,3,2,edge_0,edge,0.68746,0.62075,27.5015,0.31254,0.37925,1.32231,4
778,burst,220,0.37404,edge_1,access_0-edge_1,1,0,edge_1,edge,0.51392,0.54985,4.20751,0.48608,0.45015,0.95856,3
778,mixed,298,0.51764,edge_2,access_1-edge_2,1,0,edge_2,edge,0.68626,0.60605,24.78737,0.31374,0.39395,1.29711,4
778,mixed,282,0.44703,edge_3,access_1-edge_3,1,0,edge_3,edge,0.55301,0.54333,15.11682,0.44699,0.45667,1.1724,3
778,mixed,279,0.64707,edge_4,edge_3-edge_4,2,1,edge_4,edge,0.73708,0.63619,32.00639,0.26292,0.36381,1.30813,3
778,normal,-1,0.0,,,-1,-1,cloud_0,cloud,0.3882,0.46609,0.0,0.6118,0.53391,0.54517,3
779,normal,-1,0.0,,,-1,-1,access_0,access,0.23107,0.25244,0.0,0.76893,0.74756,0.30436,2
779,normal,-1,0.0,,,-1,-1,access_1,access,0.21679,0.25701,0.0,0.78321,0.74299,0.30436,2
779,mixed,292,0.55959,edge_0,edge_0-edge_1,3,2,edge_0,edge,0.67334,0.58151,26.06458,0.32666,0.41849,1.27353,4
779,burst,220,0.37404,edge_1,access_0-edge_1,1,0,edge_1,edge,0.46267,0.46733,3.47004,0.53733,0.53267,0.88521,3
779,mixed,298,0.51764,edge_2,access_1-edge_2,1,0,edge_2,edge,0.70121,0.61548,26.64897,0.29879,0.38452,1.35766,4
779,normal,-1,0.0,,,-1,-1,edge_3,edge,0.3533,0.45018,0.0,0.6467,0.54982,0.68601,3
779,mixed,279,0.64707,edge_4,edge_3-edge_4,2,1,edge_4,edge,0.74054,0.64713,31.77861,0.25946,0.35287,1.34211,3
779,normal,-1,0.0,,,-1,-1,cloud_0,cloud,0.38856,0.48696,0.0,0.61144,0.51304,0.54045,3
780,normal,-1,0.0,,,-1,-1,access_0,access,0.20275,0.24691,0.0,0.79725,0.75309,0.30044,2
780,normal,-1,0.0,,,-1,-1,access_1,access,0.2159,0.23916,0.0,0.7841,0.76084,0.30044,2
780,mixed,292,0.55959,edge_0,edge_0-edge_1,3,2,edge_0,edge,0.58998,0.56569,21.5372,0.41002,0.43431,1.19266,4
780,burst,220,0.37404,edge_1,access_0-edge_1,1,0,edge_1,edge,0.44937,0.47278,2.39347,0.55063,0.52722,0.85359,3
780,mixed,298,0.51764,edge_2,access_1-edge_2,1,0,edge_2,edge,0.70299,0.60605,26.61568,0.29701,0.39395,1.39962,4
780,node_overload,239,0.40399,edge_3,access_1-edge_3,1,0,edge_3,edge,0.43266,0.46907,15.9367,0.56734,0.53093,0.84322,3
780,mixed,279,0.64707,edge_4,edge_3-edge_4,2,1,edge_4,edge,0.6776,0.57715,29.21154,0.3224,0.42285,1.29897,3
780,normal,-1,0.0,,,-1,-1,cloud_0,cloud,0.37368,0.46324,0.0,0.62632,0.53676,0.53555,3
781,normal,-1,0.0,,,-1,-1,access_0,access,0.22351,0.24941,0.0,0.77649,0.75059,0.29666,2
781,normal,-1,0.0,,,-1,-1,access_1,access,0.21791,0.24083,0.0,0.78209,0.75917,0.29666,2
781,node_overload,237,0.5281,edge_0,edge_0-edge_1,3,2,edge_0,edge,0.52236,0.50142,26.62577,0.47764,0.49858,0.88413,4
781,burst,220,0.37404,edge_1,access_0-edge_1,1,0,edge_1,edge,0.46747,0.49991,4.04129,0.53253,0.50009,0.84984,3
781,mixed,298,0.51764,edge_2,access_1-edge_2,1,0,edge_2,edge,0.73559,0.65842,28.35983,0.26441,0.34158,1.41685,4
781,node_overload,239,0.40399,edge_3,access_1-edge_3,1,0,edge_3,edge,0.48503,0.53171,18.17832,0.51497,0.46829,0.8725,3
781,mixed,279,0.64707,edge_4,edge_3-edge_4,2,1,edge_4,edge,0.63483,0.56726,25.03356,0.36517,0.43274,1.20841,3
781,normal,-1,0.0,,,-1,-1,cloud_0,cloud,0.36657,0.47772,0.0,0.63343,0.52228,0.53083,3
782,normal,-1,0.0,,,-1,-1,access_0,access,0.22841,0.24371,0.0,0.77159,0.75629,0.29331,2
782,normal,-1,0.0,,,-1,-1,access_1,access,0.2215,0.25387,0.0,0.7785,0.74613,0.29331,2
782,node_overload,237,0.5281,edge_0,edge_0-edge_1,3,2,edge_0,edge,0.5456,0.50677,28.04758,0.4544,0.49323,0.90105,4
782,normal,-1,0.0,,,-1,-1,edge_1,edge,0.3969,0.46588,0.0,0.6031,0.53412,0.65494,3
782,mixed,298,0.51764,edge_2,access_1-edge_2,1,0,edge_2,edge,0.72109,0.61057,29.24927,0.27891,0.38943,1.40643,4
782,node_overload,235,0.42527,edge_3,access_1-edge_3,1,0,edge_3,edge,0.4959,0.52291,19.84961,0.5041,0.47709,0.84705,3
782,mixed,269,0.48813,edge_4,edge_4-edge_0,4,3,edge_4,edge,0.67392,0.62594,23.50067,0.32608,0.37406,1.35386,3
782,normal,-1,0.0,,,-1,-1,cloud_0,cloud,0.3834,0.45974,0.0,0.6166,0.54026,0.52664,3
783,normal,-1,0.0,,,-1,-1,access_0,access,0.20627,0.25834,0.0,0.79373,0.74166,0.29064,2
783,normal,-1,0.0,,,-1,-1,access_1,access,0.2161,0.24211,0.0,0.7839,0.75789,0.29064,2
783,node_overload,237,0.5281,edge_0,edge_0-edge_1,3,2,edge_0,edge,0.57524,0.53634,31.10678,0.42476,0.46366,0.91481,4
783,normal,-1,0.0,,,-1,-1,edge_1,edge,0.38601,0.48247,0.0,0.61399,0.51753,0.64741,3
783,mixed,298,0.51764,edge_2,access_1-edge_2,1,0,edge_2,edge,0.75377,0.60032,30.05269,0.24623,0.39968,1.3694,4
783,node_overload,235,0.42527,edge_3,access_1-edge_3,1,0,edge_3,edge,0.47776,0.48313,18.54415,0.52224,0.51687,0.87633,3
783,link_congestion,265,0.53894,edge_4,edge_3-edge_4,2,1,edge_4,edge,0.4417,0.49258,1.24392,0.5583,0.50742,0.87426,3
783,normal,-1,0.0,,,-1,-1,cloud_0,cloud,0.38922,0.45809,0.0,0.61078,0.54191,0.52329,3
784,normal,-1,0.0,,,-1,-1,access_0,access,0.2264,0.25054,0.0,0.7736,0.74946,0.28883,2
784,normal,-1,0.0,,,-1,-1,access_1,access,0.20575,0.25142,0.0,0.79425,0.74858,0.28883,2
784,node_overload,237,0.5281,edge_0,edge_0-edge_1,3,2,edge_0,edge,0.60941,0.59178,34.55738,0.39059,0.40822,0.9242,4
784,normal,-1,0.0,,,-1,-1,edge_1,edge,0.37362,0.45285,0.0,0.62638,0.54715,0.64234,3
784,mixed,298,0.51764,edge_2,access_1-edge_2,1,0,edge_2,edge,0.69733,0.61084,24.22682,0.30267,0.38916,1.31063,4
784,node_overload,235,0.42527,edge_3,access_1-edge_3,1,0,edge_3,edge,0.52849,0.5321,23.40297,0.47151,0.4679,0.8989,3
784,link_congestion,265,0.53894,edge_4,edge_3-edge_4,2,1,edge_4,edge,0.49488,0.54275,6.16721,0.50512,0.45725,0.90238,3
784,normal,-1,0.0,,,-1,-1,cloud_0,cloud,0.3634,0.46597,0.0,0.6366,0.53403,0.52104,3
785,normal,-1,0.0,,,-1,-1,access_0,access,0.21438,0.24746,0.0,0.78562,0.75254,0.28803,2
785,normal,-1,0.0,,,-1,-1,access_1,access,0.20669,0.24243,0.0,0.79331,0.75757,0.28803,2
785,node_overload,237,0.5281,edge_0,edge_0-edge_1,3,2,edge_0,edge,0.57448,0.58873,33.05809,0.42552,0.41127,0.92838,4
785,normal,-1,0.0,,,-1,-1,edge_1,edge,0.38369,0.46834,0.0,0.61631,0.53166,0.64009,3
785,mixed,298,0.51764,edge_2,access_1-edge_2,1,0,edge_2,edge,0.69843,0.62834,25.53957,0.30157,0.37166,1.31847,4
785,node_overload,235,0.42527,edge_3,access_1-edge_3,1,0,edge_3,edge,0.55529,0.5406,26.75825,0.44471,0.4594,0.90959,3
785,link_congestion,265,0.53894,edge_4,edge_3-edge_4,2,1,edge_4,edge,0.49926,0.50629,5.94101,0.50074,0.49371,0.92297,3
785,normal,-1,0.0,,,-1,-1,cloud_0,cloud,0.36713,0.4408,0.0,0.63287,0.5592,0.52004,3
786,normal,-1,0.0,,,-1,-1,access_0,access,0.21127,0.23958,0.0,0.78873,0.76042,0.2883,2
786,normal,-1,0.0,,,-1,-1,access_1,access,0.20954,0.25208,0.0,0.79046,0.74792,0.2883,2
786,node_overload,237,0.5281,edge_0,edge_0-edge_1,3,2,edge_0,edge,0.62585,0.59008,36.81879,0.37415,0.40992,0.92698,4
786,normal,-1,0.0,,,-1,-1,edge_1,edge,0.36972,0.45982,0.0,0.63028,0.54018,0.64085,3
786,mixed,298,0.51764,edge_2,access_1-edge_2,1,0,edge_2,edge,0.72809,0.62079,27.52151,0.27191,0.37921,1.33907,4
786,node_overload,235,0.42527,edge_3,access_1-edge_3,1,0,edge_3,edge,0.55703,0.54789,26.98154,0.44297,0.45211,0.90595,3
786,link_congestion,265,0.53894,edge_4,edge_3-edge_4,2,1,edge_4,edge,0.53617,0.53346,7.85841,0.46383,0.46654,0.93051,3
786,normal,-1,0.0,,,-1,-1,cloud_0,cloud,0.39034,0.43878,0.0,0.60966,0.56122,0.52038,3
787,normal,-1,0.0,,,-1,-1,access_0,access,0.21579,0.25477,0.0,0.78421,0.74523,0.28961,2
787,normal,-1,0.0,,,-1,-1,access_1,access,0.22038,0.26552,0.0,0.77962,0.73448,0.28961,2
787,node_overload,237,0.5281,edge_0,edge_0-edge_1,3,2,edge_0,edge,0.6274,0.56593,36.24618,0.3726,0.43407,0.92012,4
787,normal,-1,0.0,,,-1,-1,edge_1,edge,0.36872,0.47051,0.0,0.63128,0.52949,0.64454,3
787,mixed,298,0.51764,edge_2,access_1-edge_2,1,0,edge_2,edge,0.72114,0.61805,27.72835,0.27886,0.38195,1.34179,4
787,node_overload,235,0.42527,edge_3,access_1-edge_3,1,0,edge_3,edge,0.5813,0.58244,29.54374,0.4187,0.41756,0.88882,3
787,link_congestion,265,0.53894,edge_4,edge_3-edge_4,2,1,edge_4,edge,0.50957,0.52587,7.69527,0.49043,0.47413,0.92297,3
787,normal,-1,0.0,,,-1,-1,cloud_0,cloud,0.37154,0.45812,0.0,0.62846,0.54188,0.52202,3
788,normal,-1,0.0,,,-1,-1,access_0,access,0.22799,0.24834,0.0,0.77201,0.75166,0.29188,2
788,normal,-1,0.0,,,-1,-1,access_1,access,0.20634,0.24539,0.0,0.79366,0.75461,0.29188,2
788,node_overload,237,0.5281,edge_0,edge_0-edge_1,3,2,edge_0,edge,0.59512,0.56716,36.00912,0.40488,0.43284,0.90841,4
788,link_congestion,248,0.49752,edge_1,access_0-edge_1,1,0,edge_1,edge,0.45211,0.48578,3.2423,0.54789,0.51422,0.8668,3
788,mixed,298,0.51764,edge_2,access_1-edge_2,1,0,edge_2,edge,0.70993,0.62348,27.21708,0.29007,0.37652,1.32532,4
788,node_overload,235,0.42527,edge_3,access_1-edge_3,1,0,edge_3,edge,0.53996,0.54176,25.90277,0.46004,0.45824,0.86212,3
788,mixed,271,0.60975,edge_4,edge_3-edge_4,2,1,edge_4,edge,0.61041,0.58131,21.13135,0.38959,0.41869,1.03621,3
788,normal,-1,0.0,,,-1,-1,cloud_0,cloud,0.38977,0.44517,0.0,0.61023,0.55483,0.52484,3
789,normal,-1,0.0,,,-1,-1,access_0,access,0.22448,0.24071,0.0,0.77552,0.75929,0.29492,2
789,normal,-1,0.0,,,-1,-1,access_1,access,0.21792,0.23865,0.0,0.78208,0.76135,0.29492,2
789,node_overload,237,0.5281,edge_0,edge_0-edge_1,3,2,edge_0,edge,0.61219,0.56697,35.27651,0.38781,0.43303,0.89289,4
789,link_congestion,248,0.49752,edge_1,access_0-edge_1,1,0,edge_1,edge,0.46768,0.482,4.1678,0.53232,0.518,0.90296,3
789,mixed,298,0.51764,edge_2,access_1-edge_2,1,0,edge_2,edge,0.73138,0.6102,27.45781,0.26862,0.3898,1.2911,4
789,node_overload,235,0.42527,edge_3,access_1-edge_3,1,0,edge_3,edge,0.52558,0.51552,23.45377,0.47442,0.48448,0.83197,3
789,mixed,271,0.60975,edge_4,edge_3-edge_4,2,1,edge_4,edge,0.58907,0.55848,20.56845,0.41093,0.44152,1.09812,3
789,normal,-1,0.0,,,-1,-1,cloud_0,cloud,0.36673,0.45603,0.0,0.63327,0.54397,0.52865,3
790,normal,-1,0.0,,,-1,-1,access_0,access,0.20866,0.25286,0.0,0.79134,0.74714,0.29851,2
790,normal,-1,0.0,,,-1,-1,access_1,access,0.21208,0.24481,0.0,0.78792,0.75519,0.29851,2
790,node_overload,237,0.5281,edge_0,edge_0-edge_1,3,2,edge_0,edge,0.59787,0.59622,33.88779,0.40213,0.40378,0.87495,4
790,link_congestion,248,0.49752,edge_1,access_0-edge_1,1,0,edge_1,edge,0.47649,0.50328,5.20959,0.52351,0.49672,0.9222,3
790,mixed,298,0.51764,edge_2,access_1-edge_2,1,0,edge_2,edge,0.6997,0.61123,25.69908,0.3003,0.38877,1.24314,4
790,node_overload,235,0.42527,edge_3,access_1-edge_3,1,0,edge_3,edge,0.51292,0.51891,25.44271,0.48708,0.48109,0.80527,3
790,mixed,271,0.60975,edge_4,edge_3-edge_4,2,1,edge_4,edge,0.62998,0.59501,22.95395,0.37002,0.40499,1.16837,3
790,normal,-1,0.0,,,-1,-1,cloud_0,cloud,0.39007,0.45915,0.0,0.60993,0.54085,0.53314,3
791,normal,-1,0.0,,,-1,-1,access_0,access,0.2502,0.24897,0.0,0.7498,0.75103,0.3024,2
791,normal,-1,0.0,,,-1,-1,access_1,access,0.22682,0.27869,0.0,0.77318,0.72131,0.3024,2
791,node_overload,237,0.5281,edge_0,edge_0-edge_1,3,2,edge_0,edge,0.55954,0.5536,31.68471,0.44046,0.4464,0.85617,4
791,link_congestion,248,0.49752,edge_1,access_0-edge_1,1,0,edge_1,edge,0.51452,0.56871,7.11531,0.48548,0.43129,0.91552,3
791,mixed,298,0.51764,edge_2,access_1-edge_2,1,0,edge_2,edge,0.67843,0.59772,24.67612,0.32157,0.40228,1.22645,4
791,node_overload,235,0.42527,edge_3,access_1-edge_3,1,0,edge_3,edge,0.55134,0.53802,27.34916,0.44866,0.46198,0.78814,3
791,mixed,271,0.60975,edge_4,edge_3-edge_4,2,1,edge_4,edge,0.61124,0.5918,21.37121,0.38876,0.4082,1.24243,3
791,normal,-1,0.0,,,-1,-1,cloud_0,cloud,0.38766,0.46743,0.0,0.61234,0.53257,0.538,3
792,normal,-1,0.0,,,-1,-1,access_0,access,0.22638,0.25406,0.0,0.77362,0.74594,0.3024,2
792,normal,-1,0.0,,,-1,-1,access_1,access,0.22035,0.27402,0.0,0.77965,0.72598,0.3024,2
792,node_overload,237,0.5281,edge_0,edge_0-edge_1,3,2,edge_0,edge,0.57866,0.54828,32.2669,0.42134,0.45172,0.83822,4
792,link_congestion,248,0.49752,edge_1,access_0-edge_1,1,0,edge_1,edge,0.46095,0.49737,3.49779,0.53905,0.50263,0.88604,3
792,mixed,298,0.51764,edge_2,access_1-edge_2,1,0,edge_2,edge,0.72069,0.62097,27.25908,0.27931,0.37903,1.28166,4
792,node_overload,235,0.42527,edge_3,access_1-edge_3,1,0,edge_3,edge,0.5417,0.54267,25.04426,0.4583,0.45733,0.78451,3
792,mixed,271,0.60975,edge_4,edge_3-edge_4,2,1,edge_4,edge,0.73092,0.58749,29.54599,0.26908,0.41251,1.31369,3
792,normal,-1,0.0,,,-1,-1,cloud_0,cloud,0.38612,0.46629,0.0,0.61388,0.53371,0.538,3
793,normal,-1,0.0,,,-1,-1,access_0,access,0.2144,0.2603,0.0,0.7856,0.7397,0.30629,2
793,normal,-1,0.0,,,-1,-1,access_1,access,0.22825,0.26519,0.0,0.77175,0.73481,0.30629,2
793,node_overload,237,0.5281,edge_0,edge_0-edge_1,3,2,edge_0,edge,0.56532,0.5847,31.75808,0.43468,0.4153,0.82271,4
793,link_congestion,248,0.49752,edge_1,access_0-edge_1,1,0,edge_1,edge,0.48136,0.50484,5.54548,0.51864,0.49516,0.84756,3
793,mixed,298,0.51764,edge_2,access_1-edge_2,1,0,edge_2,edge,0.66263,0.61234,26.38924,0.33737,0.38766,1.31374,4
793,node_overload,235,0.42527,edge_3,access_1-edge_3,1,0,edge_3,edge,0.53243,0.53586,25.18942,0.46757,0.46414,0.7952,3
793,mixed,271,0.60975,edge_4,edge_3-edge_4,2,1,edge_4,edge,0.71419,0.59327,30.33585,0.28581,0.40673,1.37424,3
793,normal,-1,0.0,,,-1,-1,cloud_0,cloud,0.39255,0.46757,0.0,0.60745,0.53243,0.54286,3
794,normal,-1,0.0,,,-1,-1,access_0,access,0.20145,0.25826,0.0,0.79855,0.74174,0.30988,2
794,normal,-1,0.0,,,-1,-1,access_1,access,0.21647,0.25476,0.0,0.78353,0.74524,0.30988,2
794,node_overload,237,0.5281,edge_0,edge_0-edge_1,3,2,edge_0,edge,0.59507,0.56291,33.77064,0.40493,0.43709,0.811,4
794,link_congestion,248,0.49752,edge_1,access_0-edge_1,1,0,edge_1,edge,0.50369,0.48854,6.8469,0.49631,0.51146,0.81809,3
794,mixed,298,0.51764,edge_2,access_1-edge_2,1,0,edge_2,edge,0.73249,0.6524,27.88292,0.26751,0.3476,1.31652,4
794,node_overload,235,0.42527,edge_3,access_1-edge_3,1,0,edge_3,edge,0.5055,0.51254,21.17098,0.4945,0.48746,0.81777,3
794,mixed,271,0.60975,edge_4,edge_3-edge_4,2,1,edge_4,edge,0.64799,0.6211,24.49534,0.35201,0.3789,1.4162,3
794,normal,-1,0.0,,,-1,-1,cloud_0,cloud,0.41173,0.48458,0.0,0.58827,0.51542,0.54735,3
795,normal,-1,0.0,,,-1,-1,access_0,access,0.23291,0.25162,0.0,0.76709,0.74838,0.31292,2
795,normal,-1,0.0,,,-1,-1,access_1,access,0.23471,0.25181,0.0,0.76529,0.74819,0.31292,2
795,node_overload,237,0.5281,edge_0,edge_0-edge_1,3,2,edge_0,edge,0.57264,0.54456,33.91104,0.42736,0.45544,0.80414,4
795,link_congestion,248,0.49752,edge_1,access_0-edge_1,1,0,edge_1,edge,0.51596,0.49963,6.93982,0.48404,0.50037,0.81141,3
795,mixed,298,0.51764,edge_2,access_1-edge_2,1,0,edge_2,edge,0.69567,0.61893,27.25063,0.30433,0.38107,1.29065,4
795,node_overload,235,0.42527,edge_3,access_1-edge_3,1,0,edge_3,edge,0.46286,0.49674,20.24799,0.53714,0.50326,0.84705,3
795,mixed,271,0.60975,edge_4,edge_3-edge_4,2,1,edge_4,edge,0.73901,0.62252,31.39103,0.26099,0.37748,1.43343,3
795,normal,-1,0.0,,,-1,-1,cloud_0,cloud,0.40622,0.4813,0.0,0.59378,0.5187,0.55116,3
796,normal,-1,0.0,,,-1,-1,access_0,access,0.21865,0.25199,0.0,0.78135,0.74801,0.31519,2
796,normal,-1,0.0,,,-1,-1,access_1,access,0.21448,0.26109,0.0,0.78552,0.73891,0.31519,2
796,node_overload,237,0.5281,edge_0,edge_0-edge_1,3,2,edge_0,edge,0.5989,0.56353,35.17459,0.4011,0.43647,0.80273,4
796,link_congestion,248,0.49752,edge_1,access_0-edge_1,1,0,edge_1,edge,0.48184,0.48333,5.36786,0.51816,0.51667,0.83065,3
796,mixed,298,0.51764,edge_2,access_1-edge_2,1,0,edge_2,edge,0.66976,0.58263,24.73113,0.33024,0.41737,1.24324,4
796,normal,-1,0.0,,,-1,-1,edge_3,edge,0.37116,0.45847,0.0,0.62884,0.54153,0.71646,3
796,mixed,271,0.60975,edge_4,edge_3-edge_4,2,1,edge_4,edge,0.72316,0.63329,29.95078,0.27684,0.36671,1.42301,3
796,normal,-1,0.0,,,-1,-1,cloud_0,cloud,0.38551,0.48233,0.0,0.61449,0.51767,0.55398,3
797,normal,-1,0.0,,,-1,-1,access_0,access,0.23282,0.26167,0.0,0.76718,0.73833,0.3165,2
797,normal,-1,0.0,,,-1,-1,access_1,access,0.23146,0.26158,0.0,0.76854,0.73842,0.3165,2
797,node_overload,237,0.5281,edge_0,edge_0-edge_1,3,2,edge_0,edge,0.62831,0.5757,36.2066,0.37169,0.4243,0.80691,4
797,link_congestion,248,0.49752,edge_1,access_0-edge_1,1,0,edge_1,edge,0.51541,0.52623,7.54316,0.48459,0.47377,0.8668,3
797,mixed,298,0.51764,edge_2,access_1-edge_2,1,0,edge_2,edge,0.62379,0.57404,20.85761,0.37621,0.42596,1.18511,4
797,normal,-1,0.0,,,-1,-1,edge_3,edge,0.36569,0.45901,0.0,0.63431,0.54099,0.72015,3
797,mixed,271,0.60975,edge_4,edge_3-edge_4,2,1,edge_4,edge,0.69617,0.62295,29.36558,0.30383,0.37705,1.38598,3
797,normal,-1,0.0,,,-1,-1,cloud_0,cloud,0.38061,0.47355,0.0,0.61939,0.52645,0.55562,3
798,normal,-1,0.0,,,-1,-1,access_0,access,0.23254,0.25224,0.0,0.76746,0.74776,0.31677,2
798,normal,-1,0.0,,,-1,-1,access_1,access,0.20797,0.2416,0.0,0.79203,0.7584,0.31677,2
798,node_overload,237,0.5281,edge_0,edge_0-edge_1,3,2,edge_0,edge,0.5513,0.54916,30.6939,0.4487,0.45084,0.8163,4
798,burst,221,0.333,edge_1,edge_1-edge_2,2,1,edge_1,edge,0.4769,0.53138,2.48207,0.5231,0.46862,0.9346,3
798,link_congestion,260,0.45403,edge_2,access_1-edge_2,1,0,edge_2,edge,0.53753,0.55654,8.66424,0.46247,0.44346,0.89628,4
798,normal,-1,0.0,,,-1,-1,edge_3,edge,0.35851,0.44963,0.0,0.64149,0.55037,0.72091,3
798,mixed,271,0.60975,edge_4,edge_3-edge_4,2,1,edge_4,edge,0.69157,0.62918,28.40309,0.30843,0.37082,1.32721,3
798,normal,-1,0.0,,,-1,-1,cloud_0,cloud,0.39808,0.46531,0.0,0.60192,0.53469,0.55596,3
799,normal,-1,0.0,,,-1,-1,access_0,access,0.24924,0.25194,0.0,0.75076,0.74806,0.31597,2
799,normal,-1,0.0,,,-1,-1,access_1,access,0.21671,0.2769,0.0,0.78329,0.7231,0.31597,2
799,node_overload,237,0.5281,edge_0,edge_0-edge_1,3,2,edge_0,edge,0.54288,0.54247,29.31215,0.45712,0.45753,0.83007,4
799,burst,221,0.333,edge_1,edge_1-edge_2,2,1,edge_1,edge,0.53015,0.54894,6.17739,0.46985,0.45106,0.98577,3
799,mixed,372,0.54366,edge_2,access_1-edge_2,1,0,edge_2,edge,0.61382,0.57203,19.31429,0.38618,0.42797,1.02432,4
799,burst,306,0.42699,edge_3,access_1-edge_3,1,0,edge_3,edge,0.41041,0.47077,1.5011,0.58959,0.52923,0.85937,3
799,mixed,271,0.60975,edge_4,edge_3-edge_4,2,1,edge_4,edge,0.66347,0.59412,26.95957,0.33653,0.40588,1.33505,3
799,normal,-1,0.0,,,-1,-1,cloud_0,cloud,0.39807,0.46937,0.0,0.60193,0.53063,0.55496,3
800,normal,-1,0.0,,,-1,-1,access_0,access,0.22809,0.25968,0.0,0.77191,0.74032,0.31416,2
800,normal,-1,0.0,,,-1,-1,access_1,access,0.2236,0.24002,0.0,0.7764,0.75998,0.31416,2
800,node_overload,237,0.5281,edge_0,edge_0-edge_1,3,2,edge_0,edge,0.54045,0.52264,29.05074,0.45955,0.47736,0.84699,4
800,burst,221,0.333,edge_1,edge_1-edge_2,2,1,edge_1,edge,0.48264,0.49636,4.03356,0.51736,0.50364,1.04965,3
800,mixed,372,0.54366,edge_2,access_1-edge_2,1,0,edge_2,edge,0.62497,0.6284,21.23508,0.37503,0.3716,1.16314,4
800,burst,306,0.42699,edge_3,access_1-edge_3,1,0,edge_3,edge,0.47383,0.4971,4.96484,0.52617,0.5029,0.95807,3
800,mixed,271,0.60975,edge_4,edge_3-edge_4,2,1,edge_4,edge,0.69759,0.61621,27.77358,0.30241,0.38379,1.35565,3
800,normal,-1,0.0,,,-1,-1,cloud_0,cloud,0.39871,0.48138,0.0,0.60129,0.51862,0.55271,3
801,normal,-1,0.0,,,-1,-1,access_0,access,0.22337,0.2487,0.0,0.77663,0.7513,0.31149,2
801,normal,-1,0.0,,,-1,-1,access_1,access,0.22746,0.26284,0.0,0.77254,0.73716,0.31149,2
801,node_overload,237,0.5281,edge_0,edge_0-edge_1,3,2,edge_0,edge,0.50502,0.51009,25.32541,0.49498,0.48991,0.86556,4
801,burst,221,0.333,edge_1,edge_1-edge_2,2,1,edge_1,edge,0.49672,0.50685,4.46837,0.50328,0.49315,1.12463,3
801,mixed,372,0.54366,edge_2,access_1-edge_2,1,0,edge_2,edge,0.6541,0.58711,22.86786,0.3459,0.41289,1.31384,4
801,burst,306,0.42699,edge_3,access_1-edge_3,1,0,edge_3,edge,0.48672,0.51124,5.34144,0.51328,0.48876,1.16438,3
801,mixed,271,0.60975,edge_4,edge_3-edge_4,2,1,edge_4,edge,0.68238,0.57789,28.03725,0.31762,0.42211,1.35837,3
801,normal,-1,0.0,,,-1,-1,cloud_0,cloud,0.39551,0.47323,0.0,0.60449,0.52677,0.54936,3
802,normal,-1,0.0,,,-1,-1,access_0,access,0.24159,0.26885,0.0,0.75841,0.73115,0.30814,2
802,normal,-1,0.0,,,-1,-1,access_1,access,0.21461,0.26098,0.0,0.78539,0.73902,0.30814,2
802,mixed,296,0.42757,edge_0,edge_0-edge_1,3,2,edge_0,edge,0.59794,0.56821,18.24589,0.40206,0.43179,1.23672,4
802,burst,221,0.333,edge_1,edge_1-edge_2,2,1,edge_1,edge,0.53629,0.54681,6.59457,0.46371,0.45319,1.20554,3
802,mixed,372,0.54366,edge_2,access_1-edge_2,1,0,edge_2,edge,0.72174,0.62202,27.96209,0.27826,0.37798,1.41165,4
802,burst,306,0.42699,edge_3,access_1-edge_3,1,0,edge_3,edge,0.54381,0.55779,9.15885,0.45619,0.44221,1.38497,3
802,mixed,271,0.60975,edge_4,edge_3-edge_4,2,1,edge_4,edge,0.75992,0.63705,32.65476,0.24008,0.36295,1.3419,3
802,normal,-1,0.0,,,-1,-1,cloud_0,cloud,0.37622,0.45871,0.0,0.62378,0.54129,0.54517,3
803,normal,-1,0.0,,,-1,-1,access_0,access,0.21904,0.23882,0.0,0.78096,0.76118,0.30436,2
803,normal,-1,0.0,,,-1,-1,access_1,access,0.21168,0.26754,0.0,0.78832,0.73246,0.30436,2
803,mixed,296,0.42757,edge_0,edge_0-edge_1,3,2,edge_0,edge,0.56822,0.54492,14.89246,0.43178,0.45508,1.22566,4
803,mixed,377,0.39389,edge_1,edge_1-edge_2,2,1,edge_1,edge,0.50664,0.51585,11.5977,0.49336,0.48415,0.99736,3
803,mixed,372,0.54366,edge_2,access_1-edge_2,1,0,edge_2,edge,0.75126,0.64515,29.69426,0.24874,0.35485,1.40054,4
803,burst,306,0.42699,edge_3,access_1-edge_3,1,0,edge_3,edge,0.53114,0.52725,6.78579,0.46886,0.47275,1.34982,3
803,mixed,271,0.60975,edge_4,edge_3-edge_4,2,1,edge_4,edge,0.75048,0.61894,31.00663,0.24952,0.38106,1.30768,3
803,normal,-1,0.0,,,-1,-1,cloud_0,cloud,0.40029,0.47941,0.0,0.59971,0.52059,0.54045,3
804,normal,-1,0.0,,,-1,-1,access_0,access,0.20484,0.24555,0.0,0.79516,0.75445,0.30044,2
804,normal,-1,0.0,,,-1,-1,access_1,access,0.21981,0.25675,0.0,0.78019,0.74325,0.30044,2
804,mixed,296,0.42757,edge_0,edge_0-edge_1,3,2,edge_0,edge,0.5959,0.57938,17.94302,0.4041,0.42062,1.29049,4
804,mixed,377,0.39389,edge_1,edge_1-edge_2,2,1,edge_1,edge,0.55637,0.54762,14.69778,0.44363,0.45238,1.06936,3
804,mixed,372,0.54366,edge_2,access_1-edge_2,1,0,edge_2,edge,0.71526,0.62432,28.39051,0.28474,0.37568,1.30559,4
804,burst,306,0.42699,edge_3,access_1-edge_3,1,0,edge_3,edge,0.48975,0.52657,3.71361,0.51025,0.47343,1.08541,3
804,mixed,271,0.60975,edge_4,edge_3-edge_4,2,1,edge_4,edge,0.65813,0.61266,27.03835,0.34187,0.38734,1.25972,3
804,normal,-1,0.0,,,-1,-1,cloud_0,cloud,0.39917,0.46747,0.0,0.60083,0.53253,0.53555,3
805,normal,-1,0.0,,,-1,-1,access_0,access,0.20695,0.25254,0.0,0.79305,0.74746,0.29666,2
805,normal,-1,0.0,,,-1,-1,access_1,access,0.21767,0.24573,0.0,0.78233,0.75427,0.29666,2
805,mixed,296,0.42757,edge_0,edge_0-edge_1,3,2,edge_0,edge,0.60021,0.57126,18.7688,0.39979,0.42874,1.29855,4
805,mixed,377,0.39389,edge_1,edge_1-edge_2,2,1,edge_1,edge,0.54701,0.56102,13.3242,0.45299,0.43898,1.1516,3
805,mixed,372,0.54366,edge_2,access_1-edge_2,1,0,edge_2,edge,0.73132,0.6439,28.86287,0.26868,0.3561,1.3476,4
805,burst,306,0.42699,edge_3,access_1-edge_3,1,0,edge_3,edge,0.45931,0.51222,3.61332,0.54069,0.48778,0.89474,3
805,mixed,271,0.60975,edge_4,edge_3-edge_4,2,1,edge_4,edge,0.64756,0.61672,25.48745,0.35244,0.38328,1.24303,3
805,normal,-1,0.0,,,-1,-1,cloud_0,cloud,0.3713,0.45676,0.0,0.6287,0.54324,0.53083,3
806,normal,-1,0.0,,,-1,-1,access_0,access,0.21662,0.24519,0.0,0.78338,0.75481,0.29331,2
806,normal,-1,0.0,,,-1,-1,access_1,access,0.2149,0.25302,0.0,0.7851,0.74698,0.29331,2
806,mixed,296,0.42757,edge_0,edge_0-edge_1,3,2,edge_0,edge,0.58969,0.59235,16.53228,0.41031,0.40765,1.24977,4
806,mixed,377,0.39389,edge_1,edge_1-edge_2,2,1,edge_1,edge,0.56258,0.55988,15.13951,0.43742,0.44012,1.23645,3
806,mixed,372,0.54366,edge_2,access_1-edge_2,1,0,edge_2,edge,0.71948,0.61292,29.10973,0.28052,0.38708,1.31008,4
806,burst,306,0.42699,edge_3,access_1-edge_3,1,0,edge_3,edge,0.44856,0.51729,3.24341,0.55144,0.48271,0.85937,3
806,mixed,271,0.60975,edge_4,edge_3-edge_4,2,1,edge_4,edge,0.71827,0.62303,30.43742,0.28173,0.37697,1.29824,3
806,normal,-1,0.0,,,-1,-1,cloud_0,cloud,0.38789,0.46638,0.0,0.61211,0.53362,0.52664,3
807,normal,-1,0.0,,,-1,-1,access_0,access,0.2161,0.25327,0.0,0.7839,0.74673,0.29064,2
807,normal,-1,0.0,,,-1,-1,access_1,access,0.20964,0.25825,0.0,0.79036,0.74175,0.29064,2
807,mixed,296,0.42757,edge_0,edge_0-edge_1,3,2,edge_0,edge,0.56524,0.54927,15.667,0.43476,0.45073,1.1689,4
807,mixed,377,0.39389,edge_1,edge_1-edge_2,2,1,edge_1,edge,0.58787,0.59769,16.45057,0.41213,0.40231,1.31298,3
807,mixed,372,0.54366,edge_2,access_1-edge_2,1,0,edge_2,edge,0.64393,0.55694,23.28803,0.35607,0.44306,1.21344,4
807,normal,-1,0.0,,,-1,-1,edge_3,edge,0.36059,0.44828,0.0,0.63941,0.55172,0.64741,3
807,mixed,271,0.60975,edge_4,edge_3-edge_4,2,1,edge_4,edge,0.72828,0.60579,30.66601,0.27172,0.39421,1.33032,3
807,normal,-1,0.0,,,-1,-1,cloud_0,cloud,0.38741,0.47571,0.0,0.61259,0.52429,0.52329,3
808,normal,-1,0.0,,,-1,-1,access_0,access,0.21545,0.2494,0.0,0.78455,0.7506,0.28883,2
808,normal,-1,0.0,,,-1,-1,access_1,access,0.21513,0.24133,0.0,0.78487,0.75867,0.28883,2
808,link_congestion,250,0.41925,edge_0,edge_0-edge_1,3,2,edge_0,edge,0.43323,0.50585,1.80098,0.56677,0.49415,0.82831,4
808,mixed,377,0.39389,edge_1,edge_1-edge_2,2,1,edge_1,edge,0.64184,0.62646,19.23614,0.35816,0.37354,1.36898,3
808,mixed,372,0.54366,edge_2,access_1-edge_2,1,0,edge_2,edge,0.6833,0.60058,25.01523,0.3167,0.39942,1.31468,4
808,normal,-1,0.0,,,-1,-1,edge_3,edge,0.31803,0.44266,0.0,0.68197,0.55734,0.64234,3
808,mixed,271,0.60975,edge_4,edge_3-edge_4,2,1,edge_4,edge,0.72466,0.63436,30.67585,0.27534,0.36564,1.3331,3
808,normal,-1,0.0,,,-1,-1,cloud_0,cloud,0.35251,0.48319,0.0,0.64749,0.51681,0.52104,3
809,normal,-1,0.0,,,-1,-1,access_0,access,0.2078,0.25642,0.0,0.7922,0.74358,0.28803,2
809,normal,-1,0.0,,,-1,-1,access_1,access,0.20518,0.25336,0.0,0.79482,0.74664,0.28803,2
809,link_congestion,250,0.41925,edge_0,edge_0-edge_1,3,2,edge_0,edge,0.39017,0.48099,0.0,0.60983,0.51901,0.81446,4
809,mixed,377,0.39389,edge_1,edge_1-edge_2,2,1,edge_1,edge,0.60936,0.57768,17.79857,0.39064,0.42232,1.39408,3
809,mixed,372,0.54366,edge_2,access_1-edge_2,1,0,edge_2,edge,0.74557,0.65849,29.57154,0.25443,0.34151,1.29872,4
809,normal,-1,0.0,,,-1,-1,edge_3,edge,0.34213,0.45539,0.0,0.65787,0.54461,0.64009,3
809,mixed,271,0.60975,edge_4,edge_3-edge_4,2,1,edge_4,edge,0.72537,0.63264,30.72507,0.27463,0.36736,1.30723,3
809,normal,-1,0.0,,,-1,-1,cloud_0,cloud,0.35641,0.46848,0.0,0.64359,0.53152,0.52004,3
810,normal,-1,0.0,,,-1,-1,access_0,access,0.21481,0.24061,0.0,0.78519,0.75939,0.2883,2
810,normal,-1,0.0,,,-1,-1,access_1,access,0.22532,0.26608,0.0,0.77468,0.73392,0.2883,2
810,link_congestion,250,0.41925,edge_0,edge_0-edge_1,3,2,edge_0,edge,0.40554,0.49594,0.0,0.59446,0.50406,0.804,4
810,mixed,377,0.39389,edge_1,edge_1-edge_2,2,1,edge_1,edge,0.6445,0.59711,20.53371,0.3555,0.40289,1.38291,3
810,mixed,372,0.54366,edge_2,access_1-edge_2,1,0,edge_2,edge,0.63209,0.57783,21.87749,0.36791,0.42217,1.18979,4
810,normal,-1,0.0,,,-1,-1,edge_3,edge,0.33184,0.42709,0.0,0.66816,0.57291,0.64085,3
810,mixed,271,0.60975,edge_4,edge_3-edge_4,2,1,edge_4,edge,0.67146,0.57979,27.25469,0.32854,0.42021,1.25982,3
810,normal,-1,0.0,,,-1,-1,cloud_0,cloud,0.36866,0.45676,0.0,0.63134,0.54324,0.52038,3
811,normal,-1,0.0,,,-1,-1,access_0,access,0.21554,0.25751,0.0,0.78446,0.74249,0.28961,2
811,normal,-1,0.0,,,-1,-1,access_1,access,0.2161,0.24514,0.0,0.7839,0.75486,0.28961,2
811,link_congestion,250,0.41925,edge_0,edge_0-edge_1,3,2,edge_0,edge,0.43135,0.49049,2.21158,0.56865,0.50951,0.79788,4
811,mixed,377,0.39389,edge_1,edge_1-edge_2,2,1,edge_1,edge,0.62744,0.58403,19.90404,0.37256,0.41597,1.3369,3
811,normal,-1,0.0,,,-1,-1,edge_2,edge,0.41957,0.4921,0.0,0.58043,0.5079,0.64454,4
811,normal,-1,0.0,,,-1,-1,edge_3,edge,0.35869,0.4489,0.0,0.64131,0.5511,0.64454,3
811,mixed,271,0.60975,edge_4,edge_3-edge_4,2,1,edge_4,edge,0.65002,0.58322,24.36137,0.34998,0.41678,1.20169,3
811,normal,-1,0.0,,,-1,-1,cloud_0,cloud,0.3727,0.45681,0.0,0.6273,0.54319,0.52202,3
812,normal,-1,0.0,,,-1,-1,access_0,access,0.23727,0.25433,0.0,0.76273,0.74567,0.29188,2
812,normal,-1,0.0,,,-1,-1,access_1,access,0.21992,0.24593,0.0,0.78008,0.75407,0.29188,2
812,link_congestion,250,0.41925,edge_0,edge_0-edge_1,3,2,edge_0,edge,0.49296,0.497,4.90699,0.50704,0.503,0.79662,4
812,mixed,377,0.39389,edge_1,edge_1-edge_2,2,1,edge_1,edge,0.59051,0.56174,16.22797,0.40949,0.43826,1.27484,3
812,normal,-1,0.0,,,-1,-1,edge_2,edge,0.41883,0.47648,0.0,0.58117,0.52352,0.6509,4
812,mixed,370,0.3971,edge_3,edge_2-edge_3,3,2,edge_3,edge,0.48689,0.50312,9.69495,0.51311,0.49688,0.99794,3
812,link_congestion,259,0.55377,edge_4,edge_3-edge_4,4,3,edge_4,edge,0.52119,0.53761,6.9744,0.47881,0.46239,0.84524,3
812,normal,-1,0.0,,,-1,-1,cloud_0,cloud,0.39241,0.45932,0.0,0.60759,0.54068,0.52484,3
813,normal,-1,0.0,,,-1,-1,access_0,access,0.2085,0.23334,0.0,0.7915,0.76666,0.29492,2
813,normal,-1,0.0,,,-1,-1,access_1,access,0.20485,0.26843,0.0,0.79515,0.73157,0.29492,2
813,link_congestion,250,0.41925,edge_0,edge_0-edge_1,3,2,edge_0,edge,0.45588,0.50719,2.38099,0.54412,0.49281,0.80035,4
813,mixed,377,0.39389,edge_1,edge_1-edge_2,2,1,edge_1,edge,0.64326,0.57299,20.13537,0.35674,0.42701,1.30855,3
813,normal,-1,0.0,,,-1,-1,edge_2,edge,0.40596,0.48409,0.0,0.59404,0.51591,0.65946,4
813,mixed,370,0.3971,edge_3,edge_2-edge_3,3,2,edge_3,edge,0.48882,0.50777,10.38418,0.51118,0.49223,1.09651,3
813,link_congestion,259,0.55377,edge_4,edge_3-edge_4,4,3,edge_4,edge,0.52734,0.51644,9.35721,0.47266,0.48356,0.86035,3
813,normal,-1,0.0,,,-1,-1,cloud_0,cloud,0.38478,0.46508,0.0,0.61522,0.53492,0.52865,3
814,normal,-1,0.0,,,-1,-1,access_0,access,0.2214,0.2551,0.0,0.7786,0.7449,0.29851,2
814,normal,-1,0.0,,,-1,-1,access_1,access,0.21293,0.26378,0.0,0.78707,0.73622,0.29851,2
814,link_congestion,250,0.41925,edge_0,edge_0-edge_1,3,2,edge_0,edge,0.42354,0.46301,1.67602,0.57646,0.53699,0.80874,4
814,mixed,377,0.39389,edge_1,edge_1-edge_2,2,1,edge_1,edge,0.64622,0.60635,20.42022,0.35378,0.39365,1.32073,3
814,normal,-1,0.0,,,-1,-1,edge_2,edge,0.41804,0.46735,0.0,0.58196,0.53265,0.66957,4
814,mixed,370,0.3971,edge_3,edge_2-edge_3,3,2,edge_3,edge,0.54145,0.54794,13.25294,0.45855,0.45206,1.20908,3
814,link_congestion,259,0.55377,edge_4,edge_3-edge_4,4,3,edge_4,edge,0.52011,0.52451,7.61494,0.47989,0.47549,0.87693,3
814,normal,-1,0.0,,,-1,-1,cloud_0,cloud,0.38146,0.45714,0.0,0.61854,0.54286,0.53314,3
815,normal,-1,0.0,,,-1,-1,access_0,access,0.23081,0.26748,0.0,0.76919,0.73252,0.3024,2
815,normal,-1,0.0,,,-1,-1,access_1,access,0.21204,0.23476,0.0,0.78796,0.76524,0.3024,2
815,link_congestion,250,0.41925,edge_0,edge_0-edge_1,3,2,edge_0,edge,0.44736,0.48443,4.26212,0.55264,0.51557,0.82103,4
815,mixed,377,0.39389,edge_1,edge_1-edge_2,2,1,edge_1,edge,0.63871,0.59395,19.77674,0.36129,0.40605,1.30784,3
815,normal,-1,0.0,,,-1,-1,edge_2,edge,0.38033,0.44433,0.0,0.61967,0.55567,0.6805,4
815,mixed,370,0.3971,edge_3,edge_2-edge_3,3,2,edge_3,edge,0.6116,0.57892,17.89088,0.3884,0.42108,1.31356,3
815,burst,305,0.52425,edge_4,edge_4-edge_0,4,3,edge_4,edge,0.5013,0.5189,6.30803,0.4987,0.4811,0.92961,3
815,normal,-1,0.0,,,-1,-1,cloud_0,cloud,0.37304,0.45832,0.0,0.62696,0.54168,0.538,3
816,normal,-1,0.0,,,-1,-1,access_0,access,0.21557,0.25689,0.0,0.78443,0.74311,0.3024,2
816,normal,-1,0.0,,,-1,-1,access_1,access,0.22113,0.25368,0.0,0.77887,0.74632,0.3024,2
816,link_congestion,250,0.41925,edge_0,edge_0-edge_1,3,2,edge_0,edge,0.46301,0.50732,3.1702,0.53699,0.49268,0.83614,4
816,mixed,377,0.39389,edge_1,edge_1-edge_2,2,1,edge_1,edge,0.63482,0.60367,19.16413,0.36518,0.39633,1.27091,3
816,normal,-1,0.0,,,-1,-1,edge_2,edge,0.41391,0.45114,0.0,0.58609,0.54886,0.6805,4
816,link_congestion,335,0.58344,edge_3,edge_2-edge_3,3,2,edge_3,edge,0.41684,0.47442,2.39482,0.58316,0.52558,0.88227,3
816,burst,305,0.52425,edge_4,edge_4-edge_0,4,3,edge_4,edge,0.50892,0.52791,6.6422,0.49108,0.47209,0.96903,3
816,normal,-1,0.0,,,-1,-1,cloud_0,cloud,0.39542,0.4708,0.0,0.60458,0.5292,0.538,3
817,normal,-1,0.0,,,-1,-1,access_0,access,0.22523,0.26227,0.0,0.77477,0.73773,0.30629,2
817,normal,-1,0.0,,,-1,-1,access_1,access,0.22261,0.23603,0.0,0.77739,0.76397,0.30629,2
817,link_congestion,250,0.41925,edge_0,edge_0-edge_1,3,2,edge_0,edge,0.43048,0.47655,2.22585,0.56952,0.52345,0.85272,4
817,mixed,377,0.39389,edge_1,edge_1-edge_2,2,1,edge_1,edge,0.5982,0.56334,17.55715,0.4018,0.43666,1.21552,3
817,normal,-1,0.0,,,-1,-1,edge_2,edge,0.41952,0.48743,0.0,0.58048,0.51257,0.69143,4
817,link_congestion,335,0.58344,edge_3,edge_2-edge_3,3,2,edge_3,edge,0.45521,0.47617,3.66518,0.54479,0.52383,0.90379,3
817,burst,305,0.52425,edge_4,edge_4-edge_0,4,3,edge_4,edge,0.52315,0.54009,8.60832,0.47685,0.45991,1.0202,3
817,normal,-1,0.0,,,-1,-1,cloud_0,cloud,0.41112,0.45598,0.0,0.58888,0.54402,0.54286,3
818,normal,-1,0.0,,,-1,-1,access_0,access,0.2355,0.24553,0.0,0.7645,0.75447,0.30988,2
818,normal,-1,0.0,,,-1,-1,access_1,access,0.2222,0.2647,0.0,0.7778,0.7353,0.30988,2
818,link_congestion,339,0.32861,edge_0,edge_0-edge_1,3,2,edge_0,edge,0.41324,0.46915,0.22081,0.58676,0.53085,0.85225,4
818,mixed,377,0.39389,edge_1,edge_1-edge_2,2,1,edge_1,edge,0.62143,0.56323,18.28721,0.37857,0.43677,1.2196,3
818,normal,-1,0.0,,,-1,-1,edge_2,edge,0.40754,0.46986,0.0,0.59246,0.53014,0.70154,4
818,link_congestion,335,0.58344,edge_3,edge_2-edge_3,3,2,edge_3,edge,0.44721,0.50122,3.8884,0.55279,0.49878,0.92204,3
818,burst,305,0.52425,edge_4,edge_4-edge_0,4,3,edge_4,edge,0.56532,0.56051,10.5231,0.43468,0.43949,1.08408,3
818,normal,-1,0.0,,,-1,-1,cloud_0,cloud,0.40361,0.4716,0.0,0.59639,0.5284,0.54735,3
819,normal,-1,0.0,,,-1,-1,access_0,access,0.24478,0.25178,0.0,0.75522,0.74822,0.31292,2
819,normal,-1,0.0,,,-1,-1,access_1,access,0.22369,0.28116,0.0,0.77631,0.71884,0.31292,2
819,link_congestion,339,0.32861,edge_0,edge_0-edge_1,3,2,edge_0,edge,0.41891,0.48874,0.56479,0.58109,0.51126,0.8364,4
819,mixed,377,0.39389,edge_1,edge_1-edge_2,2,1,edge_1,edge,0.65027,0.59333,21.02084,0.34973,0.40667,1.27548,3
819,normal,-1,0.0,,,-1,-1,edge_2,edge,0.40033,0.47969,0.0,0.59967,0.52031,0.7101,4
819,link_congestion,335,0.58344,edge_3,edge_2-edge_3,3,2,edge_3,edge,0.47585,0.52538,5.2184,0.52415,0.47462,0.93424,3
819,burst,305,0.52425,edge_4,edge_4-edge_0,4,3,edge_4,edge,0.57289,0.57668,8.84941,0.42711,0.42332,1.15905,3
819,normal,-1,0.0,,,-1,-1,cloud_0,cloud,0.38355,0.49216,0.0,0.61645,0.50784,0.55116,3
820,normal,-1,0.0,,,-1,-1,access_0,access,0.23374,0.26146,0.0,0.76626,0.73854,0.31519,2
820,normal,-1,0.0,,,-1,-1,access_1,access,0.22205,0.26727,0.0,0.77795,0.73273,0.31519,2
820,link_congestion,339,0.32861,edge_0,edge_0-edge_1,3,2,edge_0,edge,0.39575,0.47162,0.0,0.60425,0.52838,0.82055,4
820,mixed,377,0.39389,edge_1,edge_1-edge_2,2,1,edge_1,edge,0.57192,0.55956,17.21016,0.42808,0.44044,1.29674,3
820,normal,-1,0.0,,,-1,-1,edge_2,edge,0.4173,0.47818,0.0,0.5827,0.52182,0.71646,4
820,link_congestion,335,0.58344,edge_3,edge_2-edge_3,3,2,edge_3,edge,0.48678,0.48229,6.1474,0.51322,0.51771,0.93852,3
820,burst,305,0.52425,edge_4,edge_4-edge_0,4,3,edge_4,edge,0.57718,0.54875,11.78084,0.42282,0.45125,1.23996,3
820,normal,-1,0.0,,,-1,-1,cloud_0,cloud,0.4038,0.47904,0.0,0.5962,0.52096,0.55398,3
821,normal,-1,0.0,,,-1,-1,access_0,access,0.23972,0.25532,0.0,0.76028,0.74468,0.3165,2
821,normal,-1,0.0,,,-1,-1,access_1,access,0.23559,0.26205,0.0,0.76441,0.73795,0.3165,2
821,link_congestion,339,0.32861,edge_0,edge_0-edge_1,3,2,edge_0,edge,0.42231,0.48925,0.41947,0.57769,0.51075,0.80599,4
821,mixed,377,0.39389,edge_1,edge_1-edge_2,2,1,edge_1,edge,0.62369,0.62453,19.08502,0.37631,0.37547,1.27883,3
821,mixed,349,0.36871,edge_2,edge_2-edge_3,2,1,edge_2,edge,0.55757,0.56511,12.24637,0.44243,0.43489,0.99283,4
821,link_congestion,335,0.58344,edge_3,edge_2-edge_3,3,2,edge_3,edge,0.49773,0.5467,6.78993,0.50227,0.4533,0.93424,3
821,burst,305,0.52425,edge_4,edge_4-edge_0,4,3,edge_4,edge,0.5697,0.53836,10.69374,0.4303,0.46164,1.31803,3
821,normal,-1,0.0,,,-1,-1,cloud_0,cloud,0.38191,0.47839,0.0,0.61809,0.52161,0.55562,3
822,normal,-1,0.0,,,-1,-1,access_0,access,0.25685,0.25181,0.0,0.74315,0.74819,0.31677,2
822,normal,-1,0.0,,,-1,-1,access_1,access,0.23235,0.26297,0.0,0.76765,0.73703,0.31677,2
822,link_congestion,339,0.32861,edge_0,edge_0-edge_1,3,2,edge_0,edge,0.39104,0.46176,0.0,0.60896,0.53824,0.79389,4
822,mixed,377,0.39389,edge_1,edge_1-edge_2,2,1,edge_1,edge,0.62838,0.5932,18.01552,0.37162,0.4068,1.22904,3
822,node_overload,320,0.50779,edge_2,access_1-edge_2,1,0,edge_2,edge,0.56978,0.53864,28.15992,0.43022,0.46136,0.8619,4
822,link_congestion,335,0.58344,edge_3,edge_2-edge_3,3,2,edge_3,edge,0.47523,0.50883,6.46014,0.52477,0.49117,0.92204,3
822,burst,305,0.52425,edge_4,edge_4-edge_0,4,3,edge_4,edge,0.64143,0.56615,14.6153,0.35857,0.43385,1.3821,3
822,normal,-1,0.0,,,-1,-1,cloud_0,cloud,0.38452,0.48392,0.0,0.61548,0.51608,0.55596,3
823,normal,-1,0.0,,,-1,-1,access_0,access,0.22686,0.25673,0.0,0.77314,0.74327,0.31597,2
823,normal,-1,0.0,,,-1,-1,access_1,access,0.23333,0.25054,0.0,0.76667,0.74946,0.31597,2
823,link_congestion,339,0.32861,edge_0,edge_0-edge_1,3,2,edge_0,edge,0.41952,0.48232,0.0,0.58048,0.51768,0.78523,4
823,mixed,377,0.39389,edge_1,edge_1-edge_2,2,1,edge_1,edge,0.58439,0.55059,16.90508,0.41561,0.44941,1.16283,3
823,node_overload,320,0.50779,edge_2,access_1-edge_2,1,0,edge_2,edge,0.59167,0.5899,30.32361,0.40833,0.4101,0.8789,4
823,link_congestion,335,0.58344,edge_3,edge_2-edge_3,3,2,edge_3,edge,0.52714,0.52088,9.73527,0.47286,0.47912,0.90379,3
823,burst,305,0.52425,edge_4,edge_4-edge_0,4,3,edge_4,edge,0.64352,0.59284,15.4839,0.35648,0.40716,1.42118,3
823,normal,-1,0.0,,,-1,-1,cloud_0,cloud,0.38542,0.46849,0.0,0.61458,0.53151,0.55496,3
824,normal,-1,0.0,,,-1,-1,access_0,access,0.21363,0.26476,0.0,0.78637,0.73524,0.31416,2
824,normal,-1,0.0,,,-1,-1,access_1,access,0.23161,0.25401,0.0,0.76839,0.74599,0.31416,2
824,link_congestion,339,0.32861,edge_0,edge_0-edge_1,3,2,edge_0,edge,0.46436,0.51081,3.80091,0.53564,0.48919,0.78072,4
824,normal,-1,0.0,,,-1,-1,edge_1,edge,0.36521,0.4695,0.0,0.63479,0.5305,0.71359,3
824,node_overload,320,0.50779,edge_2,access_1-edge_2,1,0,edge_2,edge,0.57474,0.54669,29.38547,0.42526,0.45331,0.89464,4
824,link_congestion,335,0.58344,edge_3,edge_2-edge_3,3,2,edge_3,edge,0.49507,0.51759,6.78001,0.50493,0.48241,0.88227,3
824,burst,305,0.52425,edge_4,edge_4-edge_0,4,3,edge_4,edge,0.60692,0.56132,13.37771,0.39308,0.43868,1.42737,3
824,normal,-1,0.0,,,-1,-1,cloud_0,cloud,0.38928,0.47736,0.0,0.61072,0.52264,0.55271,3
825,normal,-1,0.0,,,-1,-1,access_0,access,0.21296,0.24474,0.0,0.78704,0.75526,0.31149,2
825,normal,-1,0.0,,,-1,-1,access_1,access,0.2443,0.23859,0.0,0.7557,0.76141,0.31149,2
825,link_congestion,339,0.32861,edge_0,edge_0-edge_1,3,2,edge_0,edge,0.44666,0.46837,2.37097,0.55334,0.53163,0.78072,4
825,normal,-1,0.0,,,-1,-1,edge_1,edge,0.40573,0.48239,0.0,0.59427,0.51761,0.70606,3
825,node_overload,320,0.50779,edge_2,access_1-edge_2,1,0,edge_2,edge,0.59134,0.54271,29.74531,0.40866,0.45729,0.90794,4
825,link_congestion,335,0.58344,edge_3,edge_2-edge_3,3,2,edge_3,edge,0.45241,0.49456,5.07447,0.54759,0.50544,0.86074,3
825,node_overload,323,0.58252,edge_4,edge_3-edge_4,4,3,edge_4,edge,0.54547,0.54848,29.35213,0.45453,0.45152,0.87535,3
825,normal,-1,0.0,,,-1,-1,cloud_0,cloud,0.40006,0.48383,0.0,0.59994,0.51617,0.54936,3
826,normal,-1,0.0,,,-1,-1,access_0,access,0.21489,0.26885,0.0,0.78511,0.73115,0.30814,2
826,normal,-1,0.0,,,-1,-1,access_1,access,0.22113,0.23551,0.0,0.77887,0.76449,0.30814,2
826,link_congestion,339,0.32861,edge_0,edge_0-edge_1,3,2,edge_0,edge,0.40902,0.46476,0.0,0.59098,0.53524,0.78523,4
826,normal,-1,0.0,,,-1,-1,edge_1,edge,0.41294,0.46644,0.0,0.58706,0.53356,0.69664,3
826,node_overload,320,0.50779,edge_2,access_1-edge_2,1,0,edge_2,edge,0.59209,0.55406,31.6466,0.40791,0.44594,0.91784,4
826,link_congestion,335,0.58344,edge_3,edge_2-edge_3,3,2,edge_3,edge,0.46785,0.50603,5.18182,0.53215,0.49397,0.84249,3
826,node_overload,323,0.58252,edge_4,edge_3-edge_4,4,3,edge_4,edge,0.53769,0.51842,31.36496,0.46231,0.48158,0.8969,3
826,normal,-1,0.0,,,-1,-1,cloud_0,cloud,0.37479,0.47168,0.0,0.62521,0.52832,0.54517,3
827,normal,-1,0.0,,,-1,-1,access_0,access,0.24005,0.26369,0.0,0.75995,0.73631,0.30436,2
827,normal,-1,0.0,,,-1,-1,access_1,access,0.23522,0.2609,0.0,0.76478,0.7391,0.30436,2
827,link_congestion,339,0.32861,edge_0,edge_0-edge_1,3,2,edge_0,edge,0.37473,0.44264,0.0,0.62527,0.55736,0.79389,4
827,normal,-1,0.0,,,-1,-1,edge_1,edge,0.35258,0.45596,0.0,0.64742,0.54404,0.68601,3
827,node_overload,320,0.50779,edge_2,access_1-edge_2,1,0,edge_2,edge,0.67229,0.60118,36.07356,0.32771,0.39882,0.92358,4
827,link_congestion,335,0.58344,edge_3,edge_2-edge_3,3,2,edge_3,edge,0.48276,0.48998,5.92109,0.51724,0.51002,0.8303,3
827,node_overload,323,0.58252,edge_4,edge_3-edge_4,4,3,edge_4,edge,0.57513,0.58196,34.42937,0.42487,0.41804,0.91585,3
827,normal,-1,0.0,,,-1,-1,cloud_0,cloud,0.39666,0.45472,0.0,0.60334,0.54528,0.54045,3
828,normal,-1,0.0,,,-1,-1,access_0,access,0.20161,0.25054,0.0,0.79839,0.74946,0.30044,2
828,normal,-1,0.0,,,-1,-1,access_1,access,0.22675,0.26422,0.0,0.77325,0.73578,0.30044,2
828,link_congestion,339,0.32861,edge_0,edge_0-edge_1,3,2,edge_0,edge,0.39075,0.48804,0.0,0.60925,0.51196,0.80599,4
828,normal,-1,0.0,,,-1,-1,edge_1,edge,0.36622,0.45596,0.0,0.63378,0.54404,0.67499,3
828,node_overload,320,0.50779,edge_2,access_1-edge_2,1,0,edge_2,edge,0.66281,0.58397,35.16574,0.33719,0.41603,0.92475,4
828,link_congestion,335,0.58344,edge_3,edge_2-edge_3,3,2,edge_3,edge,0.48461,0.51312,6.90258,0.51539,0.48688,0.82602,3
828,node_overload,323,0.58252,edge_4,edge_3-edge_4,4,3,edge_4,edge,0.60719,0.60626,37.06715,0.39281,0.39374,0.92991,3
828,normal,-1,0.0,,,-1,-1,cloud_0,cloud,0.3858,0.46219,0.0,0.6142,0.53781,0.53555,3
829,normal,-1,0.0,,,-1,-1,access_0,access,0.2202,0.24989,0.0,0.7798,0.75011,0.29666,2
829,normal,-1,0.0,,,-1,-1,access_1,access,0.22271,0.23414,0.0,0.77729,0.76586,0.29666,2
829,link_congestion,339,0.32861,edge_0,edge_0-edge_1,3,2,edge_0,edge,0.3841,0.45852,0.0,0.6159,0.54148,0.82055,4
829,normal,-1,0.0,,,-1,-1,edge_1,edge,0.37807,0.4534,0.0,0.62193,0.5466,0.66436,3
829,node_overload,320,0.50779,edge_2,access_1-edge_2,1,0,edge_2,edge,0.65638,0.57737,36.7515,0.34362,0.42263,0.92126,4
829,link_congestion,335,0.58344,edge_3,edge_2-edge_3,3,2,edge_3,edge,0.45807,0.49646,5.2483,0.54193,0.50354,0.8303,3
829,node_overload,323,0.58252,edge_4,edge_3-edge_4,4,3,edge_4,edge,0.63793,0.57955,39.64534,0.36207,0.42045,0.9374,3
829,normal,-1,0.0,,,-1,-1,cloud_0,cloud,0.38653,0.47547,0.0,0.61347,0.52453,0.53083,3
830,normal,-1,0.0,,,-1,-1,access_0,access,0.2041,0.25238,0.0,0.7959,0.74762,0.29331,2
830,normal,-1,0.0,,,-1,-1,access_1,access,0.21754,0.24409,0.0,0.78246,0.75591,0.29331,2
830,link_congestion,339,0.32861,edge_0,edge_0-edge_1,3,2,edge_0,edge,0.42551,0.47735,0.22779,0.57449,0.52265,0.8364,4
830,normal,-1,0.0,,,-1,-1,edge_1,edge,0.38193,0.46867,0.0,0.61807,0.53133,0.65494,3
830,node_overload,320,0.50779,edge_2,access_1-edge_2,1,0,edge_2,edge,0.67652,0.60653,39.00073,0.32348,0.39347,0.91337,4
830,link_congestion,335,0.58344,edge_3,edge_2-edge_3,3,2,edge_3,edge,0.44171,0.47772,4.81033,0.55829,0.52228,0.84249,3
830,node_overload,323,0.58252,edge_4,edge_3-edge_4,4,3,edge_4,edge,0.65149,0.57545,41.25229,0.34851,0.42455,0.9374,3
830,normal,-1,0.0,,,-1,-1,cloud_0,cloud,0.39236,0.4654,0.0,0.60764,0.5346,0.52664,3
831,normal,-1,0.0,,,-1,-1,access_0,access,0.20583,0.24578,0.0,0.79417,0.75422,0.29064,2
831,normal,-1,0.0,,,-1,-1,access_1,access,0.20321,0.25464,0.0,0.79679,0.74536,0.29064,2
831,normal,-1,0.0,,,-1,-1,edge_0,edge,0.369,0.46298,0.0,0.631,0.53702,0.64741,4
831,normal,-1,0.0,,,-1,-1,edge_1,edge,0.37885,0.46098,0.0,0.62115,0.53902,0.64741,3
831,node_overload,320,0.50779,edge_2,access_1-edge_2,1,0,edge_2,edge,0.68314,0.60524,36.40554,0.31686,0.39476,0.90166,4
831,link_congestion,335,0.58344,edge_3,edge_2-edge_3,3,2,edge_3,edge,0.47172,0.50176,6.0172,0.52828,0.49824,0.86074,3
831,node_overload,323,0.58252,edge_4,edge_3-edge_4,4,3,edge_4,edge,0.67449,0.61051,41.85796,0.32551,0.38949,0.92991,3
831,normal,-1,0.0,,,-1,-1,cloud_0,cloud,0.371,0.44761,0.0,0.629,0.55239,0.52329,3
832,normal,-1,0.0,,,-1,-1,access_0,access,0.23367,0.22405,0.0,0.76633,0.77595,0.28883,2
832,normal,-1,0.0,,,-1,-1,access_1,access,0.20876,0.2568,0.0,0.79124,0.7432,0.28883,2
832,normal,-1,0.0,,,-1,-1,edge_0,edge,0.34619,0.43876,0.0,0.65381,0.56124,0.64234,4
832,link_congestion,330,0.55322,edge_1,edge_1-edge_2,2,1,edge_1,edge,0.47782,0.4788,5.07746,0.52218,0.5212,0.87683,3
832,node_overload,320,0.50779,edge_2,access_1-edge_2,1,0,edge_2,edge,0.65029,0.59436,36.61523,0.34971,0.40564,0.887,4
832,link_congestion,335,0.58344,edge_3,edge_2-edge_3,3,2,edge_3,edge,0.46663,0.49671,4.09264,0.53337,0.50329,0.88227,3
832,node_overload,323,0.58252,edge_4,edge_3-edge_4,4,3,edge_4,edge,0.68255,0.57536,42.57914,0.31745,0.42464,0.91585,3
832,normal,-1,0.0,,,-1,-1,cloud_0,cloud,0.36958,0.45158,0.0,0.63042,0.54842,0.52104,3
833,normal,-1,0.0,,,-1,-1,access_0,access,0.23256,0.24838,0.0,0.76744,0.75162,0.28803,2
833,normal,-1,0.0,,,-1,-1,access_1,access,0.20108,0.2525,0.0,0.79892,0.7475,0.28803,2
833,normal,-1,0.0,,,-1,-1,edge_0,edge,0.34669,0.4512,0.0,0.65331,0.5488,0.64009,4
833,link_congestion,330,0.55322,edge_1,edge_1-edge_2,2,1,edge_1,edge,0.47244,0.47706,5.00224,0.52756,0.52294,0.90496,3
833,node_overload,320,0.50779,edge_2,access_1-edge_2,1,0,edge_2,edge,0.63398,0.59751,33.6185,0.36602,0.40249,0.87048,4
833,mixed,352,0.56233,edge_3,access_1-edge_3,1,0,edge_3,edge,0.67687,0.63129,27.11416,0.32313,0.36871,1.39421,3
833,node_overload,323,0.58252,edge_4,edge_3-edge_4,4,3,edge_4,edge,0.6551,0.58212,40.35439,0.3449,0.41788,0.8969,3
833,normal,-1,0.0,,,-1,-1,cloud_0,cloud,0.38051,0.45976,0.0,0.61949,0.54024,0.52004,3
834,normal,-1,0.0,,,-1,-1,access_0,access,0.21818,0.23843,0.0,0.78182,0.76157,0.2883,2
834,normal,-1,0.0,,,-1,-1,access_1,access,0.21587,0.25415,0.0,0.78413,0.74585,0.2883,2
834,normal,-1,0.0,,,-1,-1,edge_0,edge,0.32692,0.435,0.0,0.67308,0.565,0.64085,4
834,link_congestion,330,0.55322,edge_1,edge_1-edge_2,2,1,edge_1,edge,0.48522,0.50703,4.87818,0.51478,0.49297,0.92554,3
834,node_overload,320,0.50779,edge_2,access_1-edge_2,1,0,edge_2,edge,0.6135,0.55613,32.04272,0.3865,0.44387,0.85332,4
834,mixed,352,0.56233,edge_3,access_1-edge_3,1,0,edge_3,edge,0.59906,0.55845,21.36283,0.40094,0.44155,1.31445,3
834,node_overload,323,0.58252,edge_4,edge_3-edge_4,4,3,edge_4,edge,0.63214,0.57989,38.95387,0.36786,0.42011,0.87535,3
834,normal,-1,0.0,,,-1,-1,cloud_0,cloud,0.37177,0.47873,0.0,0.62823,0.52127,0.52038,3
835,normal,-1,0.0,,,-1,-1,access_0,access,0.20785,0.25147,0.0,0.79215,0.74853,0.28961,2
835,normal,-1,0.0,,,-1,-1,access_1,access,0.21583,0.24901,0.0,0.78417,0.75099,0.28961,2
835,normal,-1,0.0,,,-1,-1,edge_0,edge,0.34332,0.45242,0.0,0.65668,0.54758,0.64454,4
835,link_congestion,330,0.55322,edge_1,edge_1-edge_2,2,1,edge_1,edge,0.50385,0.494,7.42713,0.49615,0.506,0.93308,3
835,node_overload,320,0.50779,edge_2,access_1-edge_2,1,0,edge_2,edge,0.67221,0.60985,36.98678,0.32779,0.39015,0.8368,4
835,mixed,352,0.56233,edge_3,access_1-edge_3,1,0,edge_3,edge,0.65903,0.57846,26.02389,0.34097,0.42154,1.33887,3
835,node_overload,323,0.58252,edge_4,edge_3-edge_4,4,3,edge_4,edge,0.64899,0.58806,39.54127,0.35101,0.41194,0.85381,3
835,normal,-1,0.0,,,-1,-1,cloud_0,cloud,0.36328,0.45214,0.0,0.63672,0.54786,0.52202,3
836,normal,-1,0.0,,,-1,-1,access_0,access,0.22572,0.23668,0.0,0.77428,0.76332,0.29188,2
836,normal,-1,0.0,,,-1,-1,access_1,access,0.20766,0.23656,0.0,0.79234,0.76344,0.29188,2
836,normal,-1,0.0,,,-1,-1,edge_0,edge,0.3416,0.43661,0.0,0.6584,0.56339,0.6509,4
836,link_congestion,330,0.55322,edge_1,edge_1-edge_2,2,1,edge_1,edge,0.46403,0.4989,6.73305,0.53597,0.5011,0.92554,3
836,node_overload,320,0.50779,edge_2,access_1-edge_2,1,0,edge_2,edge,0.62518,0.60492,33.8527,0.37482,0.39508,0.82214,4
836,mixed,352,0.56233,edge_3,access_1-edge_3,1,0,edge_3,edge,0.67361,0.60635,25.78768,0.32639,0.39365,1.35022,3
836,node_overload,323,0.58252,edge_4,edge_3-edge_4,4,3,edge_4,edge,0.63699,0.56733,40.60795,0.36301,0.43267,0.83486,3
836,normal,-1,0.0,,,-1,-1,cloud_0,cloud,0.38609,0.4658,0.0,0.61391,0.5342,0.52484,3
837,normal,-1,0.0,,,-1,-1,access_0,access,0.2324,0.26057,0.0,0.7676,0.73943,0.29492,2
837,normal,-1,0.0,,,-1,-1,access_1,access,0.22235,0.25099,0.0,0.77765,0.74901,0.29492,2
837,normal,-1,0.0,,,-1,-1,edge_0,edge,0.35599,0.45253,0.0,0.64401,0.54747,0.65946,4
837,burst,303,0.58335,edge_1,edge_1-edge_2,2,1,edge_1,edge,0.51475,0.52972,8.0226,0.48525,0.47028,0.88752,3
837,node_overload,320,0.50779,edge_2,access_1-edge_2,1,0,edge_2,edge,0.64804,0.58717,35.55962,0.35196,0.41283,0.81043,4
837,mixed,352,0.56233,edge_3,access_1-edge_3,1,0,edge_3,edge,0.68896,0.61432,26.30777,0.31104,0.38568,1.32245,3
837,node_overload,323,0.58252,edge_4,edge_3-edge_4,4,3,edge_4,edge,0.62325,0.56478,39.31141,0.37675,0.43522,0.82079,3
837,normal,-1,0.0,,,-1,-1,cloud_0,cloud,0.39953,0.46075,0.0,0.60047,0.53925,0.52865,3
838,normal,-1,0.0,,,-1,-1,access_0,access,0.21688,0.24956,0.0,0.78312,0.75044,0.29851,2
838,normal,-1,0.0,,,-1,-1,access_1,access,0.2256,0.24873,0.0,0.7744,0.75127,0.29851,2
838,normal,-1,0.0,,,-1,-1,edge_0,edge,0.37472,0.47153,0.0,0.62528,0.52847,0.66957,4
838,burst,303,0.58335,edge_1,edge_1-edge_2,2,1,edge_1,edge,0.52344,0.51798,8.96132,0.47656,0.48202,0.94025,3
838,node_overload,320,0.50779,edge_2,access_1-edge_2,1,0,edge_2,edge,0.64801,0.60374,36.54336,0.35199,0.39626,0.80254,4
838,mixed,358,0.56732,edge_3,edge_2-edge_3,3,2,edge_3,edge,0.54458,0.56631,16.39233,0.45542,0.43369,1.02858,3
838,node_overload,323,0.58252,edge_4,edge_3-edge_4,4,3,edge_4,edge,0.68266,0.59551,42.08997,0.31734,0.40449,0.81331,3
838,normal,-1,0.0,,,-1,-1,cloud_0,cloud,0.38862,0.45743,0.0,0.61138,0.54257,0.53314,3
839,normal,-1,0.0,,,-1,-1,access_0,access,0.2263,0.24753,0.0,0.7737,0.75247,0.3024,2
839,normal,-1,0.0,,,-1,-1,access_1,access,0.23427,0.26257,0.0,0.76573,0.73743,0.3024,2
839,normal,-1,0.0,,,-1,-1,edge_0,edge,0.35933,0.44493,0.0,0.64067,0.55507,0.6805,4
839,burst,303,0.58335,edge_1,edge_1-edge_2,2,1,edge_1,edge,0.47447,0.4952,5.04613,0.52553,0.5048,1.03084,3
839,node_overload,320,0.50779,edge_2,access_1-edge_2,1,0,edge_2,edge,0.65567,0.60892,37.24339,0.34433,0.39108,0.79905,4
839,mixed,358,0.56732,edge_3,edge_2-edge_3,3,2,edge_3,edge,0.57505,0.53906,20.37913,0.42495,0.46094,1.25577,3
839,node_overload,323,0.58252,edge_4,edge_3-edge_4,4,3,edge_4,edge,0.65662,0.5919,40.46331,0.34338,0.4081,0.81331,3
839,normal,-1,0.0,,,-1,-1,cloud_0,cloud,0.38483,0.45335,0.0,0.61517,0.54665,0.538,3
840,normal,-1,0.0,,,-1,-1,access_0,access,0.22531,0.2399,0.0,0.77469,0.7601,0.3024,2
840,normal,-1,0.0,,,-1,-1,access_1,access,0.22418,0.26198,0.0,0.77582,0.73802,0.3024,2
840,normal,-1,0.0,,,-1,-1,edge_0,edge,0.36041,0.46755,0.0,0.63959,0.53245,0.6805,4
840,burst,303,0.58335,edge_1,edge_1-edge_2,2,1,edge_1,edge,0.56122,0.57421,10.67818,0.43878,0.42579,1.16969,3
840,node_overload,320,0.50779,edge_2,access_1-edge_2,1,0,edge_2,edge,0.62691,0.57057,35.14308,0.37309,0.42943,0.80022,4
840,mixed,358,0.56732,edge_3,edge_2-edge_3,3,2,edge_3,edge,0.66342,0.58104,25.63923,0.33658,0.41896,1.42171,3
840,node_overload,323,0.58252,edge_4,edge_3-edge_4,4,3,edge_4,edge,0.68166,0.62722,40.40864,0.31834,0.37278,0.82079,3
840,normal,-1,0.0,,,-1,-1,cloud_0,cloud,0.36572,0.46262,0.0,0.63428,0.53738,0.538,3
841,normal,-1,0.0,,,-1,-1,access_0,access,0.22487,0.26197,0.0,0.77513,0.73803,0.30629,2
841,normal,-1,0.0,,,-1,-1,access_1,access,0.22858,0.26024,0.0,0.77142,0.73976,0.30629,2
841,normal,-1,0.0,,,-1,-1,edge_0,edge,0.33153,0.45157,0.0,0.66847,0.54843,0.69143,4
841,burst,303,0.58335,edge_1,edge_1-edge_2,2,1,edge_1,edge,0.59724,0.56737,14.38549,0.40276,0.43263,1.32866,3
841,node_overload,320,0.50779,edge_2,access_1-edge_2,1,0,edge_2,edge,0.63065,0.59012,33.99762,0.36935,0.40988,0.80597,4
841,mixed,358,0.56732,edge_3,edge_2-edge_3,3,2,edge_3,edge,0.65009,0.55553,24.28448,0.34991,0.44447,1.32903,3
841,node_overload,323,0.58252,edge_4,edge_3-edge_4,4,3,edge_4,edge,0.58532,0.54898,34.50237,0.41468,0.45102,0.83486,3
841,normal,-1,0.0,,,-1,-1,cloud_0,cloud,0.37874,0.47736,0.0,0.62126,0.52264,0.54286,3
842,normal,-1,0.0,,,-1,-1,access_0,access,0.22112,0.25585,0.0,0.77888,0.74415,0.30988,2
842,normal,-1,0.0,,,-1,-1,access_1,access,0.21303,0.27579,0.0,0.78697,0.72421,0.30988,2
842,normal,-1,0.0,,,-1,-1,edge_0,edge,0.38593,0.46042,0.0,0.61407,0.53958,0.70154,4
842,burst,303,0.58335,edge_1,edge_1-edge_2,2,1,edge_1,edge,0.64415,0.59788,16.08567,0.35585,0.40212,1.43181,3
842,node_overload,320,0.50779,edge_2,access_1-edge_2,1,0,edge_2,edge,0.60569,0.56267,30.99045,0.39431,0.43733,0.81586,4
842,mixed,358,0.56732,edge_3,edge_2-edge_3,3,2,edge_3,edge,0.62494,0.57903,23.47855,0.37506,0.42097,1.34955,3
842,node_overload,323,0.58252,edge_4,edge_3-edge_4,4,3,edge_4,edge,0.58947,0.56096,33.67366,0.41053,0.43904,0.85381,3
842,normal,-1,0.0,,,-1,-1,cloud_0,cloud,0.38773,0.47408,0.0,0.61227,0.52592,0.54735,3
843,normal,-1,0.0,,,-1,-1,access_0,access,0.22378,0.25511,0.0,0.77622,0.74489,0.31292,2
843,normal,-1,0.0,,,-1,-1,access_1,access,0.22977,0.26952,0.0,0.77023,0.73048,0.31292,2
843,normal,-1,0.0,,,-1,-1,edge_0,edge,0.35066,0.44366,0.0,0.64934,0.55634,0.7101,4
843,burst,303,0.58335,edge_1,edge_1-edge_2,2,1,edge_1,edge,0.63198,0.57656,15.19169,0.36802,0.42344,1.40899,3
843,node_overload,320,0.50779,edge_2,access_1-edge_2,1,0,edge_2,edge,0.6174,0.5786,32.82926,0.3826,0.4214,0.82917,4
843,mixed,358,0.56732,edge_3,edge_2-edge_3,3,2,edge_3,edge,0.6745,0.58362,27.63105,0.3255,0.41638,1.22871,3
843,node_overload,323,0.58252,edge_4,edge_3-edge_4,4,3,edge_4,edge,0.58183,0.57613,32.4741,0.41817,0.42387,0.87535,3
843,normal,-1,0.0,,,-1,-1,cloud_0,cloud,0.40472,0.48112,0.0,0.59528,0.51888,0.55116,3
844,normal,-1,0.0,,,-1,-1,access_0,access,0.21769,0.27568,0.0,0.78231,0.72432,0.31519,2
844,normal,-1,0.0,,,-1,-1,access_1,access,0.24069,0.25681,0.0,0.75931,0.74319,0.31519,2
844,normal,-1,0.0,,,-1,-1,edge_0,edge,0.37209,0.47384,0.0,0.62791,0.52616,0.71646,4
844,burst,303,0.58335,edge_1,edge_1-edge_2,2,1,edge_1,edge,0.61144,0.56086,13.74,0.38856,0.43914,1.26745,3
844,node_overload,320,0.50779,edge_2,access_1-edge_2,1,0,edge_2,edge,0.6035,0.57643,30.77051,0.3965,0.42357,0.8449,4
844,mixed,358,0.56732,edge_3,edge_2-edge_3,3,2,edge_3,edge,0.6803,0.59526,26.43164,0.3197,0.40474,1.32775,3
844,link_congestion,340,0.48122,edge_4,edge_3-edge_4,4,3,edge_4,edge,0.47186,0.5141,5.65729,0.52814,0.4859,0.84099,3
844,normal,-1,0.0,,,-1,-1,cloud_0,cloud,0.39269,0.4776,0.0,0.60731,0.5224,0.55398,3
845,normal,-1,0.0,,,-1,-1,access_0,access,0.22261,0.25926,0.0,0.77739,0.74074,0.3165,2
845,normal,-1,0.0,,,-1,-1,access_1,access,0.22191,0.25339,0.0,0.77809,0.74661,0.3165,2
845,normal,-1,0.0,,,-1,-1,edge_0,edge,0.37904,0.44344,0.0,0.62096,0.55656,0.72015,4
845,burst,303,0.58335,edge_1,edge_1-edge_2,2,1,edge_1,edge,0.54905,0.54292,8.92876,0.45095,0.45708,1.08952,3
845,node_overload,320,0.50779,edge_2,access_1-edge_2,1,0,edge_2,edge,0.63939,0.56771,32.98429,0.36061,0.43229,0.8619,4
845,mixed,358,0.56732,edge_3,edge_2-edge_3,3,2,edge_3,edge,0.62625,0.51997,23.34966,0.37375,0.48003,1.19405,3
845,link_congestion,340,0.48122,edge_4,edge_3-edge_4,4,3,edge_4,edge,0.48124,0.48566,4.8157,0.51876,0.51434,0.86387,3
845,normal,-1,0.0,,,-1,-1,cloud_0,cloud,0.40451,0.48552,0.0,0.59549,0.51448,0.55562,3
846,normal,-1,0.0,,,-1,-1,access_0,access,0.22685,0.2652,0.0,0.77315,0.7348,0.31677,2
846,normal,-1,0.0,,,-1,-1,access_1,access,0.25305,0.25873,0.0,0.74695,0.74127,0.31677,2
846,mixed,366,0.54756,edge_0,edge_0-edge_1,3,2,edge_0,edge,0.51289,0.50696,12.93754,0.48711,0.49304,1.02502,4
846,burst,303,0.58335,edge_1,edge_1-edge_2,2,1,edge_1,edge,0.53891,0.5223,9.24449,0.46109,0.4777,0.95716,3
846,normal,-1,0.0,,,-1,-1,edge_2,edge,0.43738,0.49697,0.0,0.56262,0.50303,0.72091,4
846,mixed,354,0.4607,edge_3,edge_2-edge_3,3,2,edge_3,edge,0.5129,0.52592,11.55738,0.4871,0.47408,1.00938,3
846,mixed,347,0.41811,edge_4,edge_4-edge_0,4,3,edge_4,edge,0.63154,0.55814,19.21099,0.36846,0.44186,1.38553,3
846,normal,-1,0.0,,,-1,-1,cloud_0,cloud,0.39515,0.47199,0.0,0.60485,0.52801,0.55596,3
847,normal,-1,0.0,,,-1,-1,access_0,access,0.22363,0.2391,0.0,0.77637,0.7609,0.31597,2
847,normal,-1,0.0,,,-1,-1,access_1,access,0.22586,0.27481,0.0,0.77414,0.72519,0.31597,2
847,mixed,366,0.54756,edge_0,edge_0-edge_1,3,2,edge_0,edge,0.5227,0.53195,14.09163,0.4773,0.46805,1.12359,4
847,burst,303,0.58335,edge_1,edge_1-edge_2,2,1,edge_1,edge,0.51538,0.53298,7.11787,0.48462,0.46702,0.89646,3
847,normal,-1,0.0,,,-1,-1,edge_2,edge,0.39672,0.45985,0.0,0.60328,0.54015,0.71866,4
847,mixed,354,0.4607,edge_3,edge_2-edge_3,3,2,edge_3,edge,0.56704,0.53759,14.97052,0.43296,0.46241,1.13547,3
847,burst,311,0.51641,edge_4,edge_3-edge_4,2,1,edge_4,edge,0.47738,0.5133,4.45405,0.52262,0.4867,0.87547,3
847,normal,-1,0.0,,,-1,-1,cloud_0,cloud,0.4029,0.4851,0.0,0.5971,0.5149,0.55496,3
848,normal,-1,0.0,,,-1,-1,access_0,access,0.23205,0.23872,0.0,0.76795,0.76128,0.31416,2
848,normal,-1,0.0,,,-1,-1,access_1,access,0.20935,0.26416,0.0,0.79065,0.73584,0.31416,2
848,mixed,366,0.54756,edge_0,edge_0-edge_1,3,2,edge_0,edge,0.60362,0.53848,21.89709,0.39638,0.46152,1.23616,4
848,burst,303,0.58335,edge_1,edge_1-edge_2,2,1,edge_1,edge,0.5081,0.51317,8.19122,0.4919,0.48683,0.88752,3
848,normal,-1,0.0,,,-1,-1,edge_2,edge,0.45018,0.50932,0.0,0.54982,0.49068,0.71359,4
848,mixed,354,0.4607,edge_3,edge_2-edge_3,3,2,edge_3,edge,0.57063,0.56933,16.75588,0.42937,0.43067,1.27551,3
848,burst,311,0.51641,edge_4,edge_3-edge_4,2,1,edge_4,edge,0.48412,0.50846,4.63758,0.51588,0.49154,0.90424,3
848,normal,-1,0.0,,,-1,-1,cloud_0,cloud,0.37084,0.47875,0.0,0.62916,0.52125,0.55271,3
849,normal,-1,0.0,,,-1,-1,access_0,access,0.22611,0.26487,0.0,0.77389,0.73513,0.31149,2
849,normal,-1,0.0,,,-1,-1,access_1,access,0.24334,0.24947,0.0,0.75666,0.75053,0.31149,2
849,mixed,366,0.54756,edge_0,edge_0-edge_1,3,2,edge_0,edge,0.64208,0.5933,25.28824,0.35792,0.4067,1.34064,4
849,normal,-1,0.0,,,-1,-1,edge_1,edge,0.3947,0.4842,0.0,0.6053,0.5158,0.70606,3
849,normal,-1,0.0,,,-1,-1,edge_2,edge,0.38324,0.45851,0.0,0.61676,0.54149,0.70606,4
849,mixed,354,0.4607,edge_3,edge_2-edge_3,3,2,edge_3,edge,0.62457,0.59926,20.4401,0.37543,0.40074,1.381,3
849,burst,311,0.51641,edge_4,edge_3-edge_4,2,1,edge_4,edge,0.4929,0.51957,6.52127,0.5071,0.48043,0.9444,3
849,normal,-1,0.0,,,-1,-1,cloud_0,cloud,0.40529,0.46691,0.0,0.59471,0.53309,0.54936,3
850,normal,-1,0.0,,,-1,-1,access_0,access,0.23206,0.26176,0.0,0.76794,0.73824,0.30814,2
850,normal,-1,0.0,,,-1,-1,access_1,access,0.24006,0.26475,0.0,0.75994,0.73525,0.30814,2
850,mixed,366,0.54756,edge_0,edge_0-edge_1,3,2,edge_0,edge,0.67517,0.61074,26.38327,0.32483,0.38926,1.40883,4
850,normal,-1,0.0,,,-1,-1,edge_1,edge,0.40487,0.48216,0.0,0.59513,0.51784,0.69664,3
850,normal,-1,0.0,,,-1,-1,edge_2,edge,0.41135,0.47209,0.0,0.58865,0.52791,0.69664,4
850,mixed,354,0.4607,edge_3,edge_2-edge_3,3,2,edge_3,edge,0.64931,0.57515,23.59707,0.35069,0.42485,1.40275,3
850,burst,311,0.51641,edge_4,edge_3-edge_4,2,1,edge_4,edge,0.47883,0.49685,5.76474,0.52117,0.50315,1.00033,3
850,normal,-1,0.0,,,-1,-1,cloud_0,cloud,0.40907,0.46515,0.0,0.59093,0.53485,0.54517,3
851,normal,-1,0.0,,,-1,-1,access_0,access,0.22704,0.26722,0.0,0.77296,0.73278,0.30436,2
851,normal,-1,0.0,,,-1,-1,access_1,access,0.21542,0.24902,0.0,0.78458,0.75098,0.30436,2
851,mixed,366,0.54756,edge_0,edge_0-edge_1,3,2,edge_0,edge,0.7084,0.58176,27.4094,0.2916,0.41824,1.41838,4
851,normal,-1,0.0,,,-1,-1,edge_1,edge,0.38461,0.45116,0.0,0.61539,0.54884,0.68601,3
851,normal,-1,0.0,,,-1,-1,edge_2,edge,0.41068,0.4563,0.0,0.58932,0.5437,0.68601,4
851,mixed,354,0.4607,edge_3,edge_2-edge_3,3,2,edge_3,edge,0.65165,0.62789,23.12612,0.34835,0.37211,1.32707,3
851,burst,311,0.51641,edge_4,edge_3-edge_4,2,1,edge_4,edge,0.52192,0.55021,9.25286,0.47808,0.44979,1.07496,3
851,normal,-1,0.0,,,-1,-1,cloud_0,cloud,0.38289,0.47048,0.0,0.61711,0.52952,0.54045,3
852,normal,-1,0.0,,,-1,-1,access_0,access,0.21836,0.25803,0.0,0.78164,0.74197,0.30044,2
852,normal,-1,0.0,,,-1,-1,access_1,access,0.22003,0.24693,0.0,0.77997,0.75307,0.30044,2
852,mixed,366,0.54756,edge_0,edge_0-edge_1,3,2,edge_0,edge,0.65545,0.55214,25.48376,0.34455,0.44786,1.36456,4
852,link_congestion,342,0.3485,edge_1,edge_1-edge_2,2,1,edge_1,edge,0.44726,0.48477,3.21812,0.55274,0.51523,0.83998,3
852,normal,-1,0.0,,,-1,-1,edge_2,edge,0.40093,0.4579,0.0,0.59907,0.5421,0.67499,4
852,mixed,354,0.4607,edge_3,edge_2-edge_3,3,2,edge_3,edge,0.64784,0.60792,22.19784,0.35216,0.39208,1.32058,3
852,burst,311,0.51641,edge_4,edge_3-edge_4,2,1,edge_4,edge,0.52747,0.51437,8.78031,0.47253,0.48563,1.16647,3
852,normal,-1,0.0,,,-1,-1,cloud_0,cloud,0.39995,0.46808,0.0,0.60005,0.53192,0.53555,3
853,normal,-1,0.0,,,-1,-1,access_0,access,0.2024,0.23002,0.0,0.7976,0.76998,0.29666,2
853,normal,-1,0.0,,,-1,-1,access_1,access,0.2132,0.25909,0.0,0.7868,0.74091,0.29666,2
853,mixed,366,0.54756,edge_0,edge_0-edge_1,3,2,edge_0,edge,0.63942,0.58192,23.07772,0.36058,0.41808,1.31576,4
853,link_congestion,342,0.3485,edge_1,edge_1-edge_2,2,1,edge_1,edge,0.45068,0.52118,1.86319,0.54932,0.47882,0.85736,3
853,normal,-1,0.0,,,-1,-1,edge_2,edge,0.39217,0.46991,0.0,0.60783,0.53009,0.66436,4
853,mixed,354,0.4607,edge_3,edge_2-edge_3,3,2,edge_3,edge,0.64981,0.59916,22.7538,0.35019,0.40084,1.32699,3
853,burst,311,0.51641,edge_4,edge_3-edge_4,2,1,edge_4,edge,0.59287,0.56785,11.99107,0.40713,0.43215,1.26541,3
853,normal,-1,0.0,,,-1,-1,cloud_0,cloud,0.39009,0.45233,0.0,0.60991,0.54767,0.53083,3
854,normal,-1,0.0,,,-1,-1,access_0,access,0.21774,0.24667,0.0,0.78226,0.75333,0.29331,2
854,normal,-1,0.0,,,-1,-1,access_1,access,0.22164,0.25222,0.0,0.77836,0.74778,0.29331,2
854,mixed,366,0.54756,edge_0,edge_0-edge_1,3,2,edge_0,edge,0.63932,0.56806,24.45445,0.36068,0.43194,1.34703,4
854,link_congestion,342,0.3485,edge_1,edge_1-edge_2,2,1,edge_1,edge,0.47581,0.48776,4.13975,0.52419,0.51224,0.87304,3
854,normal,-1,0.0,,,-1,-1,edge_2,edge,0.41862,0.48445,0.0,0.58138,0.51555,0.65494,4
854,mixed,354,0.4607,edge_3,edge_2-edge_3,3,2,edge_3,edge,0.62087,0.5751,21.42929,0.37913,0.4249,1.26613,3
854,burst,311,0.51641,edge_4,edge_3-edge_4,2,1,edge_4,edge,0.58667,0.56703,10.78866,0.41333,0.43297,1.35468,3
854,normal,-1,0.0,,,-1,-1,cloud_0,cloud,0.38671,0.45328,0.0,0.61329,0.54672,0.52664,3
855,normal,-1,0.0,,,-1,-1,access_0,access,0.19332,0.24603,0.0,0.80668,0.75397,0.29064,2
855,normal,-1,0.0,,,-1,-1,access_1,access,0.20703,0.25136,0.0,0.79297,0.74864,0.29064,2
855,mixed,366,0.54756,edge_0,edge_0-edge_1,3,2,edge_0,edge,0.64938,0.57808,23.96878,0.35062,0.42192,1.3355,4
855,link_congestion,342,0.3485,edge_1,edge_1-edge_2,2,1,edge_1,edge,0.53433,0.54569,6.47182,0.46567,0.45431,0.88549,3
855,link_congestion,334,0.49331,edge_2,edge_1-edge_2,2,1,edge_2,edge,0.48608,0.5408,5.91181,0.51392,0.4592,0.86605,4
855,mixed,354,0.4607,edge_3,edge_2-edge_3,3,2,edge_3,edge,0.58573,0.5461,18.05371,0.41427,0.4539,1.23162,3
855,burst,311,0.51641,edge_4,edge_3-edge_4,2,1,edge_4,edge,0.595,0.57635,12.47214,0.405,0.42365,1.41372,3
855,normal,-1,0.0,,,-1,-1,cloud_0,cloud,0.3805,0.46681,0.0,0.6195,0.53319,0.52329,3
856,normal,-1,0.0,,,-1,-1,access_0,access,0.21472,0.24359,0.0,0.78528,0.75641,0.28883,2
856,normal,-1,0.0,,,-1,-1,access_1,access,0.22484,0.25027,0.0,0.77516,0.74973,0.28883,2
856,mixed,366,0.54756,edge_0,edge_0-edge_1,3,2,edge_0,edge,0.65911,0.57438,24.6183,0.34089,0.42562,1.28177,4
856,link_congestion,342,0.3485,edge_1,edge_1-edge_2,2,1,edge_1,edge,0.42129,0.45458,0.437,0.57871,0.54542,0.89348,3
856,link_congestion,334,0.49331,edge_2,edge_1-edge_2,2,1,edge_2,edge,0.49945,0.51805,5.63328,0.50055,0.48195,0.91002,4
856,mixed,354,0.4607,edge_3,edge_2-edge_3,3,2,edge_3,edge,0.65124,0.62075,22.0918,0.34876,0.37925,1.30606,3
856,burst,311,0.51641,edge_4,edge_3-edge_4,2,1,edge_4,edge,0.6125,0.59085,14.67382,0.3875,0.40915,1.42595,3
856,normal,-1,0.0,,,-1,-1,cloud_0,cloud,0.35442,0.44264,0.0,0.64558,0.55736,0.52104,3
857,normal,-1,0.0,,,-1,-1,access_0,access,0.20784,0.24199,0.0,0.79216,0.75801,0.28803,2
857,normal,-1,0.0,,,-1,-1,access_1,access,0.2076,0.24205,0.0,0.7924,0.75795,0.28803,2
857,mixed,366,0.54756,edge_0,edge_0-edge_1,3,2,edge_0,edge,0.63413,0.57776,23.19762,0.36587,0.42224,1.22328,4
857,link_congestion,342,0.3485,edge_1,edge_1-edge_2,2,1,edge_1,edge,0.47397,0.52099,3.19332,0.52603,0.47901,0.89623,3
857,link_congestion,334,0.49331,edge_2,edge_1-edge_2,2,1,edge_2,edge,0.5246,0.49756,8.54853,0.4754,0.50244,0.92088,4
857,mixed,354,0.4607,edge_3,edge_2-edge_3,3,2,edge_3,edge,0.61742,0.55946,21.50837,0.38258,0.44054,1.27714,3
857,burst,311,0.51641,edge_4,edge_3-edge_4,2,1,edge_4,edge,0.60116,0.58599,13.03359,0.39884,0.41401,1.38602,3
857,normal,-1,0.0,,,-1,-1,cloud_0,cloud,0.3889,0.45909,0.0,0.6111,0.54091,0.52004,3
858,normal,-1,0.0,,,-1,-1,access_0,access,0.22417,0.25085,0.0,0.77583,0.74915,0.2883,2
858,normal,-1,0.0,,,-1,-1,access_1,access,0.20573,0.23768,0.0,0.79427,0.76232,0.2883,2
858,mixed,366,0.54756,edge_0,edge_0-edge_1,3,2,edge_0,edge,0.65512,0.57733,26.21447,0.34488,0.42267,1.30314,4
858,link_congestion,342,0.3485,edge_1,edge_1-edge_2,2,1,edge_1,edge,0.4546,0.50967,1.98095,0.5454,0.49033,0.89348,3
858,link_congestion,334,0.49331,edge_2,edge_1-edge_2,2,1,edge_2,edge,0.5138,0.51111,7.9454,0.4862,0.48889,0.89045,4
858,mixed,354,0.4607,edge_3,edge_2-edge_3,3,2,edge_3,edge,0.61384,0.58521,18.17035,0.38616,0.41479,1.17486,3
858,burst,311,0.51641,edge_4,edge_3-edge_4,2,1,edge_4,edge,0.57138,0.54478,10.84396,0.42862,0.45522,1.30262,3
858,normal,-1,0.0,,,-1,-1,cloud_0,cloud,0.38983,0.45487,0.0,0.61017,0.54513,0.52038,3
859,normal,-1,0.0,,,-1,-1,access_0,access,0.2178,0.25109,0.0,0.7822,0.74891,0.28961,2
859,normal,-1,0.0,,,-1,-1,access_1,access,0.22281,0.24923,0.0,0.77719,0.75077,0.28961,2
859,mixed,366,0.54756,edge_0,edge_0-edge_1,3,2,edge_0,edge,0.67627,0.60079,26.78749,0.32373,0.39921,1.32265,4
859,link_congestion,342,0.3485,edge_1,edge_1-edge_2,2,1,edge_1,edge,0.52162,0.54956,6.3182,0.47838,0.45044,0.88549,3
859,link_congestion,334,0.49331,edge_2,edge_1-edge_2,2,1,edge_2,edge,0.48686,0.53976,6.99746,0.51314,0.46024,0.84164,4
859,link_congestion,337,0.44573,edge_3,access_1-edge_3,1,0,edge_3,edge,0.43653,0.48311,2.50017,0.56347,0.51689,0.87406,3
859,burst,311,0.51641,edge_4,edge_3-edge_4,2,1,edge_4,edge,0.54833,0.52433,10.5258,0.45167,0.47567,1.19526,3
859,normal,-1,0.0,,,-1,-1,cloud_0,cloud,0.37911,0.47365,0.0,0.62089,0.52635,0.52202,3
860,normal,-1,0.0,,,-1,-1,access_0,access,0.21255,0.25169,0.0,0.78745,0.74831,0.29188,2
860,normal,-1,0.0,,,-1,-1,access_1,access,0.20622,0.25201,0.0,0.79378,0.74799,0.29188,2
860,mixed,366,0.54756,edge_0,edge_0-edge_1,3,2,edge_0,edge,0.62094,0.59874,22.69152,0.37906,0.40126,1.27598,4
860,link_congestion,342,0.3485,edge_1,edge_1-edge_2,2,1,edge_1,edge,0.4598,0.48595,3.13733,0.5402,0.51405,0.87304,3
860,link_congestion,334,0.49331,edge_2,edge_1-edge_2,2,1,edge_2,edge,0.54356,0.53781,9.33217,0.45644,0.46219,0.81121,4
860,link_congestion,337,0.44573,edge_3,access_1-edge_3,1,0,edge_3,edge,0.42805,0.49515,2.05087,0.57195,0.50485,0.88917,3
860,burst,311,0.51641,edge_4,edge_3-edge_4,2,1,edge_4,edge,0.50449,0.50024,7.73021,0.49551,0.49976,1.0867,3
860,normal,-1,0.0,,,-1,-1,cloud_0,cloud,0.39423,0.45051,0.0,0.60577,0.54949,0.52484,3
861,normal,-1,0.0,,,-1,-1,access_0,access,0.22745,0.26336,0.0,0.77255,0.73664,0.29492,2
861,normal,-1,0.0,,,-1,-1,access_1,access,0.20825,0.24162,0.0,0.79175,0.75838,0.29492,2
861,mixed,362,0.59196,edge_0,edge_0-edge_1,3,2,edge_0,edge,0.52196,0.51336,13.87401,0.47804,0.48664,1.03301,4
861,link_congestion,342,0.3485,edge_1,edge_1-edge_2,2,1,edge_1,edge,0.49219,0.52167,5.85231,0.50781,0.47833,0.85736,3
861,link_congestion,334,0.49331,edge_2,edge_1-edge_2,2,1,edge_2,edge,0.54811,0.56809,8.81534,0.45189,0.43191,0.82207,4
861,link_congestion,337,0.44573,edge_3,access_1-edge_3,1,0,edge_3,edge,0.45856,0.48746,3.87733,0.54144,0.51254,0.90146,3
861,burst,311,0.51641,edge_4,edge_3-edge_4,2,1,edge_4,edge,0.53039,0.53779,8.17376,0.46961,0.46221,0.99519,3
861,normal,-1,0.0,,,-1,-1,cloud_0,cloud,0.38484,0.45788,0.0,0.61516,0.54212,0.52865,3
862,normal,-1,0.0,,,-1,-1,access_0,access,0.22434,0.25642,0.0,0.77566,0.74358,0.29851,2
862,normal,-1,0.0,,,-1,-1,access_1,access,0.24101,0.25647,0.0,0.75899,0.74353,0.29851,2
862,mixed,362,0.59196,edge_0,edge_0-edge_1,3,2,edge_0,edge,0.53971,0.55327,17.08252,0.46029,0.44673,1.15909,4
862,link_congestion,342,0.3485,edge_1,edge_1-edge_2,2,1,edge_1,edge,0.50421,0.54055,3.77975,0.49579,0.45945,0.83998,3
862,link_congestion,334,0.49331,edge_2,edge_1-edge_2,2,1,edge_2,edge,0.52159,0.54082,8.01878,0.47841,0.45918,0.86605,4
862,link_congestion,337,0.44573,edge_3,access_1-edge_3,1,0,edge_3,edge,0.44523,0.4827,2.56429,0.55477,0.5173,0.90984,3
862,burst,311,0.51641,edge_4,edge_3-edge_4,2,1,edge_4,edge,0.52379,0.55984,5.78851,0.47621,0.44016,0.93018,3
862,normal,-1,0.0,,,-1,-1,cloud_0,cloud,0.38995,0.44489,0.0,0.61005,0.55511,0.53314,3
863,normal,-1,0.0,,,-1,-1,access_0,access,0.22242,0.25365,0.0,0.77758,0.74635,0.3024,2
863,normal,-1,0.0,,,-1,-1,access_1,access,0.21915,0.25078,0.0,0.78085,0.74922,0.3024,2
863,mixed,362,0.59196,edge_0,edge_0-edge_1,3,2,edge_0,edge,0.61618,0.56019,22.35315,0.38382,0.43981,1.29914,4
863,link_congestion,342,0.3485,edge_1,edge_1-edge_2,2,1,edge_1,edge,0.44578,0.47361,1.28985,0.55422,0.52639,0.8226,3
863,normal,-1,0.0,,,-1,-1,edge_2,edge,0.43098,0.50261,0.0,0.56902,0.49739,0.6805,4
863,link_congestion,337,0.44573,edge_3,access_1-edge_3,1,0,edge_3,edge,0.48961,0.51131,5.50639,0.51039,0.48869,0.91357,3
863,burst,311,0.51641,edge_4,edge_3-edge_4,2,1,edge_4,edge,0.54088,0.54629,8.98774,0.45912,0.45371,0.89233,3
863,normal,-1,0.0,,,-1,-1,cloud_0,cloud,0.3744,0.47015,0.0,0.6256,0.52985,0.538,3
864,normal,-1,0.0,,,-1,-1,access_0,access,0.21542,0.26445,0.0,0.78458,0.73555,0.3024,2
864,normal,-1,0.0,,,-1,-1,access_1,access,0.23355,0.24718,0.0,0.76645,0.75282,0.3024,2
864,mixed,362,0.59196,edge_0,edge_0-edge_1,3,2,edge_0,edge,0.67736,0.64303,26.92484,0.32264,0.35697,1.40463,4
864,link_congestion,342,0.3485,edge_1,edge_1-edge_2,2,1,edge_1,edge,0.39448,0.45167,0.0,0.60552,0.54833,0.80692,3
864,normal,-1,0.0,,,-1,-1,edge_2,edge,0.38982,0.45885,0.0,0.61018,0.54115,0.6805,4
864,link_congestion,337,0.44573,edge_3,access_1-edge_3,1,0,edge_3,edge,0.4277,0.46424,0.78655,0.5723,0.53576,0.91232,3
864,burst,311,0.51641,edge_4,edge_3-edge_4,2,1,edge_4,edge,0.51193,0.55331,7.20943,0.48807,0.44669,0.87654,3
864,normal,-1,0.0,,,-1,-1,cloud_0,cloud,0.40493,0.47117,0.0,0.59507,0.52883,0.538,3
865,normal,-1,0.0,,,-1,-1,access_0,access,0.22657,0.24476,0.0,0.77343,0.75524,0.30629,2
865,normal,-1,0.0,,,-1,-1,access_1,access,0.21518,0.25855,0.0,0.78482,0.74145,0.30629,2
865,mixed,362,0.59196,edge_0,edge_0-edge_1,3,2,edge_0,edge,0.73212,0.65063,29.99429,0.26788,0.34937,1.42638,4
865,link_congestion,342,0.3485,edge_1,edge_1-edge_2,2,1,edge_1,edge,0.42652,0.50398,0.0,0.57348,0.49602,0.79447,3
865,normal,-1,0.0,,,-1,-1,edge_2,edge,0.375,0.4701,0.0,0.625,0.5299,0.69143,4
865,link_congestion,337,0.44573,edge_3,access_1-edge_3,1,0,edge_3,edge,0.50688,0.53281,5.94333,0.49312,0.46719,0.9062,3
865,burst,311,0.51641,edge_4,edge_3-edge_4,2,1,edge_4,edge,0.50355,0.51263,4.91271,0.49645,0.48737,0.87547,3
865,normal,-1,0.0,,,-1,-1,cloud_0,cloud,0.37601,0.46938,0.0,0.62399,0.53062,0.54286,3
866,normal,-1,0.0,,,-1,-1,access_0,access,0.22791,0.2574,0.0,0.77209,0.7426,0.30988,2
866,normal,-1,0.0,,,-1,-1,access_1,access,0.22727,0.25465,0.0,0.77273,0.74535,0.30988,2
866,mixed,362,0.59196,edge_0,edge_0-edge_1,3,2,edge_0,edge,0.68687,0.61574,28.2821,0.31313,0.38426,1.35069,4
866,link_congestion,342,0.3485,edge_1,edge_1-edge_2,2,1,edge_1,edge,0.43851,0.50654,3.60445,0.56149,0.49346,0.78648,3
866,normal,-1,0.0,,,-1,-1,edge_2,edge,0.42356,0.47649,0.0,0.57644,0.52351,0.70154,4
866,link_congestion,337,0.44573,edge_3,access_1-edge_3,1,0,edge_3,edge,0.47149,0.4721,3.93635,0.52851,0.5279,0.89574,3
866,normal,-1,0.0,,,-1,-1,edge_4,edge,0.38362,0.47664,0.0,0.61638,0.52336,0.70154,3
866,normal,-1,0.0,,,-1,-1,cloud_0,cloud,0.40828,0.47582,0.0,0.59172,0.52418,0.54735,3
867,normal,-1,0.0,,,-1,-1,access_0,access,0.22745,0.24837,0.0,0.77255,0.75163,0.31292,2
867,normal,-1,0.0,,,-1,-1,access_1,access,0.24079,0.25017,0.0,0.75921,0.74983,0.31292,2
867,mixed,362,0.59196,edge_0,edge_0-edge_1,3,2,edge_0,edge,0.63853,0.57597,25.59831,0.36147,0.42403,1.34421,4
867,link_congestion,342,0.3485,edge_1,edge_1-edge_2,2,1,edge_1,edge,0.43435,0.47179,3.09858,0.56565,0.52821,0.78373,3
867,normal,-1,0.0,,,-1,-1,edge_2,edge,0.43623,0.48232,0.0,0.56377,0.51768,0.7101,4
867,link_congestion,337,0.44573,edge_3,access_1-edge_3,1,0,edge_3,edge,0.50964,0.51673,6.19632,0.49036,0.48327,0.88189,3
867,normal,-1,0.0,,,-1,-1,edge_4,edge,0.40201,0.4752,0.0,0.59799,0.5248,0.7101,3
867,normal,-1,0.0,,,-1,-1,cloud_0,cloud,0.3944,0.47023,0.0,0.6056,0.52977,0.55116,3
868,normal,-1,0.0,,,-1,-1,access_0,access,0.23103,0.25437,0.0,0.76897,0.74563,0.31519,2
868,normal,-1,0.0,,,-1,-1,access_1,access,0.22157,0.25512,0.0,0.77843,0.74488,0.31519,2
868,mixed,362,0.59196,edge_0,edge_0-edge_1,3,2,edge_0,edge,0.7037,0.60131,29.59933,0.2963,0.39869,1.35062,4
868,link_congestion,342,0.3485,edge_1,edge_1-edge_2,2,1,edge_1,edge,0.48128,0.5205,2.70541,0.51872,0.4795,0.78648,3
868,normal,-1,0.0,,,-1,-1,edge_2,edge,0.41217,0.4673,0.0,0.58783,0.5327,0.71646,4
868,link_congestion,337,0.44573,edge_3,access_1-edge_3,1,0,edge_3,edge,0.4377,0.52256,2.56922,0.5623,0.47744,0.86587,3
868,normal,-1,0.0,,,-1,-1,edge_4,edge,0.39488,0.47124,0.0,0.60512,0.52876,0.71646,3
868,normal,-1,0.0,,,-1,-1,cloud_0,cloud,0.38761,0.46871,0.0,0.61239,0.53129,0.55398,3
869,normal,-1,0.0,,,-1,-1,access_0,access,0.23239,0.26547,0.0,0.76761,0.73453,0.3165,2
869,normal,-1,0.0,,,-1,-1,access_1,access,0.23472,0.25352,0.0,0.76528,0.74648,0.3165,2
869,mixed,362,0.59196,edge_0,edge_0-edge_1,3,2,edge_0,edge,0.65335,0.57118,25.7508,0.34665,0.42882,1.28976,4
869,link_congestion,342,0.3485,edge_1,edge_1-edge_2,2,1,edge_1,edge,0.51368,0.53074,5.34891,0.48632,0.46926,0.79447,3
869,normal,-1,0.0,,,-1,-1,edge_2,edge,0.42814,0.47681,0.0,0.57186,0.52319,0.72015,4
869,link_congestion,337,0.44573,edge_3,access_1-edge_3,1,0,edge_3,edge,0.42223,0.47178,1.10078,0.57777,0.52822,0.8491,3
869,mixed,355,0.65542,edge_4,edge_3-edge_4,4,3,edge_4,edge,0.61744,0.5464,22.7926,0.38256,0.4536,1.04443,3
869,normal,-1,0.0,,,-1,-1,cloud_0,cloud,0.39385,0.47391,0.0,0.60615,0.52609,0.55562,3
870,normal,-1,0.0,,,-1,-1,access_0,access,0.24247,0.26117,0.0,0.75753,0.73883,0.31677,2
870,normal,-1,0.0,,,-1,-1,access_1,access,0.24695,0.26814,0.0,0.75305,0.73186,0.31677,2
870,mixed,362,0.59196,edge_0,edge_0-edge_1,3,2,edge_0,edge,0.63912,0.60765,24.95526,0.36088,0.39235,1.25525,4
870,link_congestion,342,0.3485,edge_1,edge_1-edge_2,2,1,edge_1,edge,0.48211,0.48776,3.83883,0.51789,0.51224,0.80692,3
870,normal,-1,0.0,,,-1,-1,edge_2,edge,0.42391,0.49837,0.0,0.57609,0.50163,0.72091,4
870,link_congestion,337,0.44573,edge_3,access_1-edge_3,1,0,edge_3,edge,0.45046,0.51495,4.06701,0.54954,0.48505,0.83308,3
870,mixed,355,0.65542,edge_4,edge_3-edge_4,4,3,edge_4,edge,0.58436,0.5747,20.00573,0.41564,0.4253,1.10938,3
870,normal,-1,0.0,,,-1,-1,cloud_0,cloud,0.41013,0.4697,0.0,0.58987,0.5303,0.55596,3
871,normal,-1,0.0,,,-1,-1,access_0,access,0.2526,0.2618,0.0,0.7474,0.7382,0.31597,2
871,normal,-1,0.0,,,-1,-1,access_1,access,0.2434,0.2647,0.0,0.7566,0.7353,0.31597,2
871,mixed,362,0.59196,edge_0,edge_0-edge_1,3,2,edge_0,edge,0.65648,0.58648,26.56663,0.34352,0.41352,1.32969,4
871,link_congestion,342,0.3485,edge_1,edge_1-edge_2,2,1,edge_1,edge,0.41695,0.46654,0.83039,0.58305,0.53346,0.8226,3
871,normal,-1,0.0,,,-1,-1,edge_2,edge,0.4128,0.48091,0.0,0.5872,0.51909,0.71866,4
871,link_congestion,337,0.44573,edge_3,access_1-edge_3,1,0,edge_3,edge,0.46733,0.5423,4.38167,0.53267,0.4577,0.81922,3
871,mixed,355,0.65542,edge_4,edge_3-edge_4,4,3,edge_4,edge,0.67658,0.63303,25.86676,0.32342,0.36697,1.18325,3
871,normal,-1,0.0,,,-1,-1,cloud_0,cloud,0.3908,0.45811,0.0,0.6092,0.54189,0.55496,3
872,normal,-1,0.0,,,-1,-1,access_0,access,0.22239,0.25265,0.0,0.77761,0.74735,0.31416,2
872,normal,-1,0.0,,,-1,-1,access_1,access,0.22429,0.24999,0.0,0.77571,0.75001,0.31416,2
872,mixed,362,0.59196,edge_0,edge_0-edge_1,3,2,edge_0,edge,0.603,0.57579,21.64019,0.397,0.42421,1.30077,4
872,link_congestion,342,0.3485,edge_1,edge_1-edge_2,2,1,edge_1,edge,0.44994,0.5209,2.68561,0.55006,0.4791,0.83998,3
872,normal,-1,0.0,,,-1,-1,edge_2,edge,0.42709,0.47073,0.0,0.57291,0.52927,0.71359,4
872,link_congestion,337,0.44573,edge_3,access_1-edge_3,1,0,edge_3,edge,0.42567,0.47609,0.79985,0.57433,0.52391,0.80877,3
872,mixed,355,0.65542,edge_4,edge_3-edge_4,4,3,edge_4,edge,0.69519,0.59845,27.83696,0.30481,0.40155,1.2607,3
872,normal,-1,0.0,,,-1,-1,cloud_0,cloud,0.40325,0.4714,0.0,0.59675,0.5286,0.55271,3
873,normal,-1,0.0,,,-1,-1,access_0,access,0.23133,0.27427,0.0,0.76867,0.72573,0.31149,2
873,normal,-1,0.0,,,-1,-1,access_1,access,0.22424,0.26346,0.0,0.77576,0.73654,0.31149,2
873,mixed,362,0.59196,edge_0,edge_0-edge_1,3,2,edge_0,edge,0.6181,0.59716,23.56724,0.3819,0.40284,1.19849,4
873,normal,-1,0.0,,,-1,-1,edge_1,edge,0.42921,0.46791,0.0,0.57079,0.53209,0.70606,3
873,mixed,380,0.6536,edge_2,access_1-edge_2,1,0,edge_2,edge,0.594,0.53634,20.43052,0.406,0.46366,1.04411,4
873,link_congestion,337,0.44573,edge_3,access_1-edge_3,1,0,edge_3,edge,0.43362,0.48853,3.38034,0.56638,0.51147,0.80264,3
873,mixed,355,0.65542,edge_4,edge_3-edge_4,4,3,edge_4,edge,0.6781,0.62429,28.61228,0.3219,0.37571,1.33396,3
873,normal,-1,0.0,,,-1,-1,cloud_0,cloud,0.40806,0.46461,0.0,0.59194,0.53539,0.54936,3
874,normal,-1,0.0,,,-1,-1,access_0,access,0.21445,0.24297,0.0,0.78555,0.75703,0.30814,2
874,normal,-1,0.0,,,-1,-1,access_1,access,0.21023,0.26306,0.0,0.78977,0.73694,0.30814,2
874,link_congestion,331,0.58905,edge_0,edge_0-edge_1,3,2,edge_0,edge,0.47788,0.49603,4.32548,0.52212,0.50397,0.93812,4
874,normal,-1,0.0,,,-1,-1,edge_1,edge,0.38303,0.47104,0.0,0.61697,0.52896,0.69664,3
874,mixed,380,0.6536,edge_2,access_1-edge_2,1,0,edge_2,edge,0.68578,0.61697,26.98523,0.31422,0.38303,1.13594,4
874,link_congestion,337,0.44573,edge_3,access_1-edge_3,1,0,edge_3,edge,0.44669,0.47502,3.12818,0.55331,0.52498,0.80139,3
874,mixed,355,0.65542,edge_4,edge_3-edge_4,4,3,edge_4,edge,0.7021,0.60698,29.2135,0.2979,0.39302,1.39389,3
874,normal,-1,0.0,,,-1,-1,cloud_0,cloud,0.38658,0.47798,0.0,0.61342,0.52202,0.54517,3
875,normal,-1,0.0,,,-1,-1,access_0,access,0.22056,0.25914,0.0,0.77944,0.74086,0.30436,2
875,normal,-1,0.0,,,-1,-1,access_1,access,0.22647,0.25214,0.0,0.77353,0.74786,0.30436,2
875,link_congestion,331,0.58905,edge_0,edge_0-edge_1,3,2,edge_0,edge,0.51049,0.5268,7.99062,0.48951,0.4732,0.90768,4
875,normal,-1,0.0,,,-1,-1,edge_1,edge,0.3912,0.46867,0.0,0.6088,0.53133,0.68601,3
875,mixed,380,0.6536,edge_2,access_1-edge_2,1,0,edge_2,edge,0.68093,0.60579,29.28575,0.31907,0.39421,1.24107,4
875,link_congestion,337,0.44573,edge_3,access_1-edge_3,1,0,edge_3,edge,0.44647,0.49788,2.22459,0.55353,0.50212,0.80512,3
875,mixed,355,0.65542,edge_4,edge_3-edge_4,4,3,edge_4,edge,0.73337,0.64736,31.26462,0.26663,0.35264,1.43176,3
875,normal,-1,0.0,,,-1,-1,cloud_0,cloud,0.39384,0.46239,0.0,0.60616,0.53761,0.54045,3
876,normal,-1,0.0,,,-1,-1,access_0,access,0.22861,0.23758,0.0,0.77139,0.76242,0.30044,2
876,normal,-1,0.0,,,-1,-1,access_1,access,0.20921,0.2435,0.0,0.79079,0.7565,0.30044,2
876,link_congestion,331,0.58905,edge_0,edge_0-edge_1,3,2,edge_0,edge,0.46416,0.50815,6.32698,0.53584,0.49185,0.85887,4
876,normal,-1,0.0,,,-1,-1,edge_1,edge,0.36402,0.45659,0.0,0.63598,0.54341,0.67499,3
876,mixed,380,0.6536,edge_2,access_1-edge_2,1,0,edge_2,edge,0.75193,0.6241,32.30451,0.24807,0.3759,1.34204,4
876,link_congestion,337,0.44573,edge_3,access_1-edge_3,1,0,edge_3,edge,0.4247,0.48032,0.68045,0.5753,0.51968,0.8135,3
876,mixed,355,0.65542,edge_4,edge_3-edge_4,4,3,edge_4,edge,0.73859,0.62457,33.19354,0.26141,0.37543,1.44137,3
876,normal,-1,0.0,,,-1,-1,cloud_0,cloud,0.36563,0.47236,0.0,0.63437,0.52764,0.53555,3
877,normal,-1,0.0,,,-1,-1,access_0,access,0.232,0.25061,0.0,0.768,0.74939,0.29666,2
877,normal,-1,0.0,,,-1,-1,access_1,access,0.22181,0.25918,0.0,0.77819,0.74082,0.29666,2
877,link_congestion,331,0.58905,edge_0,edge_0-edge_1,3,2,edge_0,edge,0.50367,0.52984,8.10136,0.49633,0.47016,0.82844,4
877,normal,-1,0.0,,,-1,-1,edge_1,edge,0.36152,0.46117,0.0,0.63848,0.53883,0.66436,3
877,mixed,380,0.6536,edge_2,access_1-edge_2,1,0,edge_2,edge,0.77522,0.62029,33.87437,0.22478,0.37971,1.41572,4
877,link_congestion,337,0.44573,edge_3,access_1-edge_3,1,0,edge_3,edge,0.44095,0.48407,2.79478,0.55905,0.51593,0.8258,3
877,mixed,355,0.65542,edge_4,edge_3-edge_4,4,3,edge_4,edge,0.74064,0.64463,32.65413,0.25936,0.35537,1.42066,3
877,normal,-1,0.0,,,-1,-1,cloud_0,cloud,0.40737,0.46432,0.0,0.59263,0.53568,0.53083,3
878,normal,-1,0.0,,,-1,-1,access_0,access,0.2096,0.25434,0.0,0.7904,0.74566,0.29331,2
878,normal,-1,0.0,,,-1,-1,access_1,access,0.2219,0.25875,0.0,0.7781,0.74125,0.29331,2
878,link_congestion,331,0.58905,edge_0,edge_0-edge_1,3,2,edge_0,edge,0.47618,0.5163,5.09044,0.52382,0.4837,0.8393,4
878,normal,-1,0.0,,,-1,-1,edge_1,edge,0.36037,0.46211,0.0,0.63963,0.53789,0.65494,3
878,mixed,380,0.6536,edge_2,access_1-edge_2,1,0,edge_2,edge,0.76001,0.62833,32.52804,0.23999,0.37167,1.4415,4
878,link_congestion,337,0.44573,edge_3,access_1-edge_3,1,0,edge_3,edge,0.44765,0.50869,2.75236,0.55235,0.49131,0.8409,3
878,mixed,355,0.65542,edge_4,edge_3-edge_4,4,3,edge_4,edge,0.77555,0.63167,34.34298,0.22445,0.36833,1.3724,3
878,normal,-1,0.0,,,-1,-1,cloud_0,cloud,0.36615,0.45479,0.0,0.63385,0.54521,0.52664,3
879,normal,-1,0.0,,,-1,-1,access_0,access,0.22445,0.24488,0.0,0.77555,0.75512,0.29064,2
879,normal,-1,0.0,,,-1,-1,access_1,access,0.22696,0.23252,0.0,0.77304,0.76748,0.29064,2
879,link_congestion,331,0.58905,edge_0,edge_0-edge_1,3,2,edge_0,edge,0.43088,0.48001,2.19678,0.56912,0.51999,0.88328,4
879,normal,-1,0.0,,,-1,-1,edge_1,edge,0.35857,0.44868,0.0,0.64143,0.55132,0.64741,3
879,mixed,380,0.6536,edge_2,access_1-edge_2,1,0,edge_2,edge,0.73939,0.64544,32.15941,0.26061,0.35456,1.41064,4
879,link_congestion,337,0.44573,edge_3,access_1-edge_3,1,0,edge_3,edge,0.48395,0.50639,4.93325,0.51605,0.49361,0.85748,3
879,mixed,355,0.65542,edge_4,edge_3-edge_4,4,3,edge_4,edge,0.71238,0.58895,29.78139,0.28762,0.41105,1.32571,3
879,normal,-1,0.0,,,-1,-1,cloud_0,cloud,0.39038,0.43867,0.0,0.60962,0.56133,0.52329,3
880,normal,-1,0.0,,,-1,-1,access_0,access,0.21519,0.24542,0.0,0.78481,0.75458,0.28883,2
880,normal,-1,0.0,,,-1,-1,access_1,access,0.20921,0.25938,0.0,0.79079,0.74062,0.28883,2
880,node_overload,322,0.54233,edge_0,edge_0-edge_1,3,2,edge_0,edge,0.61278,0.59045,34.06578,0.38722,0.40955,0.85654,4
880,normal,-1,0.0,,,-1,-1,edge_1,edge,0.37502,0.48014,0.0,0.62498,0.51986,0.64234,3
880,mixed,380,0.6536,edge_2,access_1-edge_2,1,0,edge_2,edge,0.69812,0.58988,28.47942,0.30188,0.41012,1.33087,4
880,mixed,360,0.36924,edge_3,access_1-edge_3,1,0,edge_3,edge,0.57149,0.55061,16.84216,0.42851,0.44939,1.28805,3
880,mixed,355,0.65542,edge_4,edge_3-edge_4,4,3,edge_4,edge,0.74974,0.6447,32.49234,0.25026,0.3553,1.35563,3
880,normal,-1,0.0,,,-1,-1,cloud_0,cloud,0.35544,0.46064,0.0,0.64456,0.53936,0.52104,3
881,normal,-1,0.0,,,-1,-1,access_0,access,0.21672,0.25956,0.0,0.78328,0.74044,0.28803,2
881,normal,-1,0.0,,,-1,-1,access_1,access,0.20729,0.25325,0.0,0.79271,0.74675,0.28803,2
881,node_overload,322,0.54233,edge_0,edge_0-edge_1,3,2,edge_0,edge,0.57442,0.55309,34.36428,0.42558,0.44691,0.83495,4
881,normal,-1,0.0,,,-1,-1,edge_1,edge,0.37617,0.45406,0.0,0.62383,0.54594,0.64009,3
881,mixed,380,0.6536,edge_2,access_1-edge_2,1,0,edge_2,edge,0.73392,0.63296,32.39361,0.26608,0.36704,1.3553,4
881,mixed,360,0.36924,edge_3,access_1-edge_3,1,0,edge_3,edge,0.52502,0.50557,10.96342,0.47498,0.49443,1.1584,3
881,mixed,355,0.65542,edge_4,edge_3-edge_4,4,3,edge_4,edge,0.72636,0.61922,33.59072,0.27364,0.38078,1.36771,3
881,normal,-1,0.0,,,-1,-1,cloud_0,cloud,0.3828,0.4494,0.0,0.6172,0.5506,0.52004,3
882,normal,-1,0.0,,,-1,-1,access_0,access,0.1962,0.24553,0.0,0.8038,0.75447,0.2883,2
882,normal,-1,0.0,,,-1,-1,access_1,access,0.21785,0.25699,0.0,0.78215,0.74301,0.2883,2
882,node_overload,322,0.54233,edge_0,edge_0-edge_1,3,2,edge_0,edge,0.61079,0.56691,35.20409,0.38921,0.43309,0.81784,4
882,normal,-1,0.0,,,-1,-1,edge_1,edge,0.38285,0.45642,0.0,0.61715,0.54358,0.64085,3
882,mixed,380,0.6536,edge_2,access_1-edge_2,1,0,edge_2,edge,0.75785,0.6463,32.64504,0.24215,0.3537,1.36665,4
882,normal,-1,0.0,,,-1,-1,edge_3,edge,0.34192,0.44205,0.0,0.65808,0.55795,0.64085,3
882,mixed,355,0.65542,edge_4,edge_3-edge_4,4,3,edge_4,edge,0.75573,0.64841,34.22268,0.24427,0.35159,1.35915,3
882,normal,-1,0.0,,,-1,-1,cloud_0,cloud,0.39467,0.45325,0.0,0.60533,0.54675,0.52038,3
883,normal,-1,0.0,,,-1,-1,access_0,access,0.22122,0.2469,0.0,0.77878,0.7531,0.28961,2
883,normal,-1,0.0,,,-1,-1,access_1,access,0.21599,0.23658,0.0,0.78401,0.76342,0.28961,2
883,node_overload,322,0.54233,edge_0,edge_0-edge_1,3,2,edge_0,edge,0.58945,0.54137,35.21066,0.41055,0.45863,0.80752,4
883,normal,-1,0.0,,,-1,-1,edge_1,edge,0.35852,0.43849,0.0,0.64148,0.56151,0.64454,3
883,mixed,380,0.6536,edge_2,access_1-edge_2,1,0,edge_2,edge,0.77899,0.65741,35.05706,0.22101,0.34259,1.33888,4
883,normal,-1,0.0,,,-1,-1,edge_3,edge,0.34243,0.44723,0.0,0.65757,0.55277,0.64454,3
883,mixed,355,0.65542,edge_4,edge_3-edge_4,4,3,edge_4,edge,0.75582,0.65804,33.65278,0.24418,0.34196,1.33019,3
883,normal,-1,0.0,,,-1,-1,cloud_0,cloud,0.38025,0.46188,0.0,0.61975,0.53812,0.52202,3
884,normal,-1,0.0,,,-1,-1,access_0,access,0.21044,0.25225,0.0,0.78956,0.74775,0.29188,2
884,normal,-1,0.0,,,-1,-1,access_1,access,0.21418,0.25498,0.0,0.78582,0.74502,0.29188,2
884,node_overload,322,0.54233,edge_0,edge_0-edge_1,3,2,edge_0,edge,0.56799,0.55519,33.89266,0.43201,0.44481,0.80539,4
884,normal,-1,0.0,,,-1,-1,edge_1,edge,0.35878,0.45746,0.0,0.64122,0.54254,0.6509,3
884,mixed,380,0.6536,edge_2,access_1-edge_2,1,0,edge_2,edge,0.73639,0.62904,31.21946,0.26361,0.37096,1.2774,4
884,normal,-1,0.0,,,-1,-1,edge_3,edge,0.34245,0.44008,0.0,0.65755,0.55992,0.6509,3
884,mixed,355,0.65542,edge_4,edge_3-edge_4,4,3,edge_4,edge,0.67797,0.60088,28.30287,0.32203,0.39912,1.28436,3
884,normal,-1,0.0,,,-1,-1,cloud_0,cloud,0.37913,0.4546,0.0,0.62087,0.5454,0.52484,3
885,normal,-1,0.0,,,-1,-1,access_0,access,0.22067,0.25169,0.0,0.77933,0.74831,0.29492,2
885,normal,-1,0.0,,,-1,-1,access_1,access,0.21528,0.26065,0.0,0.78472,0.73935,0.29492,2
885,node_overload,322,0.54233,edge_0,edge_0-edge_1,3,2,edge_0,edge,0.57003,0.52157,32.90949,0.42997,0.47843,0.81172,4
885,normal,-1,0.0,,,-1,-1,edge_1,edge,0.42153,0.47456,0.0,0.57847,0.52544,0.65946,3
885,mixed,380,0.6536,edge_2,access_1-edge_2,1,0,edge_2,edge,0.7478,0.63786,32.52335,0.2522,0.36214,1.26635,4
885,normal,-1,0.0,,,-1,-1,edge_3,edge,0.34355,0.44736,0.0,0.65645,0.55264,0.65946,3
885,mixed,355,0.65542,edge_4,edge_3-edge_4,4,3,edge_4,edge,0.6303,0.54959,25.63857,0.3697,0.45041,1.23356,3
885,normal,-1,0.0,,,-1,-1,cloud_0,cloud,0.37903,0.46139,0.0,0.62097,0.53861,0.52865,3
886,normal,-1,0.0,,,-1,-1,access_0,access,0.21571,0.26169,0.0,0.78429,0.73831,0.29851,2
886,normal,-1,0.0,,,-1,-1,access_1,access,0.21801,0.26317,0.0,0.78199,0.73683,0.29851,2
886,node_overload,322,0.54233,edge_0,edge_0-edge_1,3,2,edge_0,edge,0.56345,0.53731,32.86208,0.43655,0.46269,0.82568,4
886,normal,-1,0.0,,,-1,-1,edge_1,edge,0.37899,0.46715,0.0,0.62101,0.53285,0.66957,3
886,mixed,380,0.6536,edge_2,access_1-edge_2,1,0,edge_2,edge,0.7707,0.60938,34.96061,0.2293,0.39062,1.33117,4
886,normal,-1,0.0,,,-1,-1,edge_3,edge,0.36794,0.45528,0.0,0.63206,0.54472,0.66957,3
886,mixed,355,0.65542,edge_4,edge_3-edge_4,4,3,edge_4,edge,0.7437,0.61552,32.47076,0.2563,0.38448,1.29561,3
886,normal,-1,0.0,,,-1,-1,cloud_0,cloud,0.38157,0.45614,0.0,0.61843,0.54386,0.53314,3
887,normal,-1,0.0,,,-1,-1,access_0,access,0.22505,0.25158,0.0,0.77495,0.74842,0.3024,2
887,normal,-1,0.0,,,-1,-1,access_1,access,0.20533,0.25465,0.0,0.79467,0.74535,0.3024,2
887,node_overload,322,0.54233,edge_0,edge_0-edge_1,3,2,edge_0,edge,0.55765,0.57253,29.46811,0.44235,0.42747,0.84536,4
887,normal,-1,0.0,,,-1,-1,edge_1,edge,0.36838,0.46115,0.0,0.63162,0.53885,0.6805,3
887,mixed,380,0.6536,edge_2,access_1-edge_2,1,0,edge_2,edge,0.70465,0.60424,31.25727,0.29535,0.39576,1.33923,4
887,normal,-1,0.0,,,-1,-1,edge_3,edge,0.34643,0.46176,0.0,0.65357,0.53824,0.6805,3
887,mixed,355,0.65542,edge_4,edge_3-edge_4,4,3,edge_4,edge,0.76289,0.63923,35.04107,0.23711,0.36077,1.33479,3
887,normal,-1,0.0,,,-1,-1,cloud_0,cloud,0.39508,0.48388,0.0,0.60492,0.51612,0.538,3
888,normal,-1,0.0,,,-1,-1,access_0,access,0.22592,0.24103,0.0,0.77408,0.75897,0.3024,2
888,normal,-1,0.0,,,-1,-1,access_1,access,0.22501,0.27656,0.0,0.77499,0.72344,0.3024,2
888,node_overload,322,0.54233,edge_0,edge_0-edge_1,3,2,edge_0,edge,0.49453,0.53618,25.81567,0.50547,0.46382,0.86812,4
888,normal,-1,0.0,,,-1,-1,edge_1,edge,0.36521,0.44366,0.0,0.63479,0.55634,0.6805,3
888,mixed,380,0.6536,edge_2,access_1-edge_2,1,0,edge_2,edge,0.77719,0.64646,33.98731,0.22281,0.35354,1.29046,4
888,normal,-1,0.0,,,-1,-1,edge_3,edge,0.35935,0.4527,0.0,0.64065,0.5473,0.6805,3
888,mixed,355,0.65542,edge_4,edge_3-edge_4,4,3,edge_4,edge,0.7258,0.61941,31.5377,0.2742,0.38059,1.34271,3
888,normal,-1,0.0,,,-1,-1,cloud_0,cloud,0.39211,0.46323,0.0,0.60789,0.53677,0.538,3
889,normal,-1,0.0,,,-1,-1,access_0,access,0.21148,0.26107,0.0,0.78852,0.73893,0.30629,2
889,normal,-1,0.0,,,-1,-1,access_1,access,0.21407,0.24402,0.0,0.78593,0.75598,0.30629,2
889,node_overload,314,0.39468,edge_0,edge_0-edge_1,3,2,edge_0,edge,0.51357,0.51928,23.14181,0.48643,0.48072,0.78264,4
889,normal,-1,0.0,,,-1,-1,edge_1,edge,0.37713,0.45577,0.0,0.62287,0.54423,0.69143,3
889,mixed,380,0.6536,edge_2,access_1-edge_2,1,0,edge_2,edge,0.66442,0.60433,26.96953,0.33558,0.39567,1.20958,4
889,normal,-1,0.0,,,-1,-1,edge_3,edge,0.35999,0.44213,0.0,0.64001,0.55787,0.69143,3
889,mixed,355,0.65542,edge_4,edge_3-edge_4,4,3,edge_4,edge,0.71128,0.58097,30.2766,0.28872,0.41903,1.31884,3
889,normal,-1,0.0,,,-1,-1,cloud_0,cloud,0.40481,0.47151,0.0,0.59519,0.52849,0.54286,3
890,normal,-1,0.0,,,-1,-1,access_0,access,0.22549,0.25375,0.0,0.77451,0.74625,0.30988,2
890,normal,-1,0.0,,,-1,-1,access_1,access,0.22436,0.26478,0.0,0.77564,0.73522,0.30988,2
890,node_overload,314,0.39468,edge_0,edge_0-edge_1,3,2,edge_0,edge,0.57218,0.56671,25.2242,0.42782,0.43329,0.779,4
890,normal,-1,0.0,,,-1,-1,edge_1,edge,0.38137,0.47678,0.0,0.61863,0.52322,0.70154,3
890,normal,-1,0.0,,,-1,-1,edge_2,edge,0.41666,0.49925,0.0,0.58334,0.50075,0.70154,4
890,normal,-1,0.0,,,-1,-1,edge_3,edge,0.3518,0.44921,0.0,0.6482,0.55079,0.70154,3
890,mixed,355,0.65542,edge_4,edge_3-edge_4,4,3,edge_4,edge,0.66428,0.61482,27.09558,0.33572,0.38518,1.27051,3
890,normal,-1,0.0,,,-1,-1,cloud_0,cloud,0.3903,0.46092,0.0,0.6097,0.53908,0.54735,3
891,normal,-1,0.0,,,-1,-1,access_0,access,0.23612,0.26128,0.0,0.76388,0.73872,0.31292,2
891,normal,-1,0.0,,,-1,-1,access_1,access,0.22479,0.252,0.0,0.77521,0.748,0.31292,2
891,node_overload,314,0.39468,edge_0,edge_0-edge_1,3,2,edge_0,edge,0.54007,0.52805,23.79991,0.45993,0.47195,0.78969,4
891,node_overload,324,0.55831,edge_1,access_0-edge_1,1,0,edge_1,edge,0.52441,0.52883,28.33425,0.47559,0.47117,0.871,3
891,normal,-1,0.0,,,-1,-1,edge_2,edge,0.42295,0.4842,0.0,0.57705,0.5158,0.7101,4
891,normal,-1,0.0,,,-1,-1,edge_3,edge,0.3791,0.46216,0.0,0.6209,0.53784,0.7101,3
891,mixed,355,0.65542,edge_4,edge_3-edge_4,4,3,edge_4,edge,0.65345,0.60061,26.79792,0.34655,0.39939,1.20991,3
891,normal,-1,0.0,,,-1,-1,cloud_0,cloud,0.39193,0.465,0.0,0.60807,0.535,0.55116,3
892,normal,-1,0.0,,,-1,-1,access_0,access,0.22164,0.24673,0.0,0.77836,0.75327,0.31519,2
892,normal,-1,0.0,,,-1,-1,access_1,access,0.23165,0.2457,0.0,0.76835,0.7543,0.31519,2
892,node_overload,314,0.39468,edge_0,edge_0-edge_1,3,2,edge_0,edge,0.46633,0.48247,18.99154,0.53367,0.51753,0.81226,4
892,node_overload,324,0.55831,edge_1,access_0-edge_1,1,0,edge_1,edge,0.54183,0.54795,31.25823,0.45817,0.45205,0.89833,3
892,normal,-1,0.0,,,-1,-1,edge_2,edge,0.41832,0.47948,0.0,0.58168,0.52052,0.71646,4
892,normal,-1,0.0,,,-1,-1,edge_3,edge,0.35527,0.46338,0.0,0.64473,0.53662,0.71646,3
892,normal,-1,0.0,,,-1,-1,edge_4,edge,0.36854,0.45474,0.0,0.63146,0.54526,0.71646,3
892,normal,-1,0.0,,,-1,-1,cloud_0,cloud,0.38531,0.47056,0.0,0.61469,0.52944,0.55398,3
893,normal,-1,0.0,,,-1,-1,access_0,access,0.23129,0.26358,0.0,0.76871,0.73642,0.3165,2
893,normal,-1,0.0,,,-1,-1,access_1,access,0.24138,0.23975,0.0,0.75862,0.76025,0.3165,2
893,node_overload,314,0.39468,edge_0,edge_0-edge_1,3,2,edge_0,edge,0.4945,0.48355,18.81804,0.5055,0.51645,0.84154,4
893,node_overload,324,0.55831,edge_1,access_0-edge_1,1,0,edge_1,edge,0.60294,0.5471,33.37336,0.39706,0.4529,0.92025,3
893,mixed,369,0.51868,edge_2,edge_1-edge_2,2,1,edge_2,edge,0.54675,0.53538,15.13354,0.45325,0.46462,1.01982,4
893,normal,-1,0.0,,,-1,-1,edge_3,edge,0.35881,0.4636,0.0,0.64119,0.5364,0.72015,3
893,normal,-1,0.0,,,-1,-1,edge_4,edge,0.37269,0.44919,0.0,0.62731,0.55081,0.72015,3
893,normal,-1,0.0,,,-1,-1,cloud_0,cloud,0.40194,0.48111,0.0,0.59806,0.51889,0.55562,3
894,normal,-1,0.0,,,-1,-1,access_0,access,0.23445,0.24355,0.0,0.76555,0.75645,0.31677,2
894,normal,-1,0.0,,,-1,-1,access_1,access,0.23222,0.26564,0.0,0.76778,0.73436,0.31677,2
894,normal,-1,0.0,,,-1,-1,edge_0,edge,0.32936,0.41779,0.0,0.67064,0.58221,0.72091,4
894,node_overload,313,0.58207,edge_1,edge_1-edge_2,2,1,edge_1,edge,0.51666,0.52087,28.98673,0.48334,0.47913,0.87527,3
894,mixed,369,0.51868,edge_2,edge_1-edge_2,2,1,edge_2,edge,0.59535,0.56435,17.76218,0.40465,0.43565,1.12617,4
894,normal,-1,0.0,,,-1,-1,edge_3,edge,0.35591,0.44561,0.0,0.64409,0.55439,0.72091,3
894,normal,-1,0.0,,,-1,-1,edge_4,edge,0.37924,0.47043,0.0,0.62076,0.52957,0.72091,3
894,normal,-1,0.0,,,-1,-1,cloud_0,cloud,0.39177,0.47401,0.0,0.60823,0.52599,0.55596,3
895,normal,-1,0.0,,,-1,-1,access_0,access,0.21205,0.25459,0.0,0.78795,0.74541,0.31597,2
895,normal,-1,0.0,,,-1,-1,access_1,access,0.23071,0.24109,0.0,0.76929,0.75891,0.31597,2
895,normal,-1,0.0,,,-1,-1,edge_0,edge,0.36363,0.45813,0.0,0.63637,0.54187,0.71866,4
895,node_overload,313,0.58207,edge_1,edge_1-edge_2,2,1,edge_1,edge,0.56265,0.53755,31.41068,0.43735,0.46245,0.9009,3
895,mixed,369,0.51868,edge_2,edge_1-edge_2,2,1,edge_2,edge,0.65412,0.60698,21.07129,0.34588,0.39302,1.24702,4
895,normal,-1,0.0,,,-1,-1,edge_3,edge,0.36649,0.45187,0.0,0.63351,0.54813,0.71866,3
895,normal,-1,0.0,,,-1,-1,edge_4,edge,0.37441,0.46083,0.0,0.62559,0.53917,0.71866,3
895,normal,-1,0.0,,,-1,-1,cloud_0,cloud,0.40238,0.49504,0.0,0.59762,0.50496,0.55496,3
896,normal,-1,0.0,,,-1,-1,access_0,access,0.22448,0.2634,0.0,0.77552,0.7366,0.31416,2
896,normal,-1,0.0,,,-1,-1,access_1,access,0.21959,0.26513,0.0,0.78041,0.73487,0.31416,2
896,normal,-1,0.0,,,-1,-1,edge_0,edge,0.37333,0.47861,0.0,0.62667,0.52139,0.71359,4
896,node_overload,313,0.58207,edge_1,edge_1-edge_2,2,1,edge_1,edge,0.61336,0.58066,35.66509,0.38664,0.41934,0.92209,3
896,mixed,369,0.51868,edge_2,edge_1-edge_2,2,1,edge_2,edge,0.69629,0.64004,25.03269,0.30371,0.35996,1.35405,4
896,normal,-1,0.0,,,-1,-1,edge_3,edge,0.33912,0.4428,0.0,0.66088,0.5572,0.71359,3
896,normal,-1,0.0,,,-1,-1,edge_4,edge,0.39335,0.46083,0.0,0.60665,0.53917,0.71359,3
896,normal,-1,0.0,,,-1,-1,cloud_0,cloud,0.39562,0.48216,0.0,0.60438,0.51784,0.55271,3
897,normal,-1,0.0,,,-1,-1,access_0,access,0.22256,0.29074,0.0,0.77744,0.70926,0.31149,2
897,normal,-1,0.0,,,-1,-1,access_1,access,0.24251,0.24611,0.0,0.75749,0.75389,0.31149,2
897,normal,-1,0.0,,,-1,-1,edge_0,edge,0.33659,0.42476,0.0,0.66341,0.57524,0.70606,4
897,node_overload,313,0.58207,edge_1,edge_1-edge_2,2,1,edge_1,edge,0.64022,0.60119,37.92624,0.35978,0.39881,0.93519,3
897,mixed,369,0.51868,edge_2,edge_1-edge_2,2,1,edge_2,edge,0.7165,0.64435,27.76948,0.2835,0.35565,1.41296,4
897,normal,-1,0.0,,,-1,-1,edge_3,edge,0.38314,0.47699,0.0,0.61686,0.52301,0.70606,3
897,normal,-1,0.0,,,-1,-1,edge_4,edge,0.40545,0.45733,0.0,0.59455,0.54267,0.70606,3
897,normal,-1,0.0,,,-1,-1,cloud_0,cloud,0.39141,0.47838,0.0,0.60859,0.52162,0.54936,3
898,normal,-1,0.0,,,-1,-1,access_0,access,0.22319,0.26144,0.0,0.77681,0.73856,0.30814,2
898,normal,-1,0.0,,,-1,-1,access_1,access,0.2129,0.27042,0.0,0.7871,0.72958,0.30814,2
898,node_overload,318,0.56011,edge_0,edge_0-edge_1,3,2,edge_0,edge,0.52751,0.50137,26.75596,0.47249,0.49863,0.87132,4
898,node_overload,313,0.58207,edge_1,edge_1-edge_2,2,1,edge_1,edge,0.64813,0.59442,39.40529,0.35187,0.40558,0.93793,3
898,mixed,369,0.51868,edge_2,edge_1-edge_2,2,1,edge_2,edge,0.73168,0.65407,28.63614,0.26832,0.34593,1.40081,4
898,mixed,382,0.59929,edge_3,edge_2-edge_3,3,2,edge_3,edge,0.54866,0.54997,18.24999,0.45134,0.45003,1.03433,3
898,normal,-1,0.0,,,-1,-1,edge_4,edge,0.36407,0.46586,0.0,0.63593,0.53414,0.69664,3
898,normal,-1,0.0,,,-1,-1,cloud_0,cloud,0.38466,0.47449,0.0,0.61534,0.52551,0.54517,3
899,normal,-1,0.0,,,-1,-1,access_0,access,0.21802,0.26875,0.0,0.78198,0.73125,0.30436,2
899,normal,-1,0.0,,,-1,-1,access_1,access,0.21408,0.24794,0.0,0.78592,0.75206,0.30436,2
899,node_overload,318,0.56011,edge_0,edge_0-edge_1,3,2,edge_0,edge,0.51757,0.53715,27.39147,0.48243,0.46285,0.89866,4
899,node_overload,313,0.58207,edge_1,edge_1-edge_2,2,1,edge_1,edge,0.63437,0.58292,40.25876,0.36563,0.41708,0.92983,3
899,mixed,369,0.51868,edge_2,edge_1-edge_2,2,1,edge_2,edge,0.71242,0.62698,27.9423,0.28758,0.37302,1.32028,4
899,mixed,382,0.59929,edge_3,edge_2-edge_3,3,2,edge_3,edge,0.56129,0.54072,18.99001,0.43871,0.45928,1.10633,3
899,normal,-1,0.0,,,-1,-1,edge_4,edge,0.36946,0.45747,0.0,0.63054,0.54253,0.68601,3
899,normal,-1,0.0,,,-1,-1,cloud_0,cloud,0.36171,0.45829,0.0,0.63829,0.54171,0.54045,3
900,normal,-1,0.0,,,-1,-1,access_0,access,0.21046,0.25311,0.0,0.78954,0.74689,0.30044,2
900,normal,-1,0.0,,,-1,-1,access_1,access,0.21713,0.24534,0.0,0.78287,0.75466,0.30044,2
900,node_overload,318,0.56011,edge_0,edge_0-edge_1,3,2,edge_0,edge,0.55783,0.55484,31.40965,0.44217,0.44516,0.92058,4
900,node_overload,313,0.58207,edge_1,edge_1-edge_2,2,1,edge_1,edge,0.6329,0.5824,39.80308,0.3671,0.4176,0.9123,3
900,mixed,369,0.51868,edge_2,edge_1-edge_2,2,1,edge_2,edge,0.64761,0.57101,24.42566,0.35239,0.42899,1.33101,4
900,mixed,382,0.59929,edge_3,edge_2-edge_3,3,2,edge_3,edge,0.54449,0.52587,18.57902,0.45551,0.47413,1.18857,3
900,normal,-1,0.0,,,-1,-1,edge_4,edge,0.38188,0.47585,0.0,0.61812,0.52415,0.67499,3
900,normal,-1,0.0,,,-1,-1,cloud_0,cloud,0.40494,0.48367,0.0,0.59506,0.51633,0.53555,3
901,normal,-1,0.0,,,-1,-1,access_0,access,0.21978,0.24241,0.0,0.78022,0.75759,0.29666,2
901,normal,-1,0.0,,,-1,-1,access_1,access,0.21878,0.24758,0.0,0.78122,0.75242,0.29666,2
901,node_overload,318,0.56011,edge_0,edge_0-edge_1,3,2,edge_0,edge,0.60845,0.54838,35.15392,0.39155,0.45162,0.93274,4
901,node_overload,313,0.58207,edge_1,edge_1-edge_2,2,1,edge_1,edge,0.62395,0.56332,38.76474,0.37605,0.43668,0.88837,3
901,mixed,369,0.51868,edge_2,edge_1-edge_2,2,1,edge_2,edge,0.73105,0.62166,28.98633,0.26895,0.37834,1.34079,4
901,mixed,382,0.59929,edge_3,edge_2-edge_3,3,2,edge_3,edge,0.59145,0.55958,20.94096,0.40855,0.44042,1.27342,3
901,normal,-1,0.0,,,-1,-1,edge_4,edge,0.39642,0.46843,0.0,0.60358,0.53157,0.66436,3
901,normal,-1,0.0,,,-1,-1,cloud_0,cloud,0.38931,0.47291,0.0,0.61069,0.52709,0.53083,3
902,normal,-1,0.0,,,-1,-1,access_0,access,0.21104,0.25957,0.0,0.78896,0.74043,0.29331,2
902,normal,-1,0.0,,,-1,-1,access_1,access,0.22079,0.24636,0.0,0.77921,0.75364,0.29331,2
902,node_overload,318,0.56011,edge_0,edge_0-edge_1,3,2,edge_0,edge,0.58947,0.54096,35.14797,0.41053,0.45904,0.93274,4
902,node_overload,313,0.58207,edge_1,edge_1-edge_2,2,1,edge_1,edge,0.60652,0.57924,36.35576,0.39348,0.42076,0.86217,3
902,mixed,369,0.51868,edge_2,edge_1-edge_2,2,1,edge_2,edge,0.70814,0.63038,24.73082,0.29186,0.36962,1.29995,4
902,mixed,382,0.59929,edge_3,edge_2-edge_3,3,2,edge_3,edge,0.63891,0.55182,25.08403,0.36109,0.44818,1.34995,3
902,normal,-1,0.0,,,-1,-1,edge_4,edge,0.35971,0.4695,0.0,0.64029,0.5305,0.65494,3
902,normal,-1,0.0,,,-1,-1,cloud_0,cloud,0.36943,0.46008,0.0,0.63057,0.53992,0.52664,3
903,normal,-1,0.0,,,-1,-1,access_0,access,0.21898,0.24429,0.0,0.78102,0.75571,0.29064,2
903,normal,-1,0.0,,,-1,-1,access_1,access,0.20828,0.24545,0.0,0.79172,0.75455,0.29064,2
903,node_overload,318,0.56011,edge_0,edge_0-edge_1,3,2,edge_0,edge,0.61958,0.55098,38.24641,0.38042,0.44902,0.92058,4
903,node_overload,313,0.58207,edge_1,edge_1-edge_2,2,1,edge_1,edge,0.65535,0.58103,39.47041,0.34465,0.41897,0.83824,3
903,mixed,369,0.51868,edge_2,edge_1-edge_2,2,1,edge_2,edge,0.66218,0.62973,23.88507,0.33782,0.37027,1.21996,4
903,mixed,382,0.59929,edge_3,edge_2-edge_3,3,2,edge_3,edge,0.6805,0.61235,27.9967,0.3195,0.38765,1.40595,3
903,normal,-1,0.0,,,-1,-1,edge_4,edge,0.3701,0.47252,0.0,0.6299,0.52748,0.64741,3
903,normal,-1,0.0,,,-1,-1,cloud_0,cloud,0.37545,0.46979,0.0,0.62455,0.53021,0.52329,3
904,normal,-1,0.0,,,-1,-1,access_0,access,0.21651,0.25633,0.0,0.78349,0.74367,0.28883,2
904,normal,-1,0.0,,,-1,-1,access_1,access,0.22718,0.24391,0.0,0.77282,0.75609,0.28883,2
904,node_overload,318,0.56011,edge_0,edge_0-edge_1,3,2,edge_0,edge,0.6233,0.58014,36.88069,0.3767,0.41986,0.89866,4
904,node_overload,313,0.58207,edge_1,edge_1-edge_2,2,1,edge_1,edge,0.63609,0.5781,40.94858,0.36391,0.4219,0.82071,3
904,mixed,369,0.51868,edge_2,edge_1-edge_2,2,1,edge_2,edge,0.71262,0.63675,27.3212,0.28738,0.36325,1.28502,4
904,mixed,382,0.59929,edge_3,edge_2-edge_3,3,2,edge_3,edge,0.69187,0.59982,28.15476,0.30813,0.40018,1.43105,3
904,normal,-1,0.0,,,-1,-1,edge_4,edge,0.36695,0.45407,0.0,0.63305,0.54593,0.64234,3
904,normal,-1,0.0,,,-1,-1,cloud_0,cloud,0.39944,0.46135,0.0,0.60056,0.53865,0.52104,3
905,normal,-1,0.0,,,-1,-1,access_0,access,0.21523,0.24043,0.0,0.78477,0.75957,0.28803,2
905,normal,-1,0.0,,,-1,-1,access_1,access,0.21346,0.25129,0.0,0.78654,0.74871,0.28803,2
905,node_overload,318,0.56011,edge_0,edge_0-edge_1,3,2,edge_0,edge,0.5674,0.54903,33.77305,0.4326,0.45097,0.87132,4
905,node_overload,313,0.58207,edge_1,edge_1-edge_2,2,1,edge_1,edge,0.64246,0.58531,39.76917,0.35754,0.41469,0.81262,3
905,mixed,369,0.51868,edge_2,edge_1-edge_2,2,1,edge_2,edge,0.70049,0.62322,25.47698,0.29951,0.37678,1.319,4
905,mixed,382,0.59929,edge_3,edge_2-edge_3,3,2,edge_3,edge,0.72178,0.61823,31.34551,0.27822,0.38177,1.41988,3
905,normal,-1,0.0,,,-1,-1,edge_4,edge,0.36793,0.47284,0.0,0.63207,0.52716,0.64009,3
905,normal,-1,0.0,,,-1,-1,cloud_0,cloud,0.36711,0.44841,0.0,0.63289,0.55159,0.52004,3
906,normal,-1,0.0,,,-1,-1,access_0,access,0.20746,0.26172,0.0,0.79254,0.73828,0.2883,2
906,normal,-1,0.0,,,-1,-1,access_1,access,0.21061,0.24791,0.0,0.78939,0.75209,0.2883,2
906,node_overload,318,0.56011,edge_0,edge_0-edge_1,3,2,edge_0,edge,0.60073,0.56516,35.52832,0.39927,0.43484,0.84399,4
906,node_overload,313,0.58207,edge_1,edge_1-edge_2,2,1,edge_1,edge,0.61213,0.5765,37.35492,0.38787,0.4235,0.81536,3
906,mixed,369,0.51868,edge_2,edge_1-edge_2,2,1,edge_2,edge,0.65562,0.60014,23.842,0.34438,0.39986,1.27586,4
906,mixed,382,0.59929,edge_3,edge_2-edge_3,3,2,edge_3,edge,0.67993,0.60139,26.5698,0.32007,0.39861,1.37387,3
906,normal,-1,0.0,,,-1,-1,edge_4,edge,0.35318,0.45303,0.0,0.64682,0.54697,0.64085,3
906,normal,-1,0.0,,,-1,-1,cloud_0,cloud,0.37262,0.44685,0.0,0.62738,0.55315,0.52038,3
907,normal,-1,0.0,,,-1,-1,access_0,access,0.21355,0.2434,0.0,0.78645,0.7566,0.28961,2
907,normal,-1,0.0,,,-1,-1,access_1,access,0.23433,0.2595,0.0,0.76567,0.7405,0.28961,2
907,node_overload,318,0.56011,edge_0,edge_0-edge_1,3,2,edge_0,edge,0.64,0.56195,38.67904,0.36,0.43805,0.82207,4
907,node_overload,313,0.58207,edge_1,edge_1-edge_2,2,1,edge_1,edge,0.64796,0.58324,39.40962,0.35204,0.41676,0.82845,3
907,mixed,369,0.51868,edge_2,edge_1-edge_2,2,1,edge_2,edge,0.61816,0.60038,20.50479,0.38184,0.39962,1.1853,4
907,mixed,382,0.59929,edge_3,edge_2-edge_3,3,2,edge_3,edge,0.66398,0.59995,24.75469,0.33602,0.40005,1.31181,3
907,link_congestion,338,0.52867,edge_4,edge_4-edge_0,2,1,edge_4,edge,0.43417,0.52201,3.49324,0.56583,0.47799,0.87241,3
907,normal,-1,0.0,,,-1,-1,cloud_0,cloud,0.37653,0.46486,0.0,0.62347,0.53514,0.52202,3
908,normal,-1,0.0,,,-1,-1,access_0,access,0.201,0.24485,0.0,0.799,0.75515,0.29188,2
908,normal,-1,0.0,,,-1,-1,access_1,access,0.20699,0.24859,0.0,0.79301,0.75141,0.29188,2
908,node_overload,318,0.56011,edge_0,edge_0-edge_1,3,2,edge_0,edge,0.59082,0.57062,37.41266,0.40918,0.42938,0.8099,4
908,node_overload,313,0.58207,edge_1,edge_1-edge_2,2,1,edge_1,edge,0.58006,0.54219,33.17793,0.41994,0.45781,0.84965,3
908,mixed,376,0.49892,edge_2,access_1-edge_2,1,0,edge_2,edge,0.70219,0.61983,23.54134,0.29781,0.38017,1.29768,4
908,mixed,382,0.59929,edge_3,edge_2-edge_3,3,2,edge_3,edge,0.67038,0.62147,27.0293,0.32962,0.37853,1.34552,3
908,link_congestion,338,0.52867,edge_4,edge_4-edge_0,2,1,edge_4,edge,0.4512,0.5053,3.60916,0.5488,0.4947,0.89394,3
908,normal,-1,0.0,,,-1,-1,cloud_0,cloud,0.39255,0.45971,0.0,0.60745,0.54029,0.52484,3
909,normal,-1,0.0,,,-1,-1,access_0,access,0.2103,0.23314,0.0,0.7897,0.76686,0.29492,2
909,normal,-1,0.0,,,-1,-1,access_1,access,0.22812,0.24806,0.0,0.77188,0.75194,0.29492,2
909,burst,304,0.57505,edge_0,edge_0-edge_1,3,2,edge_0,edge,0.48144,0.51067,4.70997,0.51856,0.48933,0.88602,4
909,node_overload,313,0.58207,edge_1,edge_1-edge_2,2,1,edge_1,edge,0.59725,0.57641,34.98742,0.40275,0.42359,0.87527,3
909,mixed,376,0.49892,edge_2,access_1-edge_2,1,0,edge_2,edge,0.72297,0.63545,27.60054,0.27703,0.36455,1.37423,4
909,mixed,382,0.59929,edge_3,edge_2-edge_3,3,2,edge_3,edge,0.71359,0.62008,30.4294,0.28641,0.37992,1.35771,3
909,link_congestion,338,0.52867,edge_4,edge_4-edge_0,2,1,edge_4,edge,0.48837,0.50213,4.97582,0.51163,0.49787,0.91219,3
909,normal,-1,0.0,,,-1,-1,cloud_0,cloud,0.38502,0.46678,0.0,0.61498,0.53322,0.52865,3
910,normal,-1,0.0,,,-1,-1,access_0,access,0.24111,0.25816,0.0,0.75889,0.74184,0.29851,2
910,normal,-1,0.0,,,-1,-1,access_1,access,0.22557,0.26044,0.0,0.77443,0.73956,0.29851,2
910,burst,304,0.57505,edge_0,edge_0-edge_1,3,2,edge_0,edge,0.48274,0.51068,4.39526,0.51726,0.48932,0.98472,4
910,normal,-1,0.0,,,-1,-1,edge_1,edge,0.36813,0.45709,0.0,0.63187,0.54291,0.66957,3
910,mixed,376,0.49892,edge_2,access_1-edge_2,1,0,edge_2,edge,0.72813,0.62487,27.27037,0.27187,0.37513,1.41187,4
910,mixed,382,0.59929,edge_3,edge_2-edge_3,3,2,edge_3,edge,0.66861,0.6098,26.31106,0.33139,0.3902,1.34481,3
910,link_congestion,338,0.52867,edge_4,edge_4-edge_0,2,1,edge_4,edge,0.47199,0.51803,4.22654,0.52801,0.48197,0.92438,3
910,normal,-1,0.0,,,-1,-1,cloud_0,cloud,0.38496,0.47107,0.0,0.61504,0.52893,0.53314,3
911,normal,-1,0.0,,,-1,-1,access_0,access,0.22762,0.25648,0.0,0.77238,0.74352,0.3024,2
911,normal,-1,0.0,,,-1,-1,access_1,access,0.20886,0.26522,0.0,0.79114,0.73478,0.3024,2
911,burst,304,0.57505,edge_0,edge_0-edge_1,3,2,edge_0,edge,0.4982,0.52419,7.12697,0.5018,0.47581,1.19103,4
911,normal,-1,0.0,,,-1,-1,edge_1,edge,0.38408,0.46265,0.0,0.61592,0.53735,0.6805,3
911,mixed,376,0.49892,edge_2,access_1-edge_2,1,0,edge_2,edge,0.73105,0.62931,27.00749,0.26895,0.37069,1.40002,4
911,mixed,382,0.59929,edge_3,edge_2-edge_3,3,2,edge_3,edge,0.68503,0.61644,29.11981,0.31497,0.38356,1.30788,3
911,mixed,371,0.6435,edge_4,edge_3-edge_4,4,3,edge_4,edge,0.57071,0.56214,19.96386,0.42929,0.43786,1.04229,3
911,normal,-1,0.0,,,-1,-1,cloud_0,cloud,0.37982,0.46546,0.0,0.62018,0.53454,0.538,3
912,normal,-1,0.0,,,-1,-1,access_0,access,0.2244,0.27195,0.0,0.7756,0.72805,0.3024,2
912,normal,-1,0.0,,,-1,-1,access_1,access,0.21719,0.27046,0.0,0.78281,0.72954,0.3024,2
912,burst,304,0.57505,edge_0,edge_0-edge_1,3,2,edge_0,edge,0.5907,0.55506,12.77468,0.4093,0.44494,1.41162,4
912,normal,-1,0.0,,,-1,-1,edge_1,edge,0.38254,0.48,0.0,0.61746,0.52,0.6805,3
912,mixed,376,0.49892,edge_2,access_1-edge_2,1,0,edge_2,edge,0.67348,0.61651,24.1993,0.32652,0.38349,1.34066,4
912,mixed,382,0.59929,edge_3,edge_2-edge_3,3,2,edge_3,edge,0.64275,0.5803,24.48042,0.35725,0.4197,1.2525,3
912,mixed,371,0.6435,edge_4,edge_3-edge_4,4,3,edge_4,edge,0.63729,0.5507,23.8502,0.36271,0.4493,1.18111,3
912,normal,-1,0.0,,,-1,-1,cloud_0,cloud,0.40333,0.45589,0.0,0.59667,0.54411,0.538,3
913,normal,-1,0.0,,,-1,-1,access_0,access,0.22187,0.26161,0.0,0.77813,0.73839,0.30629,2
913,normal,-1,0.0,,,-1,-1,access_1,access,0.23197,0.25851,0.0,0.76803,0.74149,0.30629,2
913,burst,304,0.57505,edge_0,edge_0-edge_1,3,2,edge_0,edge,0.59561,0.56177,13.23845,0.40439,0.43823,1.37647,4
913,normal,-1,0.0,,,-1,-1,edge_1,edge,0.40019,0.48297,0.0,0.59981,0.51703,0.69143,3
913,mixed,376,0.49892,edge_2,access_1-edge_2,1,0,edge_2,edge,0.73463,0.61541,27.17532,0.26537,0.38459,1.30985,4
913,mixed,382,0.59929,edge_3,edge_2-edge_3,3,2,edge_3,edge,0.60927,0.58519,23.88147,0.39073,0.41481,1.25657,3
913,mixed,371,0.6435,edge_4,edge_3-edge_4,4,3,edge_4,edge,0.6893,0.58981,28.85268,0.3107,0.41019,1.33182,3
913,normal,-1,0.0,,,-1,-1,cloud_0,cloud,0.39804,0.46394,0.0,0.60196,0.53606,0.54286,3
914,normal,-1,0.0,,,-1,-1,access_0,access,0.20848,0.26918,0.0,0.79152,0.73082,0.30988,2
914,normal,-1,0.0,,,-1,-1,access_1,access,0.21702,0.26283,0.0,0.78298,0.73717,0.30988,2
914,burst,304,0.57505,edge_0,edge_0-edge_1,3,2,edge_0,edge,0.49424,0.51106,7.14391,0.50576,0.48894,1.11206,4
914,normal,-1,0.0,,,-1,-1,edge_1,edge,0.41533,0.48141,0.0,0.58467,0.51859,0.70154,3
914,mixed,376,0.49892,edge_2,access_1-edge_2,1,0,edge_2,edge,0.73016,0.657,26.90462,0.26984,0.343,1.33755,4
914,mixed,382,0.59929,edge_3,edge_2-edge_3,3,2,edge_3,edge,0.68471,0.61517,26.93578,0.31529,0.38483,1.31245,3
914,mixed,371,0.6435,edge_4,edge_3-edge_4,4,3,edge_4,edge,0.74275,0.6367,31.35589,0.25725,0.3633,1.42962,3
914,normal,-1,0.0,,,-1,-1,cloud_0,cloud,0.38755,0.47662,0.0,0.61245,0.52338,0.54735,3
915,normal,-1,0.0,,,-1,-1,access_0,access,0.21929,0.26325,0.0,0.78071,0.73675,0.31292,2
915,normal,-1,0.0,,,-1,-1,access_1,access,0.22728,0.2537,0.0,0.77272,0.7463,0.31292,2
915,burst,304,0.57505,edge_0,edge_0-edge_1,3,2,edge_0,edge,0.45571,0.4863,4.20867,0.54429,0.5137,0.92139,4
915,normal,-1,0.0,,,-1,-1,edge_1,edge,0.41597,0.4558,0.0,0.58403,0.5442,0.7101,3
915,mixed,376,0.49892,edge_2,access_1-edge_2,1,0,edge_2,edge,0.70403,0.63016,26.17945,0.29597,0.36984,1.33206,4
915,mixed,382,0.59929,edge_3,edge_2-edge_3,3,2,edge_3,edge,0.68807,0.62091,29.2207,0.31193,0.37909,1.33372,3
915,mixed,371,0.6435,edge_4,edge_3-edge_4,4,3,edge_4,edge,0.76694,0.63674,34.46152,0.23306,0.36326,1.41852,3
915,normal,-1,0.0,,,-1,-1,cloud_0,cloud,0.40012,0.47108,0.0,0.59988,0.52892,0.55116,3
916,normal,-1,0.0,,,-1,-1,access_0,access,0.24046,0.24469,0.0,0.75954,0.75531,0.31519,2
916,normal,-1,0.0,,,-1,-1,access_1,access,0.22472,0.24548,0.0,0.77528,0.75452,0.31519,2
916,burst,304,0.57505,edge_0,edge_0-edge_1,3,2,edge_0,edge,0.49036,0.50324,6.33044,0.50964,0.49676,0.88602,4
916,normal,-1,0.0,,,-1,-1,edge_1,edge,0.39623,0.47273,0.0,0.60377,0.52727,0.71646,3
916,mixed,376,0.49892,edge_2,access_1-edge_2,1,0,edge_2,edge,0.66577,0.60843,24.37125,0.33423,0.39157,1.29257,4
916,mixed,382,0.59929,edge_3,edge_2-edge_3,3,2,edge_3,edge,0.67451,0.62645,26.00235,0.32549,0.37355,1.3158,3
916,mixed,371,0.6435,edge_4,edge_3-edge_4,4,3,edge_4,edge,0.68213,0.61679,27.43152,0.31787,0.38321,1.32356,3
916,normal,-1,0.0,,,-1,-1,cloud_0,cloud,0.40089,0.483,0.0,0.59911,0.517,0.55398,3
917,normal,-1,0.0,,,-1,-1,access_0,access,0.22583,0.25115,0.0,0.77417,0.74885,0.3165,2
917,normal,-1,0.0,,,-1,-1,access_1,access,0.22949,0.24999,0.0,0.77051,0.75001,0.3165,2
917,normal,-1,0.0,,,-1,-1,edge_0,edge,0.35373,0.44511,0.0,0.64627,0.55489,0.72015,4
917,normal,-1,0.0,,,-1,-1,edge_1,edge,0.41886,0.4824,0.0,0.58114,0.5176,0.72015,3
917,mixed,376,0.49892,edge_2,access_1-edge_2,1,0,edge_2,edge,0.70365,0.64369,26.58613,0.29635,0.35631,1.22709,4
917,mixed,382,0.59929,edge_3,edge_2-edge_3,3,2,edge_3,edge,0.62999,0.59618,24.67142,0.37001,0.40382,1.26601,3
917,mixed,371,0.6435,edge_4,edge_3-edge_4,4,3,edge_4,edge,0.71709,0.63246,30.64043,0.28291,0.36754,1.36557,3
917,normal,-1,0.0,,,-1,-1,cloud_0,cloud,0.3981,0.45617,0.0,0.6019,0.54383,0.55562,3
918,normal,-1,0.0,,,-1,-1,access_0,access,0.23755,0.25314,0.0,0.76245,0.74686,0.31677,2
918,normal,-1,0.0,,,-1,-1,access_1,access,0.21932,0.26191,0.0,0.78068,0.73809,0.31677,2
918,normal,-1,0.0,,,-1,-1,edge_0,edge,0.34501,0.46994,0.0,0.65499,0.53006,0.72091,4
918,normal,-1,0.0,,,-1,-1,edge_1,edge,0.37997,0.45589,0.0,0.62003,0.54411,0.72091,3
918,mixed,376,0.49892,edge_2,access_1-edge_2,1,0,edge_2,edge,0.67474,0.63228,25.62413,0.32526,0.36772,1.25781,4
918,mixed,382,0.59929,edge_3,edge_2-edge_3,3,2,edge_3,edge,0.61764,0.56749,21.75695,0.38236,0.43251,1.1998,3
918,mixed,371,0.6435,edge_4,edge_3-edge_4,4,3,edge_4,edge,0.7649,0.69141,34.42474,0.2351,0.30859,1.32805,3
918,normal,-1,0.0,,,-1,-1,cloud_0,cloud,0.40072,0.47508,0.0,0.59928,0.52492,0.55596,3
919,normal,-1,0.0,,,-1,-1,access_0,access,0.23207,0.26069,0.0,0.76793,0.73931,0.31597,2
919,normal,-1,0.0,,,-1,-1,access_1,access,0.22576,0.25364,0.0,0.77424,0.74636,0.31597,2
919,mixed,356,0.42235,edge_0,access_0-edge_0,1,0,edge_0,edge,0.5456,0.55668,12.16212,0.4544,0.44332,1.00248,4
919,normal,-1,0.0,,,-1,-1,edge_1,edge,0.36853,0.45597,0.0,0.63147,0.54403,0.71866,3
919,mixed,376,0.49892,edge_2,access_1-edge_2,1,0,edge_2,edge,0.72484,0.63103,26.33213,0.27516,0.36897,1.30927,4
919,normal,-1,0.0,,,-1,-1,edge_3,edge,0.38132,0.46875,0.0,0.61868,0.53125,0.71866,3
919,mixed,371,0.6435,edge_4,edge_3-edge_4,4,3,edge_4,edge,0.68157,0.60679,27.46944,0.31843,0.39321,1.23141,3
919,normal,-1,0.0,,,-1,-1,cloud_0,cloud,0.3967,0.47267,0.0,0.6033,0.52733,0.55496,3
920,normal,-1,0.0,,,-1,-1,access_0,access,0.21216,0.25576,0.0,0.78784,0.74424,0.31416,2
920,normal,-1,0.0,,,-1,-1,access_1,access,0.22885,0.24025,0.0,0.77115,0.75975,0.31416,2
920,mixed,356,0.42235,edge_0,access_0-edge_0,1,0,edge_0,edge,0.56539,0.54523,14.64031,0.43461,0.45477,1.22968,4
920,normal,-1,0.0,,,-1,-1,edge_1,edge,0.37481,0.46137,0.0,0.62519,0.53863,0.71359,3
920,mixed,376,0.49892,edge_2,access_1-edge_2,1,0,edge_2,edge,0.64007,0.57659,22.80967,0.35993,0.42341,1.3083,4
920,normal,-1,0.0,,,-1,-1,edge_3,edge,0.34732,0.43557,0.0,0.65268,0.56443,0.71359,3
920,mixed,371,0.6435,edge_4,edge_3-edge_4,4,3,edge_4,edge,0.72633,0.61904,31.62142,0.27367,0.38096,1.33265,3
920,normal,-1,0.0,,,-1,-1,cloud_0,cloud,0.40111,0.46708,0.0,0.59889,0.53292,0.55271,3
921,normal,-1,0.0,,,-1,-1,access_0,access,0.23456,0.24988,0.0,0.76544,0.75012,0.31149,2
921,normal,-1,0.0,,,-1,-1,access_1,access,0.22624,0.24659,0.0,0.77376,0.75341,0.31149,2
921,mixed,356,0.42235,edge_0,access_0-edge_0,1,0,edge_0,edge,0.6234,0.56001,19.74943,0.3766,0.43999,1.39562,4
921,normal,-1,0.0,,,-1,-1,edge_1,edge,0.37387,0.43929,0.0,0.62613,0.56071,0.70606,3
921,mixed,376,0.49892,edge_2,access_1-edge_2,1,0,edge_2,edge,0.65987,0.57414,24.07684,0.34013,0.42586,1.25842,4
921,normal,-1,0.0,,,-1,-1,edge_3,edge,0.36022,0.44941,0.0,0.63978,0.55059,0.70606,3
921,mixed,371,0.6435,edge_4,edge_3-edge_4,4,3,edge_4,edge,0.74687,0.61376,30.77834,0.25313,0.38624,1.31669,3
921,normal,-1,0.0,,,-1,-1,cloud_0,cloud,0.40829,0.48028,0.0,0.59171,0.51972,0.54936,3
922,normal,-1,0.0,,,-1,-1,access_0,access,0.20861,0.26336,0.0,0.79139,0.73664,0.30814,2
922,normal,-1,0.0,,,-1,-1,access_1,access,0.22346,0.24745,0.0,0.77654,0.75255,0.30814,2
922,mixed,356,0.42235,edge_0,access_0-edge_0,1,0,edge_0,edge,0.62607,0.55658,18.73133,0.37393,0.44342,1.30294,4
922,normal,-1,0.0,,,-1,-1,edge_1,edge,0.36225,0.45114,0.0,0.63775,0.54886,0.69664,3
922,mixed,376,0.49892,edge_2,access_1-edge_2,1,0,edge_2,edge,0.61779,0.61637,18.81376,0.38221,0.38363,1.18174,4
922,normal,-1,0.0,,,-1,-1,edge_3,edge,0.33349,0.45033,0.0,0.66651,0.54967,0.69664,3
922,mixed,371,0.6435,edge_4,edge_3-edge_4,4,3,edge_4,edge,0.6724,0.57552,27.05892,0.3276,0.42448,1.20776,3
922,normal,-1,0.0,,,-1,-1,cloud_0,cloud,0.39014,0.47986,0.0,0.60986,0.52014,0.54517,3
923,normal,-1,0.0,,,-1,-1,access_0,access,0.22042,0.23759,0.0,0.77958,0.76241,0.30436,2
923,normal,-1,0.0,,,-1,-1,access_1,access,0.20883,0.25599,0.0,0.79117,0.74401,0.30436,2
923,mixed,356,0.42235,edge_0,access_0-edge_0,1,0,edge_0,edge,0.66693,0.62268,21.71883,0.33307,0.37732,1.32345,4
923,normal,-1,0.0,,,-1,-1,edge_1,edge,0.37188,0.45981,0.0,0.62812,0.54019,0.68601,3
923,normal,-1,0.0,,,-1,-1,edge_2,edge,0.42891,0.50206,0.0,0.57109,0.49794,0.68601,4
923,normal,-1,0.0,,,-1,-1,edge_3,edge,0.34871,0.43933,0.0,0.65129,0.56067,0.68601,3
923,link_congestion,338,0.52867,edge_4,edge_4-edge_0,2,1,edge_4,edge,0.46138,0.49818,3.65134,0.53862,0.50182,0.87241,3
923,normal,-1,0.0,,,-1,-1,cloud_0,cloud,0.39077,0.46765,0.0,0.60923,0.53235,0.54045,3
924,normal,-1,0.0,,,-1,-1,access_0,access,0.22552,0.26657,0.0,0.77448,0.73343,0.30044,2
924,normal,-1,0.0,,,-1,-1,access_1,access,0.21433,0.24951,0.0,0.78567,0.75049,0.30044,2
924,mixed,356,0.42235,edge_0,access_0-edge_0,1,0,edge_0,edge,0.56033,0.56649,14.71721,0.43967,0.43351,1.20262,4
924,normal,-1,0.0,,,-1,-1,edge_1,edge,0.40209,0.45347,0.0,0.59791,0.54653,0.67499,3
924,normal,-1,0.0,,,-1,-1,edge_2,edge,0.39968,0.44781,0.0,0.60032,0.55219,0.67499,4
924,normal,-1,0.0,,,-1,-1,edge_3,edge,0.34428,0.44227,0.0,0.65572,0.55773,0.67499,3
924,link_congestion,344,0.56416,edge_4,edge_3-edge_4,4,3,edge_4,edge,0.48437,0.52034,4.8525,0.51563,0.47966,0.8788,3
924,normal,-1,0.0,,,-1,-1,cloud_0,cloud,0.3745,0.45426,0.0,0.6255,0.54574,0.53555,3
925,normal,-1,0.0,,,-1,-1,access_0,access,0.22323,0.25991,0.0,0.77677,0.74009,0.29666,2
925,normal,-1,0.0,,,-1,-1,access_1,access,0.23161,0.23931,0.0,0.76839,0.76069,0.29666,2
925,link_congestion,333,0.58552,edge_0,access_0-edge_0,1,0,edge_0,edge,0.45333,0.52621,4.20917,0.54667,0.47379,0.88264,4
925,normal,-1,0.0,,,-1,-1,edge_1,edge,0.35569,0.43738,0.0,0.64431,0.56262,0.66436,3
925,normal,-1,0.0,,,-1,-1,edge_2,edge,0.41838,0.49163,0.0,0.58162,0.50837,0.66436,4
925,normal,-1,0.0,,,-1,-1,edge_3,edge,0.34956,0.45865,0.0,0.65044,0.54135,0.66436,3
925,link_congestion,344,0.56416,edge_4,edge_3-edge_4,4,3,edge_4,edge,0.49741,0.53273,6.9145,0.50259,0.46727,0.91495,3
925,normal,-1,0.0,,,-1,-1,cloud_0,cloud,0.37304,0.45489,0.0,0.62696,0.54511,0.53083,3
926,normal,-1,0.0,,,-1,-1,access_0,access,0.21418,0.25583,0.0,0.78582,0.74417,0.29331,2
926,normal,-1,0.0,,,-1,-1,access_1,access,0.20186,0.25065,0.0,0.79814,0.74935,0.29331,2
926,link_congestion,333,0.58552,edge_0,access_0-edge_0,1,0,edge_0,edge,0.46439,0.4994,4.30457,0.53561,0.5006,0.92662,4
926,normal,-1,0.0,,,-1,-1,edge_1,edge,0.38328,0.46747,0.0,0.61672,0.53253,0.65494,3
926,normal,-1,0.0,,,-1,-1,edge_2,edge,0.40971,0.49858,0.0,0.59029,0.50142,0.65494,4
926,normal,-1,0.0,,,-1,-1,edge_3,edge,0.36227,0.44399,0.0,0.63773,0.55601,0.65494,3
926,link_congestion,344,0.56416,edge_4,edge_3-edge_4,4,3,edge_4,edge,0.50349,0.47722,8.67587,0.49651,0.52278,0.93419,3
926,normal,-1,0.0,,,-1,-1,cloud_0,cloud,0.38742,0.47331,0.0,0.61258,0.52669,0.52664,3
927,normal,-1,0.0,,,-1,-1,access_0,access,0.21114,0.25594,0.0,0.78886,0.74406,0.29064,2
927,normal,-1,0.0,,,-1,-1,access_1,access,0.22699,0.26774,0.0,0.77301,0.73226,0.29064,2
927,link_congestion,333,0.58552,edge_0,access_0-edge_0,1,0,edge_0,edge,0.4676,0.51317,5.90103,0.5324,0.48683,0.93748,4
927,normal,-1,0.0,,,-1,-1,edge_1,edge,0.39759,0.46887,0.0,0.60241,0.53113,0.64741,3
927,normal,-1,0.0,,,-1,-1,edge_2,edge,0.40434,0.46449,0.0,0.59566,0.53551,0.64741,4
927,normal,-1,0.0,,,-1,-1,edge_3,edge,0.37684,0.46776,0.0,0.62316,0.53224,0.64741,3
927,link_congestion,344,0.56416,edge_4,edge_3-edge_4,4,3,edge_4,edge,0.48258,0.51498,5.10939,0.51742,0.48502,0.92751,3
927,normal,-1,0.0,,,-1,-1,cloud_0,cloud,0.38806,0.4646,0.0,0.61194,0.5354,0.52329,3
928,normal,-1,0.0,,,-1,-1,access_0,access,0.21703,0.23722,0.0,0.78297,0.76278,0.28883,2
928,normal,-1,0.0,,,-1,-1,access_1,access,0.2134,0.25467,0.0,0.7866,0.74533,0.28883,2
928,link_congestion,333,0.58552,edge_0,access_0-edge_0,1,0,edge_0,edge,0.46436,0.49193,6.52712,0.53564,0.50807,0.90705,4
928,normal,-1,0.0,,,-1,-1,edge_1,edge,0.38852,0.45935,0.0,0.61148,0.54065,0.64234,3
928,normal,-1,0.0,,,-1,-1,edge_2,edge,0.40022,0.46758,0.0,0.59978,0.53242,0.64234,4
928,normal,-1,0.0,,,-1,-1,edge_3,edge,0.3413,0.45171,0.0,0.6587,0.54829,0.64234,3
928,link_congestion,344,0.56416,edge_4,edge_3-edge_4,4,3,edge_4,edge,0.53699,0.51724,8.55137,0.46301,0.48276,0.89804,3
928,normal,-1,0.0,,,-1,-1,cloud_0,cloud,0.36927,0.44228,0.0,0.63073,0.55772,0.52104,3
929,normal,-1,0.0,,,-1,-1,access_0,access,0.21118,0.25033,0.0,0.78882,0.74967,0.28803,2
929,normal,-1,0.0,,,-1,-1,access_1,access,0.22392,0.24248,0.0,0.77608,0.75752,0.28803,2
929,link_congestion,333,0.58552,edge_0,access_0-edge_0,1,0,edge_0,edge,0.48084,0.51628,5.89823,0.51916,0.48372,0.85824,4
929,normal,-1,0.0,,,-1,-1,edge_1,edge,0.37237,0.45563,0.0,0.62763,0.54437,0.64009,3
929,normal,-1,0.0,,,-1,-1,edge_2,edge,0.4153,0.47604,0.0,0.5847,0.52396,0.64009,4
929,normal,-1,0.0,,,-1,-1,edge_3,edge,0.34045,0.45814,0.0,0.65955,0.54186,0.64009,3
929,link_congestion,344,0.56416,edge_4,edge_3-edge_4,4,3,edge_4,edge,0.48427,0.51741,6.10881,0.51573,0.48259,0.85956,3
929,normal,-1,0.0,,,-1,-1,cloud_0,cloud,0.36622,0.47226,0.0,0.63378,0.52774,0.52004,3
930,normal,-1,0.0,,,-1,-1,access_0,access,0.21311,0.25891,0.0,0.78689,0.74109,0.2883,2
930,normal,-1,0.0,,,-1,-1,access_1,access,0.21238,0.23678,0.0,0.78762,0.76322,0.2883,2
930,link_congestion,333,0.58552,edge_0,access_0-edge_0,1,0,edge_0,edge,0.4667,0.49947,5.23629,0.5333,0.50053,0.8278,4
930,normal,-1,0.0,,,-1,-1,edge_1,edge,0.36748,0.45755,0.0,0.63252,0.54245,0.64085,3
930,normal,-1,0.0,,,-1,-1,edge_2,edge,0.39015,0.46044,0.0,0.60985,0.53956,0.64085,4
930,normal,-1,0.0,,,-1,-1,edge_3,edge,0.32537,0.41248,0.0,0.67463,0.58752,0.64085,3
930,link_congestion,344,0.56416,edge_4,edge_3-edge_4,4,3,edge_4,edge,0.49095,0.53382,7.88258,0.50905,0.46618,0.83008,3
930,normal,-1,0.0,,,-1,-1,cloud_0,cloud,0.38081,0.46562,0.0,0.61919,0.53438,0.52038,3
931,normal,-1,0.0,,,-1,-1,access_0,access,0.22257,0.24059,0.0,0.77743,0.75941,0.28961,2
931,normal,-1,0.0,,,-1,-1,access_1,access,0.21835,0.26052,0.0,0.78165,0.73948,0.28961,2
931,link_congestion,333,0.58552,edge_0,access_0-edge_0,1,0,edge_0,edge,0.51274,0.4936,8.89225,0.48726,0.5064,0.83866,4
931,normal,-1,0.0,,,-1,-1,edge_1,edge,0.36604,0.45224,0.0,0.63396,0.54776,0.64454,3
931,normal,-1,0.0,,,-1,-1,edge_2,edge,0.39584,0.48708,0.0,0.60416,0.51292,0.64454,4
931,normal,-1,0.0,,,-1,-1,edge_3,edge,0.3454,0.44002,0.0,0.6546,0.55998,0.64454,3
931,link_congestion,344,0.56416,edge_4,edge_3-edge_4,4,3,edge_4,edge,0.45068,0.4863,2.69538,0.54932,0.5137,0.8234,3
931,normal,-1,0.0,,,-1,-1,cloud_0,cloud,0.37975,0.45232,0.0,0.62025,0.54768,0.52202,3
932,normal,-1,0.0,,,-1,-1,access_0,access,0.23328,0.25399,0.0,0.76672,0.74601,0.29188,2
932,normal,-1,0.0,,,-1,-1,access_1,access,0.21397,0.24812,0.0,0.78603,0.75188,0.29188,2
932,link_congestion,333,0.58552,edge_0,access_0-edge_0,1,0,edge_0,edge,0.47277,0.50205,5.27838,0.52723,0.49795,0.88264,4
932,normal,-1,0.0,,,-1,-1,edge_1,edge,0.39013,0.48401,0.0,0.60987,0.51599,0.6509,3
932,normal,-1,0.0,,,-1,-1,edge_2,edge,0.41636,0.46833,0.0,0.58364,0.53167,0.6509,4
932,normal,-1,0.0,,,-1,-1,edge_3,edge,0.33962,0.4379,0.0,0.66038,0.5621,0.6509,3
932,link_congestion,344,0.56416,edge_4,edge_3-edge_4,4,3,edge_4,edge,0.47728,0.48913,4.75118,0.52272,0.51087,0.84264,3
932,normal,-1,0.0,,,-1,-1,cloud_0,cloud,0.36398,0.45557,0.0,0.63602,0.54443,0.52484,3
933,normal,-1,0.0,,,-1,-1,access_0,access,0.22815,0.26138,0.0,0.77185,0.73862,0.29492,2
933,normal,-1,0.0,,,-1,-1,access_1,access,0.2245,0.25716,0.0,0.7755,0.74284,0.29492,2
933,mixed,368,0.50635,edge_0,access_0-edge_0,1,0,edge_0,edge,0.67889,0.6073,23.94415,0.32111,0.3927,1.41074,4
933,normal,-1,0.0,,,-1,-1,edge_1,edge,0.35023,0.43613,0.0,0.64977,0.56387,0.65946,3
933,normal,-1,0.0,,,-1,-1,edge_2,edge,0.40993,0.48566,0.0,0.59007,0.51434,0.65946,4
933,normal,-1,0.0,,,-1,-1,edge_3,edge,0.33955,0.43922,0.0,0.66045,0.56078,0.65946,3
933,link_congestion,344,0.56416,edge_4,edge_3-edge_4,4,3,edge_4,edge,0.50608,0.52289,7.31997,0.49392,0.47711,0.8788,3
933,normal,-1,0.0,,,-1,-1,cloud_0,cloud,0.37841,0.46702,0.0,0.62159,0.53298,0.52865,3
934,normal,-1,0.0,,,-1,-1,access_0,access,0.22176,0.22277,0.0,0.77824,0.77723,0.29851,2
934,normal,-1,0.0,,,-1,-1,access_1,access,0.21604,0.25625,0.0,0.78396,0.74375,0.29851,2
934,mixed,368,0.50635,edge_0,access_0-edge_0,1,0,edge_0,edge,0.66729,0.60622,24.42483,0.33271,0.39378,1.41097,4
934,normal,-1,0.0,,,-1,-1,edge_1,edge,0.39909,0.47482,0.0,0.60091,0.52518,0.66957,3
934,normal,-1,0.0,,,-1,-1,edge_2,edge,0.39105,0.47329,0.0,0.60895,0.52671,0.66957,4
934,normal,-1,0.0,,,-1,-1,edge_3,edge,0.34802,0.45919,0.0,0.65198,0.54081,0.66957,3
934,mixed,363,0.52231,edge_4,edge_4-edge_0,4,3,edge_4,edge,0.63165,0.6178,21.97175,0.36835,0.3822,1.2866,3
934,normal,-1,0.0,,,-1,-1,cloud_0,cloud,0.39033,0.4744,0.0,0.60967,0.5256,0.53314,3
935,normal,-1,0.0,,,-1,-1,access_0,access,0.22406,0.26474,0.0,0.77594,0.73526,0.3024,2
935,normal,-1,0.0,,,-1,-1,access_1,access,0.21386,0.24852,0.0,0.78614,0.75148,0.3024,2
935,mixed,368,0.50635,edge_0,access_0-edge_0,1,0,edge_0,edge,0.61605,0.56483,22.56798,0.38395,0.43517,1.37839,4
935,normal,-1,0.0,,,-1,-1,edge_1,edge,0.3767,0.46548,0.0,0.6233,0.53452,0.6805,3
935,normal,-1,0.0,,,-1,-1,edge_2,edge,0.39594,0.47819,0.0,0.60406,0.52181,0.6805,4
935,normal,-1,0.0,,,-1,-1,edge_3,edge,0.36678,0.43638,0.0,0.63322,0.56362,0.6805,3
935,mixed,363,0.52231,edge_4,edge_4-edge_0,4,3,edge_4,edge,0.69372,0.58497,25.55834,0.30628,0.41503,1.39209,3
935,normal,-1,0.0,,,-1,-1,cloud_0,cloud,0.37636,0.47787,0.0,0.62364,0.52213,0.538,3
936,normal,-1,0.0,,,-1,-1,access_0,access,0.22299,0.25549,0.0,0.77701,0.74451,0.3024,2
936,normal,-1,0.0,,,-1,-1,access_1,access,0.22793,0.24681,0.0,0.77207,0.75319,0.3024,2
936,mixed,346,0.58989,edge_0,edge_0-edge_1,3,2,edge_0,edge,0.52689,0.5262,16.38065,0.47311,0.4738,1.03264,4
936,normal,-1,0.0,,,-1,-1,edge_1,edge,0.36579,0.45588,0.0,0.63421,0.54412,0.6805,3
936,normal,-1,0.0,,,-1,-1,edge_2,edge,0.42037,0.50679,0.0,0.57963,0.49321,0.6805,4
936,normal,-1,0.0,,,-1,-1,edge_3,edge,0.35499,0.4476,0.0,0.64501,0.5524,0.6805,3
936,mixed,363,0.52231,edge_4,edge_4-edge_0,4,3,edge_4,edge,0.74135,0.59402,29.99108,0.25865,0.40598,1.41384,3
936,normal,-1,0.0,,,-1,-1,cloud_0,cloud,0.4039,0.47527,0.0,0.5961,0.52473,0.538,3
937,normal,-1,0.0,,,-1,-1,access_0,access,0.22247,0.24945,0.0,0.77753,0.75055,0.30629,2
937,normal,-1,0.0,,,-1,-1,access_1,access,0.21321,0.24567,0.0,0.78679,0.75433,0.30629,2
937,mixed,346,0.58989,edge_0,edge_0-edge_1,3,2,edge_0,edge,0.59416,0.57472,20.63462,0.40584,0.42528,1.15872,4
937,normal,-1,0.0,,,-1,-1,edge_1,edge,0.38144,0.45815,0.0,0.61856,0.54185,0.69143,3
937,normal,-1,0.0,,,-1,-1,edge_2,edge,0.40538,0.47519,0.0,0.59462,0.52481,0.69143,4
937,normal,-1,0.0,,,-1,-1,edge_3,edge,0.3762,0.47072,0.0,0.6238,0.52928,0.69143,3
937,mixed,363,0.52231,edge_4,edge_4-edge_0,4,3,edge_4,edge,0.66516,0.57383,23.5168,0.33484,0.42617,1.33816,3
937,normal,-1,0.0,,,-1,-1,cloud_0,cloud,0.38078,0.47458,0.0,0.61922,0.52542,0.54286,3
938,normal,-1,0.0,,,-1,-1,access_0,access,0.22317,0.26618,0.0,0.77683,0.73382,0.30988,2
938,normal,-1,0.0,,,-1,-1,access_1,access,0.22513,0.26524,0.0,0.77487,0.73476,0.30988,2
938,mixed,346,0.58989,edge_0,edge_0-edge_1,3,2,edge_0,edge,0.64105,0.55621,23.67922,0.35895,0.44379,1.29877,4
938,normal,-1,0.0,,,-1,-1,edge_1,edge,0.38615,0.46715,0.0,0.61385,0.53285,0.70154,3
938,normal,-1,0.0,,,-1,-1,edge_2,edge,0.41802,0.47912,0.0,0.58198,0.52088,0.70154,4
938,normal,-1,0.0,,,-1,-1,edge_3,edge,0.37223,0.45161,0.0,0.62777,0.54839,0.70154,3
938,mixed,363,0.52231,edge_4,edge_4-edge_0,4,3,edge_4,edge,0.69356,0.59602,25.854,0.30644,0.40398,1.33167,3
938,normal,-1,0.0,,,-1,-1,cloud_0,cloud,0.39156,0.47316,0.0,0.60844,0.52684,0.54735,3
939,normal,-1,0.0,,,-1,-1,access_0,access,0.22835,0.27506,0.0,0.77165,0.72494,0.31292,2
939,normal,-1,0.0,,,-1,-1,access_1,access,0.24686,0.24997,0.0,0.75314,0.75003,0.31292,2
939,mixed,346,0.58989,edge_0,edge_0-edge_1,3,2,edge_0,edge,0.71679,0.62348,29.68602,0.28321,0.37652,1.40426,4
939,normal,-1,0.0,,,-1,-1,edge_1,edge,0.39863,0.46549,0.0,0.60137,0.53451,0.7101,3
939,normal,-1,0.0,,,-1,-1,edge_2,edge,0.42548,0.49948,0.0,0.57452,0.50052,0.7101,4
939,normal,-1,0.0,,,-1,-1,edge_3,edge,0.35919,0.45284,0.0,0.64081,0.54716,0.7101,3
939,mixed,363,0.52231,edge_4,edge_4-edge_0,4,3,edge_4,edge,0.69292,0.65198,26.16105,0.30708,0.34802,1.33808,3
939,normal,-1,0.0,,,-1,-1,cloud_0,cloud,0.39293,0.47505,0.0,0.60707,0.52495,0.55116,3
940,normal,-1,0.0,,,-1,-1,access_0,access,0.23402,0.26006,0.0,0.76598,0.73994,0.31519,2
940,normal,-1,0.0,,,-1,-1,access_1,access,0.2074,0.27529,0.0,0.7926,0.72471,0.31519,2
940,mixed,346,0.58989,edge_0,edge_0-edge_1,3,2,edge_0,edge,0.66051,0.62256,27.16376,0.33949,0.37744,1.426,4
940,normal,-1,0.0,,,-1,-1,edge_1,edge,0.37634,0.48455,0.0,0.62366,0.51545,0.71646,3
940,normal,-1,0.0,,,-1,-1,edge_2,edge,0.40287,0.47908,0.0,0.59713,0.52092,0.71646,4
940,normal,-1,0.0,,,-1,-1,edge_3,edge,0.35299,0.44711,0.0,0.64701,0.55289,0.71646,3
940,mixed,363,0.52231,edge_4,edge_4-edge_0,4,3,edge_4,edge,0.67458,0.62616,25.38418,0.32542,0.37384,1.27722,3
940,normal,-1,0.0,,,-1,-1,cloud_0,cloud,0.389,0.46661,0.0,0.611,0.53339,0.55398,3
941,normal,-1,0.0,,,-1,-1,access_0,access,0.22863,0.26801,0.0,0.77137,0.73199,0.3165,2
941,normal,-1,0.0,,,-1,-1,access_1,access,0.23698,0.24257,0.0,0.76302,0.75743,0.3165,2
941,mixed,346,0.58989,edge_0,edge_0-edge_1,3,2,edge_0,edge,0.64226,0.59173,25.42516,0.35774,0.40827,1.35032,4
941,normal,-1,0.0,,,-1,-1,edge_1,edge,0.38459,0.47853,0.0,0.61541,0.52147,0.72015,3
941,normal,-1,0.0,,,-1,-1,edge_2,edge,0.4202,0.48252,0.0,0.5798,0.51748,0.72015,4
941,normal,-1,0.0,,,-1,-1,edge_3,edge,0.38642,0.45905,0.0,0.61358,0.54095,0.72015,3
941,mixed,363,0.52231,edge_4,edge_4-edge_0,4,3,edge_4,edge,0.69141,0.58653,26.39606,0.30859,0.41347,1.24271,3
941,normal,-1,0.0,,,-1,-1,cloud_0,cloud,0.40177,0.48006,0.0,0.59823,0.51994,0.55562,3
942,normal,-1,0.0,,,-1,-1,access_0,access,0.22384,0.2524,0.0,0.77616,0.7476,0.31677,2
942,normal,-1,0.0,,,-1,-1,access_1,access,0.22167,0.25644,0.0,0.77833,0.74356,0.31677,2
942,mixed,346,0.58989,edge_0,edge_0-edge_1,3,2,edge_0,edge,0.63753,0.57323,24.11245,0.36247,0.42677,1.34383,4
942,normal,-1,0.0,,,-1,-1,edge_1,edge,0.3981,0.46196,0.0,0.6019,0.53804,0.72091,3
942,normal,-1,0.0,,,-1,-1,edge_2,edge,0.41061,0.47044,0.0,0.58939,0.52956,0.72091,4
942,normal,-1,0.0,,,-1,-1,edge_3,edge,0.3537,0.44009,0.0,0.6463,0.55991,0.72091,3
942,mixed,363,0.52231,edge_4,edge_4-edge_0,4,3,edge_4,edge,0.73136,0.67131,28.2486,0.26864,0.32869,1.31715,3
942,normal,-1,0.0,,,-1,-1,cloud_0,cloud,0.39403,0.47718,0.0,0.60597,0.52282,0.55596,3
943,normal,-1,0.0,,,-1,-1,access_0,access,0.23314,0.24975,0.0,0.76686,0.75025,0.31597,2
943,normal,-1,0.0,,,-1,-1,access_1,access,0.22488,0.24645,0.0,0.77512,0.75355,0.31597,2
943,mixed,346,0.58989,edge_0,edge_0-edge_1,3,2,edge_0,edge,0.67283,0.62348,27.59298,0.32717,0.37652,1.35024,4
943,normal,-1,0.0,,,-1,-1,edge_1,edge,0.40057,0.46196,0.0,0.59943,0.53804,0.71866,3
943,normal,-1,0.0,,,-1,-1,edge_2,edge,0.4376,0.49982,0.0,0.5624,0.50018,0.71866,4
943,burst,312,0.49639,edge_3,edge_2-edge_3,3,2,edge_3,edge,0.41966,0.46111,1.49437,0.58034,0.53889,0.87187,3
943,node_overload,315,0.57396,edge_4,edge_4-edge_0,4,3,edge_4,edge,0.50966,0.54575,27.69914,0.49034,0.45425,0.87381,3
943,normal,-1,0.0,,,-1,-1,cloud_0,cloud,0.38905,0.48982,0.0,0.61095,0.51018,0.55496,3
944,normal,-1,0.0,,,-1,-1,access_0,access,0.23089,0.26025,0.0,0.76911,0.73975,0.31416,2
944,normal,-1,0.0,,,-1,-1,access_1,access,0.22861,0.25665,0.0,0.77139,0.74335,0.31416,2
944,mixed,346,0.58989,edge_0,edge_0-edge_1,3,2,edge_0,edge,0.67482,0.62732,26.48434,0.32518,0.37268,1.28939,4
944,normal,-1,0.0,,,-1,-1,edge_1,edge,0.38491,0.48266,0.0,0.61509,0.51734,0.71359,3
944,normal,-1,0.0,,,-1,-1,edge_2,edge,0.41518,0.48432,0.0,0.58482,0.51568,0.71359,4
944,burst,312,0.49639,edge_3,edge_2-edge_3,3,2,edge_3,edge,0.42189,0.49166,2.36568,0.57811,0.50834,0.93164,3
944,node_overload,315,0.57396,edge_4,edge_4-edge_0,4,3,edge_4,edge,0.57288,0.5593,30.55393,0.42712,0.4407,0.89081,3
944,normal,-1,0.0,,,-1,-1,cloud_0,cloud,0.39298,0.47751,0.0,0.60702,0.52249,0.55271,3
945,normal,-1,0.0,,,-1,-1,access_0,access,0.22537,0.25128,0.0,0.77463,0.74872,0.31149,2
945,normal,-1,0.0,,,-1,-1,access_1,access,0.22443,0.2517,0.0,0.77557,0.7483,0.31149,2
945,mixed,346,0.58989,edge_0,edge_0-edge_1,3,2,edge_0,edge,0.60819,0.58172,22.42636,0.39181,0.41828,1.25488,4
945,normal,-1,0.0,,,-1,-1,edge_1,edge,0.3914,0.45295,0.0,0.6086,0.54705,0.70606,3
945,normal,-1,0.0,,,-1,-1,edge_2,edge,0.44238,0.50364,0.0,0.55762,0.49636,0.70606,4
945,burst,312,0.49639,edge_3,edge_2-edge_3,3,2,edge_3,edge,0.47908,0.51904,4.44698,0.52092,0.48096,1.03923,3
945,node_overload,315,0.57396,edge_4,edge_4-edge_0,4,3,edge_4,edge,0.56149,0.56688,31.71284,0.43851,0.43312,0.90655,3
945,normal,-1,0.0,,,-1,-1,cloud_0,cloud,0.4032,0.4499,0.0,0.5968,0.5501,0.54936,3
946,normal,-1,0.0,,,-1,-1,access_0,access,0.23003,0.25987,0.0,0.76997,0.74013,0.30814,2
946,normal,-1,0.0,,,-1,-1,access_1,access,0.22503,0.25475,0.0,0.77497,0.74525,0.30814,2
946,mixed,346,0.58989,edge_0,edge_0-edge_1,3,2,edge_0,edge,0.6907,0.60123,28.6168,0.3093,0.39877,1.32932,4
946,node_overload,316,0.5254,edge_1,access_0-edge_1,1,0,edge_1,edge,0.50162,0.51523,25.41638,0.49838,0.48477,0.86507,3
946,normal,-1,0.0,,,-1,-1,edge_2,edge,0.44472,0.50989,0.0,0.55528,0.49011,0.69664,4
946,burst,312,0.49639,edge_3,edge_2-edge_3,3,2,edge_3,edge,0.52979,0.52953,7.07711,0.47021,0.47047,1.20236,3
946,node_overload,315,0.57396,edge_4,edge_4-edge_0,4,3,edge_4,edge,0.59179,0.53932,32.89873,0.40821,0.46068,0.91986,3
946,normal,-1,0.0,,,-1,-1,cloud_0,cloud,0.37757,0.48121,0.0,0.62243,0.51879,0.54517,3
947,normal,-1,0.0,,,-1,-1,access_0,access,0.20454,0.26775,0.0,0.79546,0.73225,0.30436,2
947,normal,-1,0.0,,,-1,-1,access_1,access,0.22574,0.24562,0.0,0.77426,0.75438,0.30436,2
947,mixed,346,0.58989,edge_0,edge_0-edge_1,3,2,edge_0,edge,0.66417,0.56876,26.89539,0.33583,0.43124,1.3004,4
947,node_overload,316,0.5254,edge_1,access_0-edge_1,1,0,edge_1,edge,0.54285,0.55781,27.86927,0.45715,0.44219,0.88454,3
947,normal,-1,0.0,,,-1,-1,edge_2,edge,0.42995,0.49725,0.0,0.57005,0.50275,0.68601,4
947,burst,312,0.49639,edge_3,edge_2-edge_3,3,2,edge_3,edge,0.57049,0.57855,10.37884,0.42951,0.42145,1.36595,3
947,node_overload,315,0.57396,edge_4,edge_4-edge_0,4,3,edge_4,edge,0.61477,0.55105,35.87145,0.38523,0.44895,0.92975,3
947,normal,-1,0.0,,,-1,-1,cloud_0,cloud,0.37396,0.4526,0.0,0.62604,0.5474,0.54045,3
948,normal,-1,0.0,,,-1,-1,access_0,access,0.22416,0.24231,0.0,0.77584,0.75769,0.30044,2
948,normal,-1,0.0,,,-1,-1,access_1,access,0.21637,0.24976,0.0,0.78363,0.75024,0.30044,2
948,mixed,346,0.58989,edge_0,edge_0-edge_1,3,2,edge_0,edge,0.6065,0.5769,22.42645,0.3935,0.4231,1.19811,4
948,node_overload,316,0.5254,edge_1,access_0-edge_1,1,0,edge_1,edge,0.54948,0.50121,29.44489,0.45052,0.49879,0.9021,3
948,normal,-1,0.0,,,-1,-1,edge_2,edge,0.39482,0.47323,0.0,0.60518,0.52677,0.67499,4
948,burst,312,0.49639,edge_3,edge_2-edge_3,3,2,edge_3,edge,0.58257,0.5543,12.22058,0.41743,0.4457,1.42235,3
948,node_overload,315,0.57396,edge_4,edge_4-edge_0,4,3,edge_4,edge,0.65742,0.61207,40.1969,0.34258,0.38793,0.9355,3
948,normal,-1,0.0,,,-1,-1,cloud_0,cloud,0.39073,0.45763,0.0,0.60927,0.54237,0.53555,3
949,normal,-1,0.0,,,-1,-1,access_0,access,0.21686,0.26507,0.0,0.78314,0.73493,0.29666,2
949,normal,-1,0.0,,,-1,-1,access_1,access,0.19628,0.24395,0.0,0.80372,0.75605,0.29666,2
949,burst,302,0.53793,edge_0,access_0-edge_0,1,0,edge_0,edge,0.51519,0.51231,7.67127,0.48481,0.48769,1.18435,4
949,node_overload,316,0.5254,edge_1,access_0-edge_1,1,0,edge_1,edge,0.54548,0.54355,30.08915,0.45452,0.45645,0.91604,3
949,normal,-1,0.0,,,-1,-1,edge_2,edge,0.39893,0.45538,0.0,0.60107,0.54462,0.66436,4
949,burst,312,0.49639,edge_3,edge_2-edge_3,3,2,edge_3,edge,0.5455,0.53124,9.38766,0.4545,0.46876,1.31834,3
949,node_overload,315,0.57396,edge_4,edge_4-edge_0,4,3,edge_4,edge,0.67211,0.59027,39.79315,0.32789,0.40973,0.93667,3
949,normal,-1,0.0,,,-1,-1,cloud_0,cloud,0.38536,0.45692,0.0,0.61464,0.54308,0.53083,3
950,normal,-1,0.0,,,-1,-1,access_0,access,0.22306,0.26303,0.0,0.77694,0.73697,0.29331,2
950,normal,-1,0.0,,,-1,-1,access_1,access,0.22764,0.2434,0.0,0.77236,0.7566,0.29331,2
950,mixed,374,0.54794,edge_0,edge_0-edge_1,3,2,edge_0,edge,0.52581,0.53578,14.68948,0.47419,0.46422,1.02509,4
950,node_overload,316,0.5254,edge_1,access_0-edge_1,1,0,edge_1,edge,0.65329,0.60042,37.18663,0.34671,0.39958,0.92499,3
950,normal,-1,0.0,,,-1,-1,edge_2,edge,0.4106,0.4709,0.0,0.5894,0.5291,0.65494,4
950,burst,312,0.49639,edge_3,edge_2-edge_3,3,2,edge_3,edge,0.52529,0.56988,8.72715,0.47471,0.43012,1.12533,3
950,node_overload,315,0.57396,edge_4,edge_4-edge_0,4,3,edge_4,edge,0.67057,0.60545,41.07656,0.32943,0.39455,0.93318,3
950,normal,-1,0.0,,,-1,-1,cloud_0,cloud,0.37255,0.44574,0.0,0.62745,0.55426,0.52664,3
951,normal,-1,0.0,,,-1,-1,access_0,access,0.2102,0.25774,0.0,0.7898,0.74226,0.29064,2
951,normal,-1,0.0,,,-1,-1,access_1,access,0.20159,0.25567,0.0,0.79841,0.74433,0.29064,2
951,mixed,374,0.54794,edge_0,edge_0-edge_1,3,2,edge_0,edge,0.54848,0.55015,16.18811,0.45152,0.44985,1.11103,4
951,node_overload,316,0.5254,edge_1,access_0-edge_1,1,0,edge_1,edge,0.64146,0.56249,34.82626,0.35854,0.43751,0.92807,3
951,normal,-1,0.0,,,-1,-1,edge_2,edge,0.38663,0.46088,0.0,0.61337,0.53912,0.64741,4
951,burst,312,0.49639,edge_3,edge_2-edge_3,3,2,edge_3,edge,0.47556,0.51124,5.7112,0.52444,0.48876,0.96219,3
951,node_overload,315,0.57396,edge_4,edge_4-edge_0,4,3,edge_4,edge,0.665,0.59717,40.57073,0.335,0.40283,0.92528,3
951,normal,-1,0.0,,,-1,-1,cloud_0,cloud,0.40301,0.46357,0.0,0.59699,0.53643,0.52329,3
952,normal,-1,0.0,,,-1,-1,access_0,access,0.20598,0.2374,0.0,0.79402,0.7626,0.28883,2
952,normal,-1,0.0,,,-1,-1,access_1,access,0.20465,0.25076,0.0,0.79535,0.74924,0.28883,2
952,mixed,374,0.54794,edge_0,edge_0-edge_1,3,2,edge_0,edge,0.57535,0.53286,19.98009,0.42465,0.46714,1.20948,4
952,node_overload,316,0.5254,edge_1,access_0-edge_1,1,0,edge_1,edge,0.64815,0.61948,35.29376,0.35185,0.38052,0.92499,3
952,normal,-1,0.0,,,-1,-1,edge_2,edge,0.3965,0.47469,0.0,0.6035,0.52531,0.64234,4
952,burst,312,0.49639,edge_3,edge_2-edge_3,3,2,edge_3,edge,0.40941,0.49345,0.56499,0.59059,0.50655,0.88403,3
952,node_overload,315,0.57396,edge_4,edge_4-edge_0,4,3,edge_4,edge,0.64547,0.57159,39.9388,0.35453,0.42841,0.91357,3
952,normal,-1,0.0,,,-1,-1,cloud_0,cloud,0.37159,0.45183,0.0,0.62841,0.54817,0.52104,3
953,normal,-1,0.0,,,-1,-1,access_0,access,0.19684,0.23541,0.0,0.80316,0.76459,0.28803,2
953,normal,-1,0.0,,,-1,-1,access_1,access,0.21298,0.23846,0.0,0.78702,0.76154,0.28803,2
953,mixed,374,0.54794,edge_0,edge_0-edge_1,3,2,edge_0,edge,0.62852,0.62021,22.62219,0.37148,0.37979,1.30651,4
953,node_overload,316,0.5254,edge_1,access_0-edge_1,1,0,edge_1,edge,0.64887,0.62098,37.27029,0.35113,0.37902,0.91604,3
953,normal,-1,0.0,,,-1,-1,edge_2,edge,0.41395,0.47742,0.0,0.58605,0.52258,0.64009,4
953,burst,312,0.49639,edge_3,edge_2-edge_3,3,2,edge_3,edge,0.47043,0.49527,4.27924,0.52957,0.50473,0.87187,3
953,node_overload,315,0.57396,edge_4,edge_4-edge_0,4,3,edge_4,edge,0.68489,0.6045,41.38469,0.31511,0.3955,0.89891,3
953,normal,-1,0.0,,,-1,-1,cloud_0,cloud,0.37863,0.4537,0.0,0.62137,0.5463,0.52004,3
954,normal,-1,0.0,,,-1,-1,access_0,access,0.21138,0.23959,0.0,0.78862,0.76041,0.2883,2
954,normal,-1,0.0,,,-1,-1,access_1,access,0.22316,0.26727,0.0,0.77684,0.73273,0.2883,2
954,mixed,374,0.54794,edge_0,edge_0-edge_1,3,2,edge_0,edge,0.70545,0.6073,26.47323,0.29455,0.3927,1.38305,4
954,node_overload,316,0.5254,edge_1,access_0-edge_1,1,0,edge_1,edge,0.64639,0.60584,36.90762,0.35361,0.39416,0.9021,3
954,normal,-1,0.0,,,-1,-1,edge_2,edge,0.39589,0.46224,0.0,0.60411,0.53776,0.64085,4
954,normal,-1,0.0,,,-1,-1,edge_3,edge,0.34298,0.46851,0.0,0.65702,0.53149,0.64085,3
954,node_overload,315,0.57396,edge_4,edge_4-edge_0,4,3,edge_4,edge,0.61225,0.59773,38.14028,0.38775,0.40227,0.88239,3
954,normal,-1,0.0,,,-1,-1,cloud_0,cloud,0.38074,0.45382,0.0,0.61926,0.54618,0.52038,3
955,normal,-1,0.0,,,-1,-1,access_0,access,0.20362,0.24808,0.0,0.79638,0.75192,0.28961,2
955,normal,-1,0.0,,,-1,-1,access_1,access,0.21918,0.25701,0.0,0.78082,0.74299,0.28961,2
955,mixed,374,0.54794,edge_0,edge_0-edge_1,3,2,edge_0,edge,0.67424,0.63261,25.1,0.32576,0.36739,1.4207,4
955,node_overload,316,0.5254,edge_1,access_0-edge_1,1,0,edge_1,edge,0.62237,0.5764,35.21271,0.37763,0.4236,0.88454,3
955,normal,-1,0.0,,,-1,-1,edge_2,edge,0.40986,0.48336,0.0,0.59014,0.51664,0.64454,4
955,normal,-1,0.0,,,-1,-1,edge_3,edge,0.33893,0.45558,0.0,0.66107,0.54442,0.64454,3
955,node_overload,315,0.57396,edge_4,edge_4-edge_0,4,3,edge_4,edge,0.61723,0.53475,38.00864,0.38277,0.46525,0.86523,3
955,normal,-1,0.0,,,-1,-1,cloud_0,cloud,0.38304,0.46729,0.0,0.61696,0.53271,0.52202,3
956,normal,-1,0.0,,,-1,-1,access_0,access,0.2253,0.2437,0.0,0.7747,0.7563,0.29188,2
956,normal,-1,0.0,,,-1,-1,access_1,access,0.22172,0.25703,0.0,0.77828,0.74297,0.29188,2
956,mixed,374,0.54794,edge_0,edge_0-edge_1,3,2,edge_0,edge,0.67647,0.576,26.85481,0.32353,0.424,1.40885,4
956,node_overload,316,0.5254,edge_1,access_0-edge_1,1,0,edge_1,edge,0.58655,0.55674,31.82033,0.41345,0.44326,0.86507,3
956,normal,-1,0.0,,,-1,-1,edge_2,edge,0.40381,0.48263,0.0,0.59619,0.51737,0.6509,4
956,normal,-1,0.0,,,-1,-1,edge_3,edge,0.34383,0.45204,0.0,0.65617,0.54796,0.6509,3
956,node_overload,315,0.57396,edge_4,edge_4-edge_0,4,3,edge_4,edge,0.61269,0.56792,37.37749,0.38731,0.43208,0.84871,3
956,normal,-1,0.0,,,-1,-1,cloud_0,cloud,0.37578,0.43705,0.0,0.62422,0.56295,0.52484,3
957,normal,-1,0.0,,,-1,-1,access_0,access,0.21192,0.25217,0.0,0.78808,0.74783,0.29492,2
957,normal,-1,0.0,,,-1,-1,access_1,access,0.21509,0.23129,0.0,0.78491,0.76871,0.29492,2
957,mixed,374,0.54794,edge_0,edge_0-edge_1,3,2,edge_0,edge,0.67462,0.6075,26.64551,0.32538,0.3925,1.34949,4
957,node_overload,316,0.5254,edge_1,access_0-edge_1,1,0,edge_1,edge,0.63346,0.57411,33.79675,0.36654,0.42589,0.8456,3
957,normal,-1,0.0,,,-1,-1,edge_2,edge,0.42431,0.48379,0.0,0.57569,0.51621,0.65946,4
957,normal,-1,0.0,,,-1,-1,edge_3,edge,0.35314,0.45783,0.0,0.64686,0.54217,0.65946,3
957,node_overload,315,0.57396,edge_4,edge_4-edge_0,4,3,edge_4,edge,0.60592,0.58499,37.90147,0.39408,0.41501,0.83405,3
957,normal,-1,0.0,,,-1,-1,cloud_0,cloud,0.3791,0.45317,0.0,0.6209,0.54683,0.52865,3
958,normal,-1,0.0,,,-1,-1,access_0,access,0.20447,0.24677,0.0,0.79553,0.75323,0.29851,2
958,normal,-1,0.0,,,-1,-1,access_1,access,0.22322,0.24802,0.0,0.77678,0.75198,0.29851,2
958,mixed,374,0.54794,edge_0,edge_0-edge_1,3,2,edge_0,edge,0.66284,0.60386,24.00353,0.33716,0.39614,1.31867,4
958,node_overload,316,0.5254,edge_1,access_0-edge_1,1,0,edge_1,edge,0.6115,0.58189,35.46299,0.3885,0.41811,0.82804,3
958,normal,-1,0.0,,,-1,-1,edge_2,edge,0.39719,0.4797,0.0,0.60281,0.5203,0.66957,4
958,normal,-1,0.0,,,-1,-1,edge_3,edge,0.35588,0.46676,0.0,0.64412,0.53324,0.66957,3
958,node_overload,315,0.57396,edge_4,edge_4-edge_0,4,3,edge_4,edge,0.63165,0.56221,38.80482,0.36835,0.43779,0.82234,3
958,normal,-1,0.0,,,-1,-1,cloud_0,cloud,0.38763,0.44673,0.0,0.61237,0.55327,0.53314,3
959,normal,-1,0.0,,,-1,-1,access_0,access,0.23704,0.24867,0.0,0.76296,0.75133,0.3024,2
959,normal,-1,0.0,,,-1,-1,access_1,access,0.22234,0.2542,0.0,0.77766,0.7458,0.3024,2
959,mixed,374,0.54794,edge_0,edge_0-edge_1,3,2,edge_0,edge,0.65986,0.5732,24.27244,0.34014,0.4268,1.34638,4
959,node_overload,316,0.5254,edge_1,access_0-edge_1,1,0,edge_1,edge,0.58188,0.55189,33.25903,0.41812,0.44811,0.8141,3
959,normal,-1,0.0,,,-1,-1,edge_2,edge,0.41177,0.49806,0.0,0.58823,0.50194,0.6805,4
959,normal,-1,0.0,,,-1,-1,edge_3,edge,0.34884,0.43316,0.0,0.65116,0.56684,0.6805,3
959,node_overload,315,0.57396,edge_4,edge_4-edge_0,4,3,edge_4,edge,0.64362,0.57808,41.25051,0.35638,0.42192,0.81445,3
959,normal,-1,0.0,,,-1,-1,cloud_0,cloud,0.39061,0.47474,0.0,0.60939,0.52526,0.538,3
960,normal,-1,0.0,,,-1,-1,access_0,access,0.21671,0.25122,0.0,0.78329,0.74878,0.3024,2
960,normal,-1,0.0,,,-1,-1,access_1,access,0.2219,0.25317,0.0,0.7781,0.74683,0.3024,2
960,mixed,381,0.63872,edge_0,edge_0-edge_1,2,1,edge_0,edge,0.55825,0.54889,17.0633,0.44175,0.45111,1.04143,4
960,node_overload,316,0.5254,edge_1,access_0-edge_1,1,0,edge_1,edge,0.62795,0.57982,36.33591,0.37205,0.42018,0.80516,3
960,normal,-1,0.0,,,-1,-1,edge_2,edge,0.4039,0.49322,0.0,0.5961,0.50678,0.6805,4
960,normal,-1,0.0,,,-1,-1,edge_3,edge,0.34258,0.42166,0.0,0.65742,0.57834,0.6805,3
960,node_overload,315,0.57396,edge_4,edge_4-edge_0,4,3,edge_4,edge,0.66156,0.59758,40.36528,0.33844,0.40242,0.81096,3
960,normal,-1,0.0,,,-1,-1,cloud_0,cloud,0.38115,0.46767,0.0,0.61885,0.53233,0.538,3
961,normal,-1,0.0,,,-1,-1,access_0,access,0.21013,0.25017,0.0,0.78987,0.74983,0.30629,2
961,normal,-1,0.0,,,-1,-1,access_1,access,0.23748,0.25578,0.0,0.76252,0.74422,0.30629,2
961,mixed,381,0.63872,edge_0,edge_0-edge_1,2,1,edge_0,edge,0.54231,0.52114,18.21219,0.45769,0.47886,1.10334,4
961,node_overload,316,0.5254,edge_1,access_0-edge_1,1,0,edge_1,edge,0.60467,0.58859,35.27129,0.39533,0.41141,0.80207,3
961,normal,-1,0.0,,,-1,-1,edge_2,edge,0.39484,0.46025,0.0,0.60516,0.53975,0.69143,4
961,normal,-1,0.0,,,-1,-1,edge_3,edge,0.36274,0.45982,0.0,0.63726,0.54018,0.69143,3
961,node_overload,315,0.57396,edge_4,edge_4-edge_0,4,3,edge_4,edge,0.65217,0.59482,38.17636,0.34783,0.40518,0.81213,3
961,normal,-1,0.0,,,-1,-1,cloud_0,cloud,0.39268,0.45932,0.0,0.60732,0.54068,0.54286,3
962,normal,-1,0.0,,,-1,-1,access_0,access,0.23515,0.246,0.0,0.76485,0.754,0.30988,2
962,normal,-1,0.0,,,-1,-1,access_1,access,0.22622,0.24631,0.0,0.77378,0.75369,0.30988,2
962,mixed,381,0.63872,edge_0,edge_0-edge_1,2,1,edge_0,edge,0.62465,0.58037,23.1406,0.37535,0.41963,1.17359,4
962,node_overload,316,0.5254,edge_1,access_0-edge_1,1,0,edge_1,edge,0.64483,0.57868,36.35591,0.35517,0.42132,0.80516,3
962,normal,-1,0.0,,,-1,-1,edge_2,edge,0.41691,0.47593,0.0,0.58309,0.52407,0.70154,4
962,normal,-1,0.0,,,-1,-1,edge_3,edge,0.35515,0.45165,0.0,0.64485,0.54835,0.70154,3
962,node_overload,315,0.57396,edge_4,edge_4-edge_0,4,3,edge_4,edge,0.65402,0.58406,39.76045,0.34598,0.41594,0.81788,3
962,normal,-1,0.0,,,-1,-1,cloud_0,cloud,0.3897,0.46551,0.0,0.6103,0.53449,0.54735,3
963,normal,-1,0.0,,,-1,-1,access_0,access,0.23586,0.26311,0.0,0.76414,0.73689,0.31292,2
963,normal,-1,0.0,,,-1,-1,access_1,access,0.219,0.25808,0.0,0.781,0.74192,0.31292,2
963,mixed,381,0.63872,edge_0,edge_0-edge_1,2,1,edge_0,edge,0.65303,0.58062,25.27713,0.34697,0.41938,1.24765,4
963,node_overload,316,0.5254,edge_1,access_0-edge_1,1,0,edge_1,edge,0.60188,0.58099,34.2766,0.39812,0.41901,0.8141,3
963,normal,-1,0.0,,,-1,-1,edge_2,edge,0.42889,0.47324,0.0,0.57111,0.52676,0.7101,4
963,normal,-1,0.0,,,-1,-1,edge_3,edge,0.3649,0.44715,0.0,0.6351,0.55285,0.7101,3
963,mixed,367,0.63718,edge_4,edge_3-edge_4,4,3,edge_4,edge,0.53247,0.57304,16.00221,0.46753,0.42696,1.04115,3
963,normal,-1,0.0,,,-1,-1,cloud_0,cloud,0.40165,0.48564,0.0,0.59835,0.51436,0.55116,3
964,normal,-1,0.0,,,-1,-1,access_0,access,0.23883,0.27253,0.0,0.76117,0.72747,0.31519,2
964,normal,-1,0.0,,,-1,-1,access_1,access,0.23607,0.26378,0.0,0.76393,0.73622,0.31519,2
964,mixed,381,0.63872,edge_0,edge_0-edge_1,2,1,edge_0,edge,0.68913,0.60626,27.65313,0.31087,0.39374,1.31891,4
964,node_overload,316,0.5254,edge_1,access_0-edge_1,1,0,edge_1,edge,0.55778,0.54613,30.64217,0.44222,0.45387,0.82804,3
964,normal,-1,0.0,,,-1,-1,edge_2,edge,0.41745,0.47963,0.0,0.58255,0.52037,0.71646,4
964,normal,-1,0.0,,,-1,-1,edge_3,edge,0.34657,0.46615,0.0,0.65343,0.53385,0.71646,3
964,mixed,367,0.63718,edge_4,edge_3-edge_4,4,3,edge_4,edge,0.67485,0.62643,27.38867,0.32515,0.37357,1.17997,3
964,normal,-1,0.0,,,-1,-1,cloud_0,cloud,0.39208,0.47797,0.0,0.60792,0.52203,0.55398,3
965,normal,-1,0.0,,,-1,-1,access_0,access,0.25422,0.2498,0.0,0.74578,0.7502,0.3165,2
965,normal,-1,0.0,,,-1,-1,access_1,access,0.23277,0.26051,0.0,0.76723,0.73949,0.3165,2
965,mixed,381,0.63872,edge_0,edge_0-edge_1,2,1,edge_0,edge,0.67509,0.62337,29.41465,0.32491,0.37663,1.37945,4
965,node_overload,316,0.5254,edge_1,access_0-edge_1,1,0,edge_1,edge,0.53163,0.56672,28.57103,0.46837,0.43328,0.8456,3
965,normal,-1,0.0,,,-1,-1,edge_2,edge,0.404,0.45821,0.0,0.596,0.54179,0.72015,4
965,normal,-1,0.0,,,-1,-1,edge_3,edge,0.38116,0.45559,0.0,0.61884,0.54441,0.72015,3
965,mixed,367,0.63718,edge_4,edge_3-edge_4,4,3,edge_4,edge,0.65832,0.57183,27.31321,0.34168,0.42817,1.33068,3
965,normal,-1,0.0,,,-1,-1,cloud_0,cloud,0.40001,0.47034,0.0,0.59999,0.52966,0.55562,3
966,normal,-1,0.0,,,-1,-1,access_0,access,0.23893,0.25581,0.0,0.76107,0.74419,0.31677,2
966,normal,-1,0.0,,,-1,-1,access_1,access,0.23573,0.2626,0.0,0.76427,0.7374,0.31677,2
966,mixed,381,0.63872,edge_0,edge_0-edge_1,2,1,edge_0,edge,0.68232,0.65315,29.84399,0.31768,0.34685,1.42141,4
966,node_overload,316,0.5254,edge_1,access_0-edge_1,1,0,edge_1,edge,0.5737,0.52354,30.19632,0.4263,0.47646,0.86507,3
966,normal,-1,0.0,,,-1,-1,edge_2,edge,0.44173,0.49209,0.0,0.55827,0.50791,0.72091,4
966,normal,-1,0.0,,,-1,-1,edge_3,edge,0.35918,0.45061,0.0,0.64082,0.54939,0.72091,3
966,mixed,367,0.63718,edge_4,edge_3-edge_4,4,3,edge_4,edge,0.73141,0.61032,32.36653,0.26859,0.38968,1.42848,3
966,normal,-1,0.0,,,-1,-1,cloud_0,cloud,0.40325,0.49227,0.0,0.59675,0.50773,0.55596,3
967,normal,-1,0.0,,,-1,-1,access_0,access,0.23466,0.26232,0.0,0.76534,0.73768,0.31597,2
967,normal,-1,0.0,,,-1,-1,access_1,access,0.24257,0.2715,0.0,0.75743,0.7285,0.31597,2
967,mixed,381,0.63872,edge_0,edge_0-edge_1,2,1,edge_0,edge,0.71476,0.66124,31.15701,0.28524,0.33876,1.43865,4
967,normal,-1,0.0,,,-1,-1,edge_1,edge,0.37712,0.47456,0.0,0.62288,0.52544,0.71866,3
967,normal,-1,0.0,,,-1,-1,edge_2,edge,0.41521,0.51106,0.0,0.58479,0.48894,0.71866,4
967,normal,-1,0.0,,,-1,-1,edge_3,edge,0.32132,0.43464,0.0,0.67868,0.56536,0.71866,3
967,mixed,367,0.63718,edge_4,edge_3-edge_4,4,3,edge_4,edge,0.74928,0.65097,33.13556,0.25072,0.34903,1.41738,3
967,normal,-1,0.0,,,-1,-1,cloud_0,cloud,0.38755,0.4783,0.0,0.61245,0.5217,0.55496,3
968,normal,-1,0.0,,,-1,-1,access_0,access,0.23794,0.25636,0.0,0.76206,0.74364,0.31416,2
968,normal,-1,0.0,,,-1,-1,access_1,access,0.23331,0.2471,0.0,0.76669,0.7529,0.31416,2
968,mixed,381,0.63872,edge_0,edge_0-edge_1,2,1,edge_0,edge,0.7227,0.60734,30.18411,0.2773,0.39266,1.42822,4
968,normal,-1,0.0,,,-1,-1,edge_1,edge,0.40143,0.48109,0.0,0.59857,0.51891,0.71359,3
968,burst,307,0.56045,edge_2,edge_1-edge_2,2,1,edge_2,edge,0.55047,0.54018,9.6169,0.44953,0.45982,0.8834,4
968,normal,-1,0.0,,,-1,-1,edge_3,edge,0.34869,0.45322,0.0,0.65131,0.54678,0.71359,3
968,mixed,367,0.63718,edge_4,edge_3-edge_4,4,3,edge_4,edge,0.68096,0.59869,28.56401,0.31904,0.40131,1.32242,3
968,normal,-1,0.0,,,-1,-1,cloud_0,cloud,0.39693,0.4738,0.0,0.60307,0.5262,0.55271,3
969,normal,-1,0.0,,,-1,-1,access_0,access,0.22155,0.26136,0.0,0.77845,0.73864,0.31149,2
969,normal,-1,0.0,,,-1,-1,access_1,access,0.22737,0.24601,0.0,0.77263,0.75399,0.31149,2
969,mixed,381,0.63872,edge_0,edge_0-edge_1,2,1,edge_0,edge,0.71411,0.6356,31.54742,0.28589,0.3644,1.39119,4
969,normal,-1,0.0,,,-1,-1,edge_1,edge,0.39143,0.47724,0.0,0.60857,0.52276,0.70606,3
969,burst,307,0.56045,edge_2,edge_1-edge_2,2,1,edge_2,edge,0.53127,0.53223,9.53771,0.46873,0.46777,0.90509,4
969,normal,-1,0.0,,,-1,-1,edge_3,edge,0.33889,0.43278,0.0,0.66111,0.56722,0.70606,3
969,mixed,367,0.63718,edge_4,edge_3-edge_4,4,3,edge_4,edge,0.70818,0.62228,30.02601,0.29182,0.37772,1.36443,3
969,normal,-1,0.0,,,-1,-1,cloud_0,cloud,0.38701,0.46417,0.0,0.61299,0.53583,0.54936,3
970,normal,-1,0.0,,,-1,-1,access_0,access,0.21686,0.24739,0.0,0.78314,0.75261,0.30814,2
970,normal,-1,0.0,,,-1,-1,access_1,access,0.21257,0.25483,0.0,0.78743,0.74517,0.30814,2
970,mixed,381,0.63872,edge_0,edge_0-edge_1,2,1,edge_0,edge,0.67425,0.60753,28.57386,0.32575,0.39247,1.33243,4
970,normal,-1,0.0,,,-1,-1,edge_1,edge,0.38635,0.45906,0.0,0.61365,0.54094,0.69664,3
970,burst,307,0.56045,edge_2,edge_1-edge_2,2,1,edge_2,edge,0.51059,0.53743,7.15154,0.48941,0.46257,0.93318,4
970,normal,-1,0.0,,,-1,-1,edge_3,edge,0.34418,0.44102,0.0,0.65582,0.55898,0.69664,3
970,mixed,367,0.63718,edge_4,edge_3-edge_4,4,3,edge_4,edge,0.71023,0.62113,28.89791,0.28977,0.37887,1.32691,3
970,normal,-1,0.0,,,-1,-1,cloud_0,cloud,0.3931,0.47771,0.0,0.6069,0.52229,0.54517,3
971,normal,-1,0.0,,,-1,-1,access_0,access,0.21728,0.25932,0.0,0.78272,0.74068,0.30436,2
971,normal,-1,0.0,,,-1,-1,access_1,access,0.21643,0.24672,0.0,0.78357,0.75328,0.30436,2
971,mixed,381,0.63872,edge_0,edge_0-edge_1,2,1,edge_0,edge,0.6678,0.59508,27.20286,0.3322,0.40492,1.34026,4
971,normal,-1,0.0,,,-1,-1,edge_1,edge,0.37431,0.46104,0.0,0.62569,0.53896,0.68601,3
971,burst,307,0.56045,edge_2,edge_1-edge_2,2,1,edge_2,edge,0.54236,0.56239,9.27831,0.45764,0.43761,0.96978,4
971,normal,-1,0.0,,,-1,-1,edge_3,edge,0.34794,0.44061,0.0,0.65206,0.55939,0.68601,3
971,mixed,367,0.63718,edge_4,edge_3-edge_4,4,3,edge_4,edge,0.67163,0.62184,26.39408,0.32837,0.37816,1.23028,3
971,normal,-1,0.0,,,-1,-1,cloud_0,cloud,0.3849,0.48148,0.0,0.6151,0.51852,0.54045,3
972,normal,-1,0.0,,,-1,-1,access_0,access,0.21777,0.24819,0.0,0.78223,0.75181,0.30044,2
972,normal,-1,0.0,,,-1,-1,access_1,access,0.2111,0.25177,0.0,0.7889,0.74823,0.30044,2
972,mixed,381,0.63872,edge_0,edge_0-edge_1,2,1,edge_0,edge,0.66277,0.62829,26.52476,0.33723,0.37171,1.36087,4
972,normal,-1,0.0,,,-1,-1,edge_1,edge,0.38853,0.49928,0.0,0.61147,0.50072,0.67499,3
972,burst,307,0.56045,edge_2,edge_1-edge_2,2,1,edge_2,edge,0.56635,0.55083,9.445,0.43365,0.44917,1.0169,4
972,normal,-1,0.0,,,-1,-1,edge_3,edge,0.34177,0.4633,0.0,0.65823,0.5367,0.67499,3
972,mixed,367,0.63718,edge_4,edge_3-edge_4,4,3,edge_4,edge,0.76204,0.6152,32.93991,0.23796,0.3848,1.33151,3
972,normal,-1,0.0,,,-1,-1,cloud_0,cloud,0.39216,0.46326,0.0,0.60784,0.53674,0.53555,3
973,normal,-1,0.0,,,-1,-1,access_0,access,0.22373,0.23248,0.0,0.77627,0.76752,0.29666,2
973,normal,-1,0.0,,,-1,-1,access_1,access,0.22046,0.23757,0.0,0.77954,0.76243,0.29666,2
973,mixed,381,0.63872,edge_0,edge_0-edge_1,2,1,edge_0,edge,0.71072,0.64563,29.99335,0.28928,0.35437,1.36358,4
973,normal,-1,0.0,,,-1,-1,edge_1,edge,0.36924,0.45525,0.0,0.63076,0.54475,0.66436,3
973,burst,307,0.56045,edge_2,edge_1-edge_2,2,1,edge_2,edge,0.53737,0.54248,8.56906,0.46263,0.45752,1.07566,4
973,normal,-1,0.0,,,-1,-1,edge_3,edge,0.35381,0.45788,0.0,0.64619,0.54212,0.66436,3
973,mixed,367,0.63718,edge_4,edge_3-edge_4,4,3,edge_4,edge,0.70289,0.62128,29.76514,0.29711,0.37872,1.31556,3
973,normal,-1,0.0,,,-1,-1,cloud_0,cloud,0.39298,0.46654,0.0,0.60702,0.53346,0.53083,3
974,normal,-1,0.0,,,-1,-1,access_0,access,0.21946,0.25551,0.0,0.78054,0.74449,0.29331,2
974,normal,-1,0.0,,,-1,-1,access_1,access,0.23013,0.2508,0.0,0.76987,0.7492,0.29331,2
974,mixed,381,0.63872,edge_0,edge_0-edge_1,2,1,edge_0,edge,0.65761,0.60605,28.86553,0.34239,0.39395,1.34711,4
974,normal,-1,0.0,,,-1,-1,edge_1,edge,0.37371,0.4588,0.0,0.62629,0.5412,0.65494,3
974,burst,307,0.56045,edge_2,edge_1-edge_2,2,1,edge_2,edge,0.59691,0.57703,12.89901,0.40309,0.42297,1.14516,4
974,normal,-1,0.0,,,-1,-1,edge_3,edge,0.3618,0.4534,0.0,0.6382,0.5466,0.65494,3
974,mixed,367,0.63718,edge_4,edge_3-edge_4,4,3,edge_4,edge,0.64928,0.62608,24.97733,0.35072,0.37392,1.20663,3
974,normal,-1,0.0,,,-1,-1,cloud_0,cloud,0.39393,0.45565,0.0,0.60607,0.54435,0.52664,3
975,normal,-1,0.0,,,-1,-1,access_0,access,0.22571,0.26637,0.0,0.77429,0.73363,0.29064,2
975,normal,-1,0.0,,,-1,-1,access_1,access,0.20348,0.24451,0.0,0.79652,0.75549,0.29064,2
975,mixed,381,0.63872,edge_0,edge_0-edge_1,2,1,edge_0,edge,0.67527,0.59247,29.38378,0.32473,0.40753,1.3129,4
975,normal,-1,0.0,,,-1,-1,edge_1,edge,0.40584,0.46963,0.0,0.59416,0.53037,0.64741,3
975,burst,307,0.56045,edge_2,edge_1-edge_2,2,1,edge_2,edge,0.58267,0.56126,12.06239,0.41733,0.43874,1.22169,4
975,normal,-1,0.0,,,-1,-1,edge_3,edge,0.37247,0.47134,0.0,0.62753,0.52866,0.64741,3
975,link_congestion,328,0.54028,edge_4,edge_3-edge_4,4,3,edge_4,edge,0.4789,0.49648,5.78248,0.5211,0.50352,0.84638,3
975,normal,-1,0.0,,,-1,-1,cloud_0,cloud,0.36044,0.44405,0.0,0.63956,0.55595,0.52329,3
976,normal,-1,0.0,,,-1,-1,access_0,access,0.21657,0.24814,0.0,0.78343,0.75186,0.28883,2
976,normal,-1,0.0,,,-1,-1,access_1,access,0.22211,0.23887,0.0,0.77789,0.76113,0.28883,2
976,mixed,381,0.63872,edge_0,edge_0-edge_1,2,1,edge_0,edge,0.65317,0.58754,25.82555,0.34683,0.41246,1.26493,4
976,normal,-1,0.0,,,-1,-1,edge_1,edge,0.37051,0.43058,0.0,0.62949,0.56942,0.64234,3
976,burst,307,0.56045,edge_2,edge_1-edge_2,2,1,edge_2,edge,0.62455,0.59136,14.21078,0.37545,0.40864,1.29838,4
976,normal,-1,0.0,,,-1,-1,edge_3,edge,0.35258,0.4354,0.0,0.64742,0.5646,0.64234,3
976,link_congestion,328,0.54028,edge_4,edge_3-edge_4,4,3,edge_4,edge,0.47353,0.51899,3.07039,0.52647,0.48101,0.8745,3
976,normal,-1,0.0,,,-1,-1,cloud_0,cloud,0.35951,0.45239,0.0,0.64049,0.54761,0.52104,3
977,normal,-1,0.0,,,-1,-1,access_0,access,0.20807,0.24404,0.0,0.79193,0.75596,0.28803,2
977,normal,-1,0.0,,,-1,-1,access_1,access,0.22087,0.2499,0.0,0.77913,0.7501,0.28803,2
977,mixed,381,0.63872,edge_0,edge_0-edge_1,2,1,edge_0,edge,0.64469,0.60695,25.2789,0.35531,0.39305,1.24824,4
977,normal,-1,0.0,,,-1,-1,edge_1,edge,0.37002,0.47213,0.0,0.62998,0.52787,0.64009,3
977,burst,307,0.56045,edge_2,edge_1-edge_2,2,1,edge_2,edge,0.60064,0.58888,13.10363,0.39936,0.41112,1.36595,4
977,normal,-1,0.0,,,-1,-1,edge_3,edge,0.33125,0.42904,0.0,0.66875,0.57096,0.64009,3
977,burst,301,0.4877,edge_4,edge_3-edge_4,4,3,edge_4,edge,0.52679,0.51322,8.43751,0.47321,0.48678,0.99516,3
977,normal,-1,0.0,,,-1,-1,cloud_0,cloud,0.3697,0.44836,0.0,0.6303,0.55164,0.52004,3
978,normal,-1,0.0,,,-1,-1,access_0,access,0.21679,0.25724,0.0,0.78321,0.74276,0.2883,2
978,normal,-1,0.0,,,-1,-1,access_1,access,0.21791,0.2488,0.0,0.78209,0.7512,0.2883,2
978,mixed,381,0.63872,edge_0,edge_0-edge_1,2,1,edge_0,edge,0.67612,0.58947,28.53328,0.32388,0.41053,1.30346,4
978,normal,-1,0.0,,,-1,-1,edge_1,edge,0.37095,0.45935,0.0,0.62905,0.54065,0.64085,3
978,burst,307,0.56045,edge_2,edge_1-edge_2,2,1,edge_2,edge,0.69652,0.63118,18.27101,0.30348,0.36882,1.41439,4
978,normal,-1,0.0,,,-1,-1,edge_3,edge,0.34151,0.4268,0.0,0.65849,0.5732,0.64085,3
978,mixed,365,0.55218,edge_4,edge_3-edge_4,2,1,edge_4,edge,0.54729,0.52183,15.22535,0.45271,0.47817,1.02585,3
978,normal,-1,0.0,,,-1,-1,cloud_0,cloud,0.3657,0.46122,0.0,0.6343,0.53878,0.52038,3
979,normal,-1,0.0,,,-1,-1,access_0,access,0.21095,0.24808,0.0,0.78905,0.75192,0.28961,2
979,normal,-1,0.0,,,-1,-1,access_1,access,0.21812,0.24953,0.0,0.78188,0.75047,0.28961,2
979,mixed,381,0.63872,edge_0,edge_0-edge_1,2,1,edge_0,edge,0.71754,0.62562,29.67392,0.28246,0.37438,1.33554,4
979,normal,-1,0.0,,,-1,-1,edge_1,edge,0.40098,0.46267,0.0,0.59902,0.53733,0.64454,3
979,burst,307,0.56045,edge_2,edge_1-edge_2,2,1,edge_2,edge,0.63604,0.56106,16.09293,0.36396,0.43894,1.43532,4
979,node_overload,326,0.5028,edge_3,edge_2-edge_3,3,2,edge_3,edge,0.48103,0.50119,23.17874,0.51897,0.49881,0.861,3
979,mixed,365,0.55218,edge_4,edge_3-edge_4,2,1,edge_4,edge,0.56897,0.56142,18.44965,0.43103,0.43858,1.09415,3
979,normal,-1,0.0,,,-1,-1,cloud_0,cloud,0.38086,0.44326,0.0,0.61914,0.55674,0.52202,3
980,normal,-1,0.0,,,-1,-1,access_0,access,0.22423,0.24851,0.0,0.77577,0.75149,0.29188,2
980,normal,-1,0.0,,,-1,-1,access_1,access,0.20473,0.25534,0.0,0.79527,0.74466,0.29188,2
980,mixed,381,0.63872,edge_0,edge_0-edge_1,2,1,edge_0,edge,0.6757,0.58229,30.30727,0.3243,0.41771,1.33831,4
980,normal,-1,0.0,,,-1,-1,edge_1,edge,0.37684,0.46445,0.0,0.62316,0.53555,0.6509,3
980,burst,307,0.56045,edge_2,edge_1-edge_2,2,1,edge_2,edge,0.69364,0.61472,19.6847,0.30636,0.38528,1.42429,4
980,node_overload,326,0.5028,edge_3,edge_2-edge_3,3,2,edge_3,edge,0.52684,0.5124,25.6074,0.47316,0.4876,0.88663,3
980,mixed,365,0.55218,edge_4,edge_3-edge_4,2,1,edge_4,edge,0.60598,0.58409,20.40906,0.39402,0.41591,1.172,3
980,normal,-1,0.0,,,-1,-1,cloud_0,cloud,0.38416,0.45304,0.0,0.61584,0.54696,0.52484,3
981,normal,-1,0.0,,,-1,-1,access_0,access,0.21433,0.2484,0.0,0.78567,0.7516,0.29492,2
981,normal,-1,0.0,,,-1,-1,access_1,access,0.22363,0.24644,0.0,0.77637,0.75356,0.29492,2
981,mixed,381,0.63872,edge_0,edge_0-edge_1,2,1,edge_0,edge,0.64748,0.56825,27.04308,0.35252,0.43175,1.31245,4
981,node_overload,325,0.37411,edge_1,edge_1-edge_2,2,1,edge_1,edge,0.48149,0.52093,17.50117,0.51851,0.47907,0.83784,3
981,burst,307,0.56045,edge_2,edge_1-edge_2,2,1,edge_2,edge,0.65342,0.604,17.61558,0.34658,0.396,1.38212,4
981,node_overload,326,0.5028,edge_3,edge_2-edge_3,3,2,edge_3,edge,0.54753,0.56237,28.81496,0.45247,0.43763,0.90782,3
981,mixed,365,0.55218,edge_4,edge_3-edge_4,2,1,edge_4,edge,0.6601,0.61047,24.36856,0.3399,0.38953,1.25305,3
981,normal,-1,0.0,,,-1,-1,cloud_0,cloud,0.37162,0.45359,0.0,0.62838,0.54641,0.52865,3
982,normal,-1,0.0,,,-1,-1,access_0,access,0.22886,0.24461,0.0,0.77114,0.75539,0.29851,2
982,normal,-1,0.0,,,-1,-1,access_1,access,0.24089,0.25738,0.0,0.75911,0.74262,0.29851,2
982,mixed,381,0.63872,edge_0,edge_0-edge_1,2,1,edge_0,edge,0.6615,0.63973,27.77746,0.3385,0.36027,1.26503,4
982,node_overload,325,0.37411,edge_1,edge_1-edge_2,2,1,edge_1,edge,0.49471,0.51874,17.56046,0.50529,0.48126,0.85641,3
982,burst,307,0.56045,edge_2,edge_1-edge_2,2,1,edge_2,edge,0.62748,0.56835,13.48047,0.37252,0.43165,1.31483,4
982,node_overload,326,0.5028,edge_3,edge_2-edge_3,3,2,edge_3,edge,0.55353,0.52798,28.81129,0.44647,0.47202,0.92092,3
982,mixed,365,0.55218,edge_4,edge_3-edge_4,2,1,edge_4,edge,0.67703,0.54337,25.41423,0.32297,0.45663,1.32811,3
982,normal,-1,0.0,,,-1,-1,cloud_0,cloud,0.38835,0.46562,0.0,0.61165,0.53438,0.53314,3
983,normal,-1,0.0,,,-1,-1,access_0,access,0.21308,0.26082,0.0,0.78692,0.73918,0.3024,2
983,normal,-1,0.0,,,-1,-1,access_1,access,0.24168,0.26639,0.0,0.75832,0.73361,0.3024,2
983,mixed,381,0.63872,edge_0,edge_0-edge_1,2,1,edge_0,edge,0.63584,0.55966,25.89065,0.36416,0.44034,1.2069,4
983,node_overload,325,0.37411,edge_1,edge_1-edge_2,2,1,edge_1,edge,0.52752,0.52266,19.36024,0.47248,0.47734,0.87333,3
983,burst,307,0.56045,edge_2,edge_1-edge_2,2,1,edge_2,edge,0.62508,0.57708,15.50305,0.37492,0.42292,1.23221,4
983,node_overload,326,0.5028,edge_3,edge_2-edge_3,3,2,edge_3,edge,0.59714,0.55059,31.96358,0.40286,0.44941,0.92366,3
983,mixed,365,0.55218,edge_4,edge_3-edge_4,2,1,edge_4,edge,0.67245,0.58349,26.77151,0.32755,0.41651,1.38661,3
983,normal,-1,0.0,,,-1,-1,cloud_0,cloud,0.39476,0.46463,0.0,0.60524,0.53537,0.538,3
984,normal,-1,0.0,,,-1,-1,access_0,access,0.22196,0.23864,0.0,0.77804,0.76136,0.3024,2
984,normal,-1,0.0,,,-1,-1,access_1,access,0.2062,0.24526,0.0,0.7938,0.75474,0.3024,2
984,link_congestion,341,0.39069,edge_0,access_0-edge_0,1,0,edge_0,edge,0.42711,0.50822,1.35906,0.57289,0.49178,0.89155,4
984,node_overload,325,0.37411,edge_1,edge_1-edge_2,2,1,edge_1,edge,0.53545,0.53456,20.35414,0.46455,0.46544,0.88709,3
984,burst,307,0.56045,edge_2,edge_1-edge_2,2,1,edge_2,edge,0.61203,0.5746,14.00189,0.38797,0.4254,1.14537,4
984,node_overload,326,0.5028,edge_3,edge_2-edge_3,3,2,edge_3,edge,0.61047,0.5473,33.61481,0.38953,0.4527,0.91556,3
984,mixed,365,0.55218,edge_4,edge_3-edge_4,2,1,edge_4,edge,0.72074,0.61985,27.60025,0.27926,0.38015,1.41899,3
984,normal,-1,0.0,,,-1,-1,cloud_0,cloud,0.37816,0.48011,0.0,0.62184,0.51989,0.538,3
985,normal,-1,0.0,,,-1,-1,access_0,access,0.23313,0.25696,0.0,0.76687,0.74304,0.30629,2
985,normal,-1,0.0,,,-1,-1,access_1,access,0.22831,0.26218,0.0,0.77169,0.73782,0.30629,2
985,link_congestion,341,0.39069,edge_0,access_0-edge_0,1,0,edge_0,edge,0.47102,0.50227,4.38136,0.52898,0.49773,0.90241,4
985,node_overload,325,0.37411,edge_1,edge_1-edge_2,2,1,edge_1,edge,0.61491,0.56592,27.30618,0.38509,0.43408,0.89648,3
985,burst,307,0.56045,edge_2,edge_1-edge_2,2,1,edge_2,edge,0.56612,0.55219,13.16809,0.43388,0.44781,1.06435,4
985,node_overload,326,0.5028,edge_3,edge_2-edge_3,3,2,edge_3,edge,0.59397,0.58755,32.10514,0.40603,0.41245,0.89803,3
985,mixed,365,0.55218,edge_4,edge_3-edge_4,2,1,edge_4,edge,0.71769,0.62305,28.30228,0.28231,0.37695,1.41921,3
985,normal,-1,0.0,,,-1,-1,cloud_0,cloud,0.39801,0.45776,0.0,0.60199,0.54224,0.54286,3
986,normal,-1,0.0,,,-1,-1,access_0,access,0.23736,0.27505,0.0,0.76264,0.72495,0.30988,2
986,normal,-1,0.0,,,-1,-1,access_1,access,0.22414,0.26106,0.0,0.77586,0.73894,0.30988,2
986,link_congestion,341,0.39069,edge_0,access_0-edge_0,1,0,edge_0,edge,0.44126,0.50586,2.5422,0.55874,0.49414,0.87198,4
986,node_overload,325,0.37411,edge_1,edge_1-edge_2,2,1,edge_1,edge,0.55301,0.57118,23.98054,0.44699,0.42882,0.90066,3
986,burst,307,0.56045,edge_2,edge_1-edge_2,2,1,edge_2,edge,0.5719,0.5142,9.51762,0.4281,0.4858,0.99635,4
986,node_overload,326,0.5028,edge_3,edge_2-edge_3,3,2,edge_3,edge,0.59751,0.5896,33.73558,0.40249,0.4104,0.8741,3
986,mixed,365,0.55218,edge_4,edge_3-edge_4,2,1,edge_4,edge,0.68677,0.60735,24.58561,0.31323,0.39265,1.38664,3
986,normal,-1,0.0,,,-1,-1,cloud_0,cloud,0.41127,0.46659,0.0,0.58873,0.53341,0.54735,3
987,normal,-1,0.0,,,-1,-1,access_0,access,0.21317,0.25148,0.0,0.78683,0.74852,0.31292,2
987,normal,-1,0.0,,,-1,-1,access_1,access,0.24397,0.26179,0.0,0.75603,0.73821,0.31292,2
987,link_congestion,341,0.39069,edge_0,access_0-edge_0,1,0,edge_0,edge,0.41043,0.48724,0.0,0.58957,0.51276,0.82317,4
987,node_overload,325,0.37411,edge_1,edge_1-edge_2,2,1,edge_1,edge,0.58353,0.54661,25.35323,0.41647,0.45339,0.89926,3
987,burst,307,0.56045,edge_2,edge_1-edge_2,2,1,edge_2,edge,0.56934,0.56018,10.00023,0.43066,0.43982,0.94499,4
987,node_overload,326,0.5028,edge_3,edge_2-edge_3,3,2,edge_3,edge,0.56276,0.54271,30.95516,0.43724,0.45729,0.84791,3
987,mixed,365,0.55218,edge_4,edge_3-edge_4,2,1,edge_4,edge,0.68623,0.61784,24.84734,0.31377,0.38216,1.32631,3
987,normal,-1,0.0,,,-1,-1,cloud_0,cloud,0.40389,0.45547,0.0,0.59611,0.54453,0.55116,3
988,normal,-1,0.0,,,-1,-1,access_0,access,0.22313,0.25831,0.0,0.77687,0.74169,0.31519,2
988,normal,-1,0.0,,,-1,-1,access_1,access,0.21928,0.24843,0.0,0.78072,0.75157,0.31519,2
988,link_congestion,341,0.39069,edge_0,access_0-edge_0,1,0,edge_0,edge,0.42264,0.483,0.31145,0.57736,0.517,0.79273,4
988,node_overload,325,0.37411,edge_1,edge_1-edge_2,2,1,edge_1,edge,0.53494,0.50982,23.48859,0.46506,0.49018,0.8924,3
988,burst,307,0.56045,edge_2,edge_1-edge_2,2,1,edge_2,edge,0.57392,0.54309,10.84623,0.42608,0.45691,0.91058,4
988,node_overload,326,0.5028,edge_3,edge_2-edge_3,3,2,edge_3,edge,0.59604,0.55976,33.3594,0.40396,0.44024,0.82397,3
988,mixed,365,0.55218,edge_4,edge_3-edge_4,2,1,edge_4,edge,0.66913,0.5865,25.20768,0.33087,0.4135,1.32331,3
988,normal,-1,0.0,,,-1,-1,cloud_0,cloud,0.40112,0.48358,0.0,0.59888,0.51642,0.55398,3
989,normal,-1,0.0,,,-1,-1,access_0,access,0.22917,0.26828,0.0,0.77083,0.73172,0.3165,2
989,normal,-1,0.0,,,-1,-1,access_1,access,0.2286,0.262,0.0,0.7714,0.738,0.3165,2
989,link_congestion,341,0.39069,edge_0,access_0-edge_0,1,0,edge_0,edge,0.36785,0.45961,0.0,0.63215,0.54039,0.8036,4
989,node_overload,325,0.37411,edge_1,edge_1-edge_2,2,1,edge_1,edge,0.57601,0.57412,25.42065,0.42399,0.42588,0.88069,3
989,burst,307,0.56045,edge_2,edge_1-edge_2,2,1,edge_2,edge,0.48926,0.52004,6.21368,0.51074,0.47996,0.8911,4
989,node_overload,326,0.5028,edge_3,edge_2-edge_3,3,2,edge_3,edge,0.61219,0.6005,34.18307,0.38781,0.3995,0.80644,3
989,mixed,365,0.55218,edge_4,edge_3-edge_4,2,1,edge_4,edge,0.71447,0.62523,27.52181,0.28553,0.37477,1.34584,3
989,normal,-1,0.0,,,-1,-1,cloud_0,cloud,0.40765,0.48824,0.0,0.59235,0.51176,0.55562,3
990,normal,-1,0.0,,,-1,-1,access_0,access,0.22586,0.27141,0.0,0.77414,0.72859,0.31677,2
990,normal,-1,0.0,,,-1,-1,access_1,access,0.20994,0.26606,0.0,0.79006,0.73394,0.31677,2
990,burst,310,0.48195,edge_0,access_0-edge_0,1,0,edge_0,edge,0.44207,0.50361,1.63233,0.55793,0.49639,0.86927,4
990,node_overload,325,0.37411,edge_1,edge_1-edge_2,2,1,edge_1,edge,0.52006,0.5557,20.63174,0.47994,0.4443,0.86517,3
990,burst,307,0.56045,edge_2,edge_1-edge_2,2,1,edge_2,edge,0.55243,0.56052,9.56441,0.44757,0.43948,0.88324,4
990,node_overload,326,0.5028,edge_3,edge_2-edge_3,3,2,edge_3,edge,0.5804,0.55744,32.94632,0.4196,0.44256,0.79835,3
990,mixed,365,0.55218,edge_4,edge_3-edge_4,2,1,edge_4,edge,0.77225,0.6499,32.12625,0.22775,0.3501,1.34682,3
990,normal,-1,0.0,,,-1,-1,cloud_0,cloud,0.38389,0.4747,0.0,0.61611,0.5253,0.55596,3
991,normal,-1,0.0,,,-1,-1,access_0,access,0.22194,0.25735,0.0,0.77806,0.74265,0.31597,2
991,normal,-1,0.0,,,-1,-1,access_1,access,0.24085,0.24807,0.0,0.75915,0.75193,0.31597,2
991,burst,310,0.48195,edge_0,access_0-edge_0,1,0,edge_0,edge,0.49378,0.53016,5.19867,0.50622,0.46984,0.92904,4
991,node_overload,325,0.37411,edge_1,edge_1-edge_2,2,1,edge_1,edge,0.52277,0.5456,20.96731,0.47723,0.4544,0.84723,3
991,burst,307,0.56045,edge_2,edge_1-edge_2,2,1,edge_2,edge,0.54007,0.56081,8.11522,0.45993,0.43919,0.8834,4
991,node_overload,326,0.5028,edge_3,edge_2-edge_3,3,2,edge_3,edge,0.59166,0.55626,34.13966,0.40834,0.44374,0.80109,3
991,mixed,365,0.55218,edge_4,edge_3-edge_4,2,1,edge_4,edge,0.65868,0.60431,25.57597,0.34132,0.39569,1.32489,3
991,normal,-1,0.0,,,-1,-1,cloud_0,cloud,0.38161,0.47047,0.0,0.61839,0.52953,0.55496,3
992,normal,-1,0.0,,,-1,-1,access_0,access,0.22012,0.26987,0.0,0.77988,0.73013,0.31416,2
992,normal,-1,0.0,,,-1,-1,access_1,access,0.23639,0.26152,0.0,0.76361,0.73848,0.31416,2
992,burst,310,0.48195,edge_0,access_0-edge_0,1,0,edge_0,edge,0.49286,0.51883,5.11477,0.50714,0.48117,1.03663,4
992,node_overload,325,0.37411,edge_1,edge_1-edge_2,2,1,edge_1,edge,0.55691,0.54607,24.16395,0.44309,0.45393,0.82845,3
992,mixed,348,0.53429,edge_2,access_1-edge_2,1,0,edge_2,edge,0.639,0.58542,21.93014,0.361,0.41458,1.11446,4
992,node_overload,326,0.5028,edge_3,edge_2-edge_3,3,2,edge_3,edge,0.54146,0.5289,27.94544,0.45854,0.4711,0.81419,3
992,mixed,365,0.55218,edge_4,edge_3-edge_4,2,1,edge_4,edge,0.64815,0.61137,25.07192,0.35185,0.38863,1.2826,3
992,normal,-1,0.0,,,-1,-1,cloud_0,cloud,0.39401,0.4718,0.0,0.60599,0.5282,0.55271,3
993,normal,-1,0.0,,,-1,-1,access_0,access,0.22631,0.25799,0.0,0.77369,0.74201,0.31149,2
993,normal,-1,0.0,,,-1,-1,access_1,access,0.2193,0.26087,0.0,0.7807,0.73913,0.31149,2
993,burst,300,0.49257,edge_0,edge_0-edge_1,3,2,edge_0,edge,0.43667,0.50981,2.76306,0.56333,0.49019,0.87118,4
993,node_overload,325,0.37411,edge_1,edge_1-edge_2,2,1,edge_1,edge,0.55159,0.53312,23.76373,0.44841,0.46688,0.8105,3
993,mixed,348,0.53429,edge_2,access_1-edge_2,1,0,edge_2,edge,0.61502,0.57833,20.85322,0.38498,0.42167,1.21959,4
993,mixed,364,0.53952,edge_3,access_1-edge_3,1,0,edge_3,edge,0.52577,0.53719,14.72011,0.47423,0.46281,1.02357,3
993,mixed,365,0.55218,edge_4,edge_3-edge_4,2,1,edge_4,edge,0.68231,0.59819,26.55221,0.31769,0.40181,1.22599,3
993,normal,-1,0.0,,,-1,-1,cloud_0,cloud,0.38827,0.48435,0.0,0.61173,0.51565,0.54936,3
994,normal,-1,0.0,,,-1,-1,access_0,access,0.23369,0.26122,0.0,0.76631,0.73878,0.30814,2
994,normal,-1,0.0,,,-1,-1,access_1,access,0.22616,0.24922,0.0,0.77384,0.75078,0.30814,2
994,burst,300,0.49257,edge_0,edge_0-edge_1,3,2,edge_0,edge,0.48633,0.50339,5.64832,0.51367,0.49661,0.94011,4
994,node_overload,325,0.37411,edge_1,edge_1-edge_2,2,1,edge_1,edge,0.5675,0.53411,25.76409,0.4325,0.46589,0.79499,3
994,mixed,348,0.53429,edge_2,access_1-edge_2,1,0,edge_2,edge,0.68891,0.61847,27.3762,0.31109,0.38153,1.32057,4
994,mixed,364,0.53952,edge_3,access_1-edge_3,1,0,edge_3,edge,0.59323,0.56607,18.93716,0.40677,0.43393,1.19679,3
994,mixed,365,0.55218,edge_4,edge_3-edge_4,2,1,edge_4,edge,0.64559,0.61145,26.04262,0.35441,0.38855,1.26388,3
994,normal,-1,0.0,,,-1,-1,cloud_0,cloud,0.40167,0.45612,0.0,0.59833,0.54388,0.54517,3
995,normal,-1,0.0,,,-1,-1,access_0,access,0.20705,0.25525,0.0,0.79295,0.74475,0.30436,2
995,normal,-1,0.0,,,-1,-1,access_1,access,0.21561,0.24247,0.0,0.78439,0.75753,0.30436,2
995,burst,300,0.49257,edge_0,edge_0-edge_1,3,2,edge_0,edge,0.48993,0.5075,5.49059,0.51007,0.4925,1.07067,4
995,node_overload,325,0.37411,edge_1,edge_1-edge_2,2,1,edge_1,edge,0.55195,0.56199,23.48257,0.44805,0.43801,0.78328,3
995,mixed,348,0.53429,edge_2,access_1-edge_2,1,0,edge_2,edge,0.7015,0.60303,26.87125,0.2985,0.39697,1.39425,4
995,mixed,364,0.53952,edge_3,access_1-edge_3,1,0,edge_3,edge,0.645,0.59851,23.72191,0.355,0.40149,1.36731,3
995,mixed,365,0.55218,edge_4,edge_3-edge_4,2,1,edge_4,edge,0.69497,0.61098,25.83163,0.30503,0.38902,1.311,3
995,normal,-1,0.0,,,-1,-1,cloud_0,cloud,0.38202,0.47068,0.0,0.61798,0.52932,0.54045,3
996,normal,-1,0.0,,,-1,-1,access_0,access,0.20311,0.24636,0.0,0.79689,0.75364,0.30044,2
996,normal,-1,0.0,,,-1,-1,access_1,access,0.20224,0.25267,0.0,0.79776,0.74733,0.30044,2
996,burst,300,0.49257,edge_0,edge_0-edge_1,3,2,edge_0,edge,0.56278,0.57334,10.10302,0.43722,0.42666,1.26112,4
996,node_overload,325,0.37411,edge_1,edge_1-edge_2,2,1,edge_1,edge,0.56668,0.56306,25.79798,0.43332,0.43694,0.77642,3
996,mixed,348,0.53429,edge_2,access_1-edge_2,1,0,edge_2,edge,0.70534,0.59548,26.84804,0.29466,0.40452,1.42003,4
996,mixed,364,0.53952,edge_3,access_1-edge_3,1,0,edge_3,edge,0.66875,0.60625,26.24134,0.33125,0.39375,1.41694,3
996,mixed,365,0.55218,edge_4,edge_3-edge_4,2,1,edge_4,edge,0.67436,0.59498,28.41407,0.32564,0.40502,1.32503,3
996,normal,-1,0.0,,,-1,-1,cloud_0,cloud,0.393,0.46435,0.0,0.607,0.53565,0.53555,3
997,normal,-1,0.0,,,-1,-1,access_0,access,0.21312,0.23829,0.0,0.78688,0.76171,0.29666,2
997,normal,-1,0.0,,,-1,-1,access_1,access,0.22076,0.23305,0.0,0.77924,0.76695,0.29666,2
997,burst,300,0.49257,edge_0,edge_0-edge_1,3,2,edge_0,edge,0.54006,0.54627,8.77216,0.45994,0.45373,1.40943,4
997,node_overload,325,0.37411,edge_1,edge_1-edge_2,2,1,edge_1,edge,0.55842,0.52321,24.20355,0.44158,0.47679,0.77502,3
997,mixed,348,0.53429,edge_2,access_1-edge_2,1,0,edge_2,edge,0.72856,0.61067,28.87281,0.27144,0.38933,1.38916,4
997,mixed,364,0.53952,edge_3,access_1-edge_3,1,0,edge_3,edge,0.64309,0.60321,22.27964,0.35691,0.39679,1.29929,3
997,mixed,365,0.55218,edge_4,edge_3-edge_4,2,1,edge_4,edge,0.64009,0.608,24.3809,0.35991,0.392,1.30375,3
997,normal,-1,0.0,,,-1,-1,cloud_0,cloud,0.3968,0.46896,0.0,0.6032,0.53104,0.53083,3
998,normal,-1,0.0,,,-1,-1,access_0,access,0.22499,0.25671,0.0,0.77501,0.74329,0.29331,2
998,normal,-1,0.0,,,-1,-1,access_1,access,0.20608,0.24659,0.0,0.79392,0.75341,0.29331,2
998,burst,300,0.49257,edge_0,edge_0-edge_1,3,2,edge_0,edge,0.61048,0.55508,13.76976,0.38952,0.44492,1.38173,4
998,node_overload,325,0.37411,edge_1,edge_1-edge_2,2,1,edge_1,edge,0.55043,0.53337,23.38205,0.44957,0.46663,0.77919,3
998,mixed,348,0.53429,edge_2,access_1-edge_2,1,0,edge_2,edge,0.72047,0.6482,27.11748,0.27953,0.3518,1.3094,4
998,mixed,364,0.53952,edge_3,access_1-edge_3,1,0,edge_3,edge,0.66381,0.60438,26.68785,0.33619,0.39562,1.34678,3
998,mixed,365,0.55218,edge_4,edge_3-edge_4,2,1,edge_4,edge,0.61576,0.55875,22.28461,0.38424,0.44125,1.25462,3
998,normal,-1,0.0,,,-1,-1,cloud_0,cloud,0.38222,0.45697,0.0,0.61778,0.54303,0.52664,3
999,normal,-1,0.0,,,-1,-1,access_0,access,0.21591,0.24612,0.0,0.78409,0.75388,0.29064,2
999,normal,-1,0.0,,,-1,-1,access_1,access,0.21395,0.24016,0.0,0.78605,0.75984,0.29064,2
999,burst,300,0.49257,edge_0,edge_0-edge_1,3,2,edge_0,edge,0.521,0.54637,7.89513,0.479,0.45363,1.19097,4
999,node_overload,325,0.37411,edge_1,edge_1-edge_2,2,1,edge_1,edge,0.53223,0.54969,22.65578,0.46777,0.45031,0.78858,3
999,mixed,348,0.53429,edge_2,access_1-edge_2,1,0,edge_2,edge,0.7087,0.61193,26.98802,0.2913,0.38807,1.33382,4
999,mixed,364,0.53952,edge_3,access_1-edge_3,1,0,edge_3,edge,0.62328,0.54852,23.61399,0.37672,0.45148,1.28032,3
999,mixed,365,0.55218,edge_4,edge_3-edge_4,2,1,edge_4,edge,0.66449,0.57736,24.55264,0.33551,0.42264,1.19133,3
999,normal,-1,0.0,,,-1,-1,cloud_0,cloud,0.38914,0.47035,0.0,0.61086,0.52965,0.52329,3
