time,src,dst,delay_ms,bandwidth,loss,jitter_ms,queue_delay_ms,bandwidth_util
0,access_0,edge_0,13.40002,44.59555,0.004321,1.22123,2.14065,0.57054
0,access_0,edge_1,13.27366,43.91099,0.007537,1.38197,2.2147,0.59589
0,access_0,edge_2,14.90094,44.17465,0.003902,1.04242,2.44546,0.58612
0,access_0,edge_3,12.66388,45.27911,0.006042,0.88045,1.93328,0.54522
0,access_0,edge_4,14.35083,44.58934,0.000785,1.16412,2.29347,0.57077
0,access_1,edge_0,15.30876,44.74734,0.002669,1.44772,2.42147,0.56491
0,access_1,edge_1,12.65384,44.55093,0.00578,1.21845,2.0273,0.57219
0,access_1,edge_2,13.9792,45.418,0.004758,1.03876,2.11394,0.54007
0,access_1,edge_3,13.41482,46.17927,0.004786,1.22823,1.92269,0.51188
0,access_1,edge_4,15.74498,43.98528,0.00547,1.3983,2.6149,0.59314
0,edge_0,cloud_0,52.59674,64.07986,0.002574,4.3388,8.05471,0.54693
0,edge_1,cloud_0,50.76674,62.74593,0.009994,4.64699,8.27019,0.58181
0,edge_2,cloud_0,49.93065,63.71407,0.00298,4.23768,7.78012,0.55649
0,edge_3,cloud_0,50.63078,64.98092,0.006774,3.87873,7.41968,0.52337
0,edge_4,cloud_0,51.69465,63.91101,0.000837,4.51245,7.98046,0.55135
0,edge_0,edge_1,9.86534,45.22972,0.003211,0.52206,1.51111,0.54705
0,edge_1,edge_2,13.65189,44.25133,0.00142,1.1083,2.22962,0.58328
0,edge_2,edge_3,13.34509,43.47888,0.003579,1.47876,2.28642,0.61189
0,edge_3,edge_4,13.87976,44.01077,0.004054,1.14617,2.30146,0.59219
0,edge_4,edge_0,15.25079,45.76837,0.005809,1.02836,2.25082,0.5271
1,access_0,edge_0,12.14442,44.08666,0.005636,1.33291,2.00416,0.58938
1,access_0,edge_1,14.12101,44.69734,0.002625,0.97881,2.24092,0.56677
1,access_0,edge_2,10.90525,44.80081,0.005053,1.05251,1.7189,0.56293
1,access_0,edge_3,14.78168,44.47354,0.002743,1.10589,2.38007,0.57505
1,access_0,edge_4,14.87399,46.0481,0.005608,1.19758,2.15206,0.51674
1,access_1,edge_0,13.56581,44.63217,0.006027,1.16617,2.16198,0.56918
1,access_1,edge_1,12.81153,45.56638,0.001958,1.30887,1.91766,0.53458
1,access_1,edge_2,13.86166,43.95651,0.004368,1.43281,2.30626,0.5942
1,access_1,edge_3,14.14183,42.7552,0.006066,1.2367,2.52905,0.6387
1,access_1,edge_4,14.89891,44.77104,0.001138,1.09008,2.35299,0.56404
1,edge_0,cloud_0,52.02569,63.68982,0.001787,4.56093,8.1158,0.55713
1,edge_1,cloud_0,50.92131,63.80831,0.001316,4.39611,7.89936,0.55403
1,edge_2,cloud_0,51.06862,63.77655,0.003994,3.97303,7.93408,0.55486
1,edge_3,cloud_0,48.82077,64.6826,0.00392,4.27631,7.26105,0.53117
1,edge_4,cloud_0,51.01126,63.16682,0.005032,4.62852,8.15285,0.5708
1,edge_0,edge_1,12.03799,46.58267,0.003424,1.10155,1.675,0.49694
1,edge_1,edge_2,11.92824,45.47749,0.002577,0.91309,1.79644,0.53787
1,edge_2,edge_3,14.15722,44.77766,0.006106,1.10398,2.23488,0.56379
1,edge_3,edge_4,13.62858,44.25681,0.00217,0.74346,2.22504,0.58308
1,edge_4,edge_0,13.36836,46.05607,0.004399,0.77365,1.93312,0.51644
2,access_0,edge_0,14.50917,44.73678,0.006158,1.13634,2.29659,0.5653
2,access_0,edge_1,13.35691,44.50945,0.003514,1.22536,2.14569,0.57372
2,access_0,edge_2,11.81225,46.06391,0.003447,0.5844,1.70714,0.51615
2,access_0,edge_3,14.28471,46.20128,0.002492,0.86741,2.04411,0.51106
2,access_0,edge_4,15.42758,43.16483,0.002552,1.32413,2.69345,0.62352
2,access_1,edge_0,13.03195,45.3313,0.001727,0.57484,1.98242,0.54329
2,access_1,edge_1,13.80849,45.40458,0.00547,1.34119,2.09005,0.54057
2,access_1,edge_2,13.76928,44.40272,0.004412,1.38702,2.22718,0.57768
2,access_1,edge_3,13.19327,44.1078,0.004239,1.17324,2.17436,0.5886
2,access_1,edge_4,12.25097,45.70082,0.005612,1.07963,1.81667,0.5296
2,edge_0,cloud_0,50.19921,62.86145,0.001538,4.78164,8.13528,0.57879
2,edge_1,cloud_0,48.61212,65.94598,0.001465,3.8537,6.78044,0.49814
2,edge_2,cloud_0,49.31258,64.41229,0.004626,3.95707,7.43177,0.53824
2,edge_3,cloud_0,52.20373,64.02154,0.005571,4.57419,8.01681,0.54846
2,edge_4,cloud_0,49.84147,66.08718,0.006574,4.06287,6.90039,0.49445
2,edge_0,edge_1,9.36361,45.84993,0.0,0.73332,1.37403,0.52408
2,edge_1,edge_2,13.47427,44.13019,0.005236,1.15017,2.21754,0.58777
2,edge_2,edge_3,14.91889,45.78725,0.004948,1.66224,2.19892,0.5264
2,edge_3,edge_4,13.83786,43.34335,0.006069,1.20821,2.39029,0.61691
2,edge_4,edge_0,15.5872,45.45838,0.002182,1.47961,2.35058,0.53858
3,access_0,edge_0,17.48321,44.2143,0.003086,1.24684,2.86206,0.58466
3,access_0,edge_1,11.82009,44.32781,0.005732,0.82374,1.92108,0.58045
3,access_0,edge_2,11.93905,45.62893,0.005716,1.37124,1.77932,0.53226
3,access_0,edge_3,12.57689,44.82289,0.007034,0.99864,1.97951,0.56212
3,access_0,edge_4,13.56517,45.87311,0.0021,0.92012,1.98731,0.52322
3,access_1,edge_0,12.78207,44.38765,0.002877,1.25309,2.06949,0.57824
3,access_1,edge_1,12.77664,44.85996,0.001733,0.89989,2.00603,0.56074
3,access_1,edge_2,14.72596,44.68658,0.006028,1.10971,2.33857,0.56716
3,access_1,edge_3,13.99804,44.3025,0.005058,0.80086,2.27873,0.58139
3,access_1,edge_4,13.13396,45.21091,0.002941,0.94289,2.01433,0.54774
3,edge_0,cloud_0,54.18138,61.01881,0.002751,4.61446,9.51147,0.62696
3,edge_1,cloud_0,50.33943,62.22329,0.001008,4.32137,8.39317,0.59547
3,edge_2,cloud_0,51.70855,62.25124,0.007868,4.6379,8.61086,0.59474
3,edge_3,cloud_0,49.84859,64.26539,0.001412,4.34001,7.56616,0.54208
3,edge_4,cloud_0,51.49828,64.63686,0.006303,4.34246,7.67651,0.53237
3,edge_0,edge_1,13.82585,46.95032,0.003233,1.35272,1.87105,0.48332
3,edge_1,edge_2,14.58592,44.92251,0.003775,1.28737,2.28064,0.55843
3,edge_2,edge_3,13.14193,45.26619,0.00631,0.9723,2.00802,0.5457
3,edge_3,edge_4,15.2026,45.6484,0.00512,1.19646,2.26262,0.53154
3,edge_4,edge_0,14.24273,45.03288,0.003216,1.37851,2.21068,0.55434
4,access_0,edge_0,14.21634,43.71838,0.000496,1.41322,2.40038,0.60302
4,access_0,edge_1,12.12613,44.45741,0.003374,1.06402,1.95452,0.57565
4,access_0,edge_2,13.4902,43.43251,0.008285,1.00746,2.31776,0.61361
4,access_0,edge_3,14.47787,42.93828,0.004361,1.53353,2.56166,0.63192
4,access_0,edge_4,14.15931,45.48517,0.00355,1.3189,2.13132,0.53759
4,access_1,edge_0,12.97918,45.71811,0.007075,0.70932,1.92233,0.52896
4,access_1,edge_1,13.13314,43.98168,0.00855,1.15172,2.18162,0.59327
4,access_1,edge_2,14.38604,43.74815,0.005214,1.35005,2.42459,0.60192
4,access_1,edge_3,13.05531,46.24087,0.004175,1.2035,1.86283,0.5096
4,access_1,edge_4,15.10691,43.99854,0.001957,1.10938,2.50686,0.59265
4,edge_0,cloud_0,49.92639,64.05758,0.003874,4.21972,7.65392,0.54751
4,edge_1,cloud_0,49.78987,64.15239,0.003634,4.38154,7.59843,0.54504
4,edge_2,cloud_0,52.44214,63.59233,0.00742,4.51205,8.21819,0.55968
4,edge_3,cloud_0,50.05751,62.98783,0.002836,4.19402,8.06601,0.57548
4,edge_4,cloud_0,52.7115,62.34767,0.004667,4.62154,8.74067,0.59222
4,edge_0,edge_1,13.32018,44.63178,0.00677,0.97367,2.12289,0.56919
4,edge_1,edge_2,13.3038,44.43656,0.002957,1.09449,2.14721,0.57642
4,edge_2,edge_3,14.97407,45.44238,0.002592,1.39285,2.2606,0.53917
4,edge_3,edge_4,13.62595,44.81839,0.005442,1.08974,2.14525,0.56228
4,edge_4,edge_0,13.24368,44.7972,0.001039,0.78116,2.08798,0.56307
5,access_0,edge_0,13.08705,46.55436,0.004688,1.21937,1.82481,0.49799
5,access_0,edge_1,16.55824,45.19397,0.006318,0.97056,2.54242,0.54837
5,access_0,edge_2,14.32607,45.96255,0.000566,1.18149,2.0855,0.51991
5,access_0,edge_3,15.47801,46.00514,0.000991,1.26747,2.24635,0.51833
5,access_0,edge_4,13.57331,45.9594,0.002861,1.14049,1.97636,0.52002
5,access_1,edge_0,14.0955,44.81833,0.00313,1.07562,2.21919,0.56228
5,access_1,edge_1,15.92115,45.3149,0.006639,1.27071,2.42463,0.54389
5,access_1,edge_2,12.88688,46.53165,0.001453,0.96056,1.79993,0.49883
5,access_1,edge_3,13.84083,45.67645,0.001692,1.05524,2.05592,0.5305
5,access_1,edge_4,11.65089,45.09148,0.002098,1.14585,1.80131,0.55217
5,edge_0,cloud_0,50.20368,64.36088,0.00351,4.19285,7.58496,0.53958
5,edge_1,cloud_0,52.75979,61.58395,0.003399,4.8058,9.04364,0.61218
5,edge_2,cloud_0,51.7881,61.65706,0.003063,4.65138,8.84936,0.61027
5,edge_3,cloud_0,50.52841,61.92195,0.001005,4.36688,8.53614,0.60335
5,edge_4,cloud_0,48.75146,65.13136,0.001525,3.71252,7.09059,0.51944
5,edge_0,edge_1,10.16884,46.57048,0.006201,0.60354,1.41621,0.49739
5,edge_1,edge_2,12.41846,44.38994,0.003129,1.32352,2.01033,0.57815
5,edge_2,edge_3,10.04041,44.45651,0.0055,1.00988,1.61843,0.57568
5,edge_3,edge_4,11.43528,45.0401,0.00278,0.99541,1.77407,0.55407
5,edge_4,edge_0,15.24033,43.4094,0.001981,1.33686,2.62211,0.61447
6,access_0,edge_0,15.01358,45.33234,0.002398,1.185,2.2837,0.54325
6,access_0,edge_1,14.26085,45.77261,0.007777,1.18456,2.10409,0.52694
6,access_0,edge_2,11.46469,44.90248,0.000628,0.86776,1.79499,0.55917
6,access_0,edge_3,13.80035,46.88735,0.003159,0.82309,1.87661,0.48565
6,access_0,edge_4,11.92837,44.30491,0.007479,1.4554,1.94151,0.5813
6,access_1,edge_0,13.31006,44.12839,0.002164,1.47034,2.19076,0.58784
6,access_1,edge_1,12.64422,45.99347,0.002988,0.7987,1.83661,0.51876
6,access_1,edge_2,12.93667,44.56042,0.0,1.17674,2.07134,0.57184
6,access_1,edge_3,13.69286,43.8942,0.005531,1.10998,2.28702,0.59651
6,access_1,edge_4,12.82088,45.07936,0.003659,1.29363,1.98381,0.55262
6,edge_0,cloud_0,50.64199,64.11536,0.004264,4.17548,7.7422,0.546
6,edge_1,cloud_0,49.61823,63.66352,0.002405,3.47438,7.7498,0.55782
6,edge_2,cloud_0,49.16866,64.14984,0.003089,3.93737,7.50454,0.5451
6,edge_3,cloud_0,50.45095,64.96589,0.001127,4.05474,7.39888,0.52377
6,edge_4,cloud_0,50.76989,64.20428,0.005415,3.99213,7.7287,0.54368
6,edge_0,edge_1,12.4072,46.34832,0.001228,1.10321,1.75652,0.50562
6,edge_1,edge_2,13.52275,44.9482,0.005062,1.0263,2.1108,0.55747
6,edge_2,edge_3,13.85814,44.40881,0.005502,1.29229,2.24067,0.57745
6,edge_3,edge_4,12.04665,46.17753,0.00209,1.17748,1.72682,0.51194
6,edge_4,edge_0,13.31425,45.0881,0.00638,0.86575,2.05894,0.55229
7,access_0,edge_0,12.94156,44.70389,0.006071,1.12477,2.05287,0.56652
7,access_0,edge_1,13.15221,44.99765,0.004326,1.12525,2.04622,0.55564
7,access_0,edge_2,15.17238,41.69677,0.007346,1.83331,2.87989,0.6779
7,access_0,edge_3,12.44867,43.56898,0.003576,1.14316,2.1212,0.60856
7,access_0,edge_4,13.35445,45.8738,0.004974,0.90239,1.95635,0.52319
7,access_1,edge_0,17.19391,43.31058,0.001355,1.31776,2.97584,0.61813
7,access_1,edge_1,11.84714,48.25482,0.005448,1.06507,1.443,0.43501
7,access_1,edge_2,14.05788,46.27803,0.003868,0.99323,2.00046,0.50822
7,access_1,edge_3,14.12857,42.31825,0.004605,1.31568,2.5907,0.65488
7,access_1,edge_4,12.12399,45.41684,0.006093,1.24697,1.83354,0.54012
7,edge_0,cloud_0,53.70297,60.91879,0.00328,4.84347,9.4668,0.62957
7,edge_1,cloud_0,48.7507,64.07182,0.00111,3.78102,7.46859,0.54714
7,edge_2,cloud_0,52.53206,62.79117,0.003172,4.35276,8.54037,0.58062
7,edge_3,cloud_0,52.58865,63.18268,0.003099,4.63064,8.39885,0.57039
7,edge_4,cloud_0,51.28892,63.39535,0.007067,4.49696,8.11143,0.56483
7,edge_0,edge_1,13.03776,45.44513,0.005849,1.13982,1.96791,0.53907
7,edge_1,edge_2,14.54308,44.29259,0.004973,1.34089,2.36895,0.58176
7,edge_2,edge_3,13.70722,45.21392,0.006449,1.50705,2.10182,0.54763
7,edge_3,edge_4,10.9949,44.55505,0.005643,0.81283,1.76105,0.57204
7,edge_4,edge_0,14.59189,45.59929,0.001361,0.90812,2.17916,0.53336
8,access_0,edge_0,15.07142,44.25308,0.006711,1.57416,2.46118,0.58322
8,access_0,edge_1,15.68511,42.62904,0.00081,1.30595,2.82557,0.64337
8,access_0,edge_2,13.15884,43.98668,0.004419,1.32801,2.18521,0.59309
8,access_0,edge_3,14.23658,43.69097,0.001649,1.23097,2.40784,0.60404
8,access_0,edge_4,12.35242,45.89908,0.000402,1.25683,1.80632,0.52226
8,access_1,edge_0,14.37875,43.92704,0.004055,1.27085,2.39669,0.59529
8,access_1,edge_1,14.21228,43.72184,0.003805,1.22783,2.39918,0.60289
8,access_1,edge_2,13.04515,43.86224,0.00675,0.90314,2.18316,0.59769
8,access_1,edge_3,13.52417,45.10166,0.002204,1.31439,2.0895,0.55179
8,access_1,edge_4,14.43223,44.81348,0.003965,1.25756,2.27293,0.56246
8,edge_0,cloud_0,52.4746,62.0938,0.001288,4.26887,8.79891,0.59885
8,edge_1,cloud_0,48.55321,63.15538,0.006425,4.05179,7.76406,0.5711
8,edge_2,cloud_0,53.8287,63.46724,0.003205,4.37515,8.48477,0.56295
8,edge_3,cloud_0,52.77802,64.48116,0.00046,4.41492,7.92743,0.53644
8,edge_4,cloud_0,50.7674,61.52175,0.003273,4.32186,8.72524,0.61381
8,edge_0,edge_1,12.82397,46.81551,0.000896,0.98871,1.7534,0.48831
8,edge_1,edge_2,13.90262,44.96615,0.004499,1.18815,2.16751,0.55681
8,edge_2,edge_3,10.94557,46.94995,0.007382,0.44121,1.48131,0.48334
8,edge_3,edge_4,13.29646,46.70238,0.006652,1.44499,1.8336,0.4925
8,edge_4,edge_0,13.29294,45.94937,0.007902,1.38659,1.93692,0.52039
9,access_0,edge_0,14.28443,44.63712,0.006275,1.0875,2.27578,0.569
9,access_0,edge_1,12.95346,43.30945,0.005199,1.14614,2.24208,0.61817
9,access_0,edge_2,15.2207,44.08291,0.00337,1.59255,2.51242,0.58952
9,access_0,edge_3,14.78917,43.15881,0.004186,1.33154,2.58292,0.62375
9,access_0,edge_4,10.95304,45.69067,0.002817,1.01533,1.62536,0.52998
9,access_1,edge_0,15.55551,42.82935,0.002043,1.46369,2.76991,0.63595
9,access_1,edge_1,13.2984,45.39254,0.002894,1.27915,2.0145,0.54102
9,access_1,edge_2,12.51264,46.16263,0.004016,0.87044,1.79555,0.5125
9,access_1,edge_3,13.44572,46.29379,0.005243,1.12998,1.91115,0.50764
9,access_1,edge_4,11.92303,44.13869,0.0,1.32278,1.96119,0.58746
9,edge_0,cloud_0,51.44707,63.56743,0.003474,4.0704,8.07163,0.56033
9,edge_1,cloud_0,53.51989,61.02198,0.005265,5.13494,9.3941,0.62688
9,edge_2,cloud_0,50.91411,64.14331,0.003672,4.1051,7.77339,0.54527
9,edge_3,cloud_0,50.72294,63.80769,0.00396,4.15722,7.86882,0.55405
9,edge_4,cloud_0,51.29468,62.84346,0.005472,4.2584,8.31957,0.57926
9,edge_0,edge_1,13.85429,45.04859,0.006333,1.36399,2.14813,0.55376
9,edge_1,edge_2,12.77408,46.4505,0.004194,1.0169,1.79493,0.50183
9,edge_2,edge_3,12.15031,45.56279,0.004805,0.57662,1.81913,0.53471
9,edge_3,edge_4,15.15819,46.2415,0.000241,1.0672,2.16278,0.50957
9,edge_4,edge_0,13.3634,46.08213,0.005229,1.12186,1.92879,0.51548
10,access_0,edge_0,14.66706,43.43592,0.002572,1.1482,2.51944,0.61348
10,access_0,edge_1,13.64176,44.97142,0.001827,1.15865,2.12609,0.55661
10,access_0,edge_2,13.94376,43.60171,0.003649,0.93245,2.37123,0.60734
10,access_0,edge_3,12.84029,44.07971,5e-06,1.19468,2.11992,0.58964
10,access_0,edge_4,11.10462,46.66477,0.008734,0.81208,1.53567,0.4939
10,access_1,edge_0,14.29642,44.70527,0.002708,1.32156,2.26758,0.56647
10,access_1,edge_1,14.31221,44.04938,0.00642,1.78809,2.36744,0.59076
10,access_1,edge_2,14.66082,45.53404,0.004112,0.85083,2.19938,0.53578
10,access_1,edge_3,13.41854,45.88098,0.00255,0.98015,1.96474,0.52293
10,access_1,edge_4,12.91428,44.94653,0.004616,0.93478,2.01605,0.55754
10,edge_0,cloud_0,49.81881,64.70986,0.004597,4.16699,7.39954,0.53046
10,edge_1,cloud_0,50.27921,63.73025,0.002767,4.31164,7.82848,0.55607
10,edge_2,cloud_0,51.23934,62.2335,0.001741,4.52332,8.53938,0.5952
10,edge_3,cloud_0,54.6657,60.88208,0.003131,4.77,9.6512,0.63053
10,edge_4,cloud_0,50.84546,64.89004,0.001082,3.96664,7.48497,0.52575
10,edge_0,edge_1,14.63616,44.92607,0.004927,1.40908,2.28796,0.55829
10,edge_1,edge_2,15.31118,43.89205,0.005317,1.70609,2.55766,0.59659
10,edge_2,edge_3,12.97544,47.63938,0.004814,0.77489,1.66325,0.4578
10,edge_3,edge_4,13.17975,45.95068,0.005634,0.79609,1.92025,0.52035
10,edge_4,edge_0,12.46235,46.56917,0.005834,1.37436,1.73579,0.49744
11,access_0,edge_0,15.73403,45.06653,0.004149,1.17135,2.43666,0.55309
11,access_0,edge_1,12.0863,44.6871,2.4e-05,1.06027,1.91931,0.56714
11,access_0,edge_2,12.64573,45.85615,0.004606,1.32477,1.85484,0.52385
11,access_0,edge_3,12.91582,45.18029,0.004945,1.31936,1.98498,0.54888
11,access_0,edge_4,12.32603,45.22163,0.00222,1.07713,1.88905,0.54735
11,access_1,edge_0,14.33564,45.81759,0.002416,1.4173,2.10844,0.52527
11,access_1,edge_1,13.40168,44.98155,0.006739,1.14725,2.08727,0.55624
11,access_1,edge_2,14.45794,44.17315,0.004689,1.1542,2.37299,0.58618
11,access_1,edge_3,14.32443,42.61118,0.002297,0.98889,2.5831,0.64403
11,access_1,edge_4,12.86593,44.66825,0.008583,0.85536,2.04563,0.56784
11,edge_0,cloud_0,50.81749,63.26121,0.002852,4.42846,8.08677,0.56833
11,edge_1,cloud_0,51.05611,64.56687,0.003019,4.21748,7.63676,0.5342
11,edge_2,cloud_0,51.04905,63.18905,0.003757,4.25513,8.15059,0.57022
11,edge_3,cloud_0,51.16377,64.28315,0.004588,4.40532,7.75913,0.54162
11,edge_4,cloud_0,51.92731,61.81988,0.003458,4.48181,8.81126,0.60602
11,edge_0,edge_1,16.95725,44.08136,0.000405,1.45232,2.79934,0.58958
11,edge_1,edge_2,14.90454,45.8845,0.00504,1.25138,2.18177,0.5228
11,edge_2,edge_3,14.37818,44.70422,0.00312,1.25181,2.28071,0.56651
11,edge_3,edge_4,15.40579,45.38483,0.005878,0.86553,2.33497,0.5413
11,edge_4,edge_0,12.31882,45.34082,0.003274,1.11172,1.87272,0.54293
12,access_0,edge_0,12.54986,44.2653,0.000762,1.17674,2.04782,0.58277
12,access_0,edge_1,14.64548,45.03243,0.005683,1.46164,2.27326,0.55435
12,access_0,edge_2,13.50431,43.02397,0.003784,1.41112,2.3774,0.62874
12,access_0,edge_3,13.49831,44.41163,0.006636,0.96198,2.1821,0.57735
12,access_0,edge_4,14.74981,43.94318,0.003829,1.17454,2.45607,0.5947
12,access_1,edge_0,14.36145,45.74744,0.003448,0.90588,2.12268,0.52787
12,access_1,edge_1,14.19327,45.14915,0.004088,1.20349,2.18589,0.55003
12,access_1,edge_2,9.47627,45.9371,0.003308,0.80446,1.382,0.52085
12,access_1,edge_3,12.03933,44.336,0.003285,0.95292,1.95569,0.58015
12,access_1,edge_4,14.19104,44.75745,0.001438,1.60263,2.24319,0.56454
12,edge_0,cloud_0,49.96725,65.74222,0.002654,4.17619,7.04398,0.50347
12,edge_1,cloud_0,51.72345,63.18979,0.004092,4.47897,8.25798,0.5702
12,edge_2,cloud_0,49.31047,62.89958,0.004893,4.04898,7.97749,0.57779
12,edge_3,cloud_0,52.77534,62.49191,0.001037,4.50732,8.69554,0.58845
12,edge_4,cloud_0,51.47653,62.94969,0.002871,4.18911,8.30903,0.57648
12,edge_0,edge_1,13.84984,43.49994,0.0,1.26834,2.36987,0.61111
12,edge_1,edge_2,13.35113,44.21446,0.006742,1.04298,2.18561,0.58465
12,edge_2,edge_3,14.26676,45.18201,0.004163,1.20542,2.19234,0.54881
12,edge_3,edge_4,14.90513,44.17511,0.003555,1.39517,2.44608,0.58611
12,edge_4,edge_0,10.79185,45.32295,0.005817,1.03095,1.64259,0.54359
13,access_0,edge_0,13.84915,44.558,0.006153,1.62519,2.21779,0.57193
13,access_0,edge_1,13.76263,44.73009,0.005644,0.9442,2.17938,0.56555
13,access_0,edge_2,14.41534,43.00025,0.0,1.16402,2.54133,0.62962
13,access_0,edge_3,15.41708,44.50426,0.002772,1.35989,2.47747,0.57392
13,access_0,edge_4,11.9866,44.30795,0.0043,1.14684,1.95061,0.58119
13,access_1,edge_0,13.45321,45.58913,0.005255,1.45546,2.01053,0.53374
13,access_1,edge_1,10.93918,46.02162,0.00304,1.20438,1.58575,0.51772
13,access_1,edge_2,14.27488,43.99563,0.006778,0.76883,2.36922,0.59275
13,access_1,edge_3,12.57663,44.25398,0.005116,1.51716,2.05366,0.58319
13,access_1,edge_4,13.07789,43.22446,0.003737,1.19019,2.27514,0.62132
13,edge_0,cloud_0,48.67567,66.64963,0.004481,3.91128,6.53858,0.47975
13,edge_1,cloud_0,51.25914,63.1528,0.003572,4.48849,8.19773,0.57117
13,edge_2,cloud_0,47.19879,66.7527,0.004684,3.69365,6.30458,0.47705
13,edge_3,cloud_0,51.42066,64.11508,0.002658,4.48982,7.86135,0.54601
13,edge_4,cloud_0,49.8245,64.07164,0.003646,4.08187,7.63317,0.54715
13,edge_0,edge_1,11.05601,44.60958,0.007615,0.87357,1.76459,0.57002
13,edge_1,edge_2,14.12473,43.81508,0.00321,1.44011,2.37075,0.59944
13,edge_2,edge_3,13.8593,44.07682,0.003911,1.07787,2.28858,0.58975
13,edge_3,edge_4,12.75342,46.15251,0.006325,0.61135,1.83144,0.51287
13,edge_4,edge_0,13.88385,45.83988,0.002164,1.12529,2.03878,0.52445
14,access_0,edge_0,13.97755,45.50956,0.003247,1.20122,2.10042,0.53668
14,access_0,edge_1,12.94608,44.0957,0.00195,1.08822,2.13524,0.58905
14,access_0,edge_2,11.34719,46.62643,0.004292,0.72401,1.57373,0.49532
14,access_0,edge_3,12.48878,44.98873,0.007123,0.84374,1.94416,0.55597
14,access_0,edge_4,13.92378,45.20402,0.00502,1.43827,2.13646,0.548
14,access_1,edge_0,17.16765,43.74388,0.001967,1.30395,2.89416,0.60208
14,access_1,edge_1,14.22139,44.83437,0.006612,1.39644,2.23664,0.56169
14,access_1,edge_2,12.2064,46.71028,0.002813,0.87871,1.68228,0.49221
14,access_1,edge_3,15.23343,44.02033,0.004531,1.33396,2.52441,0.59184
14,access_1,edge_4,14.55598,44.21284,0.004373,1.38407,2.38309,0.58471
14,edge_0,cloud_0,51.09294,63.93027,0.004407,4.57394,7.88037,0.55084
14,edge_1,cloud_0,48.86364,65.30226,0.001835,4.14681,7.04578,0.51497
14,edge_2,cloud_0,50.50812,62.95741,0.006265,4.14608,8.14987,0.57628
14,edge_3,cloud_0,52.89294,60.65234,0.00552,4.81368,9.42717,0.63654
14,edge_4,cloud_0,54.05048,63.27383,0.002786,4.78113,8.59626,0.568
14,edge_0,edge_1,12.1172,45.38994,0.003922,1.10558,1.8359,0.54111
14,edge_1,edge_2,12.29119,45.1272,0.000405,0.68065,1.89575,0.55084
14,edge_2,edge_3,12.95727,44.29303,0.002,1.20868,2.11057,0.58174
14,edge_3,edge_4,13.37031,45.02863,0.005937,0.38612,2.07586,0.5545
14,edge_4,edge_0,13.90139,45.8584,0.00558,1.2122,2.03869,0.52376
15,access_0,edge_0,13.64658,44.63881,0.001034,1.25461,2.17392,0.56893
15,access_0,edge_1,13.05378,45.58183,0.004641,0.99538,1.95183,0.53401
15,access_0,edge_2,15.92483,45.20821,0.003155,1.29387,2.44281,0.54784
15,access_0,edge_3,12.81687,45.71366,0.005694,1.27872,1.89888,0.52912
15,access_0,edge_4,13.02121,43.92085,0.006761,1.06234,2.17124,0.59552
15,access_1,edge_0,12.95147,45.98869,0.001931,0.91328,1.88188,0.51894
15,access_1,edge_1,13.27178,45.40592,0.005915,1.10402,2.00863,0.54052
15,access_1,edge_2,13.7991,44.14641,0.004533,1.23796,2.26868,0.58717
15,access_1,edge_3,13.19292,46.60353,0.002243,1.00591,1.83284,0.49617
15,access_1,edge_4,14.75111,44.60479,0.002857,1.47437,2.35507,0.57019
15,edge_0,cloud_0,53.42251,61.85736,0.0,4.78544,9.05032,0.60504
15,edge_1,cloud_0,50.44117,62.02706,0.000137,4.40561,8.48259,0.6006
15,edge_2,cloud_0,48.35726,64.07234,0.003224,3.75119,7.40813,0.54713
15,edge_3,cloud_0,51.79819,63.42481,0.004964,4.29597,8.1808,0.56406
15,edge_4,cloud_0,48.2021,64.22454,0.002896,4.10241,7.33066,0.54315
15,edge_0,edge_1,15.50455,43.49453,0.003829,1.52751,2.65388,0.61131
15,edge_1,edge_2,12.6713,43.79879,0.002712,1.20217,2.12894,0.60004
15,edge_2,edge_3,15.56409,44.44617,0.001944,1.21675,2.51047,0.57607
15,edge_3,edge_4,14.05457,44.8477,0.003669,1.17812,2.20846,0.5612
15,edge_4,edge_0,15.05727,44.89046,0.004216,1.18024,2.35935,0.55961
16,access_0,edge_0,11.63387,47.55137,0.007163,0.72463,1.5019,0.46106
16,access_0,edge_1,12.3337,45.73469,0.0,1.09629,1.82461,0.52834
16,access_0,edge_2,13.74116,43.42313,0.005252,1.20789,2.36222,0.61396
16,access_0,edge_3,11.47692,44.49445,0.005783,1.12872,1.84547,0.57428
16,access_0,edge_4,13.54243,44.20815,0.006529,1.4398,2.21781,0.58488
16,access_1,edge_0,13.52977,45.58905,0.006643,1.02766,2.02198,0.53374
16,access_1,edge_1,15.38036,43.32936,0.00375,1.16654,2.65897,0.61743
16,access_1,edge_2,13.60356,46.16579,0.007725,1.30367,1.95165,0.51238
16,access_1,edge_3,15.02264,44.90252,0.004384,1.32751,2.35204,0.55917
16,access_1,edge_4,14.06879,44.40235,0.005609,1.32722,2.27568,0.57769
16,edge_0,cloud_0,49.26911,64.561,0.003308,3.99482,7.37159,0.53435
16,edge_1,cloud_0,49.85868,63.80263,0.004049,4.31091,7.73658,0.55418
16,edge_2,cloud_0,52.42485,63.06382,0.005149,4.47062,8.41831,0.57349
16,edge_3,cloud_0,52.86876,63.0501,0.004687,4.59007,8.4949,0.57385
16,edge_4,cloud_0,51.1883,63.04821,0.002288,4.80348,8.22559,0.5739
16,edge_0,edge_1,12.31407,44.95098,0.008114,1.02539,1.92178,0.55737
16,edge_1,edge_2,12.34079,45.59562,0.005703,0.94989,1.84345,0.5335
16,edge_2,edge_3,13.48669,45.32887,0.004788,1.01877,2.05193,0.54338
16,edge_3,edge_4,13.55182,44.56067,0.005777,1.0526,2.1698,0.57183
16,edge_4,edge_0,13.33138,44.43674,0.004861,1.05435,2.15164,0.57642
17,access_0,edge_0,12.64104,43.6738,0.005563,1.14856,2.14024,0.60467
17,access_0,edge_1,14.52735,44.63675,0.000828,1.45006,2.31453,0.56901
17,access_0,edge_2,11.658,44.91071,0.003443,0.82056,1.82426,0.55886
17,access_0,edge_3,14.27798,42.86906,0.003513,1.36446,2.53654,0.63448
17,access_0,edge_4,12.67108,43.64333,0.001014,1.09904,2.14933,0.6058
17,access_1,edge_0,12.48579,45.18365,0.004,0.71562,1.91845,0.54875
17,access_1,edge_1,11.52237,45.21676,0.004656,0.75345,1.76647,0.54753
17,access_1,edge_2,14.17857,43.12994,0.003938,1.34202,2.48052,0.62482
17,access_1,edge_3,15.67051,43.58848,0.003102,1.24623,2.66702,0.60783
17,access_1,edge_4,12.12914,46.15576,0.002477,1.07171,1.74138,0.51275
17,edge_0,cloud_0,50.09504,64.75752,0.007626,4.06353,7.42309,0.52922
17,edge_1,cloud_0,51.14131,62.64753,0.006478,4.31801,8.36804,0.58438
17,edge_2,cloud_0,50.94582,62.67886,0.004781,4.48118,8.32437,0.58356
17,edge_3,cloud_0,51.72982,62.67053,0.001973,4.51385,8.45563,0.58378
17,edge_4,cloud_0,49.47144,63.83111,0.005235,4.11562,7.66619,0.55344
17,edge_0,edge_1,13.00184,45.07478,0.002652,0.89128,2.01242,0.55279
17,edge_1,edge_2,11.74775,45.75275,0.004954,1.11464,1.73572,0.52768
17,edge_2,edge_3,14.56038,45.94861,0.000252,1.30374,2.12171,0.52042
17,edge_3,edge_4,13.8738,46.21581,0.002365,1.31621,1.98322,0.51053
17,edge_4,edge_0,10.92623,45.65551,0.003562,0.76887,1.62536,0.53128
18,access_0,edge_0,12.36026,45.17224,0.005301,0.80939,1.90063,0.54918
18,access_0,edge_1,12.72835,44.66343,0.003906,1.06535,2.02439,0.56802
18,access_0,edge_2,12.02334,45.18766,0.007722,0.73566,1.8469,0.54861
18,access_0,edge_3,13.42914,44.1231,0.005458,1.29383,2.2111,0.58803
18,access_0,edge_4,14.4069,46.48511,0.006022,1.21432,2.01919,0.50055
18,access_1,edge_0,13.71663,45.33821,0.009208,1.07966,2.08559,0.54303
18,access_1,edge_1,13.26336,44.88477,0.002334,1.23694,2.07904,0.55982
18,access_1,edge_2,13.84461,44.6271,0.004925,1.13406,2.20715,0.56937
18,access_1,edge_3,16.85153,45.49502,0.004815,1.60905,2.53484,0.53722
18,access_1,edge_4,13.70401,43.69643,0.003377,1.32861,2.31699,0.60384
18,edge_0,cloud_0,53.9833,62.25096,0.001823,4.64132,8.98978,0.59475
18,edge_1,cloud_0,48.28948,65.25335,0.005704,3.6104,6.98028,0.51625
18,edge_2,cloud_0,49.04051,65.00796,0.005193,4.23056,7.17693,0.52267
18,edge_3,cloud_0,50.58906,62.58931,0.006592,4.18364,8.29924,0.5859
18,edge_4,cloud_0,51.60952,61.98525,0.003858,4.46853,8.69486,0.60169
18,edge_0,edge_1,15.89962,44.8982,0.000468,1.54399,2.49006,0.55933
18,edge_1,edge_2,12.56872,45.31352,0.001721,1.12191,1.91427,0.54394
18,edge_2,edge_3,12.56819,45.0903,0.005258,1.31176,1.94328,0.55221
18,edge_3,edge_4,15.10378,43.18302,0.004945,1.6973,2.63407,0.62285
18,edge_4,edge_0,11.65673,45.10439,0.00552,0.99799,1.80065,0.55169
19,access_0,edge_0,14.33159,44.49064,0.002838,1.43199,2.30506,0.57442
19,access_0,edge_1,14.38511,44.20566,0.006223,1.29545,2.35618,0.58498
19,access_0,edge_2,13.96265,45.31595,0.002233,1.17438,2.12622,0.54385
19,access_0,edge_3,13.9705,45.5069,0.008288,1.12499,2.09975,0.53678
19,access_0,edge_4,15.94061,46.08636,0.001345,1.08417,2.30006,0.51532
19,access_1,edge_0,12.25398,45.03469,0.005318,0.9914,1.90177,0.55427
19,access_1,edge_1,11.72724,44.50935,0.0,1.1149,1.88391,0.57373
19,access_1,edge_2,9.73976,46.52129,0.004199,0.78815,1.36142,0.49921
19,access_1,edge_3,14.19106,44.69992,0.005101,1.10831,2.25166,0.56667
19,access_1,edge_4,12.75389,45.59827,0.006186,1.05806,1.90481,0.5334
19,edge_0,cloud_0,50.22801,64.55318,0.003912,4.05142,7.51793,0.53456
19,edge_1,cloud_0,53.19454,63.18694,0.004424,4.30489,8.49396,0.57028
19,edge_2,cloud_0,50.6732,63.29271,0.003633,4.3002,8.05213,0.56751
19,edge_3,cloud_0,51.45906,63.03745,0.007038,4.39977,8.27315,0.57418
19,edge_4,cloud_0,50.52313,63.9334,0.001425,4.2136,7.79133,0.55076
19,edge_0,edge_1,12.83364,45.78664,0.001605,0.96855,1.89165,0.52642
19,edge_1,edge_2,16.68704,43.1247,0.002719,1.22925,2.92028,0.62501
19,edge_2,edge_3,12.23734,46.23125,0.003517,1.05606,1.74733,0.50995
19,edge_3,edge_4,13.53725,44.09921,0.003677,1.18603,2.23225,0.58892
19,edge_4,edge_0,11.87623,45.62728,0.003826,0.76689,1.77016,0.53232
20,access_0,edge_0,13.42154,43.22684,0.000161,1.23749,2.3346,0.62123
20,access_0,edge_1,14.08815,44.60135,0.004788,1.67148,2.24973,0.57032
20,access_0,edge_2,11.54854,44.93619,0.000143,0.93558,1.80408,0.55792
20,access_0,edge_3,14.52539,46.18669,0.005213,0.5067,2.08075,0.5116
20,access_0,edge_4,13.53153,45.21689,0.0,0.88916,2.07447,0.54752
20,access_1,edge_0,13.35212,44.84965,0.001548,0.95445,2.09782,0.56112
20,access_1,edge_1,17.15659,43.79223,0.00559,1.47226,2.88369,0.60029
20,access_1,edge_2,14.43744,45.25184,0.003567,1.06315,2.20812,0.54623
20,access_1,edge_3,11.11144,44.81775,0.001846,1.06937,1.74945,0.56231
20,access_1,edge_4,12.98372,45.82129,0.009222,1.13963,1.90911,0.52514
20,edge_0,cloud_0,50.95791,61.9532,0.003112,4.75621,8.59704,0.60253
20,edge_1,cloud_0,47.85553,66.56724,0.003615,3.95385,6.45727,0.4819
20,edge_2,cloud_0,51.76675,61.78397,0.005014,4.74652,8.79763,0.60696
20,edge_3,cloud_0,53.09673,63.32527,0.005697,4.60462,8.42457,0.56666
20,edge_4,cloud_0,49.95542,64.07308,0.005508,4.40419,7.6527,0.54711
20,edge_0,edge_1,14.26736,44.6393,0.003636,0.94239,2.27274,0.56891
20,edge_1,edge_2,14.76167,45.35457,0.005944,1.10077,2.24198,0.54242
20,edge_2,edge_3,14.32224,45.94166,0.006071,1.3076,2.08804,0.52068
20,edge_3,edge_4,13.32601,45.06901,0.003167,0.72633,2.0634,0.553
20,edge_4,edge_0,13.64489,44.72473,0.005836,0.84742,2.16149,0.56575
21,access_0,edge_0,11.17258,45.75502,0.002321,1.042,1.65048,0.52759
21,access_0,edge_1,14.21064,45.44716,0.006544,1.13211,2.14465,0.53899
21,access_0,edge_2,14.87713,44.14871,0.003767,1.12566,2.44556,0.58708
21,access_0,edge_3,12.69295,44.40882,0.006308,1.19572,2.05228,0.57745
21,access_0,edge_4,13.67216,44.31839,0.006888,1.09065,2.22342,0.5808
21,access_1,edge_0,12.43337,47.12119,0.002852,1.1282,1.66058,0.47699
21,access_1,edge_1,13.77751,44.35443,0.006428,0.82151,2.23541,0.57947
21,access_1,edge_2,14.42958,44.70067,0.000416,1.2104,2.28939,0.56664
21,access_1,edge_3,12.06232,45.52299,0.004144,1.1941,1.81094,0.53619
21,access_1,edge_4,14.62593,45.61945,0.004549,1.09081,2.18119,0.53261
21,edge_0,cloud_0,50.96813,63.3498,0.000922,4.27225,8.07769,0.56602
21,edge_1,cloud_0,49.35505,64.94125,0.00301,3.92627,7.24706,0.52441
21,edge_2,cloud_0,53.87267,62.2016,0.006275,4.87018,8.99082,0.59604
21,edge_3,cloud_0,53.52734,62.63512,0.007561,4.2968,8.76332,0.5847
21,edge_4,cloud_0,49.93202,62.71515,0.001389,4.58989,8.14546,0.58261
21,edge_0,edge_1,13.09433,43.66017,0.004893,0.96326,2.21884,0.60518
21,edge_1,edge_2,12.73865,45.03451,0.002634,1.0479,1.97701,0.55428
21,edge_2,edge_3,13.8597,44.34925,0.005385,1.34988,2.24949,0.57966
21,edge_3,edge_4,12.62083,46.71317,0.007739,0.89278,1.73902,0.4921
21,edge_4,edge_0,14.12024,45.60408,0.008607,1.12377,2.10803,0.53318
22,access_0,edge_0,13.16674,45.84131,0.004083,0.90207,1.93328,0.5244
22,access_0,edge_1,15.22415,44.76114,0.003025,1.09712,2.40591,0.5644
22,access_0,edge_2,16.06545,42.75814,0.00337,1.44817,2.87257,0.63859
22,access_0,edge_3,13.78514,45.19421,0.003711,1.04915,2.11659,0.54836
22,access_0,edge_4,14.12875,45.1798,0.00484,1.28511,2.17146,0.5489
22,access_1,edge_0,13.19205,43.57486,0.005719,1.13062,2.24707,0.60834
22,access_1,edge_1,14.10763,45.52459,0.003715,1.01391,2.11777,0.53613
22,access_1,edge_2,16.62527,44.46105,0.005054,1.30922,2.67907,0.57552
22,access_1,edge_3,13.33701,44.40303,0.0,1.16059,2.15721,0.57767
22,access_1,edge_4,13.31011,44.7052,0.00542,1.37438,2.11115,0.56647
22,edge_0,cloud_0,49.4525,64.49481,0.004875,4.21611,7.42299,0.53608
22,edge_1,cloud_0,49.48827,64.93792,0.00455,4.09788,7.26783,0.5245
22,edge_2,cloud_0,48.57168,63.68133,0.001862,3.73808,7.58001,0.55735
22,edge_3,cloud_0,54.13201,61.83792,0.000625,4.68526,9.17822,0.60554
22,edge_4,cloud_0,52.50824,61.73533,0.005883,4.39222,8.94234,0.60823
22,edge_0,edge_1,14.10119,44.19856,0.001312,1.27267,2.31072,0.58524
22,edge_1,edge_2,15.20664,44.64071,0.005091,1.31274,2.42214,0.56886
22,edge_2,edge_3,13.97861,45.65778,0.004329,1.38457,2.0791,0.53119
22,edge_3,edge_4,14.4718,44.15215,0.002196,1.52791,2.37841,0.58696
22,edge_4,edge_0,14.3096,44.07883,0.00638,1.21033,2.36263,0.58967
23,access_0,edge_0,12.38031,44.64113,0.002152,1.065,1.9719,0.56885
23,access_0,edge_1,11.92513,44.91411,0.003776,0.99371,1.86564,0.55874
23,access_0,edge_2,14.10853,44.22871,0.002931,1.6157,2.30751,0.58412
23,access_0,edge_3,10.87675,44.7333,0.001216,0.82292,1.72202,0.56543
23,access_0,edge_4,10.98503,44.6083,0.005625,0.92742,1.75341,0.57006
23,access_1,edge_0,13.84184,45.34835,0.006183,1.51868,2.10317,0.54265
23,access_1,edge_1,12.33298,44.96112,0.001811,1.10672,1.92344,0.557
23,access_1,edge_2,13.99905,44.72008,0.003941,0.89191,2.21827,0.56592
23,access_1,edge_3,16.19519,44.39732,0.008435,1.10497,2.62047,0.57788
23,access_1,edge_4,12.59398,44.31973,0.004132,1.00863,2.04791,0.58075
23,edge_0,cloud_0,51.33954,62.46324,0.005041,4.23407,8.46974,0.5892
23,edge_1,cloud_0,50.83872,63.41749,0.005532,4.44379,8.03199,0.56425
23,edge_2,cloud_0,51.2126,62.20078,0.00829,4.67632,8.54719,0.59606
23,edge_3,cloud_0,50.79556,62.06733,0.006083,4.70551,8.52721,0.59955
23,edge_4,cloud_0,48.64693,63.60705,0.00383,3.70391,7.61821,0.55929
23,edge_0,edge_1,14.12552,44.4566,0.003993,1.327,2.2769,0.57568
23,edge_1,edge_2,12.38596,44.2476,0.004687,1.34966,2.02335,0.58342
23,edge_2,edge_3,14.11439,45.1527,0.003705,1.25395,2.17322,0.5499
23,edge_3,edge_4,12.79027,44.89848,0.007365,1.12537,2.00306,0.55932
23,edge_4,edge_0,13.00526,45.32694,0.003045,1.22977,1.97895,0.54345
24,access_0,edge_0,15.73665,45.02182,0.003503,1.29432,2.44436,0.55475
24,access_0,edge_1,14.12567,46.28698,0.003223,1.18786,2.0088,0.50789
24,access_0,edge_2,12.78203,44.34056,0.0,1.38888,2.07573,0.57998
24,access_0,edge_3,12.75666,43.79264,0.004356,1.22763,2.14409,0.60027
24,access_0,edge_4,14.82635,43.90785,0.003973,1.3324,2.47424,0.59601
24,access_1,edge_0,14.51837,44.38128,0.006325,1.36198,2.35157,0.57847
24,access_1,edge_1,14.31709,45.43461,0.007764,1.36821,2.16258,0.53946
24,access_1,edge_2,13.22717,43.80412,0.003108,1.06214,2.2216,0.59985
24,access_1,edge_3,12.98651,46.09424,0.004332,1.13131,1.87276,0.51503
24,access_1,edge_4,12.69525,43.97067,0.003944,0.96194,2.11033,0.59368
24,edge_0,cloud_0,51.74274,61.01898,0.002781,4.96518,9.0833,0.62695
24,edge_1,cloud_0,52.33511,62.02133,0.005953,4.68265,8.80328,0.60075
24,edge_2,cloud_0,52.36976,61.52151,0.004867,4.64166,9.00072,0.61382
24,edge_3,cloud_0,51.65788,62.83111,0.004289,4.65194,8.38315,0.57958
24,edge_4,cloud_0,51.08476,62.33186,0.006656,4.50292,8.47684,0.59263
24,edge_0,edge_1,13.01531,44.56105,0.001975,1.05481,2.08385,0.57181
24,edge_1,edge_2,9.77647,46.02256,0.001979,0.85693,1.41711,0.51768
24,edge_2,edge_3,13.3362,44.16757,0.002544,0.65001,2.18965,0.58639
24,edge_3,edge_4,14.62855,44.14445,0.004287,1.10593,2.40534,0.58724
24,edge_4,edge_0,15.38786,44.28007,0.002236,1.20338,2.50855,0.58222
25,access_0,edge_0,12.37088,46.22202,0.003785,1.19598,1.76759,0.5103
25,access_0,edge_1,12.4696,45.82642,0.00288,0.87501,1.83285,0.52495
25,access_0,edge_2,13.25028,45.36554,0.006859,1.09695,2.01093,0.54202
25,access_0,edge_3,14.90175,44.78897,0.004446,1.23232,2.35066,0.56337
25,access_0,edge_4,14.54513,45.2613,0.003113,1.53173,2.22316,0.54588
25,access_1,edge_0,11.5995,46.33453,0.005313,0.76573,1.64383,0.50613
25,access_1,edge_1,14.86367,45.14613,0.00534,1.12606,2.2896,0.55014
25,access_1,edge_2,14.22508,43.65445,0.005496,1.21036,2.41129,0.60539
25,access_1,edge_3,11.29699,45.35854,0.001928,0.89012,1.71531,0.54228
25,access_1,edge_4,11.95964,43.74653,0.00281,0.72783,2.01585,0.60198
25,edge_0,cloud_0,52.54168,63.33602,0.003596,4.6549,8.33238,0.56638
25,edge_1,cloud_0,49.08255,64.62552,0.003046,4.16013,7.32049,0.53267
25,edge_2,cloud_0,52.18144,62.27513,0.00668,4.3558,8.68049,0.59411
25,edge_3,cloud_0,50.99963,62.26551,0.00246,4.3102,8.48748,0.59437
25,edge_4,cloud_0,50.59689,61.7888,0.006395,4.4243,8.59702,0.60683
25,edge_0,edge_1,10.51792,44.21809,0.007097,0.7716,1.72141,0.58452
25,edge_1,edge_2,16.6168,43.51202,0.005334,1.62347,2.84125,0.61067
25,edge_2,edge_3,14.42216,45.03863,0.000273,1.03347,2.23767,0.55412
25,edge_3,edge_4,10.90426,45.50006,0.002336,1.01522,1.63967,0.53703
25,edge_4,edge_0,12.84621,45.1383,0.000986,1.11015,1.97987,0.55043
26,access_0,edge_0,13.03416,45.03026,0.003339,0.67595,2.02345,0.55443
26,access_0,edge_1,12.93194,45.42278,0.002883,0.81466,1.95494,0.5399
26,access_0,edge_2,12.63302,45.25405,0.004177,1.41154,1.93185,0.54615
26,access_0,edge_3,13.63341,44.92167,0.005841,0.81951,2.13183,0.55846
26,access_0,edge_4,13.04954,45.21065,0.007813,0.63453,2.00142,0.54775
26,access_1,edge_0,11.61584,44.94087,0.005739,0.97307,1.81403,0.55775
26,access_1,edge_1,13.52864,44.87937,0.008144,1.02608,2.12138,0.56002
26,access_1,edge_2,12.50748,45.13365,0.0,0.97843,1.92827,0.55061
26,access_1,edge_3,13.52823,44.64498,0.004595,1.27039,2.1542,0.5687
26,access_1,edge_4,12.02624,45.28998,0.002674,0.88536,1.83458,0.54482
26,edge_0,cloud_0,50.53139,63.66388,0.010048,4.23803,7.89229,0.55781
26,edge_1,cloud_0,49.72728,64.15678,0.00403,4.55089,7.58728,0.54492
26,edge_2,cloud_0,52.74603,64.1089,0.002158,4.33685,8.06636,0.54617
26,edge_3,cloud_0,53.38182,63.00233,0.003419,4.75682,8.596,0.5751
26,edge_4,cloud_0,49.01508,64.5367,0.000321,4.2532,7.3423,0.53499
26,edge_0,edge_1,13.03342,45.70395,0.0,0.9598,1.93227,0.52948
26,edge_1,edge_2,14.19383,45.01227,0.003731,1.09626,2.20612,0.5551
26,edge_2,edge_3,11.67965,45.55042,0.006806,1.11689,1.75017,0.53517
26,edge_3,edge_4,15.35983,43.85407,0.005736,1.33595,2.57184,0.598
26,edge_4,edge_0,13.71073,43.80706,0.006417,1.41555,2.3024,0.59974
27,access_0,edge_0,16.43267,44.28709,0.005269,1.18327,2.67768,0.58196
27,access_0,edge_1,13.72324,45.29742,0.002672,0.90252,2.0924,0.54454
27,access_0,edge_2,13.93854,45.26925,0.004744,1.26843,2.1293,0.54558
27,access_0,edge_3,13.86034,44.91582,0.006426,1.33662,2.16815,0.55867
27,access_0,edge_4,13.80514,43.22953,0.004466,1.37039,2.40093,0.62113
27,access_1,edge_0,11.72219,45.02408,0.000653,0.5995,1.82053,0.55466
27,access_1,edge_1,14.94125,45.64651,0.00551,1.6023,2.22402,0.53161
27,access_1,edge_2,13.53337,44.91009,0.005206,1.24752,2.11781,0.55889
27,access_1,edge_3,12.81694,45.69243,0.004574,1.04759,1.90171,0.52991
27,access_1,edge_4,14.40475,43.84777,0.005617,0.97168,2.41286,0.59823
27,edge_0,cloud_0,52.52481,61.1665,0.002722,4.71039,9.16387,0.6231
27,edge_1,cloud_0,52.63765,62.98023,0.001118,4.57287,8.48469,0.57568
27,edge_2,cloud_0,52.14458,63.15216,0.00295,4.35283,8.33958,0.57119
27,edge_3,cloud_0,48.0306,66.33802,0.003389,4.00843,6.56149,0.48789
27,edge_4,cloud_0,52.28764,63.08338,0.004661,4.37567,8.38879,0.57298
27,edge_0,edge_1,13.45526,44.65845,0.004944,1.3109,2.1407,0.56821
27,edge_1,edge_2,13.20858,44.08364,0.005148,1.01088,2.18019,0.58949
27,edge_2,edge_3,13.99383,44.04983,0.003468,1.14883,2.31471,0.59075
27,edge_3,edge_4,16.15923,43.47653,0.002684,1.29591,2.76896,0.61198
27,edge_4,edge_0,16.97082,43.96696,0.005299,1.47734,2.82171,0.59382
28,access_0,edge_0,13.04953,45.92705,0.005097,1.05055,1.90447,0.52122
28,access_0,edge_1,12.17585,43.83857,0.006821,1.03369,2.04067,0.59857
28,access_0,edge_2,12.843,45.28613,0.000965,1.17025,1.95969,0.54496
28,access_0,edge_3,12.68209,45.6118,0.005717,0.99177,1.89231,0.5329
28,access_0,edge_4,13.54849,45.43389,0.005739,1.10882,2.04658,0.53949
28,access_1,edge_0,14.32539,44.64101,0.007598,1.15415,2.28173,0.56885
28,access_1,edge_1,12.58694,45.81358,0.003438,1.08189,1.85177,0.52542
28,access_1,edge_2,14.82478,44.19541,0.005626,1.505,2.42977,0.58536
28,access_1,edge_3,13.85135,43.88975,0.002882,0.93571,2.31414,0.59668
28,access_1,edge_4,16.51238,44.37857,0.005626,1.30392,2.67501,0.57857
28,edge_0,cloud_0,51.88109,62.11826,0.006659,4.72541,8.6901,0.59822
28,edge_1,cloud_0,48.26221,63.75706,0.004394,3.93706,7.50496,0.55537
28,edge_2,cloud_0,48.27123,65.28194,0.003646,4.13322,6.96754,0.5155
28,edge_3,cloud_0,50.25388,65.05373,0.000827,4.04828,7.33766,0.52147
28,edge_4,cloud_0,53.71826,62.21407,0.005956,4.55601,8.96015,0.59571
28,edge_0,edge_1,13.6681,43.48009,0.006012,1.20975,2.34159,0.61185
28,edge_1,edge_2,12.64991,44.23249,0.005305,1.02131,2.06845,0.58398
28,edge_2,edge_3,13.21837,45.0445,0.006127,1.17777,2.05009,0.55391
28,edge_3,edge_4,12.8429,44.56434,0.005787,1.34684,2.05581,0.57169
28,edge_4,edge_0,15.15692,44.60565,0.003191,1.29052,2.41973,0.57016
29,access_0,edge_0,13.68002,46.32121,0.003463,1.13912,1.94057,0.50662
29,access_0,edge_1,13.87534,45.65716,0.005611,1.25667,2.06382,0.53122
29,access_0,edge_2,14.17851,45.30925,0.004157,1.11072,2.16008,0.5441
29,access_0,edge_3,13.50531,44.56061,0.005203,1.09913,2.16236,0.57183
29,access_0,edge_4,14.26807,45.35207,0.006185,0.90421,2.16738,0.54252
29,access_1,edge_0,13.29816,43.85934,0.005949,1.23948,2.22591,0.5978
29,access_1,edge_1,11.52154,43.90637,0.001234,1.11191,1.92291,0.59606
29,access_1,edge_2,14.40949,45.2316,0.004692,1.24395,2.20687,0.54698
29,access_1,edge_3,13.5425,45.634,0.001642,0.91756,2.01757,0.53207
29,access_1,edge_4,12.80939,45.33465,0.004416,0.9666,1.94812,0.54316
29,edge_0,cloud_0,51.84141,62.23409,0.000401,4.70516,8.6395,0.59519
29,edge_1,cloud_0,50.85817,63.87416,0.006082,4.17139,7.86505,0.55231
29,edge_2,cloud_0,49.77883,65.04441,0.003788,3.94471,7.2717,0.52171
29,edge_3,cloud_0,51.80128,63.88475,0.003878,4.35405,8.00688,0.55203
29,edge_4,cloud_0,51.78094,64.24359,0.002977,4.67772,7.86772,0.54265
29,edge_0,edge_1,14.34113,45.91017,0.003685,1.12652,2.09548,0.52185
29,edge_1,edge_2,15.21547,43.28064,0.004989,1.44265,2.63815,0.61924
29,edge_2,edge_3,12.3145,46.04921,0.003471,1.30012,1.7816,0.5167
29,edge_3,edge_4,12.09565,45.0317,0.0,0.94594,1.87757,0.55438
29,edge_4,edge_0,13.25558,44.65548,0.00333,0.83529,2.10934,0.56832
30,access_0,edge_0,13.15245,43.9891,0.005577,1.32563,2.18382,0.593
30,access_0,edge_1,13.30721,44.67753,0.005424,1.15738,2.11451,0.5675
30,access_0,edge_2,12.84406,45.98269,0.003184,1.18888,1.86707,0.51916
30,access_0,edge_3,14.20697,46.14895,0.003097,1.16451,2.0407,0.513
30,access_0,edge_4,12.69824,45.07053,0.004912,1.52497,1.96599,0.55294
30,access_1,edge_0,14.33539,45.26661,0.002776,1.15577,2.19031,0.54568
30,access_1,edge_1,14.33992,44.38966,0.005564,1.1267,2.32142,0.57816
30,access_1,edge_2,16.22197,45.59875,0.003899,0.81757,2.42269,0.53338
30,access_1,edge_3,13.79398,43.47407,0.004036,1.32106,2.36401,0.61207
30,access_1,edge_4,13.9463,45.72814,0.00303,1.50571,2.06412,0.52859
30,edge_0,cloud_0,51.39534,61.31767,0.0,4.69005,8.90994,0.61915
30,edge_1,cloud_0,51.49832,64.01191,0.006787,4.26458,7.91212,0.54871
30,edge_2,cloud_0,50.33603,62.64126,0.006564,4.27006,8.23859,0.58454
30,edge_3,cloud_0,54.5079,61.88405,0.003165,5.07633,9.22354,0.60434
30,edge_4,cloud_0,49.73981,64.79529,0.0,4.07195,7.3567,0.52823
30,edge_0,edge_1,11.93226,46.65092,0.007986,0.77073,1.65184,0.49441
30,edge_1,edge_2,14.06131,44.15887,0.003219,1.24035,2.30997,0.58671
30,edge_2,edge_3,13.86161,45.04846,0.002939,0.95561,2.14929,0.55376
30,edge_3,edge_4,14.16536,44.77671,0.002219,0.77321,2.2363,0.56383
30,edge_4,edge_0,14.05795,44.99037,0.003847,1.44801,2.1882,0.55591
31,access_0,edge_0,12.80606,43.90638,0.00397,1.04178,2.13729,0.59606
31,access_0,edge_1,16.13966,44.58197,0.003896,1.45279,2.58058,0.57104
31,access_0,edge_2,11.15316,45.82951,0.002772,0.86307,1.63899,0.52483
31,access_0,edge_3,14.08337,44.81609,0.005934,1.16958,2.21761,0.56237
31,access_0,edge_4,15.06778,44.07365,0.003287,1.19634,2.48863,0.58986
31,access_1,edge_0,13.74768,45.36577,0.004159,1.10547,2.08638,0.54201
31,access_1,edge_1,12.98104,45.65404,0.006328,1.11457,1.93123,0.53133
31,access_1,edge_2,14.09881,43.43059,0.00453,1.33994,2.42261,0.61368
31,access_1,edge_3,11.86549,44.978,0.002194,0.9085,1.84845,0.55637
31,access_1,edge_4,11.08943,46.23601,0.0,0.98385,1.58288,0.50978
31,edge_0,cloud_0,52.78807,63.14344,0.002902,4.42586,8.44587,0.57141
31,edge_1,cloud_0,48.55721,65.99076,0.004664,3.98858,6.75686,0.49697
31,edge_2,cloud_0,51.88611,63.42284,0.00618,4.658,8.19543,0.56411
31,edge_3,cloud_0,51.97327,62.71654,0.003288,4.62926,8.47792,0.58257
31,edge_4,cloud_0,52.7628,61.6602,0.005106,5.02473,9.0147,0.61019
31,edge_0,edge_1,15.63891,45.44681,0.004462,1.0523,2.36026,0.53901
31,edge_1,edge_2,12.539,45.72067,0.0,1.13572,1.8568,0.52886
31,edge_2,edge_3,10.91368,44.19617,0.003434,1.25582,1.78866,0.58533
31,edge_3,edge_4,13.77368,46.1894,0.005861,0.82722,1.97268,0.5115
31,edge_4,edge_0,11.61292,44.39981,0.001879,1.267,1.87873,0.57778
32,access_0,edge_0,15.81481,44.32671,0.003627,1.31337,2.57051,0.58049
32,access_0,edge_1,14.48012,45.81857,0.004266,1.25032,2.12954,0.52524
32,access_0,edge_2,12.21165,43.9452,0.005926,0.69017,2.03317,0.59462
32,access_0,edge_3,11.27581,44.92242,0.005046,1.00881,1.76309,0.55843
32,access_0,edge_4,13.57918,44.8392,0.002558,1.42103,2.13496,0.56151
32,access_1,edge_0,12.13897,45.231,0.002899,0.90892,1.8592,0.547
32,access_1,edge_1,12.83751,45.14398,0.005017,1.19309,1.97778,0.55022
32,access_1,edge_2,15.95695,44.21479,0.006088,1.38849,2.61213,0.58464
32,access_1,edge_3,14.75085,44.66799,0.008471,1.27732,2.34537,0.56785
32,access_1,edge_4,13.9058,44.68936,0.004412,1.01961,2.20792,0.56706
32,edge_0,cloud_0,51.38348,62.55247,0.004304,4.1559,8.44342,0.58686
32,edge_1,cloud_0,48.88036,63.13524,0.006504,4.47252,7.82358,0.57163
32,edge_2,cloud_0,53.95824,61.97323,0.002506,5.01981,9.0953,0.60201
32,edge_3,cloud_0,51.38166,63.57261,0.004532,4.4083,8.05943,0.56019
32,edge_4,cloud_0,49.60071,65.70739,0.003908,4.32776,7.00496,0.50438
32,edge_0,edge_1,14.62612,43.10262,0.004603,1.60129,2.56296,0.62583
32,edge_1,edge_2,13.93634,44.62358,0.00577,1.50074,2.22228,0.5695
32,edge_2,edge_3,13.09532,45.67803,0.004237,1.3284,1.94497,0.53044
32,edge_3,edge_4,13.16129,44.99778,0.005879,1.30984,2.04761,0.55564
32,edge_4,edge_0,15.22714,44.65368,0.002463,0.84668,2.42335,0.56838
33,access_0,edge_0,13.35677,45.87894,0.004775,1.52507,1.95597,0.523
33,access_0,edge_1,14.54589,45.43679,0.005346,1.25522,2.19681,0.53938
33,access_0,edge_2,12.01869,45.39752,0.000809,0.90226,1.82003,0.54083
33,access_0,edge_3,12.40587,46.2516,0.005177,1.07076,1.76878,0.5092
33,access_0,edge_4,14.69394,44.45757,0.007894,1.20806,2.36838,0.57565
33,access_1,edge_0,14.38391,43.54695,0.003379,1.25438,2.45424,0.60937
33,access_1,edge_1,15.70334,42.30903,0.00586,1.71817,2.88096,0.65522
33,access_1,edge_2,13.94817,44.83836,0.005969,1.36347,2.1931,0.56154
33,access_1,edge_3,12.60607,44.19826,0.006706,1.25273,2.06575,0.58525
33,access_1,edge_4,13.33994,44.58964,0.005716,1.04673,2.13187,0.57075
33,edge_0,cloud_0,47.88969,64.3858,0.003606,4.22484,7.22662,0.53893
33,edge_1,cloud_0,54.94042,61.76419,0.003729,4.6836,9.34494,0.60747
33,edge_2,cloud_0,51.09396,62.42258,0.004037,4.34468,8.44443,0.59026
33,edge_3,cloud_0,52.91564,61.77111,0.003603,4.71192,8.99786,0.60729
33,edge_4,cloud_0,52.11104,62.33098,0.005153,4.88417,8.64747,0.59265
33,edge_0,edge_1,14.84668,45.02593,0.000757,1.33365,2.30549,0.5546
33,edge_1,edge_2,12.29801,45.73281,0.000475,0.93028,1.81956,0.52841
33,edge_2,edge_3,10.98601,44.26979,0.005833,0.75354,1.79213,0.5826
33,edge_3,edge_4,15.33789,45.9979,0.00455,1.29962,2.22717,0.5186
33,edge_4,edge_0,14.69042,44.17829,0.004148,1.26215,2.41036,0.58599
34,access_0,edge_0,13.0561,44.05081,0.00571,1.23443,2.15947,0.59071
34,access_0,edge_1,12.9944,44.37814,0.000841,1.28039,2.10515,0.57859
34,access_0,edge_2,12.484,47.16898,0.004032,1.00866,1.66115,0.47522
34,access_0,edge_3,11.36586,45.18412,0.001737,1.02792,1.74632,0.54874
34,access_0,edge_4,14.60205,45.79475,0.003217,1.37657,2.15108,0.52612
34,access_1,edge_0,15.25395,44.79723,0.005132,1.47141,2.40491,0.56307
34,access_1,edge_1,14.06886,43.51004,0.006386,1.38954,2.40587,0.61074
34,access_1,edge_2,12.81371,45.1444,0.001241,1.46915,1.97406,0.55021
34,access_1,edge_3,11.43909,45.57717,0.003017,0.94261,1.71095,0.53418
34,access_1,edge_4,13.00065,45.18103,0.002689,1.48573,1.99792,0.54885
34,edge_0,cloud_0,50.21474,62.51156,0.003078,4.77246,8.26641,0.58793
34,edge_1,cloud_0,53.52438,61.60098,0.003869,5.07938,9.16803,0.61174
34,edge_2,cloud_0,52.68534,62.63899,0.008082,4.84593,8.62398,0.5846
34,edge_3,cloud_0,51.34329,63.09366,0.002003,4.52589,8.23342,0.57271
34,edge_4,cloud_0,50.48358,65.39239,0.001082,4.35689,7.24605,0.51262
34,edge_0,edge_1,13.10002,43.19952,0.0,0.7825,2.28238,0.62224
34,edge_1,edge_2,12.31009,45.68866,0.001833,1.25929,1.82699,0.53005
34,edge_2,edge_3,12.83364,46.6722,0.003424,1.21466,1.77379,0.49362
34,edge_3,edge_4,12.10863,45.07263,0.004799,1.11928,1.87444,0.55287
34,edge_4,edge_0,14.4343,46.04061,0.003082,1.0265,2.08957,0.51701
35,access_0,edge_0,14.86191,44.08048,0.002003,1.39764,2.45357,0.58961
35,access_0,edge_1,14.44062,44.73235,0.003402,1.26284,2.2864,0.56547
35,access_0,edge_2,14.39953,45.41018,0.004935,1.45468,2.17868,0.54036
35,access_0,edge_3,13.89988,43.52608,0.002904,1.45244,2.37466,0.61015
35,access_0,edge_4,14.04737,43.82946,0.007977,1.31766,2.35567,0.59891
35,access_1,edge_0,15.40299,45.38314,0.004271,1.51099,2.33482,0.54137
35,access_1,edge_1,13.25621,45.97328,0.007191,1.27691,1.92828,0.51951
35,access_1,edge_2,14.59482,45.02955,0.002991,1.02869,2.26583,0.55446
35,access_1,edge_3,12.77186,46.07937,0.00546,1.14687,1.84377,0.51558
35,access_1,edge_4,16.20636,44.74869,0.002552,1.83348,2.56323,0.56486
35,edge_0,cloud_0,49.99062,65.79824,0.005047,3.8685,7.02678,0.50201
35,edge_1,cloud_0,53.00388,61.33803,0.00407,4.83104,9.1809,0.61861
35,edge_2,cloud_0,46.86603,65.3759,0.00188,3.56472,6.73247,0.51305
35,edge_3,cloud_0,49.45312,65.00042,0.002933,3.71696,7.24004,0.52286
35,edge_4,cloud_0,50.03217,65.04987,0.004951,4.16217,7.30671,0.52157
35,edge_0,edge_1,13.17329,45.54405,0.005781,1.41211,1.97485,0.53541
35,edge_1,edge_2,14.62616,44.20628,0.003986,1.41969,2.39557,0.58495
35,edge_2,edge_3,14.21276,45.37215,0.00376,0.89889,2.15602,0.54177
35,edge_3,edge_4,13.88344,45.89645,0.004825,0.83698,2.03058,0.52235
35,edge_4,edge_0,12.72088,44.90554,0.0,1.24878,1.99126,0.55905
36,access_0,edge_0,13.88624,45.88582,0.001593,1.13292,2.03252,0.52275
36,access_0,edge_1,13.50465,44.32659,0.004913,1.07281,2.19503,0.5805
36,access_0,edge_2,14.22327,43.91904,0.003958,1.23571,2.37195,0.59559
36,access_0,edge_3,15.61355,42.58424,0.003197,1.33518,2.81993,0.64503
36,access_0,edge_4,12.03106,44.10129,0.003366,0.71734,1.98363,0.58884
36,access_1,edge_0,13.44993,44.91951,0.007412,1.13241,2.10344,0.55854
36,access_1,edge_1,11.73722,45.13803,0.005079,0.7911,1.80899,0.55044
36,access_1,edge_2,12.86434,45.49223,0.001048,1.07216,1.93545,0.53732
36,access_1,edge_3,12.97717,44.58958,0.0,0.83642,2.0739,0.57076
36,access_1,edge_4,13.39318,43.16586,0.002867,1.76881,2.33813,0.62349
36,edge_0,cloud_0,52.85201,60.78427,0.003897,5.07357,9.36884,0.63309
36,edge_1,cloud_0,52.38483,63.05947,0.004591,4.22503,8.41355,0.57361
36,edge_2,cloud_0,47.96943,64.31215,0.000675,4.17215,7.26451,0.54086
36,edge_3,cloud_0,50.78626,63.66059,0.005459,4.20408,7.93333,0.55789
36,edge_4,cloud_0,49.36962,65.15358,0.00289,3.86709,7.17247,0.51886
36,edge_0,edge_1,11.22832,45.52751,0.001169,0.85238,1.6852,0.53602
36,edge_1,edge_2,13.29501,44.00109,0.002305,1.49381,2.20584,0.59255
36,edge_2,edge_3,13.96396,44.45541,0.003436,1.12571,2.25103,0.57573
36,edge_3,edge_4,12.93629,45.08312,0.002497,1.23963,2.00116,0.55248
36,edge_4,edge_0,12.8247,44.6102,0.006072,0.98129,2.04679,0.56999
37,access_0,edge_0,13.08534,44.1124,0.000934,1.04874,2.15594,0.58843
37,access_0,edge_1,13.2239,45.33322,0.005956,0.97532,2.01135,0.54321
37,access_0,edge_2,14.33272,44.16504,0.003906,0.72818,2.35364,0.58648
37,access_0,edge_3,15.9233,45.99638,0.003479,0.97918,2.31242,0.51865
37,access_0,edge_4,14.26332,45.14045,0.002259,1.24812,2.19796,0.55035
37,access_1,edge_0,12.86689,45.45455,0.002232,1.25532,1.94086,0.53872
37,access_1,edge_1,11.82155,43.64659,0.005417,1.22505,2.00483,0.60568
37,access_1,edge_2,13.46421,44.43361,0.00452,1.22151,2.17352,0.57653
37,access_1,edge_3,11.2087,43.69204,0.006556,1.10185,1.89561,0.604
37,access_1,edge_4,13.48539,44.22255,0.004076,1.13752,2.20645,0.58435
37,edge_0,cloud_0,49.95113,63.07803,0.003518,4.16161,8.01588,0.57312
37,edge_1,cloud_0,51.21099,62.45185,0.00244,4.43282,8.4528,0.58949
37,edge_2,cloud_0,51.70381,65.99839,0.003481,4.37039,7.19183,0.49677
37,edge_3,cloud_0,49.45228,63.87188,0.006001,4.03564,7.64845,0.55237
37,edge_4,cloud_0,50.44797,63.69522,0.0,4.41539,7.86769,0.55699
37,edge_0,edge_1,15.29815,44.18035,0.004794,1.4122,2.50975,0.58591
37,edge_1,edge_2,15.23103,46.02429,0.004417,1.05182,2.20748,0.51762
37,edge_2,edge_3,13.67834,46.11553,0.006091,1.16036,1.9695,0.51424
37,edge_3,edge_4,16.34296,44.4237,0.001318,1.25928,2.63991,0.5769
37,edge_4,edge_0,14.78888,43.86265,0.003018,1.34236,2.47492,0.59768
38,access_0,edge_0,15.71487,44.66773,0.001746,1.34156,2.49868,0.56786
38,access_0,edge_1,13.90445,44.74786,0.0065,1.04062,2.19927,0.56489
38,access_0,edge_2,13.6362,44.00431,0.00392,1.51931,2.26199,0.59243
38,access_0,edge_3,14.67945,42.90607,0.001159,1.43443,2.60223,0.63311
38,access_0,edge_4,15.31241,44.70102,0.002702,1.29405,2.42941,0.56663
38,access_1,edge_0,13.78643,45.77405,0.001223,1.45636,2.03389,0.52689
38,access_1,edge_1,11.70416,45.46174,0.003371,0.98607,1.7646,0.53845
38,access_1,edge_2,14.46479,46.05023,0.001529,1.16247,2.09254,0.51666
38,access_1,edge_3,14.37188,46.65624,0.003064,1.00319,1.98878,0.49421
38,access_1,edge_4,13.61098,44.46087,0.0,1.16284,2.19336,0.57552
38,edge_0,cloud_0,50.48912,62.8278,0.00333,4.08576,8.1947,0.57967
38,edge_1,cloud_0,52.91308,63.38532,0.002547,4.39733,8.37218,0.56509
38,edge_2,cloud_0,50.92183,63.64097,0.003105,4.27489,7.96182,0.55841
38,edge_3,cloud_0,51.84131,63.68831,0.002393,4.14543,8.08762,0.55717
38,edge_4,cloud_0,51.49965,64.15359,0.004872,4.15743,7.85891,0.545
38,edge_0,edge_1,11.86929,44.84279,0.004247,0.90915,1.86568,0.56138
38,edge_1,edge_2,12.77625,43.7742,0.006643,1.02789,2.14983,0.60096
38,edge_2,edge_3,13.23791,45.55907,0.003876,1.1431,1.98248,0.53485
38,edge_3,edge_4,14.68672,47.05734,0.001745,1.03639,1.97125,0.47936
38,edge_4,edge_0,13.6185,44.34953,0.00194,1.22231,2.2103,0.57965
39,access_0,edge_0,13.97839,44.25877,0.002613,1.30671,2.28187,0.58301
39,access_0,edge_1,15.54522,45.25232,0.00388,1.31541,2.37747,0.54621
39,access_0,edge_2,12.73323,46.42936,0.005938,0.89949,1.79198,0.50262
39,access_0,edge_3,15.80078,44.29623,0.003156,1.42156,2.57322,0.58162
39,access_0,edge_4,12.12528,44.97726,0.004224,1.00796,1.88901,0.5564
39,access_1,edge_0,13.54187,45.23265,0.006064,1.2781,2.07384,0.54694
39,access_1,edge_1,11.02565,46.51161,0.003818,0.90589,1.54226,0.49957
39,access_1,edge_2,14.42189,45.37265,0.00404,0.96961,2.18767,0.54175
39,access_1,edge_3,13.16516,44.28829,0.003991,0.98776,2.14508,0.58192
39,access_1,edge_4,12.33825,45.34931,0.00565,0.96794,1.87459,0.54262
39,edge_0,cloud_0,53.86873,62.27364,0.004361,4.95402,8.96176,0.59415
39,edge_1,cloud_0,54.62071,62.16934,0.001563,4.76596,9.12856,0.59688
39,edge_2,cloud_0,53.50194,61.76924,0.002182,4.96683,9.09829,0.60734
39,edge_3,cloud_0,48.35123,65.6422,0.003994,3.96486,6.85157,0.50609
39,edge_4,cloud_0,51.8095,62.50771,0.004404,4.7434,8.53041,0.58803
39,edge_0,edge_1,14.37213,45.36353,0.002825,1.11898,2.18148,0.54209
39,edge_1,edge_2,10.98936,46.76071,0.002552,0.89706,1.5088,0.49034
39,edge_2,edge_3,13.14988,43.54337,0.002483,0.65783,2.24418,0.6095
39,edge_3,edge_4,14.82029,44.4248,0.006722,1.46916,2.39378,0.57686
39,edge_4,edge_0,16.26429,43.92142,0.00146,1.3016,2.71192,0.5955
40,access_0,edge_0,15.24645,44.20547,0.008365,1.47912,2.49729,0.58498
40,access_0,edge_1,11.94908,44.69324,0.004487,0.74821,1.89676,0.56692
40,access_0,edge_2,14.9735,45.4582,0.004603,1.35297,2.25806,0.53859
40,access_0,edge_3,12.79013,45.40887,0.002182,0.79994,1.93534,0.54041
40,access_0,edge_4,13.00689,44.0204,0.005821,1.09976,2.15543,0.59184
40,access_1,edge_0,13.22784,44.98432,0.003645,0.66387,2.05981,0.55614
40,access_1,edge_1,15.06005,43.75421,0.004032,1.51716,2.53724,0.6017
40,access_1,edge_2,13.0047,44.59815,0.003691,1.03986,2.07715,0.57044
40,access_1,edge_3,12.24334,47.10965,0.004639,0.77017,1.63666,0.47742
40,access_1,edge_4,13.60114,44.94214,0.008011,1.36749,2.12389,0.5577
40,edge_0,cloud_0,53.83102,62.97569,0.003496,4.4853,8.67884,0.5758
40,edge_1,cloud_0,50.22411,63.41843,0.002946,4.11146,7.93454,0.56422
40,edge_2,cloud_0,48.71216,64.73662,0.005197,4.03345,7.22563,0.52976
40,edge_3,cloud_0,51.42707,63.61415,0.00606,4.15008,8.05091,0.55911
40,edge_4,cloud_0,49.70147,64.55689,0.006667,3.95084,7.43777,0.53446
40,edge_0,edge_1,13.31196,44.40936,0.003864,0.94747,2.15229,0.57743
40,edge_1,edge_2,12.7437,45.06169,0.001847,1.31833,1.9742,0.55327
40,edge_2,edge_3,14.03798,43.91239,0.005633,1.0706,2.34202,0.59584
40,edge_3,edge_4,13.87294,43.96953,0.003759,1.1965,2.30626,0.59372
40,edge_4,edge_0,12.93451,42.74591,0.005113,1.45381,2.31439,0.63904
41,access_0,edge_0,13.29543,43.61295,0.004995,1.06103,2.25942,0.60693
41,access_0,edge_1,13.76007,43.22955,0.002717,1.10964,2.39309,0.62113
41,access_0,edge_2,13.30301,44.0703,0.004702,1.10036,2.19761,0.58999
41,access_0,edge_3,13.97036,44.71272,0.005922,1.06968,2.21479,0.5662
41,access_0,edge_4,12.79551,46.54886,0.002837,0.63016,1.78489,0.49819
41,access_1,edge_0,14.45234,45.02732,0.005279,1.2666,2.24405,0.55454
41,access_1,edge_1,13.41799,45.60929,0.000596,1.36599,2.00246,0.53299
41,access_1,edge_2,11.76945,45.40768,0.003997,1.18795,1.78105,0.54046
41,access_1,edge_3,15.41001,44.74135,0.000658,1.35211,2.43845,0.56514
41,access_1,edge_4,12.9829,44.97173,0.00134,1.09753,2.02337,0.5566
41,edge_0,cloud_0,50.45011,64.33065,0.006429,4.07691,7.63336,0.54038
41,edge_1,cloud_0,51.9336,62.61335,0.007011,4.24693,8.51068,0.58527
41,edge_2,cloud_0,49.93141,64.78764,0.003789,4.0203,7.38784,0.52843
41,edge_3,cloud_0,53.19855,62.6829,0.001262,4.60164,8.69089,0.58345
41,edge_4,cloud_0,49.83432,64.13153,0.005169,4.38239,7.61282,0.54558
41,edge_0,edge_1,14.66358,43.24344,0.004188,1.51358,2.54812,0.62061
41,edge_1,edge_2,15.41514,45.39213,0.002391,1.08924,2.33522,0.54103
41,edge_2,edge_3,13.77965,44.56403,0.005187,0.98004,2.2058,0.5717
41,edge_3,edge_4,13.11172,45.32597,0.004919,0.89799,1.99528,0.54348
41,edge_4,edge_0,14.5622,44.54481,0.002509,1.25643,2.33397,0.57241
42,access_0,edge_0,14.20947,44.72293,0.005026,1.16219,2.25119,0.56582
42,access_0,edge_1,14.44907,44.53953,0.005847,1.20506,2.31663,0.57261
42,access_0,edge_2,14.07256,45.23285,0.003761,1.30169,2.15508,0.54693
42,access_0,edge_3,9.98722,45.81556,0.00328,0.35919,1.4691,0.52535
42,access_0,edge_4,14.89591,43.87516,0.002674,1.29276,2.4909,0.59722
42,access_1,edge_0,13.33926,46.22492,0.005829,1.25793,1.90555,0.51019
42,access_1,edge_1,13.28624,44.19366,0.002399,1.23853,2.17785,0.58542
42,access_1,edge_2,11.18743,44.09317,0.003193,0.7585,1.84548,0.58914
42,access_1,edge_3,13.28936,44.6078,0.006177,1.25923,2.12128,0.57008
42,access_1,edge_4,14.61617,43.40096,0.002914,1.34907,2.516,0.61478
42,edge_0,cloud_0,51.18145,62.64953,0.00119,4.66104,8.37386,0.58433
42,edge_1,cloud_0,48.81294,65.38329,0.0,3.94538,7.00951,0.51286
42,edge_2,cloud_0,49.52577,64.56921,0.005658,4.16624,7.40701,0.53414
42,edge_3,cloud_0,51.52412,62.25304,0.008072,4.24756,8.57947,0.59469
42,edge_4,cloud_0,50.72816,64.44493,0.001649,3.47898,7.63299,0.53739
42,edge_0,edge_1,12.18144,46.51616,0.005324,1.16676,1.70336,0.4994
42,edge_1,edge_2,14.98241,44.68606,0.003749,1.27163,2.37937,0.56718
42,edge_2,edge_3,14.41329,44.11381,0.007104,1.49428,2.37453,0.58838
42,edge_3,edge_4,14.5557,44.5089,0.006238,1.10734,2.33835,0.57374
42,edge_4,edge_0,13.35211,44.68344,0.002188,1.19058,2.12083,0.56728
43,access_0,edge_0,13.86996,46.14271,0.004346,0.8133,1.99318,0.51323
43,access_0,edge_1,11.86167,44.89479,0.002343,0.94139,1.85809,0.55945
43,access_0,edge_2,14.7171,44.7282,0.005094,1.34114,2.33081,0.56562
43,access_0,edge_3,13.83562,45.15304,0.00698,0.99686,2.13025,0.54989
43,access_0,edge_4,13.63249,42.8265,0.005297,0.97857,2.42789,0.63606
43,access_1,edge_0,15.49439,44.87986,0.00306,1.4933,2.42954,0.56001
43,access_1,edge_1,15.54461,44.7243,0.005904,1.12006,2.46249,0.56577
43,access_1,edge_2,15.2726,44.91306,0.004241,1.16257,2.38951,0.55878
43,access_1,edge_3,13.09257,44.26987,0.002932,1.08979,2.13575,0.5826
43,access_1,edge_4,12.5848,45.49012,0.00198,0.69829,1.89367,0.5374
43,edge_0,cloud_0,49.58966,63.36219,0.002764,4.07437,7.85472,0.56569
43,edge_1,cloud_0,50.23287,63.6068,0.001345,4.48257,7.86666,0.5593
43,edge_2,cloud_0,51.39558,64.57142,0.004241,4.12255,7.68583,0.53408
43,edge_3,cloud_0,52.18199,62.77998,0.002771,4.50035,8.48773,0.58092
43,edge_4,cloud_0,50.99658,61.99087,0.003157,4.69874,8.5895,0.60155
43,edge_0,edge_1,13.30202,44.54146,0.00603,1.00607,2.13246,0.57254
43,edge_1,edge_2,12.5979,44.32153,0.003019,1.01713,2.04831,0.58068
43,edge_2,edge_3,13.16392,45.82579,0.010305,1.29015,1.93499,0.52497
43,edge_3,edge_4,14.94313,45.42069,0.005059,1.40697,2.25929,0.53997
43,edge_4,edge_0,13.80699,44.6261,0.005735,1.02725,2.20129,0.5694
44,access_0,edge_0,13.73382,45.75328,0.002874,1.11091,2.02909,0.52766
44,access_0,edge_1,11.41954,44.95212,0.00036,0.67055,1.78204,0.55733
44,access_0,edge_2,11.29183,46.36939,0.004534,0.8936,1.59615,0.50484
44,access_0,edge_3,13.00497,47.22491,0.007766,0.80152,1.72293,0.47315
44,access_0,edge_4,15.31718,43.8559,0.0,1.49578,2.56441,0.59793
44,access_1,edge_0,14.43272,43.16158,0.004956,0.97741,2.52025,0.62365
44,access_1,edge_1,13.1012,46.93313,0.004603,1.13813,1.77532,0.48396
44,access_1,edge_2,15.97068,45.62109,0.001026,1.13974,2.38146,0.53255
44,access_1,edge_3,14.00117,44.10194,0.003419,1.39114,2.30836,0.58882
44,access_1,edge_4,12.44825,43.58862,0.003873,1.07745,2.11859,0.60783
44,edge_0,cloud_0,47.49312,65.04556,9.5e-05,3.87088,6.9374,0.52168
44,edge_1,cloud_0,48.78967,64.28066,0.003847,4.12938,7.39998,0.54168
44,edge_2,cloud_0,50.5421,63.68161,0.001799,4.13005,7.88741,0.55734
44,edge_3,cloud_0,48.93645,63.42096,0.004291,3.8723,7.73021,0.56416
44,edge_4,cloud_0,48.83107,64.71342,0.004217,4.18331,7.25156,0.53037
44,edge_0,edge_1,13.83205,45.7121,0.0,0.91587,2.04951,0.52918
44,edge_1,edge_2,12.12552,44.50149,0.007351,0.92597,1.94888,0.57402
44,edge_2,edge_3,14.12071,45.65998,0.001826,1.27407,2.09991,0.53111
44,edge_3,edge_4,14.95042,43.68142,0.002289,1.09204,2.53006,0.60439
44,edge_4,edge_0,13.49087,44.69421,0.005281,1.25469,2.14136,0.56688
45,access_0,edge_0,16.4072,35.68098,0.030597,1.95874,4.13785,0.9007
45,access_0,edge_1,17.13739,35.25982,0.026842,1.68708,4.39685,0.9163
45,access_0,edge_2,14.47093,38.63927,0.028756,1.25774,3.20558,0.79114
45,access_0,edge_3,17.58186,33.58549,0.034231,2.04269,4.81617,0.97832
45,access_0,edge_4,14.47785,38.42038,0.023873,1.68104,3.23998,0.79925
45,access_1,edge_0,17.65935,37.54766,0.02406,1.31776,4.11179,0.83157
45,access_1,edge_1,15.90182,35.64892,0.03027,1.67421,4.01568,0.90189
45,access_1,edge_2,15.5701,35.6805,0.026952,1.87857,3.92681,0.90072
45,access_1,edge_3,16.49753,34.87901,0.028834,1.95392,4.29784,0.93041
45,access_1,edge_4,16.22849,36.84034,0.025357,1.55612,3.89767,0.85777
45,edge_0,cloud_0,59.47037,53.40102,0.024669,6.45568,13.75626,0.82612
45,edge_1,cloud_0,63.91516,47.38773,0.033869,7.25555,17.59786,0.98333
45,edge_2,cloud_0,64.13057,51.0897,0.029251,7.00335,15.91927,0.88654
45,edge_3,cloud_0,65.11208,49.99295,0.029374,7.40333,16.68567,0.91522
45,edge_4,cloud_0,62.39225,53.1441,0.025968,6.49355,14.54947,0.83283
45,edge_0,edge_1,19.67861,34.16005,0.02986,2.14205,5.27327,0.95704
45,edge_1,edge_2,19.83186,34.15563,0.032444,2.7561,5.31525,0.9572
45,edge_2,edge_3,14.29896,33.71968,0.031586,2.07606,3.89699,0.97335
45,edge_3,edge_4,16.2204,33.74599,0.034495,1.72523,4.41623,0.97237
45,edge_4,edge_0,16.2493,37.21831,0.028896,1.99882,3.83897,0.84377
46,access_0,edge_0,16.51289,37.63707,0.023547,1.64211,3.82954,0.82826
46,access_0,edge_1,18.73712,33.27,0.02747,2.22935,5.19393,0.99
46,access_0,edge_2,14.57431,37.23132,0.029492,1.4102,3.44128,0.84328
46,access_0,edge_3,16.12375,35.24396,0.027719,1.45204,4.13944,0.91689
46,access_0,edge_4,16.30495,38.95566,0.023578,1.51264,3.55835,0.77942
46,access_1,edge_0,15.98673,37.19812,0.026457,1.45418,3.78029,0.84451
46,access_1,edge_1,18.18827,34.30318,0.030779,2.12205,4.84691,0.95173
46,access_1,edge_2,17.55771,37.48423,0.025325,1.9118,4.09967,0.83392
46,access_1,edge_3,18.19284,34.2689,0.027593,2.05294,4.8546,0.953
46,access_1,edge_4,17.39371,36.94693,0.029094,2.05802,4.1583,0.85382
46,edge_0,cloud_0,61.46131,52.63828,0.026198,6.47731,14.55995,0.84606
46,edge_1,cloud_0,66.25972,48.47662,0.031645,7.57638,17.71524,0.95486
46,edge_2,cloud_0,60.24036,53.91546,0.023813,6.41606,13.70751,0.81267
46,edge_3,cloud_0,63.73803,48.55317,0.030864,7.3492,17.00533,0.95286
46,edge_4,cloud_0,61.85252,53.23188,0.02425,6.49193,14.38386,0.83054
46,edge_0,edge_1,16.15216,35.85554,0.030726,1.96037,4.04429,0.89424
46,edge_1,edge_2,15.8258,34.4714,0.032523,1.97447,4.18974,0.9455
46,edge_2,edge_3,17.13208,34.39766,0.029491,2.29529,4.54866,0.94823
46,edge_3,edge_4,17.55803,33.44457,0.033302,1.64005,4.8353,0.98353
46,edge_4,edge_0,17.25601,38.17577,0.024814,2.11198,3.90547,0.8083
47,access_0,edge_0,17.50299,37.03451,0.024006,1.86668,4.16852,0.85057
47,access_0,edge_1,18.91556,33.7704,0.030414,2.24544,5.14524,0.97147
47,access_0,edge_2,15.55764,37.12889,0.029232,1.52316,3.68999,0.84708
47,access_0,edge_3,16.41281,33.34728,0.035555,1.90371,4.53648,0.98714
47,access_0,edge_4,15.28582,36.42088,0.026196,1.71312,3.73775,0.8733
47,access_1,edge_0,15.43368,36.62163,0.02885,1.97793,3.74178,0.86587
47,access_1,edge_1,17.61616,33.92262,0.033149,2.11262,4.76398,0.96583
47,access_1,edge_2,15.68046,36.15951,0.030578,1.58508,3.87675,0.88298
47,access_1,edge_3,16.73469,35.71784,0.029091,2.08973,4.21405,0.89934
47,access_1,edge_4,17.76296,39.24615,0.022473,1.74503,3.82304,0.76866
47,edge_0,cloud_0,63.70274,50.09395,0.030419,7.02411,16.27741,0.91258
47,edge_1,cloud_0,65.86631,50.03822,0.032949,7.31081,16.85712,0.91403
47,edge_2,cloud_0,58.34508,52.46671,0.029171,6.22809,13.89501,0.85054
47,edge_3,cloud_0,65.37684,47.78898,0.033367,7.68886,17.80829,0.97284
47,edge_4,cloud_0,61.40348,53.22708,0.029175,6.57297,14.28159,0.83066
47,edge_0,edge_1,16.78982,36.74955,0.031431,1.75211,4.04829,0.86113
47,edge_1,edge_2,17.7586,36.42353,0.029094,1.71645,4.34192,0.8732
47,edge_2,edge_3,16.36844,34.99531,0.030529,1.9454,4.24447,0.9261
47,edge_3,edge_4,15.79691,33.27,0.031827,2.28174,4.3789,0.99
47,edge_4,edge_0,18.77065,34.32523,0.033436,1.96861,4.99781,0.95092
48,access_0,edge_0,16.88402,37.29821,0.027455,1.87359,3.97494,0.84081
48,access_0,edge_1,14.63936,35.63366,0.027808,1.37813,3.69919,0.90246
48,access_0,edge_2,14.55762,36.97288,0.023411,1.96871,3.47636,0.85286
48,access_0,edge_3,15.66676,34.39137,0.03016,2.13333,4.16064,0.94847
48,access_0,edge_4,18.03967,37.702,0.025302,2.05574,4.17147,0.82585
48,access_1,edge_0,18.64878,37.52579,0.021754,1.87973,4.34639,0.83238
48,access_1,edge_1,17.82218,34.00768,0.032656,2.21835,4.80397,0.96268
48,access_1,edge_2,18.1517,36.81666,0.025732,2.06213,4.36403,0.85864
48,access_1,edge_3,17.92425,35.90908,0.027997,2.23029,4.47805,0.89226
48,access_1,edge_4,16.27531,37.14666,0.027345,1.74294,3.85721,0.84642
48,edge_0,cloud_0,61.83857,52.29599,0.02562,6.76771,14.80427,0.85501
48,edge_1,cloud_0,65.10548,50.26408,0.02908,7.02266,16.55476,0.90813
48,edge_2,cloud_0,59.67973,54.75191,0.027649,6.20997,13.21452,0.7908
48,edge_3,cloud_0,64.34135,48.83738,0.030843,7.38232,17.03243,0.94543
48,edge_4,cloud_0,62.52755,53.97923,0.023163,6.50987,14.19877,0.811
48,edge_0,edge_1,18.00842,34.40536,0.027017,2.15324,4.7799,0.94795
48,edge_1,edge_2,17.63593,34.54052,0.031642,1.94597,4.65631,0.94294
48,edge_2,edge_3,17.8358,33.62901,0.033793,2.36023,4.87768,0.9767
48,edge_3,edge_4,18.46607,33.39194,0.031903,2.42055,5.09544,0.98548
48,edge_4,edge_0,16.59182,37.32895,0.025142,1.6529,3.90086,0.83967
49,access_0,edge_0,15.86261,36.75013,0.026188,1.9517,3.82463,0.86111
49,access_0,edge_1,17.84917,34.02902,0.031082,2.01325,4.80729,0.96189
49,access_0,edge_2,15.62163,37.93951,0.027393,1.59147,3.57385,0.81706
49,access_0,edge_3,15.30618,35.87505,0.028407,1.76642,3.82937,0.89352
49,access_0,edge_4,18.0933,37.03994,0.025173,1.84463,4.30809,0.85037
49,access_1,edge_0,16.21894,37.29133,0.025203,1.78531,3.81952,0.84106
49,access_1,edge_1,16.04903,33.34062,0.033068,2.03994,4.43704,0.98738
49,access_1,edge_2,16.30112,36.78213,0.028537,2.17241,3.92495,0.85992
49,access_1,edge_3,15.53604,35.04811,0.02897,1.63733,4.02011,0.92414
49,access_1,edge_4,15.8924,36.41108,0.026159,1.86076,3.88769,0.87366
49,edge_0,cloud_0,61.25591,53.68749,0.022003,6.55763,14.04082,0.81863
49,edge_1,cloud_0,63.49747,49.43063,0.030788,7.6852,16.53329,0.92992
49,edge_2,cloud_0,58.50949,52.70356,0.025591,6.23673,13.83272,0.84435
49,edge_3,cloud_0,62.87964,51.25489,0.0265,6.94177,15.53272,0.88223
49,edge_4,cloud_0,62.9515,50.87813,0.029477,6.95916,15.72409,0.89208
49,edge_0,edge_1,17.20712,34.42198,0.029776,1.62463,4.56425,0.94733
49,edge_1,edge_2,18.32847,34.56472,0.030086,1.97343,4.83456,0.94205
49,edge_2,edge_3,17.00834,35.47004,0.034623,2.29809,4.32666,0.90852
49,edge_3,edge_4,15.83712,35.53999,0.029431,1.8503,4.01723,0.90593
49,edge_4,edge_0,16.04214,38.053,0.025674,1.45164,3.65117,0.81285
50,access_0,edge_0,17.31438,35.91656,0.028926,2.31742,4.32434,0.89198
50,access_0,edge_1,19.98109,33.99252,0.029246,2.28378,5.38904,0.96324
50,access_0,edge_2,17.31089,37.4777,0.027326,1.99337,4.04321,0.83416
50,access_0,edge_3,16.42424,35.14181,0.026154,1.87813,4.23398,0.92067
50,access_0,edge_4,14.26505,37.74818,0.02465,1.03766,3.2918,0.82414
50,access_1,edge_0,14.71752,37.27924,0.029452,1.7478,3.46778,0.84151
50,access_1,edge_1,17.40869,34.71663,0.030765,2.24746,4.56452,0.93642
50,access_1,edge_2,15.19382,38.72201,0.02309,1.10668,3.35268,0.78807
50,access_1,edge_3,17.97336,33.70969,0.033125,2.0596,4.90026,0.97372
50,access_1,edge_4,17.36772,38.3366,0.022484,1.83933,3.90179,0.80235
50,edge_0,cloud_0,64.04554,52.47161,0.029286,6.86246,15.25029,0.85042
50,edge_1,cloud_0,65.73287,48.34514,0.028477,7.61746,17.63765,0.9583
50,edge_2,cloud_0,61.21569,51.25004,0.028582,6.62195,15.12386,0.88235
50,edge_3,cloud_0,65.01264,48.74994,0.030905,7.27015,17.25175,0.94771
50,edge_4,cloud_0,60.8943,53.34069,0.022558,6.24687,14.11252,0.82769
50,edge_0,edge_1,16.51862,35.06848,0.026539,1.47341,4.27088,0.92339
50,edge_1,edge_2,17.11627,33.27,0.030741,2.06802,4.74463,0.99
50,edge_2,edge_3,17.4298,35.10006,0.032556,1.84182,4.50075,0.92222
50,edge_3,edge_4,18.7513,34.97931,0.027907,2.04568,4.86547,0.92669
50,edge_4,edge_0,14.02994,38.53583,0.027457,1.16097,3.12294,0.79497
51,access_0,edge_0,16.05227,37.0972,0.024953,2.08705,3.81258,0.84825
51,access_0,edge_1,18.86913,35.10197,0.031268,1.99764,4.87204,0.92215
51,access_0,edge_2,16.27289,36.30169,0.029378,2.04493,3.99923,0.87772
51,access_0,edge_3,17.2809,34.59672,0.031971,2.27768,4.5525,0.94086
51,access_0,edge_4,15.63601,38.35481,0.024571,1.72534,3.50979,0.80167
51,access_1,edge_0,16.33525,37.39777,0.026542,1.20209,3.82888,0.83712
51,access_1,edge_1,17.45278,35.46201,0.028333,1.8699,4.44117,0.90881
51,access_1,edge_2,15.35888,38.00574,0.024166,1.26353,3.50318,0.8146
51,access_1,edge_3,16.79461,35.30642,0.029089,2.20843,4.30079,0.91458
51,access_1,edge_4,15.53892,37.74416,0.028513,2.07949,3.5864,0.82429
51,edge_0,cloud_0,60.87746,53.75809,0.029924,6.12196,13.92261,0.81678
51,edge_1,cloud_0,66.43059,47.51361,0.034278,7.52142,18.22923,0.98004
51,edge_2,cloud_0,62.77524,51.29949,0.026717,6.83322,15.48643,0.88106
51,edge_3,cloud_0,63.37252,50.22158,0.029267,6.99411,16.13383,0.90924
51,edge_4,cloud_0,66.16387,48.83388,0.030959,7.6818,17.51659,0.94552
51,edge_0,edge_1,18.71671,35.61115,0.032585,2.12972,4.73386,0.90329
51,edge_1,edge_2,19.52615,34.01083,0.029328,2.15751,5.26264,0.96256
51,edge_2,edge_3,17.43401,35.60273,0.02924,1.74422,4.41096,0.9036
51,edge_3,edge_4,19.5191,33.27,0.034011,2.57103,5.41069,0.99
51,edge_4,edge_0,14.84727,39.88073,0.02234,1.75876,3.0978,0.74516
52,access_0,edge_0,17.41014,37.25587,0.026633,1.95575,4.10644,0.84238
52,access_0,edge_1,19.05754,34.42268,0.030117,2.15772,5.05494,0.94731
52,access_0,edge_2,16.15686,37.1992,0.025925,1.99673,3.82033,0.84447
52,access_0,edge_3,17.73738,35.32419,0.028809,2.08142,4.53895,0.91392
52,access_0,edge_4,17.24421,38.48804,0.021451,1.69594,3.84696,0.79674
52,access_1,edge_0,15.06983,36.27305,0.027616,1.7985,3.70804,0.87878
52,access_1,edge_1,15.22813,35.58826,0.027141,1.88919,3.85513,0.90414
52,access_1,edge_2,17.90477,36.04093,0.02987,2.1061,4.4487,0.88737
52,access_1,edge_3,17.2402,34.05752,0.031927,2.35027,4.63818,0.96083
52,access_1,edge_4,13.71008,37.42715,0.024838,1.42371,3.20938,0.83603
52,edge_0,cloud_0,61.24951,52.2444,0.027902,6.32323,14.68638,0.85636
52,edge_1,cloud_0,61.84625,50.17996,0.025885,7.39923,15.7641,0.91033
52,edge_2,cloud_0,61.37152,54.15634,0.022486,6.49154,13.85669,0.80637
52,edge_3,cloud_0,64.29518,49.40021,0.028176,7.01331,16.75531,0.93071
52,edge_4,cloud_0,61.66316,53.22189,0.026119,6.11062,14.34433,0.8308
52,edge_0,edge_1,15.72057,35.94405,0.02862,1.49849,3.9218,0.89096
52,edge_1,edge_2,18.17214,33.27,0.031569,2.37401,5.03732,0.99
52,edge_2,edge_3,15.75018,34.73845,0.029728,1.96736,4.1261,0.93561
52,edge_3,edge_4,16.12385,35.44731,0.029444,2.10589,4.10546,0.90936
52,edge_4,edge_0,15.11279,36.96392,0.02542,1.82147,3.61033,0.85319
53,access_0,edge_0,15.74478,39.33313,0.022953,1.54072,3.37447,0.76544
53,access_0,edge_1,16.33556,35.91019,0.027989,2.2021,4.08095,0.89222
53,access_0,edge_2,15.42753,37.33514,0.029485,1.6556,3.62613,0.83944
53,access_0,edge_3,16.81721,33.37696,0.032695,1.77509,4.64308,0.98604
53,access_0,edge_4,16.70347,37.20069,0.028396,1.79391,3.94932,0.84442
53,access_1,edge_0,15.90191,36.61408,0.02792,1.63084,3.85654,0.86615
53,access_1,edge_1,18.56569,36.07699,0.027869,2.45754,4.60597,0.88604
53,access_1,edge_2,17.53801,34.31163,0.032398,1.93465,4.67209,0.95142
53,access_1,edge_3,15.99538,33.5893,0.031933,1.87894,4.38095,0.97817
53,access_1,edge_4,16.69298,37.4154,0.023819,1.62097,3.90967,0.83647
53,edge_0,cloud_0,62.32615,54.07195,0.022299,6.57206,14.11073,0.80858
53,edge_1,cloud_0,67.4124,47.1325,0.030118,8.07796,18.68672,0.99
53,edge_2,cloud_0,62.88087,51.01752,0.029615,6.69766,15.64228,0.88843
53,edge_3,cloud_0,65.72641,47.1325,0.031089,7.67992,18.21936,0.99
53,edge_4,cloud_0,61.03273,53.12507,0.024969,6.24749,14.24094,0.83333
53,edge_0,edge_1,18.77095,33.27,0.033283,2.35225,5.20331,0.99
53,edge_1,edge_2,17.35179,35.87298,0.029849,1.89894,4.34152,0.89359
53,edge_2,edge_3,17.24037,34.07883,0.03386,2.11762,4.63442,0.96004
53,edge_3,edge_4,16.52599,33.27,0.031635,1.72432,4.58101,0.99
53,edge_4,edge_0,16.02827,37.71731,0.023066,1.31585,3.70381,0.82528
54,access_0,edge_0,15.85596,35.40684,0.029648,2.14732,4.04391,0.91086
54,access_0,edge_1,16.02519,35.21018,0.03145,1.6227,4.11975,0.91814
54,access_0,edge_2,15.41516,35.20361,0.029613,1.73695,3.96397,0.91838
54,access_0,edge_3,17.96545,34.83442,0.031159,1.92348,4.68856,0.93206
54,access_0,edge_4,17.65601,37.85701,0.028262,1.79265,4.05437,0.82011
54,access_1,edge_0,16.89733,38.58693,0.023189,1.8695,3.75225,0.79308
54,access_1,edge_1,15.57388,35.38373,0.028996,1.51347,3.9757,0.91171
54,access_1,edge_2,16.75227,34.68089,0.029905,2.28193,4.39862,0.93774
54,access_1,edge_3,18.14041,34.87885,0.031002,2.1162,4.72586,0.93041
54,access_1,edge_4,17.86971,36.96919,0.028248,1.73812,4.26797,0.85299
54,edge_0,cloud_0,57.96561,55.33167,0.022363,5.97072,12.58897,0.77564
54,edge_1,cloud_0,65.78789,47.31379,0.031541,7.84542,18.1491,0.98526
54,edge_2,cloud_0,59.2548,54.0423,0.023972,6.34624,13.42823,0.80935
54,edge_3,cloud_0,65.13179,49.31467,0.029944,7.72295,17.01411,0.93295
54,edge_4,cloud_0,58.45801,55.21777,0.023843,6.08967,12.74465,0.77862
54,edge_0,edge_1,15.68559,34.94131,0.031324,1.40985,4.07618,0.9281
54,edge_1,edge_2,17.8791,33.8859,0.035451,2.04329,4.84189,0.96719
54,edge_2,edge_3,17.07712,34.07119,0.030136,1.95503,4.59189,0.96033
54,edge_3,edge_4,18.32767,33.70257,0.033564,2.35142,4.99821,0.97398
54,edge_4,edge_0,14.96275,38.23896,0.026373,1.38131,3.37664,0.80596
55,access_0,edge_0,13.48948,37.6935,0.024024,1.5431,3.12048,0.82617
55,access_0,edge_1,17.7155,33.27,0.030644,2.17287,4.91074,0.99
55,access_0,edge_2,16.78884,40.1945,0.02402,2.01531,3.44827,0.73354
55,access_0,edge_3,17.44296,34.0023,0.031812,2.20088,4.70272,0.96288
55,access_0,edge_4,15.61172,37.73964,0.028482,1.86075,3.60394,0.82446
55,access_1,edge_0,15.3052,36.20993,0.028357,1.81241,3.77598,0.88111
55,access_1,edge_1,17.16942,35.25147,0.027567,2.00566,4.40656,0.91661
55,access_1,edge_2,16.08591,36.829,0.028624,2.41964,3.86531,0.85819
55,access_1,edge_3,17.08872,35.00034,0.029094,2.00688,4.43035,0.92591
55,access_1,edge_4,17.02027,36.62231,0.028092,1.54508,4.12631,0.86584
55,edge_0,cloud_0,63.55167,50.67886,0.029036,7.37363,15.96671,0.89728
55,edge_1,cloud_0,65.89971,50.99386,0.028317,7.62166,16.40466,0.88905
55,edge_2,cloud_0,59.68288,54.39501,0.024661,5.93822,13.37114,0.80013
55,edge_3,cloud_0,65.28182,48.62435,0.027819,7.81726,17.3832,0.951
55,edge_4,cloud_0,59.3427,55.25561,0.019943,5.92186,12.92108,0.77763
55,edge_0,edge_1,16.86056,34.78773,0.028872,2.05667,4.40837,0.93379
55,edge_1,edge_2,17.12069,35.12435,0.029783,1.94292,4.41662,0.92132
55,edge_2,edge_3,18.68405,36.16847,0.025238,2.0061,4.61761,0.88265
55,edge_3,edge_4,17.09999,33.27,0.033829,2.1646,4.74012,0.99
55,edge_4,edge_0,16.96704,37.51882,0.023246,1.97727,3.95567,0.83264
56,access_0,edge_0,15.74796,39.45741,0.021347,1.58185,3.35486,0.76084
56,access_0,edge_1,18.43198,34.71689,0.031292,2.51291,4.83278,0.93641
56,access_0,edge_2,14.98718,37.78115,0.023499,1.27204,3.45331,0.82292
56,access_0,edge_3,16.54541,33.76535,0.032003,1.81895,4.50139,0.97165
56,access_0,edge_4,14.00223,37.65245,0.028163,1.4339,3.24505,0.82769
56,access_1,edge_0,18.63483,35.73832,0.029656,2.18509,4.68857,0.89858
56,access_1,edge_1,17.97395,33.27,0.034003,1.93178,4.98238,0.99
56,access_1,edge_2,15.89603,37.36807,0.028127,1.70223,3.73082,0.83822
56,access_1,edge_3,16.64548,33.88911,0.031949,1.94425,4.50726,0.96707
56,access_1,edge_4,16.16527,36.86824,0.026943,1.47353,3.8778,0.85673
56,edge_0,cloud_0,62.8675,50.57303,0.02627,6.9975,15.84352,0.90005
56,edge_1,cloud_0,66.48828,47.1325,0.032069,8.13946,18.43055,0.99
56,edge_2,cloud_0,62.45908,54.53206,0.026614,6.46315,13.93046,0.79655
56,edge_3,cloud_0,65.01183,50.14617,0.027646,7.34081,16.58706,0.91121
56,edge_4,cloud_0,63.64048,50.9788,0.027646,7.14592,15.84929,0.88944
56,edge_0,edge_1,17.71375,34.86566,0.028463,1.81819,4.61713,0.9309
56,edge_1,edge_2,15.42185,34.61891,0.027112,1.5502,4.05921,0.94004
56,edge_2,edge_3,15.33496,35.14298,0.031485,1.96013,3.95299,0.92063
56,edge_3,edge_4,17.1746,35.23758,0.033572,1.67257,4.41036,0.91713
56,edge_4,edge_0,14.12864,37.55606,0.023029,1.68739,3.28847,0.83126
57,access_0,edge_0,14.59886,37.60976,0.028096,1.61751,3.38978,0.82927
57,access_0,edge_1,16.7862,34.84395,0.03135,1.84728,4.37914,0.93171
57,access_0,edge_2,15.58994,37.67551,0.026431,1.61497,3.60928,0.82683
57,access_0,edge_3,17.53453,33.27,0.030427,2.44849,4.86057,0.99
57,access_0,edge_4,17.21208,36.8127,0.026271,1.88608,4.13883,0.85879
57,access_1,edge_0,15.76727,37.5208,0.029943,1.63986,3.67563,0.83256
57,access_1,edge_1,18.97538,34.96015,0.032974,2.20658,4.92739,0.9274
57,access_1,edge_2,16.84053,37.34855,0.025521,1.54275,3.95591,0.83894
57,access_1,edge_3,17.29925,34.68005,0.031336,2.28123,4.54239,0.93778
57,access_1,edge_4,16.82224,36.12256,0.029846,1.8155,4.16549,0.88435
57,edge_0,cloud_0,59.80125,54.3056,0.02245,6.04136,13.43681,0.80247
57,edge_1,cloud_0,64.26538,49.25357,0.028182,7.08717,16.81653,0.93455
57,edge_2,cloud_0,61.16195,52.01269,0.024874,6.63183,14.76913,0.86241
57,edge_3,cloud_0,65.54893,50.47355,0.029907,7.52722,16.56701,0.90265
57,edge_4,cloud_0,60.23134,53.29367,0.024777,6.79931,13.97961,0.82892
57,edge_0,edge_1,17.17501,34.71361,0.031193,1.89067,4.50379,0.93653
57,edge_1,edge_2,17.20569,34.58667,0.030231,1.93521,4.53449,0.94123
57,edge_2,edge_3,17.2085,35.82097,0.029094,1.63567,4.31495,0.89552
57,edge_3,edge_4,17.75921,34.42761,0.033838,1.89902,4.70966,0.94713
57,edge_4,edge_0,17.44496,37.98163,0.02752,1.39822,3.98336,0.8155
58,access_0,edge_0,16.0548,38.08986,0.026454,1.95959,3.64791,0.81149
58,access_0,edge_1,17.40292,35.61979,0.029805,2.03443,4.40001,0.90297
58,access_0,edge_2,18.33529,35.08771,0.030506,2.13694,4.73692,0.92268
58,access_0,edge_3,18.175,34.16277,0.031968,2.22056,4.86984,0.95693
58,access_0,edge_4,14.6895,38.9192,0.022305,1.63529,3.21136,0.78077
58,access_1,edge_0,16.73819,37.01705,0.026285,1.65007,3.98941,0.85122
58,access_1,edge_1,19.03853,34.33683,0.031781,2.27327,5.06685,0.95049
58,access_1,edge_2,17.58945,36.83902,0.030706,1.73503,4.22477,0.85781
58,access_1,edge_3,16.18022,33.85885,0.028575,2.19627,4.38635,0.96819
58,access_1,edge_4,18.00809,37.80227,0.025965,1.92692,4.14544,0.82214
58,edge_0,cloud_0,60.57597,52.52441,0.022918,6.17064,14.40071,0.84903
58,edge_1,cloud_0,63.63996,51.52804,0.02622,6.94335,15.59328,0.87508
58,edge_2,cloud_0,60.56303,53.73094,0.024549,6.41143,13.86274,0.81749
58,edge_3,cloud_0,64.77978,48.65097,0.02931,7.52072,17.23689,0.9503
58,edge_4,cloud_0,63.44302,51.25591,0.028084,6.86215,15.67141,0.8822
58,edge_0,edge_1,16.9425,34.31919,0.034065,1.67968,4.51212,0.95114
58,edge_1,edge_2,15.3652,34.57616,0.034676,1.57244,4.05111,0.94162
58,edge_2,edge_3,18.6127,35.32652,0.027121,2.07722,4.76249,0.91383
58,edge_3,edge_4,18.52661,34.27354,0.032527,1.92974,4.94277,0.95283
58,edge_4,edge_0,18.88494,35.87505,0.027146,1.85928,4.72472,0.89352
59,access_0,edge_0,15.35209,38.66146,0.023594,1.48997,3.39724,0.79032
59,access_0,edge_1,15.9795,35.19367,0.034303,1.80626,4.11074,0.91875
59,access_0,edge_2,17.77679,36.98733,0.027895,1.98718,4.24243,0.85232
59,access_0,edge_3,16.24431,34.14928,0.030918,1.96714,4.3548,0.95743
59,access_0,edge_4,15.2954,39.08349,0.023863,1.53936,3.31775,0.77469
59,access_1,edge_0,19.42785,35.97497,0.029263,1.95244,4.84042,0.88982
59,access_1,edge_1,17.16222,33.60693,0.032956,1.87453,4.6974,0.97752
59,access_1,edge_2,17.89385,35.8587,0.02912,2.03074,4.4798,0.89412
59,access_1,edge_3,18.78601,34.23277,0.031393,2.16309,5.01992,0.95434
59,access_1,edge_4,15.82633,37.85803,0.02451,1.65212,3.63405,0.82007
59,edge_0,cloud_0,61.01625,51.86956,0.026498,6.77329,14.79787,0.86616
59,edge_1,cloud_0,65.4488,47.88657,0.032039,7.97255,17.78113,0.97029
59,edge_2,cloud_0,61.19725,51.86362,0.028604,6.80327,14.84443,0.86631
59,edge_3,cloud_0,67.74344,48.08579,0.030412,7.89079,18.30575,0.96508
59,edge_4,cloud_0,64.67641,52.94048,0.027369,6.67288,15.17852,0.83816
59,edge_0,edge_1,15.91941,33.99808,0.028284,1.75547,4.29266,0.96303
59,edge_1,edge_2,16.17461,35.67493,0.030097,1.67008,4.08021,0.90093
59,edge_2,edge_3,16.95936,33.27,0.033993,2.13542,4.70113,0.99
59,edge_3,edge_4,17.82193,35.5614,0.028156,1.89073,4.51674,0.90513
59,edge_4,edge_0,16.27177,37.14124,0.02709,1.70533,3.85728,0.84662
60,access_0,edge_0,16.12731,38.50055,0.027218,1.79457,3.5957,0.79628
60,access_0,edge_1,18.55984,36.60004,0.02843,1.87762,4.50385,0.86667
60,access_0,edge_2,16.21017,38.66274,0.022542,1.42516,3.58691,0.79027
60,access_0,edge_3,17.61582,35.30682,0.029017,2.03605,4.51101,0.91456
60,access_0,edge_4,17.84058,36.91312,0.03106,1.82664,4.27138,0.85507
60,access_1,edge_0,15.9964,36.86458,0.028811,1.65585,3.8379,0.85687
60,access_1,edge_1,18.75382,34.24569,0.033532,2.19288,5.0088,0.95386
60,access_1,edge_2,15.52355,35.86763,0.023096,1.52088,3.88495,0.89379
60,access_1,edge_3,19.02971,34.01927,0.028877,2.30729,5.12717,0.96225
60,access_1,edge_4,15.86884,39.40098,0.021329,1.52083,3.38989,0.76293
60,edge_0,cloud_0,64.43756,50.02348,0.028304,7.45805,16.49842,0.91442
60,edge_1,cloud_0,63.95241,49.0289,0.033795,7.50291,16.83981,0.94042
60,edge_2,cloud_0,63.9679,50.60749,0.028017,7.19996,16.1047,0.89915
60,edge_3,cloud_0,65.84804,50.10619,0.030325,7.1402,16.81968,0.91226
60,edge_4,cloud_0,61.6359,53.01593,0.02314,6.68021,14.43092,0.83618
60,edge_0,edge_1,15.511,35.38792,0.029998,1.62615,3.95897,0.91156
60,edge_1,edge_2,16.04313,34.53928,0.030826,1.79846,4.23598,0.94299
60,edge_2,edge_3,18.43529,35.2404,0.031131,2.2403,4.73356,0.91702
60,edge_3,edge_4,16.33156,34.81653,0.026703,1.97024,4.26518,0.93272
60,edge_4,edge_0,17.39906,37.36272,0.023583,1.6958,4.08455,0.83842
61,access_0,edge_0,16.55486,37.87183,0.027754,1.45154,3.79897,0.81956
61,access_0,edge_1,15.61506,34.58104,0.029807,1.65192,4.11619,0.94144
61,access_0,edge_2,14.36361,37.47906,0.024151,1.50051,3.35463,0.83411
61,access_0,edge_3,19.15652,33.27,0.030889,1.99262,5.31019,0.99
61,access_0,edge_4,15.37606,38.05474,0.026356,1.58079,3.49929,0.81279
61,access_1,edge_0,15.77418,36.99274,0.025184,1.44004,3.76362,0.85212
61,access_1,edge_1,16.12997,34.89004,0.030708,2.12347,4.20024,0.93
61,access_1,edge_2,17.45578,37.56376,0.026086,1.72456,4.06147,0.83097
61,access_1,edge_3,18.15423,33.27,0.031988,2.20036,5.03235,0.99
61,access_1,edge_4,16.84865,37.70033,0.025994,1.79799,3.89635,0.82591
61,edge_0,cloud_0,58.67676,53.05742,0.025886,6.08299,13.72027,0.8351
61,edge_1,cloud_0,62.10494,50.64278,0.028048,6.72271,15.61963,0.89823
61,edge_2,cloud_0,61.85828,53.88697,0.024689,6.20359,14.08857,0.81341
61,edge_3,cloud_0,65.08676,48.59438,0.030052,7.46669,17.34554,0.95178
61,edge_4,cloud_0,64.95273,49.81387,0.03191,7.72563,16.72998,0.9199
61,edge_0,edge_1,15.80608,33.6382,0.037007,1.66392,4.32109,0.97636
61,edge_1,edge_2,17.73323,34.70328,0.034562,1.91839,4.65207,0.93692
61,edge_2,edge_3,17.41309,35.40101,0.028976,2.12421,4.44209,0.91107
61,edge_3,edge_4,18.77224,33.47752,0.036659,2.30475,5.16327,0.98231
61,edge_4,edge_0,14.91011,36.64322,0.027245,1.60086,3.61151,0.86507
62,access_0,edge_0,16.02101,36.88506,0.024047,1.68316,3.8404,0.85611
62,access_0,edge_1,15.34453,35.49397,0.026247,1.60698,3.89961,0.90763
62,access_0,edge_2,17.58888,36.84537,0.02663,2.12482,4.22348,0.85758
62,access_0,edge_3,15.76785,34.78431,0.03282,1.6803,4.12323,0.93391
62,access_0,edge_4,17.93729,36.34015,0.028689,1.78438,4.40112,0.87629
62,access_1,edge_0,16.96683,37.43257,0.026967,1.82255,3.97079,0.83583
62,access_1,edge_1,18.84853,33.27,0.032715,2.58739,5.22481,0.99
62,access_1,edge_2,16.27487,36.32471,0.027377,2.01123,3.99583,0.87686
62,access_1,edge_3,18.76589,34.06528,0.033785,2.15933,5.04714,0.96055
62,access_1,edge_4,16.54508,37.05809,0.026469,1.88244,3.93634,0.8497
62,edge_0,cloud_0,62.25574,52.75632,0.027972,6.6498,14.69436,0.84297
62,edge_1,cloud_0,65.43679,49.72355,0.0294,7.23128,16.89793,0.92226
62,edge_2,cloud_0,65.25787,50.74639,0.027677,7.47562,16.36311,0.89552
62,edge_3,cloud_0,63.73079,49.03357,0.030472,7.54943,16.77928,0.9403
62,edge_4,cloud_0,61.33192,52.58316,0.027767,6.16861,14.55405,0.8475
62,edge_0,edge_1,17.03616,35.38373,0.027802,1.91352,4.34899,0.91171
62,edge_1,edge_2,18.63772,35.77899,0.025253,2.35206,4.68144,0.89707
62,edge_2,edge_3,17.79518,33.27,0.029061,2.45851,4.93282,0.99
62,edge_3,edge_4,18.15686,34.6825,0.030268,2.22627,4.76712,0.93769
62,edge_4,edge_0,15.11874,38.35798,0.026808,1.75331,3.39319,0.80156
63,access_0,edge_0,15.27226,37.91758,0.029733,1.68168,3.49739,0.81787
63,access_0,edge_1,16.76118,35.64459,0.028873,1.51578,4.23345,0.90205
63,access_0,edge_2,15.60096,36.85486,0.026377,1.94319,3.7446,0.85723
63,access_0,edge_3,16.69945,33.5584,0.031578,1.79113,4.57914,0.97932
63,access_0,edge_4,16.6207,36.62599,0.029903,1.74216,4.02881,0.8657
63,access_1,edge_0,14.8127,37.37747,0.028232,1.63296,3.47512,0.83787
63,access_1,edge_1,18.12687,34.96277,0.031848,2.08711,4.70656,0.9273
63,access_1,edge_2,15.54613,35.87605,0.025869,1.89506,3.88924,0.89348
63,access_1,edge_3,16.85446,35.94072,0.02595,1.85967,4.20525,0.89108
63,access_1,edge_4,16.34541,37.0121,0.024276,1.76343,3.89663,0.8514
63,edge_0,cloud_0,59.43658,53.61144,0.024426,6.0372,13.65689,0.82062
63,edge_1,cloud_0,66.10212,47.74498,0.033869,7.78117,18.02714,0.97399
63,edge_2,cloud_0,61.69647,51.9519,0.026834,7.13161,14.92566,0.864
63,edge_3,cloud_0,66.87107,48.66612,0.030367,7.98809,17.78593,0.94991
63,edge_4,cloud_0,61.99036,51.2515,0.024495,6.93862,15.31458,0.88231
63,edge_0,edge_1,17.73475,33.92649,0.031969,1.90379,4.79533,0.96569
63,edge_1,edge_2,17.06645,35.34637,0.028927,2.2272,4.36333,0.9131
63,edge_2,edge_3,18.3293,34.85273,0.033128,1.89908,4.78003,0.93138
63,edge_3,edge_4,15.68203,36.6473,0.027826,1.74403,3.79781,0.86491
63,edge_4,edge_0,14.97301,38.93826,0.024094,1.91204,3.27038,0.78006
64,access_0,edge_0,14.68599,37.46251,0.025629,1.38271,3.43244,0.83472
64,access_0,edge_1,17.54802,34.26133,0.029883,1.92058,4.68391,0.95328
64,access_0,edge_2,16.77139,36.61559,0.025171,2.24286,4.06715,0.86609
64,access_0,edge_3,17.96091,33.32371,0.031906,2.08788,4.96876,0.98801
64,access_0,edge_4,17.6418,37.76253,0.023915,1.84117,4.06839,0.82361
64,access_1,edge_0,17.68246,37.27295,0.028255,1.41487,4.16754,0.84174
64,access_1,edge_1,17.60084,33.27,0.035063,2.09596,4.87895,0.99
64,access_1,edge_2,16.2124,38.37423,0.022229,1.05799,3.63591,0.80095
64,access_1,edge_3,17.92616,34.79331,0.030234,2.34046,4.68595,0.93358
64,access_1,edge_4,16.44156,38.55596,0.024239,1.48138,3.65632,0.79422
64,edge_0,cloud_0,62.4342,51.41577,0.026775,7.0924,15.34916,0.87802
64,edge_1,cloud_0,63.45045,49.37573,0.031531,7.312,16.54654,0.93135
64,edge_2,cloud_0,59.1236,54.1476,0.025676,6.17078,13.35293,0.8066
64,edge_3,cloud_0,62.49015,49.3639,0.031672,7.32969,16.30153,0.93166
64,edge_4,cloud_0,61.89399,52.95433,0.024961,6.46964,14.51926,0.8378
64,edge_0,edge_1,17.65674,34.93436,0.030639,1.80212,4.58969,0.92836
64,edge_1,edge_2,16.60973,34.93088,0.032033,2.00466,4.31813,0.92849
64,edge_2,edge_3,18.60597,34.89346,0.029267,1.86737,4.84433,0.92987
64,edge_3,edge_4,18.63875,33.53164,0.030268,2.30414,5.11609,0.98031
64,edge_4,edge_0,16.92065,37.26382,0.023885,1.90331,3.98959,0.84208
65,access_0,edge_0,19.16399,34.96116,0.03119,2.38089,4.97616,0.92736
65,access_0,edge_1,19.11506,33.85494,0.030796,2.50516,5.18274,0.96834
65,access_0,edge_2,15.28345,37.62821,0.026975,1.56641,3.54582,0.82858
65,access_0,edge_3,17.995,35.5689,0.027636,2.23449,4.55921,0.90486
65,access_0,edge_4,16.6807,37.58512,0.024937,1.71821,3.87744,0.83018
65,access_1,edge_0,15.28845,36.81381,0.025954,1.67845,3.6761,0.85875
65,access_1,edge_1,18.52765,34.72698,0.031913,1.92045,4.85592,0.93604
65,access_1,edge_2,17.53375,36.16005,0.025433,1.86794,4.33485,0.88296
65,access_1,edge_3,17.40442,35.50966,0.029148,2.37036,4.42027,0.90705
65,access_1,edge_4,16.70319,38.1443,0.026235,1.65623,3.78581,0.80947
65,edge_0,cloud_0,61.67887,52.78178,0.025017,6.67192,14.5467,0.84231
65,edge_1,cloud_0,65.5935,49.73244,0.028104,7.28038,16.93413,0.92203
65,edge_2,cloud_0,61.1701,52.3148,0.028969,6.97089,14.63582,0.85452
65,edge_3,cloud_0,63.39622,49.83263,0.027592,7.44408,16.32036,0.91941
65,edge_4,cloud_0,61.35874,53.63886,0.026651,6.7551,14.08623,0.8199
65,edge_0,edge_1,17.9238,35.06386,0.029429,2.19439,4.63504,0.92356
65,edge_1,edge_2,16.46599,34.85086,0.028921,1.87048,4.29443,0.93145
65,edge_2,edge_3,16.51562,34.97674,0.027552,1.91997,4.28581,0.92679
65,edge_3,edge_4,19.28062,33.89851,0.033288,2.26673,5.21892,0.96672
65,edge_4,edge_0,16.52485,39.00189,0.020471,1.6063,3.59842,0.77771
66,access_0,edge_0,16.62086,39.02019,0.022654,1.77923,3.61617,0.77703
66,access_0,edge_1,19.7363,34.27177,0.033266,2.07966,5.26587,0.9529
66,access_0,edge_2,18.10308,36.54469,0.02834,2.19111,4.4034,0.86872
66,access_0,edge_3,15.70264,34.61786,0.028801,1.58497,4.13328,0.94008
66,access_0,edge_4,15.19482,39.47586,0.024629,1.17189,3.23411,0.76015
66,access_1,edge_0,15.65073,37.27894,0.024222,1.39261,3.68772,0.84152
66,access_1,edge_1,17.16019,33.27,0.036589,1.94739,4.7568,0.99
66,access_1,edge_2,17.57091,39.0365,0.020798,1.9755,3.8199,0.77643
66,access_1,edge_3,16.78122,34.75635,0.031552,2.16784,4.39309,0.93495
66,access_1,edge_4,13.7054,39.62772,0.02142,1.22293,2.89551,0.75453
66,edge_0,cloud_0,60.16549,52.76714,0.025618,6.4834,14.19623,0.84269
66,edge_1,cloud_0,62.89362,48.95949,0.029785,7.37437,16.59297,0.94224
66,edge_2,cloud_0,63.4006,51.11918,0.027794,7.20595,15.72439,0.88577
66,edge_3,cloud_0,64.47043,48.79605,0.030512,7.55165,17.0861,0.94651
66,edge_4,cloud_0,63.18366,53.51902,0.026845,6.97691,14.56061,0.82303
66,edge_0,edge_1,17.67354,34.26113,0.028755,1.93462,4.71745,0.95329
66,edge_1,edge_2,16.80208,35.87992,0.025894,1.78897,4.20277,0.89334
66,edge_2,edge_3,17.55567,35.01183,0.030936,1.79472,4.54932,0.92549
66,edge_3,edge_4,17.73428,33.88054,0.032063,2.13828,4.80366,0.96739
66,edge_4,edge_0,15.42034,39.20291,0.025337,1.58758,3.32576,0.77026
67,access_0,edge_0,15.01404,37.41381,0.023648,1.98117,3.5167,0.83653
67,access_0,edge_1,16.45054,33.27,0.031747,2.10601,4.56009,0.99
67,access_0,edge_2,16.90709,36.41768,0.02567,1.77343,4.13475,0.87342
67,access_0,edge_3,15.22314,35.92317,0.028069,1.66986,3.801,0.89173
67,access_0,edge_4,18.01437,35.65739,0.031623,1.85299,4.54758,0.90158
67,access_1,edge_0,18.01023,38.37867,0.023705,1.86068,4.03828,0.80079
67,access_1,edge_1,15.97283,35.13239,0.031575,1.55372,4.11917,0.92102
67,access_1,edge_2,14.97244,38.39222,0.024986,1.78837,3.35503,0.80029
67,access_1,edge_3,17.10468,33.27,0.034326,2.58,4.74142,0.99
67,access_1,edge_4,16.54945,37.60893,0.026791,1.72229,3.84284,0.8293
67,edge_0,cloud_0,59.15412,56.10414,0.024565,6.063,12.51259,0.75545
67,edge_1,cloud_0,65.17527,49.61599,0.031401,7.43489,16.88171,0.92507
67,edge_2,cloud_0,61.87275,51.75531,0.025451,7.21611,15.05734,0.86914
67,edge_3,cloud_0,65.47513,47.54291,0.030556,7.9699,17.953,0.97927
67,edge_4,cloud_0,61.72779,53.05274,0.025739,6.70162,14.4358,0.83522
67,edge_0,edge_1,18.44859,33.41282,0.031962,2.17537,5.08663,0.98471
67,edge_1,edge_2,15.48927,34.81367,0.02764,1.6721,4.04567,0.93283
67,edge_2,edge_3,17.86992,33.27,0.0343,2.2286,4.95354,0.99
67,edge_3,edge_4,15.59955,34.95726,0.030488,1.62753,4.05124,0.92751
67,edge_4,edge_0,15.4777,36.92487,0.023708,1.64195,3.70378,0.85463
68,access_0,edge_0,13.80529,37.76525,0.027206,1.40077,3.18326,0.82351
68,access_0,edge_1,15.51839,35.6229,0.027911,1.73712,3.92304,0.90286
68,access_0,edge_2,15.75192,37.86132,0.025854,1.78047,3.61643,0.81995
68,access_0,edge_3,18.16893,34.62341,0.031511,2.02094,4.78142,0.93987
68,access_0,edge_4,15.57728,36.99337,0.025426,1.75464,3.71654,0.8521
68,access_1,edge_0,13.10793,38.90932,0.023884,1.22964,2.86694,0.78114
68,access_1,edge_1,17.8767,35.34502,0.028087,1.87692,4.57074,0.91315
68,access_1,edge_2,16.23382,36.92036,0.026932,1.43119,3.88547,0.8548
68,access_1,edge_3,16.8568,37.33552,0.023222,1.51736,3.96201,0.83943
68,access_1,edge_4,15.42044,36.91069,0.024084,1.73613,3.69234,0.85516
68,edge_0,cloud_0,57.30707,55.51344,0.019605,5.88778,12.36969,0.77089
68,edge_1,cloud_0,67.54955,48.36932,0.027439,8.21529,18.11315,0.95766
68,edge_2,cloud_0,58.6771,54.44333,0.027002,5.937,13.12506,0.79887
68,edge_3,cloud_0,65.38643,48.68595,0.029269,7.54824,17.38157,0.94939
68,edge_4,cloud_0,62.60411,52.78136,0.026818,6.77179,14.76511,0.84232
68,edge_0,edge_1,16.16468,33.68533,0.033694,1.77984,4.41123,0.97462
68,edge_1,edge_2,17.72575,36.15828,0.031147,1.60329,4.38265,0.88303
68,edge_2,edge_3,17.79723,33.27,0.030498,2.2768,4.93339,0.99
68,edge_3,edge_4,18.21078,35.08576,0.031975,1.97405,4.70512,0.92275
68,edge_4,edge_0,16.65971,38.15805,0.028667,1.79061,3.77358,0.80896
69,access_0,edge_0,17.10907,37.32287,0.024278,1.91884,4.02354,0.83989
69,access_0,edge_1,17.53014,35.2021,0.029359,1.85565,4.50811,0.91844
69,access_0,edge_2,15.67178,38.0818,0.025522,1.69843,3.56219,0.81179
69,access_0,edge_3,16.75465,33.75466,0.033944,2.00279,4.56018,0.97205
69,access_0,edge_4,18.10461,37.1155,0.029438,1.71985,4.2966,0.84757
69,access_1,edge_0,18.52866,36.7359,0.027871,1.85121,4.47017,0.86163
69,access_1,edge_1,19.59372,33.28268,0.033952,2.44312,5.4288,0.98953
69,access_1,edge_2,15.68403,38.25272,0.022564,1.35192,3.53718,0.80545
69,access_1,edge_3,17.6259,34.96537,0.031106,1.99366,4.57601,0.92721
69,access_1,edge_4,17.2816,36.44521,0.025881,1.92174,4.22141,0.8724
69,edge_0,cloud_0,62.84685,51.62735,0.027308,7.11964,15.35327,0.87249
69,edge_1,cloud_0,67.26481,47.70151,0.031309,7.69389,18.36563,0.97512
69,edge_2,cloud_0,64.43871,52.25025,0.026868,6.81676,15.44833,0.8562
69,edge_3,cloud_0,66.63462,47.1325,0.036996,7.90364,18.47112,0.99
69,edge_4,cloud_0,61.30451,52.86251,0.026606,6.44423,14.42218,0.8402
69,edge_0,edge_1,19.43171,34.82469,0.023844,2.32801,5.07318,0.93242
69,edge_1,edge_2,18.42778,33.76886,0.030806,2.12567,5.01285,0.97152
69,edge_2,edge_3,18.91897,35.06142,0.029515,2.15254,4.89287,0.92365
69,edge_3,edge_4,18.44167,33.62293,0.031979,1.87875,5.04453,0.97693
69,edge_4,edge_0,18.07196,38.14643,0.02293,1.59921,4.09564,0.80939
70,access_0,edge_0,12.50098,44.37402,0.004757,1.20974,2.02575,0.57874
70,access_0,edge_1,15.54194,44.55953,0.003695,1.31642,2.48863,0.57187
70,access_0,edge_2,13.89759,45.70641,0.006695,1.51258,2.06004,0.52939
70,access_0,edge_3,11.66326,44.99498,0.006987,1.13236,1.81489,0.55574
70,access_0,edge_4,13.95743,45.82748,0.003233,0.96423,2.05138,0.52491
70,access_1,edge_0,12.57614,46.52226,0.003245,0.94407,1.75776,0.49918
70,access_1,edge_1,14.13871,44.18936,0.004139,1.11091,2.31821,0.58558
70,access_1,edge_2,13.17693,45.11982,0.002062,1.10522,2.03337,0.55112
70,access_1,edge_3,12.54658,45.06353,0.006213,0.97172,1.94342,0.5532
70,access_1,edge_4,11.50117,45.1783,0.005264,0.90458,1.76781,0.54895
70,edge_0,cloud_0,53.97019,62.15529,0.004268,4.92531,9.0254,0.59725
70,edge_1,cloud_0,49.04658,65.45862,0.005863,4.18454,7.01602,0.51089
70,edge_2,cloud_0,50.35445,64.57071,0.005193,3.88886,7.53039,0.5341
70,edge_3,cloud_0,50.57133,64.42449,0.005334,4.34809,7.61696,0.53792
70,edge_4,cloud_0,54.11127,60.50732,0.003958,4.78113,9.70176,0.64033
70,edge_0,edge_1,15.46324,43.67668,0.003287,1.54655,2.6176,0.60457
70,edge_1,edge_2,13.12198,45.44708,0.002915,1.19961,1.98036,0.539
70,edge_2,edge_3,14.88183,44.67141,0.002043,1.44488,2.36566,0.56773
70,edge_3,edge_4,13.6765,46.01874,0.002935,1.3078,1.98297,0.51782
70,edge_4,edge_0,13.33655,45.46241,0.004808,1.30576,2.01062,0.53843
71,access_0,edge_0,13.25375,45.20152,0.001544,1.11161,2.034,0.54809
71,access_0,edge_1,12.98881,44.19531,0.0,1.11237,2.12887,0.58536
71,access_0,edge_2,12.89522,47.17422,0.001717,1.34782,1.71517,0.47503
71,access_0,edge_3,12.92881,44.3527,0.0065,1.08287,2.09794,0.57953
71,access_0,edge_4,17.0472,43.61829,0.001262,1.45598,2.89605,0.60673
71,access_1,edge_0,13.3853,42.91801,0.002089,1.39393,2.37116,0.63267
71,access_1,edge_1,14.37513,45.50584,0.005487,1.24124,2.16072,0.53682
71,access_1,edge_2,13.10647,45.43939,0.006453,1.15528,1.97906,0.53928
71,access_1,edge_3,13.97818,44.18956,0.006565,1.06484,2.29186,0.58557
71,access_1,edge_4,14.21317,44.38536,0.002991,0.89123,2.30153,0.57832
71,edge_0,cloud_0,55.17988,61.24782,0.003701,5.25528,9.59425,0.62097
71,edge_1,cloud_0,50.31671,64.34365,0.005697,4.01942,7.60838,0.54004
71,edge_2,cloud_0,52.25841,62.27307,0.006151,4.43336,8.69408,0.59417
71,edge_3,cloud_0,48.48738,65.86226,0.003904,3.57308,6.79276,0.50033
71,edge_4,cloud_0,47.40437,65.57081,0.006041,4.18363,6.74217,0.50795
71,edge_0,edge_1,11.79034,45.05542,0.003112,1.23054,1.82728,0.5535
71,edge_1,edge_2,12.66384,46.4789,0.005752,0.92373,1.77571,0.50078
71,edge_2,edge_3,13.08361,46.3303,0.004608,0.99673,1.85473,0.50629
71,edge_3,edge_4,14.46588,45.6173,0.006718,0.95254,2.15764,0.53269
71,edge_4,edge_0,12.59113,44.63305,0.0,1.09008,2.00654,0.56915
72,access_0,edge_0,12.2027,43.23103,0.005588,1.49585,2.12205,0.62107
72,access_0,edge_1,13.27403,46.43627,0.004045,1.11779,1.86714,0.50236
72,access_0,edge_2,14.1655,44.96377,0.003731,0.73164,2.20884,0.5569
72,access_0,edge_3,13.64554,43.12588,0.006337,1.18344,2.38784,0.62497
72,access_0,edge_4,11.7132,45.79735,0.002936,0.4001,1.7252,0.52602
72,access_1,edge_0,14.46758,44.78801,0.002948,0.97303,2.28232,0.56341
72,access_1,edge_1,13.63904,44.29102,0.004364,0.96214,2.22191,0.58181
72,access_1,edge_2,13.87242,46.40554,0.004436,1.13476,1.95573,0.5035
72,access_1,edge_3,12.77865,47.25633,0.005379,0.783,1.68878,0.47199
72,access_1,edge_4,13.45548,43.95825,0.007841,1.1283,2.23844,0.59414
72,edge_0,cloud_0,53.49915,61.85184,0.000695,4.33779,9.06546,0.60518
72,edge_1,cloud_0,51.61713,61.87754,0.004212,4.89102,8.73684,0.60451
72,edge_2,cloud_0,48.84248,64.62118,0.006767,4.10963,7.28624,0.53278
72,edge_3,cloud_0,49.03632,63.79258,0.003918,4.39878,7.61259,0.55444
72,edge_4,cloud_0,52.30938,61.81725,0.007172,4.57423,8.8771,0.60609
72,edge_0,edge_1,12.78457,44.93041,0.004967,0.9346,1.99794,0.55813
72,edge_1,edge_2,13.40206,44.43814,0.004629,1.12359,2.16286,0.57637
72,edge_2,edge_3,13.06303,44.1166,0.004909,1.31908,2.1517,0.58827
72,edge_3,edge_4,14.38926,44.82905,0.003533,1.34799,2.26384,0.56189
72,edge_4,edge_0,14.96996,43.08946,0.008208,1.63452,2.62526,0.62632
73,access_0,edge_0,11.30318,44.38043,0.000285,0.94331,1.8309,0.5785
73,access_0,edge_1,10.96969,45.30509,0.00555,0.95703,1.67169,0.54426
73,access_0,edge_2,12.05489,43.83862,0.007679,0.9297,2.02039,0.59857
73,access_0,edge_3,13.52471,45.43442,0.000316,1.48387,2.04291,0.53947
73,access_0,edge_4,15.13193,45.05585,0.004995,1.24424,2.34509,0.55349
73,access_1,edge_0,14.23073,44.98138,0.007611,1.2763,2.21642,0.55625
73,access_1,edge_1,14.46538,44.45495,0.00355,1.5792,2.33193,0.57574
73,access_1,edge_2,11.3794,45.94363,0.003834,0.88156,1.65877,0.52061
73,access_1,edge_3,13.29095,44.08051,0.007457,1.28245,2.19422,0.58961
73,access_1,edge_4,14.94502,46.04023,0.006116,1.14345,2.16356,0.51703
73,edge_0,cloud_0,51.3605,63.70109,0.003077,4.39758,8.0078,0.55683
73,edge_1,cloud_0,50.5669,62.21972,0.001543,4.45927,8.43241,0.59556
73,edge_2,cloud_0,51.85155,60.79843,0.00271,4.65965,9.18612,0.63272
73,edge_3,cloud_0,49.03617,64.12797,0.007941,3.9154,7.49217,0.54567
73,edge_4,cloud_0,46.76371,66.27879,0.003583,3.78607,6.4087,0.48944
73,edge_0,edge_1,13.82557,45.11377,0.002394,1.11683,2.13433,0.55134
73,edge_1,edge_2,12.81332,44.28729,0.002473,1.17853,2.08789,0.58195
73,edge_2,edge_3,14.47314,44.08424,0.007317,1.22064,2.38882,0.58947
73,edge_3,edge_4,13.90473,44.95023,0.002786,1.02113,2.17014,0.5574
73,edge_4,edge_0,13.43471,43.08435,0.002327,1.33477,2.35674,0.62651
74,access_0,edge_0,13.36895,44.65792,0.002176,1.31911,2.12704,0.56823
74,access_0,edge_1,12.90737,45.23842,0.003731,1.26477,1.9759,0.54673
74,access_0,edge_2,14.43825,44.69278,0.005938,1.07831,2.29195,0.56693
74,access_0,edge_3,13.42302,42.70494,0.005411,1.2548,2.4075,0.64056
74,access_0,edge_4,12.4478,45.04002,0.003661,1.42924,1.93116,0.55407
74,access_1,edge_0,12.14333,45.2822,0.005941,1.06078,1.85342,0.5451
74,access_1,edge_1,14.0279,45.70381,0.006791,1.5684,2.07973,0.52949
74,access_1,edge_2,13.10908,43.65115,0.003267,1.17016,2.22256,0.60551
74,access_1,edge_3,13.20451,45.88701,0.002864,1.11865,1.93257,0.5227
74,access_1,edge_4,13.14163,46.23013,0.002219,0.87839,1.87661,0.51
74,edge_0,cloud_0,49.0166,66.24438,0.00195,3.79312,6.72978,0.49034
74,edge_1,cloud_0,51.37226,63.62423,0.006081,4.44745,8.03854,0.55884
74,edge_2,cloud_0,50.40095,63.55288,0.003861,4.30287,7.91287,0.56071
74,edge_3,cloud_0,48.48256,63.17715,0.004917,4.20054,7.74504,0.57053
74,edge_4,cloud_0,52.65301,63.23591,0.004929,4.64015,8.38861,0.569
74,edge_0,edge_1,12.70452,45.70069,0.002877,1.14098,1.88394,0.5296
74,edge_1,edge_2,13.74751,44.97984,0.006444,1.19817,2.14138,0.5563
74,edge_2,edge_3,13.893,43.0728,0.007676,0.94732,2.4388,0.62693
74,edge_3,edge_4,13.38736,44.26089,0.004186,0.83356,2.18509,0.58293
74,edge_4,edge_0,12.94417,44.25213,0.005866,0.88661,2.11393,0.58325
75,access_0,edge_0,15.36863,44.08912,0.006434,1.10151,2.53585,0.58929
75,access_0,edge_1,12.73666,45.40661,0.001278,1.16196,1.92755,0.5405
75,access_0,edge_2,11.27252,44.04124,0.004147,1.13801,1.86558,0.59107
75,access_0,edge_3,14.39636,43.8443,0.006305,0.90864,2.41198,0.59836
75,access_0,edge_4,14.20295,43.92431,0.004368,1.23186,2.36779,0.5954
75,access_1,edge_0,12.73903,45.83626,0.003103,0.75031,1.87115,0.52458
75,access_1,edge_1,13.79554,45.58139,0.004519,0.89593,2.0628,0.53402
75,access_1,edge_2,14.87023,45.33717,0.00566,1.7113,2.26115,0.54307
75,access_1,edge_3,13.718,44.17468,0.000863,1.13828,2.25132,0.58612
75,access_1,edge_4,13.92767,45.49219,0.004155,1.11255,2.09544,0.53733
75,edge_0,cloud_0,53.14042,63.01795,0.002283,4.37167,8.55106,0.57469
75,edge_1,cloud_0,51.6704,62.49642,0.003516,4.557,8.51177,0.58833
75,edge_2,cloud_0,48.95778,65.1506,0.001503,3.87157,7.1137,0.51894
75,edge_3,cloud_0,50.00108,64.14868,0.003625,4.09816,7.63202,0.54513
75,edge_4,cloud_0,49.52727,63.80551,0.005894,4.07889,7.68412,0.5541
75,edge_0,edge_1,12.66228,46.3245,0.000862,0.92106,1.79576,0.5065
75,edge_1,edge_2,9.90838,45.24493,0.003366,0.68873,1.51614,0.54648
75,edge_2,edge_3,13.85696,46.1418,0.006246,0.83041,1.99145,0.51327
75,edge_3,edge_4,12.0387,45.69274,0.007798,1.27577,1.7862,0.5299
75,edge_4,edge_0,11.28345,45.41323,0.002063,1.01642,1.70685,0.54025
76,access_0,edge_0,14.79597,44.70974,0.001915,1.22416,2.34613,0.56631
76,access_0,edge_1,11.88124,46.01564,0.007217,0.79818,1.72305,0.51794
76,access_0,edge_2,14.74483,45.28557,0.006128,1.27073,2.24997,0.54498
76,access_0,edge_3,13.4574,45.30525,0.003885,1.2436,2.05077,0.54425
76,access_0,edge_4,12.61532,45.56777,0.006132,1.05844,1.8881,0.53453
76,access_1,edge_0,14.11085,45.43742,0.00438,1.23077,2.13101,0.53935
76,access_1,edge_1,12.31003,44.81468,0.002946,0.72074,1.93855,0.56242
76,access_1,edge_2,14.03193,44.78715,0.004525,1.36211,2.21372,0.56344
76,access_1,edge_3,11.83585,44.6172,0.008124,0.68309,1.88812,0.56973
76,access_1,edge_4,15.24625,43.98833,0.005451,1.37897,2.53159,0.59302
76,edge_0,cloud_0,48.74531,64.2242,0.005834,4.21297,7.4134,0.54316
76,edge_1,cloud_0,51.7332,63.7043,0.005305,4.42534,8.06469,0.55675
76,edge_2,cloud_0,50.17127,64.21599,0.004863,4.36701,7.63328,0.54337
76,edge_3,cloud_0,50.84391,65.06197,0.005048,4.40262,7.42075,0.52126
76,edge_4,cloud_0,47.38187,65.97193,0.004103,3.67321,6.59984,0.49747
76,edge_0,edge_1,11.01045,44.69109,0.003177,1.0577,1.74801,0.567
76,edge_1,edge_2,12.98269,45.25565,0.006984,1.05727,1.98511,0.54609
76,edge_2,edge_3,12.87509,43.55459,0.002816,0.99338,2.19578,0.60909
76,edge_3,edge_4,13.66297,46.24254,0.004059,1.38299,1.9493,0.50954
76,edge_4,edge_0,16.48895,43.56598,0.003631,1.39315,2.81016,0.60867
77,access_0,edge_0,11.76866,45.47816,0.006312,0.83108,1.77232,0.53785
77,access_0,edge_1,11.97024,46.26775,0.0,0.83816,1.70466,0.5086
77,access_0,edge_2,14.28096,45.6634,0.000505,1.3365,2.12323,0.53099
77,access_0,edge_3,13.68335,44.40136,0.005394,1.60494,2.21347,0.57773
77,access_0,edge_4,15.06741,43.88078,0.006443,1.52712,2.5187,0.59701
77,access_1,edge_0,15.28476,46.68549,0.002209,1.26816,2.11046,0.49313
77,access_1,edge_1,14.96512,44.0452,0.004836,1.138,2.47609,0.59092
77,access_1,edge_2,12.7102,46.64882,0.001539,0.96155,1.75981,0.49449
77,access_1,edge_3,15.64266,45.48113,0.000888,1.46666,2.35525,0.53774
77,access_1,edge_4,13.6018,44.86459,0.000663,0.97166,2.13494,0.56057
77,edge_0,cloud_0,48.99674,64.76508,0.00214,4.07795,7.25764,0.52902
77,edge_1,cloud_0,51.51156,63.70807,0.002146,4.51783,8.02872,0.55665
77,edge_2,cloud_0,48.91027,63.95114,0.002,4.20375,7.53625,0.5503
77,edge_3,cloud_0,51.10716,62.35643,0.004532,4.92661,8.47136,0.59199
77,edge_4,cloud_0,52.80834,62.43869,0.004583,4.76832,8.72154,0.58984
77,edge_0,edge_1,14.80794,46.09652,0.0046,1.01621,2.13507,0.51494
77,edge_1,edge_2,11.6165,45.49745,0.003854,0.90475,1.74708,0.53713
77,edge_2,edge_3,14.87391,43.28388,0.002665,1.76841,2.57843,0.61912
77,edge_3,edge_4,14.76011,45.63089,0.004676,1.06311,2.19945,0.53219
77,edge_4,edge_0,16.48148,44.51364,0.003474,1.44862,2.64691,0.57357
78,access_0,edge_0,14.70357,44.47,0.003544,1.32144,2.36804,0.57519
78,access_0,edge_1,13.75579,45.23284,0.003745,1.16448,2.10657,0.54693
78,access_0,edge_2,13.71946,45.85213,0.003789,1.31576,2.0129,0.524
78,access_0,edge_3,13.15979,44.7501,0.002688,0.89263,2.08118,0.56481
78,access_0,edge_4,15.82515,43.03371,0.006302,1.56723,2.78438,0.62838
78,access_1,edge_0,13.35801,43.85827,0.006209,1.27585,2.23607,0.59784
78,access_1,edge_1,14.47786,45.1812,0.000583,1.00962,2.22491,0.54884
78,access_1,edge_2,13.70638,46.80151,0.00342,0.7977,1.87604,0.48883
78,access_1,edge_3,13.72857,44.02613,0.00792,0.90309,2.27421,0.59162
78,access_1,edge_4,11.85497,45.67914,0.004144,1.15035,1.76061,0.5304
78,edge_0,cloud_0,50.14909,64.16153,0.004266,4.18765,7.64989,0.5448
78,edge_1,cloud_0,46.38258,66.39648,0.003009,3.30279,6.3165,0.48637
78,edge_2,cloud_0,48.44298,65.65187,0.006029,3.81053,6.86114,0.50583
78,edge_3,cloud_0,48.29878,64.15586,0.003308,4.21378,7.36965,0.54494
78,edge_4,cloud_0,50.87464,63.97113,0.004312,4.48823,7.83148,0.54977
78,edge_0,edge_1,13.86694,45.20361,0.003215,1.29711,2.1278,0.54801
78,edge_1,edge_2,15.295,44.95656,0.005922,1.28299,2.38611,0.55716
78,edge_2,edge_3,14.7767,44.58733,0.005025,1.20345,2.36184,0.57084
78,edge_3,edge_4,11.37362,45.26639,0.004304,0.83012,1.73781,0.54569
78,edge_4,edge_0,14.25645,45.17599,0.005095,0.95206,2.19165,0.54904
79,access_0,edge_0,15.85361,45.43871,0.001511,1.23838,2.39399,0.53931
79,access_0,edge_1,12.52703,44.38716,0.005284,0.90349,2.02826,0.57825
79,access_0,edge_2,13.83393,44.68629,0.008543,1.22135,2.19695,0.56717
79,access_0,edge_3,16.29638,45.70994,0.00475,1.55846,2.41501,0.52926
79,access_0,edge_4,12.49262,44.42423,0.004373,1.07765,2.01789,0.57688
79,access_1,edge_0,13.70424,46.02632,0.002857,1.20905,1.98591,0.51754
79,access_1,edge_1,11.55069,45.97962,0.004706,0.95145,1.67943,0.51927
79,access_1,edge_2,15.06733,44.33266,0.00787,1.50674,2.44808,0.58027
79,access_1,edge_3,14.57261,43.44699,0.004356,1.23162,2.50155,0.61307
79,access_1,edge_4,12.20406,45.76311,0.008779,0.78174,1.80183,0.52729
79,edge_0,cloud_0,49.66353,66.64502,0.005053,3.62096,6.67295,0.47987
79,edge_1,cloud_0,47.34021,65.63369,0.002391,3.81969,6.71125,0.50631
79,edge_2,cloud_0,49.30487,63.973,0.004803,3.73793,7.58916,0.54973
79,edge_3,cloud_0,49.84792,65.39886,0.003707,4.27917,7.15245,0.51245
79,edge_4,cloud_0,51.17391,64.22632,0.003508,4.18947,7.78195,0.5431
79,edge_0,edge_1,12.7688,45.8261,0.005005,1.17794,1.87687,0.52496
79,edge_1,edge_2,14.71377,44.45157,0.004789,1.60814,2.37249,0.57587
79,edge_2,edge_3,13.97423,45.18851,0.008373,1.23392,2.14645,0.54857
79,edge_3,edge_4,11.86192,47.4369,0.001061,0.69063,1.54542,0.4653
79,edge_4,edge_0,13.38258,44.35577,0.005897,1.13605,2.17114,0.57942
80,access_0,edge_0,13.74336,43.56249,0.005063,1.20739,2.34274,0.6088
80,access_0,edge_1,14.55322,45.66352,0.006954,1.16412,2.16369,0.53098
80,access_0,edge_2,13.81107,44.82641,0.003346,1.50738,2.17325,0.56198
80,access_0,edge_3,15.38638,44.7245,0.006998,1.52588,2.4374,0.56576
80,access_0,edge_4,15.68221,44.87422,0.001042,1.48023,2.45991,0.56021
80,access_1,edge_0,12.31167,44.80687,0.001745,1.32262,1.93981,0.56271
80,access_1,edge_1,15.65569,45.44368,0.003712,1.27522,2.3633,0.53912
80,access_1,edge_2,14.44025,43.1873,0.004308,1.30589,2.51771,0.62269
80,access_1,edge_3,13.11656,45.52542,0.004796,1.46427,1.96888,0.5361
80,access_1,edge_4,13.26853,44.89614,0.00647,0.76611,2.07828,0.5594
80,edge_0,cloud_0,49.84237,65.22851,0.007344,4.13145,7.21381,0.5169
80,edge_1,cloud_0,48.31602,65.22641,0.003225,4.12129,6.99364,0.51696
80,edge_2,cloud_0,48.98741,65.61652,0.001732,3.985,6.95093,0.50676
80,edge_3,cloud_0,52.23004,62.42717,0.001128,4.45791,8.63044,0.59014
80,edge_4,cloud_0,52.51383,63.19217,0.002786,4.62247,8.38326,0.57014
80,edge_0,edge_1,12.50081,44.38601,0.004797,0.681,2.02417,0.5783
80,edge_1,edge_2,14.98128,45.26503,0.001539,1.63981,2.28925,0.54574
80,edge_2,edge_3,13.5307,44.24903,0.003605,0.95024,2.21015,0.58337
80,edge_3,edge_4,13.35174,44.26332,0.003324,0.82703,2.17894,0.58284
80,edge_4,edge_0,11.7333,45.935,0.002089,0.78714,1.71141,0.52093
81,access_0,edge_0,14.22434,44.74798,0.006287,1.01061,2.24985,0.56489
81,access_0,edge_1,12.02209,45.02775,0.004361,1.08485,1.86664,0.55453
81,access_0,edge_2,13.46472,44.01085,0.0,1.29223,2.23263,0.59219
81,access_0,edge_3,12.99915,44.92421,0.002318,1.02069,2.03231,0.55836
81,access_0,edge_4,13.90234,44.07532,0.004123,1.54406,2.2959,0.5898
81,access_1,edge_0,14.9758,43.49271,0.005274,1.19221,2.56366,0.61138
81,access_1,edge_1,16.32062,44.60111,0.00308,1.65935,2.60628,0.57033
81,access_1,edge_2,13.77582,44.92102,0.006487,1.40319,2.15419,0.55848
81,access_1,edge_3,14.82937,44.49484,0.003431,0.90609,2.38448,0.57427
81,access_1,edge_4,11.97334,44.31704,0.006902,1.13216,1.94732,0.58085
81,edge_0,cloud_0,51.69131,63.43119,0.005853,4.5112,8.1615,0.56389
81,edge_1,cloud_0,53.32985,61.43932,0.004143,4.8665,9.19782,0.61597
81,edge_2,cloud_0,52.45931,62.70736,0.003216,4.51747,8.56073,0.58281
81,edge_3,cloud_0,50.24749,64.34678,0.004758,4.1099,7.59677,0.53995
81,edge_4,cloud_0,49.44034,66.23584,0.00474,3.93171,6.79105,0.49057
81,edge_0,edge_1,13.96959,44.05436,0.005095,1.50046,2.31004,0.59058
81,edge_1,edge_2,10.1219,43.90467,0.001326,0.82394,1.68949,0.59612
81,edge_2,edge_3,14.46459,43.91098,0.002677,1.02869,2.4134,0.59589
81,edge_3,edge_4,14.67986,44.21363,0.004876,1.27074,2.40325,0.58468
81,edge_4,edge_0,13.02272,43.13887,0.006957,1.2023,2.2771,0.62449
82,access_0,edge_0,12.50311,44.50409,0.00417,1.26817,2.00923,0.57392
82,access_0,edge_1,14.55524,44.3644,0.006326,1.17722,2.36009,0.5791
82,access_0,edge_2,13.34099,44.64295,0.004348,1.32379,2.12466,0.56878
82,access_0,edge_3,12.04884,46.10255,0.0,1.19974,1.7365,0.51472
82,access_0,edge_4,11.83365,45.11124,0.004052,0.79189,1.82714,0.55144
82,access_1,edge_0,14.69598,44.10689,0.005164,1.37932,2.42215,0.58863
82,access_1,edge_1,13.53879,44.54507,0.001509,0.86606,2.16991,0.5724
82,access_1,edge_2,13.12632,45.39845,0.00169,1.01778,1.98763,0.5408
82,access_1,edge_3,14.03321,46.46307,0.004889,1.23086,1.97002,0.50137
82,access_1,edge_4,13.09167,44.0732,0.003881,1.37711,2.16231,0.58988
82,edge_0,cloud_0,52.62571,60.74293,0.00532,4.97661,9.34465,0.63417
82,edge_1,cloud_0,50.82592,62.86684,0.00436,4.32463,8.23484,0.57864
82,edge_2,cloud_0,52.65136,61.76206,0.001772,4.38154,8.9564,0.60753
82,edge_3,cloud_0,50.02086,63.40376,0.00113,4.06989,7.9078,0.56461
82,edge_4,cloud_0,53.93037,62.16712,0.003723,4.5963,9.01407,0.59694
82,edge_0,edge_1,13.35046,45.10553,0.003937,1.00936,2.06213,0.55165
82,edge_1,edge_2,13.0079,44.6729,0.001527,1.39354,2.06758,0.56767
82,edge_2,edge_3,13.48965,44.36325,0.003078,1.17774,2.18747,0.57914
82,edge_3,edge_4,11.68394,45.42984,0.00482,1.10801,1.76542,0.53964
82,edge_4,edge_0,15.48744,44.67019,0.00154,1.30733,2.46213,0.56777
83,access_0,edge_0,15.13707,43.87606,0.0023,1.39929,2.53109,0.59718
83,access_0,edge_1,14.18347,44.4243,0.001894,1.2047,2.291,0.57688
83,access_0,edge_2,15.13119,44.20153,0.005533,1.08707,2.47903,0.58513
83,access_0,edge_3,11.74669,45.9517,0.001866,1.03229,1.71133,0.52031
83,access_0,edge_4,14.74261,44.01949,0.00674,1.49169,2.4432,0.59187
83,access_1,edge_0,13.20217,46.85281,0.0,0.84678,1.8,0.48693
83,access_1,edge_1,13.95572,44.88192,0.001522,1.31934,2.18798,0.55993
83,access_1,edge_2,14.83196,43.94622,0.005999,1.30376,2.46928,0.59458
83,access_1,edge_3,12.94805,45.09586,0.004258,1.13256,2.00127,0.55201
83,access_1,edge_4,14.58758,43.10156,0.001458,1.23346,2.55637,0.62587
83,edge_0,cloud_0,50.7852,61.28529,0.00417,4.71775,8.8162,0.61999
83,edge_1,cloud_0,53.21695,61.13845,0.003418,4.63657,9.29555,0.62383
83,edge_2,cloud_0,52.93401,63.63729,0.003039,4.43416,8.27785,0.5585
83,edge_3,cloud_0,49.74201,62.79358,0.005576,4.08855,8.0859,0.58056
83,edge_4,cloud_0,51.60361,61.98646,0.003446,4.38058,8.69341,0.60166
83,edge_0,edge_1,14.05612,45.45587,0.003448,1.02888,2.12006,0.53867
83,edge_1,edge_2,15.75132,45.834,0.001832,0.93311,2.31397,0.52467
83,edge_2,edge_3,14.60935,45.35026,0.0,1.09284,2.2195,0.54258
83,edge_3,edge_4,13.39008,44.35139,0.005342,1.02162,2.17297,0.57958
83,edge_4,edge_0,13.12066,45.07764,0.006253,0.74428,2.03043,0.55268
84,access_0,edge_0,14.91701,45.05337,0.003176,1.21545,2.31217,0.55358
84,access_0,edge_1,11.30347,47.04238,0.004411,0.49583,1.51891,0.47991
84,access_0,edge_2,13.29767,44.56631,0.002869,1.30818,2.12833,0.57162
84,access_0,edge_3,12.75744,45.45035,0.007241,0.7263,1.92491,0.53888
84,access_0,edge_4,15.39502,43.71448,0.003076,1.36031,2.60002,0.60317
84,access_1,edge_0,13.88904,43.48874,0.00714,1.27123,2.37819,0.61153
84,access_1,edge_1,15.87403,44.40594,0.002456,1.47877,2.56709,0.57756
84,access_1,edge_2,15.7176,45.08215,0.003401,1.45702,2.43157,0.55251
84,access_1,edge_3,12.79735,45.67243,0.003397,1.2064,1.90146,0.53065
84,access_1,edge_4,11.88396,45.98188,0.006738,0.52019,1.72761,0.51919
84,edge_0,cloud_0,49.5329,64.76125,0.006818,4.46596,7.33845,0.52912
84,edge_1,cloud_0,50.41349,63.05506,0.007552,4.33294,8.09856,0.57372
84,edge_2,cloud_0,50.45945,65.5378,0.007631,4.30496,7.18888,0.50882
84,edge_3,cloud_0,51.41877,63.97948,0.007104,4.3399,7.9121,0.54956
84,edge_4,cloud_0,50.3927,64.71454,0.008202,4.2183,7.48306,0.53034
84,edge_0,edge_1,14.58181,44.354,0.004374,0.93728,2.36597,0.57948
84,edge_1,edge_2,13.48392,45.40252,0.005067,0.62883,2.04121,0.54065
84,edge_2,edge_3,12.99752,44.81731,0.005513,0.95291,2.04646,0.56232
84,edge_3,edge_4,13.36198,46.25126,0.003716,1.08518,1.90514,0.50921
84,edge_4,edge_0,12.31001,45.3023,0.005241,0.48162,1.8763,0.54436
85,access_0,edge_0,13.63014,45.68629,0.002633,1.06112,2.02324,0.53014
85,access_0,edge_1,13.74842,45.94802,0.004915,0.87675,2.00348,0.52044
85,access_0,edge_2,14.41994,45.39361,0.0,1.20812,2.18424,0.54098
85,access_0,edge_3,12.55801,46.73248,0.00463,1.28965,1.72785,0.49139
85,access_0,edge_4,15.14055,45.12672,0.003817,1.02905,2.3353,0.55086
85,access_1,edge_0,13.06583,44.16995,0.004135,1.08496,2.14493,0.5863
85,access_1,edge_1,14.54586,44.20447,0.004796,0.94043,2.38269,0.58502
85,access_1,edge_2,14.47554,46.26932,0.004602,1.14128,2.06121,0.50854
85,access_1,edge_3,12.26928,44.40497,0.006919,1.04948,1.98426,0.57759
85,access_1,edge_4,11.89094,45.17553,0.004628,1.09714,1.82806,0.54905
85,edge_0,cloud_0,52.16962,64.02952,0.005141,4.64727,8.00853,0.54825
85,edge_1,cloud_0,53.37564,61.90635,0.004667,4.50259,9.02324,0.60376
85,edge_2,cloud_0,51.82621,62.69636,0.00419,4.68407,8.46159,0.5831
85,edge_3,cloud_0,49.45817,63.8036,0.002285,3.88014,7.67409,0.55415
85,edge_4,cloud_0,52.18137,63.24997,0.005233,4.49189,8.30811,0.56863
85,edge_0,edge_1,13.18619,46.55134,0.003128,0.95388,1.83905,0.4981
85,edge_1,edge_2,14.55865,45.94387,0.005218,1.33516,2.12218,0.5206
85,edge_2,edge_3,12.31644,46.24754,0.004732,1.18754,1.75655,0.50935
85,edge_3,edge_4,12.05904,44.70094,0.005535,1.02431,1.91325,0.56663
85,edge_4,edge_0,12.71599,44.61182,0.006361,0.87576,2.02923,0.56993
86,access_0,edge_0,14.47906,46.22859,0.004163,1.13904,2.06782,0.51005
86,access_0,edge_1,13.96653,45.03339,0.00719,1.1937,2.16773,0.55432
86,access_0,edge_2,12.21106,44.04729,0.002403,1.28327,2.02014,0.59084
86,access_0,edge_3,14.52717,45.43538,0.005841,1.22402,2.19419,0.53943
86,access_0,edge_4,12.87695,45.39571,0.007382,0.97191,1.95024,0.5409
86,access_1,edge_0,13.02937,44.44664,0.00322,1.10545,2.10156,0.57605
86,access_1,edge_1,14.33424,44.20456,0.007711,1.18911,2.34801,0.58502
86,access_1,edge_2,13.05692,44.61127,0.005611,1.13372,2.08371,0.56995
86,access_1,edge_3,14.61987,43.74627,0.004191,1.1063,2.46428,0.60199
86,access_1,edge_4,11.72374,41.83588,0.006613,1.14994,2.20839,0.67275
86,edge_0,cloud_0,55.6514,60.97967,0.003725,5.07718,9.78547,0.62798
86,edge_1,cloud_0,47.51036,65.76816,0.00147,3.92173,6.68861,0.50279
86,edge_2,cloud_0,50.87965,65.09201,0.003021,4.03007,7.41478,0.52047
86,edge_3,cloud_0,50.28862,64.49395,0.000677,3.93925,7.54881,0.53611
86,edge_4,cloud_0,51.96882,63.82586,0.004459,3.98671,8.05518,0.55357
86,edge_0,edge_1,11.13581,44.84069,0.002514,0.74965,1.75063,0.56146
86,edge_1,edge_2,13.89112,43.79717,0.003539,1.34615,2.33412,0.6001
86,edge_2,edge_3,12.4689,44.12692,0.004432,1.03053,2.0525,0.58789
86,edge_3,edge_4,11.59903,43.2135,0.002305,1.33445,2.01919,0.62172
86,edge_4,edge_0,12.46091,44.11923,0.002915,1.19857,2.05218,0.58818
87,access_0,edge_0,11.52624,45.60287,0.002881,0.76523,1.72091,0.53323
87,access_0,edge_1,15.16055,45.83412,0.004414,1.35938,2.22717,0.52466
87,access_0,edge_2,12.30533,45.59572,0.001386,1.0012,1.83814,0.53349
87,access_0,edge_3,14.66754,45.22496,0.003325,1.05623,2.2474,0.54722
87,access_0,edge_4,13.43692,45.0295,0.003439,0.9614,2.08608,0.55446
87,access_1,edge_0,12.4164,46.32196,0.0,1.09723,1.76122,0.50659
87,access_1,edge_1,12.43126,44.55513,0.004188,0.98632,1.9911,0.57203
87,access_1,edge_2,14.05776,42.70261,0.005106,1.22478,2.52169,0.64064
87,access_1,edge_3,13.20918,44.93994,0.002654,1.0293,2.06299,0.55778
87,access_1,edge_4,14.5164,45.017,0.005015,1.12608,2.25555,0.55493
87,edge_0,cloud_0,50.55939,63.83884,0.002875,4.20169,7.83192,0.55323
87,edge_1,cloud_0,48.68147,64.59948,0.006595,4.01749,7.26995,0.53335
87,edge_2,cloud_0,49.78667,63.80237,0.002114,4.17589,7.72551,0.55419
87,edge_3,cloud_0,52.12517,63.01896,0.006413,4.45067,8.3873,0.57467
87,edge_4,cloud_0,53.99111,60.4825,0.005526,5.40967,9.69003,0.64098
87,edge_0,edge_1,14.52559,44.33101,0.007789,1.16127,2.36031,0.58033
87,edge_1,edge_2,11.21717,44.225,0.003802,0.49485,1.83505,0.58426
87,edge_2,edge_3,16.24253,45.05495,0.001715,1.23784,2.51736,0.55352
87,edge_3,edge_4,14.34083,45.56568,0.001301,1.10279,2.14667,0.5346
87,edge_4,edge_0,14.74523,45.19616,0.002622,1.18407,2.26371,0.54829
88,access_0,edge_0,12.88499,46.24118,0.002323,1.09897,1.83848,0.50959
88,access_0,edge_1,12.0883,46.18666,0.002577,0.70713,1.73164,0.51161
88,access_0,edge_2,11.5155,46.62215,0.002133,0.72279,1.59758,0.49548
88,access_0,edge_3,13.78237,44.09641,0.006241,1.31843,2.27307,0.58902
88,access_0,edge_4,13.0298,45.39485,0.003324,1.23578,1.9735,0.54093
88,access_1,edge_0,11.93447,45.91667,0.00389,0.91012,1.74302,0.5216
88,access_1,edge_1,11.79616,46.23782,0.002475,0.93052,1.68354,0.50971
88,access_1,edge_2,12.61963,44.8976,0.003224,1.08946,1.97646,0.55935
88,access_1,edge_3,15.79021,45.55472,0.002945,1.38893,2.36542,0.53501
88,access_1,edge_4,12.50199,44.4594,0.006418,0.82354,2.01484,0.57558
88,edge_0,cloud_0,52.71109,62.03359,0.006747,4.5038,8.8618,0.60043
88,edge_1,cloud_0,49.56504,63.45065,0.00514,4.20672,7.81873,0.56338
88,edge_2,cloud_0,51.30206,63.42901,0.00408,4.53763,8.10087,0.56395
88,edge_3,cloud_0,51.28219,64.79222,0.004317,4.39379,7.58598,0.52831
88,edge_4,cloud_0,50.62188,64.19534,0.004743,4.35578,7.70949,0.54391
88,edge_0,edge_1,12.80443,44.68385,0.004607,0.94261,2.03378,0.56726
88,edge_1,edge_2,14.34608,44.97852,0.003553,1.01719,2.23481,0.55635
88,edge_2,edge_3,12.69575,44.31609,0.005043,0.74294,2.06494,0.58089
88,edge_3,edge_4,11.27452,44.95202,0.00291,0.9003,1.75942,0.55733
88,edge_4,edge_0,12.18443,45.68786,0.002379,1.00559,1.80844,0.53008
89,access_0,edge_0,13.78102,45.96936,0.003638,1.01385,2.00518,0.51965
89,access_0,edge_1,13.04258,44.30335,0.00361,1.2026,2.12307,0.58136
89,access_0,edge_2,13.00019,44.59992,0.006599,0.96447,2.07619,0.57037
89,access_0,edge_3,13.7878,46.28438,0.001916,1.05376,1.96112,0.50799
89,access_0,edge_4,13.47128,44.01992,0.00174,0.92864,2.23245,0.59185
89,access_1,edge_0,12.23572,45.87522,0.002284,0.98132,1.79228,0.52314
89,access_1,edge_1,14.54295,42.93896,0.001728,1.61394,2.57308,0.63189
89,access_1,edge_2,11.28036,45.22389,0.004695,0.78764,1.72853,0.54726
89,access_1,edge_3,12.38913,44.75613,0.004066,0.99069,1.95853,0.56459
89,access_1,edge_4,12.17809,46.81796,0.007,1.00097,1.66478,0.48822
89,edge_0,cloud_0,51.60941,61.92248,0.004154,4.79922,8.71856,0.60333
89,edge_1,cloud_0,51.53923,63.12278,0.002082,4.48667,8.25385,0.57195
89,edge_2,cloud_0,52.73579,63.12597,0.005341,4.41629,8.44425,0.57187
89,edge_3,cloud_0,47.33787,63.27354,0.005838,3.84022,7.52877,0.56801
89,edge_4,cloud_0,48.24679,65.63222,0.000798,3.73668,6.8403,0.50635
89,edge_0,edge_1,13.94065,44.68725,0.005762,1.18971,2.21376,0.56714
89,edge_1,edge_2,10.97821,45.92786,0.003693,0.99369,1.60209,0.52119
89,edge_2,edge_3,14.54225,44.05613,0.004891,1.1157,2.40447,0.59051
89,edge_3,edge_4,13.06436,43.50863,0.001321,1.16376,2.23429,0.61079
89,edge_4,edge_0,14.6925,45.40671,0.003214,1.0855,2.22353,0.54049
90,access_0,edge_0,14.17939,44.77085,0.005632,1.48668,2.23938,0.56404
90,access_0,edge_1,11.90247,44.9755,0.006443,1.08571,1.85452,0.55646
90,access_0,edge_2,12.49616,46.89879,0.004574,0.49399,1.69778,0.48523
90,access_0,edge_3,14.92522,44.04045,0.005651,0.97975,2.47022,0.59109
90,access_0,edge_4,13.01307,43.3304,0.006424,0.87627,2.24957,0.61739
90,access_1,edge_0,14.74639,45.19291,0.003968,1.30525,2.26438,0.54841
90,access_1,edge_1,14.21421,44.97687,0.005933,1.34572,2.21451,0.55641
90,access_1,edge_2,12.36107,44.05636,0.003211,0.94119,2.0438,0.59051
90,access_1,edge_3,14.11378,45.09254,0.002406,1.02917,2.18193,0.55213
90,access_1,edge_4,13.32078,44.95784,0.003568,1.06435,2.07794,0.55712
90,edge_0,cloud_0,52.14381,64.54616,0.001909,3.92537,7.80736,0.53474
90,edge_1,cloud_0,51.0243,63.57243,0.003418,4.66236,8.00344,0.5602
90,edge_2,cloud_0,50.99582,62.74566,0.004731,4.66213,8.30761,0.58181
90,edge_3,cloud_0,52.45441,64.29521,0.001251,4.40307,7.95023,0.5413
90,edge_4,cloud_0,49.99424,64.52774,0.006695,4.20647,7.49225,0.53522
90,edge_0,edge_1,14.42538,42.96546,0.00703,0.55176,2.54831,0.63091
90,edge_1,edge_2,13.31147,44.54855,0.00534,1.11403,2.13299,0.57228
90,edge_2,edge_3,13.68641,45.41284,0.006478,0.97662,2.0704,0.54027
90,edge_3,edge_4,12.47552,45.08191,0.001256,1.14523,1.93004,0.55252
90,edge_4,edge_0,12.17554,46.10977,0.0,1.33219,1.75385,0.51445
91,access_0,edge_0,13.20735,44.41904,0.004662,1.22101,2.13405,0.57707
91,access_0,edge_1,12.55366,46.47947,0.003592,0.90237,1.76019,0.50076
91,access_0,edge_2,13.29531,42.95695,0.002155,1.23768,2.34985,0.63122
91,access_0,edge_3,12.76137,45.51486,0.0015,0.9384,1.91696,0.53649
91,access_0,edge_4,13.64175,45.84879,0.001855,1.26906,2.00197,0.52412
91,access_1,edge_0,13.52135,43.09018,0.004907,0.88029,2.37112,0.62629
91,access_1,edge_1,13.33056,44.50647,0.006289,0.98663,2.14187,0.57383
91,access_1,edge_2,13.40155,44.49395,0.008206,0.87141,2.15502,0.5743
91,access_1,edge_3,12.62146,43.80349,0.008029,1.57277,2.11995,0.59987
91,access_1,edge_4,13.18267,44.72852,0.001504,1.15373,2.08775,0.56561
91,edge_0,cloud_0,49.09572,62.72376,0.003374,4.41706,8.00594,0.58239
91,edge_1,cloud_0,47.12603,66.78208,5e-06,3.60739,6.28472,0.47629
91,edge_2,cloud_0,50.44123,64.00046,0.003346,4.15443,7.75393,0.54901
91,edge_3,cloud_0,51.93187,61.51309,0.006354,4.58806,8.92866,0.61404
91,edge_4,cloud_0,51.08234,63.78049,0.001006,4.11125,7.93474,0.55476
91,edge_0,edge_1,12.30844,44.58537,0.003317,1.05804,1.96757,0.57091
91,edge_1,edge_2,11.695,45.83978,0.004962,1.1095,1.71737,0.52445
91,edge_2,edge_3,12.44903,45.60645,0.0058,0.99907,1.85822,0.53309
91,edge_3,edge_4,14.2401,44.05423,0.003584,1.64954,2.35479,0.59058
91,edge_4,edge_0,14.43354,45.02621,0.003704,1.28845,2.24129,0.55458
92,access_0,edge_0,13.03578,45.27227,0.006862,1.23459,1.99098,0.54547
92,access_0,edge_1,14.18766,44.93045,0.003083,1.16282,2.2172,0.55813
92,access_0,edge_2,13.78982,45.6186,0.00147,1.22718,2.05662,0.53264
92,access_0,edge_3,11.63755,44.84958,0.004756,0.69457,1.82844,0.56113
92,access_0,edge_4,13.63259,43.72261,0.005116,1.3846,2.30122,0.60287
92,access_1,edge_0,12.58799,45.24677,0.003473,1.14988,1.92592,0.54642
92,access_1,edge_1,16.14085,44.96898,0.001713,1.08838,2.51599,0.5567
92,access_1,edge_2,14.97057,44.1994,0.004478,1.41416,2.45305,0.58521
92,access_1,edge_3,14.62149,44.2337,0.003992,1.26594,2.39065,0.58394
92,access_1,edge_4,14.90448,44.67665,0.003922,1.22952,2.36845,0.56753
92,edge_0,cloud_0,52.42786,63.44235,0.004258,4.47286,8.27352,0.5636
92,edge_1,cloud_0,52.73223,62.18289,0.005161,4.47252,8.80772,0.59653
92,edge_2,cloud_0,52.87741,61.3817,0.001031,4.50373,9.14209,0.61747
92,edge_3,cloud_0,51.0598,63.01804,0.005326,4.53767,8.21622,0.57469
92,edge_4,cloud_0,48.74967,65.46577,0.001827,3.8763,6.97099,0.5107
92,edge_0,edge_1,13.59986,43.52615,0.004049,1.1858,2.3234,0.61014
92,edge_1,edge_2,12.32041,44.72625,0.002545,0.77442,1.95149,0.56569
92,edge_2,edge_3,11.96895,45.79195,0.00529,0.942,1.76354,0.52622
92,edge_3,edge_4,13.35653,44.78231,0.001997,1.16532,2.10783,0.56362
92,edge_4,edge_0,14.22676,45.44105,0.003003,1.13671,2.14798,0.53922
93,access_0,edge_0,11.93486,45.03329,0.004978,0.97361,1.85241,0.55432
93,access_0,edge_1,13.89146,44.42776,0.005238,1.20681,2.24333,0.57675
93,access_0,edge_2,13.82382,44.88387,0.008979,1.14283,2.16702,0.55986
93,access_0,edge_3,14.19708,44.52876,0.005106,1.25971,2.27782,0.57301
93,access_0,edge_4,14.41202,44.31459,0.003395,1.22842,2.34431,0.58094
93,access_1,edge_0,15.18516,45.45344,0.005551,1.26833,2.29073,0.53876
93,access_1,edge_1,13.43304,45.69252,0.002277,0.90316,1.99311,0.52991
93,access_1,edge_2,14.37093,45.35147,0.005356,1.1498,2.1831,0.54254
93,access_1,edge_3,11.78693,44.83906,0.002881,0.77785,1.85319,0.56152
93,access_1,edge_4,12.6686,45.19075,0.004159,1.1801,1.94561,0.54849
93,edge_0,cloud_0,48.62147,64.82949,0.00331,3.86256,7.17913,0.52733
93,edge_1,cloud_0,47.59697,64.46872,0.003532,3.89124,7.15356,0.53677
93,edge_2,cloud_0,49.14937,65.8757,0.004535,3.62035,6.88066,0.49998
93,edge_3,cloud_0,52.93452,62.48037,0.002717,4.76151,8.72623,0.58875
93,edge_4,cloud_0,53.50744,61.13704,0.0,4.2262,9.34685,0.62387
93,edge_0,edge_1,14.0922,45.0771,0.00307,0.92084,2.18085,0.5527
93,edge_1,edge_2,13.39933,43.14975,0.007363,1.28163,2.34144,0.62408
93,edge_2,edge_3,13.45575,45.59349,0.006249,1.27032,2.0103,0.53357
93,edge_3,edge_4,12.30491,46.5784,0.0,1.28502,1.71268,0.4971
93,edge_4,edge_0,12.86054,44.45625,0.001935,1.30658,2.07305,0.57569
94,access_0,edge_0,11.59758,44.85355,0.006276,0.93583,1.82168,0.56098
94,access_0,edge_1,13.62932,45.82691,0.005934,1.09959,2.00324,0.52493
94,access_0,edge_2,14.22663,46.48388,0.004173,1.05339,1.99411,0.5006
94,access_0,edge_3,11.04422,45.87759,0.006427,0.4491,1.61748,0.52305
94,access_0,edge_4,13.38286,45.39643,0.008324,1.09688,2.02676,0.54087
94,access_1,edge_0,13.34285,45.38339,0.003465,1.21897,2.02251,0.54136
94,access_1,edge_1,14.97218,44.69509,0.004206,1.29149,2.37635,0.56685
94,access_1,edge_2,14.3734,43.99963,0.004092,1.17588,2.38497,0.59261
94,access_1,edge_3,14.35805,42.86351,0.001788,1.13709,2.55159,0.63468
94,access_1,edge_4,13.58166,45.57404,0.006759,1.28924,2.03185,0.53429
94,edge_0,cloud_0,49.25235,63.35617,0.006779,4.17213,7.80347,0.56585
94,edge_1,cloud_0,51.38872,62.66191,0.003163,4.27305,8.40312,0.584
94,edge_2,cloud_0,49.25428,64.30945,0.002748,3.99165,7.46006,0.54093
94,edge_3,cloud_0,52.98794,62.47548,0.001583,4.87517,8.73694,0.58888
94,edge_4,cloud_0,50.82308,63.29207,0.003583,4.54535,8.07618,0.56753
94,edge_0,edge_1,12.47406,46.02346,0.003593,0.50012,1.80801,0.51765
94,edge_1,edge_2,15.0894,44.96383,0.002663,1.78896,2.3529,0.5569
94,edge_2,edge_3,13.36029,45.02667,0.001939,1.24935,2.07457,0.55457
94,edge_3,edge_4,14.38572,47.28854,0.004637,1.11207,1.89636,0.47079
94,edge_4,edge_0,12.81185,43.84987,0.006947,0.97769,2.14577,0.59815
95,access_0,edge_0,15.01913,45.17314,0.005929,1.174,2.30934,0.54914
95,access_0,edge_1,14.17537,43.97934,0.002333,1.3705,2.3551,0.59336
95,access_0,edge_2,13.71583,45.75751,0.004356,1.05241,2.02583,0.5275
95,access_0,edge_3,12.39169,45.04199,0.0,1.12131,1.9222,0.554
95,access_0,edge_4,14.68599,43.73618,0.00355,1.39533,2.47697,0.60236
95,access_1,edge_0,14.24757,44.08647,0.004372,1.32341,2.35127,0.58939
95,access_1,edge_1,15.22544,45.13601,0.003749,1.41748,2.34693,0.55052
95,access_1,edge_2,14.52837,45.13632,0.002509,1.17785,2.23943,0.55051
95,access_1,edge_3,15.62257,43.92549,0.003281,1.42399,2.60426,0.59535
95,access_1,edge_4,13.18323,44.85896,0.0,1.26409,2.07001,0.56078
95,edge_0,cloud_0,47.76619,64.31263,0.005487,4.18242,7.23357,0.54085
95,edge_1,cloud_0,49.05776,63.89303,0.003745,3.99443,7.57984,0.55182
95,edge_2,cloud_0,55.03154,61.32628,0.006,4.79336,9.53685,0.61892
95,edge_3,cloud_0,50.33763,64.5905,0.004919,4.49944,7.52058,0.53358
95,edge_4,cloud_0,53.24296,63.63909,0.003597,4.36728,8.32547,0.55846
95,edge_0,edge_1,16.03755,45.51794,0.005543,1.28606,2.40859,0.53637
95,edge_1,edge_2,13.83211,45.17555,0.00533,1.02058,2.12648,0.54905
95,edge_2,edge_3,12.08365,44.21047,0.007166,1.13416,1.97862,0.5848
95,edge_3,edge_4,13.7191,44.66709,0.004017,1.30267,2.18145,0.56789
95,edge_4,edge_0,13.31177,45.85349,0.003646,0.92192,1.9529,0.52394
96,access_0,edge_0,12.13847,44.28413,0.003547,1.32158,1.97832,0.58207
96,access_0,edge_1,12.73371,45.43461,0.002858,1.07672,1.92341,0.53946
96,access_0,edge_2,13.36871,45.50404,0.002823,1.05405,2.0097,0.53689
96,access_0,edge_3,11.90189,42.43189,0.005512,1.08525,2.16838,0.65067
96,access_0,edge_4,11.98762,45.40053,6.6e-05,0.90036,1.81495,0.54072
96,access_1,edge_0,13.90373,44.9709,0.003482,1.16776,2.167,0.55663
96,access_1,edge_1,14.38117,44.75361,0.003184,1.30719,2.27382,0.56468
96,access_1,edge_2,13.59306,45.03425,0.004699,1.17359,2.10965,0.55429
96,access_1,edge_3,14.92361,44.00352,0.0028,1.19542,2.47567,0.59246
96,access_1,edge_4,14.35775,44.53659,0.00042,1.1785,2.30243,0.57272
96,edge_0,cloud_0,51.91387,63.7176,0.003305,4.17417,8.0878,0.5564
96,edge_1,cloud_0,49.86112,63.05462,0.005932,4.34683,8.00999,0.57374
96,edge_2,cloud_0,53.25812,61.65108,0.006069,4.58822,9.10289,0.61043
96,edge_3,cloud_0,51.11409,62.94567,0.005168,4.32797,8.25204,0.57658
96,edge_4,cloud_0,51.30118,63.16169,0.004807,4.42229,8.20112,0.57094
96,edge_0,edge_1,13.64497,46.22178,0.00088,1.27483,1.94967,0.5103
96,edge_1,edge_2,13.02904,44.22857,0.006318,1.00712,2.13097,0.58413
96,edge_2,edge_3,13.30854,45.86942,0.007183,1.00333,1.95022,0.52335
96,edge_3,edge_4,13.41681,44.47153,0.00363,1.06064,2.16059,0.57513
96,edge_4,edge_0,12.10874,45.10628,0.003674,1.17362,1.87024,0.55162
97,access_0,edge_0,12.45496,45.48159,0.004965,1.25393,1.87523,0.53772
97,access_0,edge_1,11.66029,45.63827,0.003164,0.71038,1.73664,0.53192
97,access_0,edge_2,14.96455,46.26923,0.004436,1.29607,2.13085,0.50855
97,access_0,edge_3,12.5898,44.21504,0.001334,1.21708,2.0609,0.58463
97,access_0,edge_4,13.99537,44.93231,0.004366,0.82496,2.18688,0.55806
97,access_1,edge_0,13.59523,43.55918,0.004557,1.04328,2.31795,0.60892
97,access_1,edge_1,12.40972,43.53357,0.004229,0.87772,2.11912,0.60987
97,access_1,edge_2,14.2666,44.77574,0.00255,1.09722,2.25243,0.56386
97,access_1,edge_3,13.60168,44.95211,0.004709,1.40159,2.12257,0.55733
97,access_1,edge_4,11.22735,46.07314,0.006043,0.88475,1.62153,0.51581
97,edge_0,cloud_0,51.29533,62.77892,0.004609,4.67338,8.34391,0.58094
97,edge_1,cloud_0,50.50505,63.72908,0.003885,4.49385,7.86408,0.5561
97,edge_2,cloud_0,50.06716,65.15761,0.006521,4.26274,7.27233,0.51876
97,edge_3,cloud_0,54.85492,61.28406,0.004019,5.00288,9.52319,0.62002
97,edge_4,cloud_0,52.30872,62.52043,0.006511,4.45253,8.60773,0.5877
97,edge_0,edge_1,13.42497,44.3242,0.005512,1.14575,2.18241,0.58059
97,edge_1,edge_2,15.46495,45.30103,0.005208,1.28161,2.35738,0.54441
97,edge_2,edge_3,13.69797,45.66934,0.002159,1.1915,2.03571,0.53077
97,edge_3,edge_4,15.13652,42.99029,0.001385,1.69716,2.67004,0.62999
97,edge_4,edge_0,13.05791,46.61855,0.002319,1.20999,1.81205,0.49561
98,access_0,edge_0,12.00325,45.45673,0.003387,0.93972,1.81032,0.53864
98,access_0,edge_1,13.89081,45.61159,0.006211,1.16324,2.07269,0.5329
98,access_0,edge_2,15.05481,44.69391,0.001385,1.05974,2.38965,0.56689
98,access_0,edge_3,14.0345,43.5768,0.00078,1.5539,2.39028,0.60827
98,access_0,edge_4,15.93724,45.07536,0.005258,1.84088,2.46667,0.55276
98,access_1,edge_0,12.44987,45.76917,0.001526,1.06001,1.83734,0.52707
98,access_1,edge_1,14.87867,44.12044,0.00402,1.22859,2.45017,0.58813
98,access_1,edge_2,15.52227,44.02912,0.005993,1.59555,2.57086,0.59151
98,access_1,edge_3,15.20041,44.48918,0.004096,1.33295,2.44503,0.57447
98,access_1,edge_4,10.65861,45.11069,0.004092,0.76036,1.64577,0.55146
98,edge_0,cloud_0,49.83827,65.88361,0.004523,4.26436,6.97422,0.49977
98,edge_1,cloud_0,55.04498,60.46198,0.003857,5.13716,9.88744,0.64152
98,edge_2,cloud_0,54.31409,61.92869,0.002803,5.14723,9.173,0.60317
98,edge_3,cloud_0,51.23542,63.52515,0.005138,4.30106,8.05428,0.56143
98,edge_4,cloud_0,49.7481,65.13252,0.002394,4.13027,7.23512,0.51941
98,edge_0,edge_1,14.28977,43.49889,0.005644,1.217,2.4453,0.61115
98,edge_1,edge_2,13.2099,45.14234,0.001068,1.21087,2.03537,0.55028
98,edge_2,edge_3,11.82199,45.9962,0.003479,0.98599,1.71684,0.51866
98,edge_3,edge_4,12.5319,44.96881,0.006042,1.13911,1.95346,0.55671
98,edge_4,edge_0,11.84514,46.06592,0.003489,1.05018,1.71164,0.51608
99,access_0,edge_0,12.72041,42.64233,0.002633,1.20088,2.28974,0.64288
99,access_0,edge_1,14.83501,44.47974,0.003275,1.35911,2.38771,0.57482
99,access_0,edge_2,12.09311,44.90597,0.002901,0.88964,1.89294,0.55904
99,access_0,edge_3,14.28853,44.53749,0.001577,1.11457,2.29119,0.57269
99,access_0,edge_4,14.81277,44.98762,0.0,1.1576,2.30611,0.55601
99,access_1,edge_0,11.83207,45.32583,0.006649,1.38735,1.80056,0.54349
99,access_1,edge_1,14.7431,45.25254,0.002475,1.10457,2.25476,0.5462
99,access_1,edge_2,13.1948,44.28917,0.000828,1.01508,2.14979,0.58188
99,access_1,edge_3,14.83106,44.69569,0.002844,1.41949,2.35386,0.56683
99,access_1,edge_4,12.68414,46.10295,0.006483,1.23567,1.82801,0.51471
99,edge_0,cloud_0,50.04475,62.56653,0.002628,4.47983,8.21829,0.5865
99,edge_1,cloud_0,53.20308,63.14237,0.002942,4.43456,8.51268,0.57144
99,edge_2,cloud_0,51.71593,63.78782,0.003186,4.63352,8.03038,0.55457
99,edge_3,cloud_0,48.70907,66.12154,0.004283,3.84075,6.73136,0.49355
99,edge_4,cloud_0,50.18151,64.41202,0.005257,3.986,7.56282,0.53825
99,edge_0,edge_1,10.97846,45.88483,0.002051,0.85901,1.60702,0.52278
99,edge_1,edge_2,15.5977,45.85178,0.004102,1.46488,2.28853,0.52401
99,edge_2,edge_3,14.21918,45.05399,0.003151,1.05605,2.20391,0.55356
99,edge_3,edge_4,13.81703,45.17608,0.005943,1.099,2.12409,0.54903
99,edge_4,edge_0,13.24298,44.41289,0.005428,1.39048,2.14065,0.5773
100,access_0,edge_0,13.02815,46.11344,0.00152,1.16892,1.87617,0.51432
100,access_0,edge_1,15.71694,44.39797,0.004473,1.31273,2.54298,0.57785
100,access_0,edge_2,13.52632,44.73725,0.006484,1.22784,2.14095,0.56529
100,access_0,edge_3,14.77275,45.24171,0.006361,1.39801,2.26095,0.5466
100,access_0,edge_4,12.54921,43.56192,0.000538,0.89442,2.13925,0.60882
100,access_1,edge_0,13.38634,45.69925,0.005188,1.22476,1.98525,0.52966
100,access_1,edge_1,15.21974,45.09319,0.003521,1.38955,2.35281,0.5521
100,access_1,edge_2,15.36134,44.83073,0.002507,1.19038,2.41651,0.56182
100,access_1,edge_3,14.11869,45.55819,0.00665,1.35376,2.11451,0.53488
100,access_1,edge_4,12.70665,46.55337,0.003609,1.06662,1.7719,0.49802
100,edge_0,cloud_0,53.73788,61.73289,0.003702,4.69705,9.15271,0.60829
100,edge_1,cloud_0,52.77126,62.6957,0.005043,4.70822,8.61614,0.58312
100,edge_2,cloud_0,49.96237,62.7199,0.005337,4.37239,8.14867,0.58249
100,edge_3,cloud_0,53.70333,62.04982,0.004297,4.75022,9.02223,0.6
100,edge_4,cloud_0,52.9613,64.81753,0.005171,4.51031,7.82455,0.52765
100,edge_0,edge_1,15.71753,43.58563,0.005161,1.50342,2.67549,0.60794
100,edge_1,edge_2,16.36586,44.24553,0.0087,1.67423,2.67385,0.5835
100,edge_2,edge_3,13.47569,44.83278,0.005428,1.06406,2.11959,0.56175
100,edge_3,edge_4,13.60006,45.09207,0.001547,1.06976,2.10258,0.55215
100,edge_4,edge_0,14.18168,43.9227,0.003213,1.38278,2.36448,0.59546
101,access_0,edge_0,14.72917,44.13939,0.000752,1.03928,2.42266,0.58743
101,access_0,edge_1,13.93295,45.04215,0.004559,1.30882,2.16126,0.55399
101,access_0,edge_2,14.50126,45.82592,0.008351,1.25102,2.13155,0.52497
101,access_0,edge_3,13.63596,44.57198,0.005569,1.01169,2.18168,0.57141
101,access_0,edge_4,14.49391,43.58969,0.002715,1.04287,2.46659,0.60779
101,access_1,edge_0,13.02962,45.48897,0.002465,1.00177,1.96076,0.53745
101,access_1,edge_1,15.2936,43.24656,0.00038,1.56516,2.6571,0.6205
101,access_1,edge_2,15.10817,46.10264,0.001753,1.30908,2.1774,0.51472
101,access_1,edge_3,12.01244,46.51194,0.002868,0.89491,1.68025,0.49956
101,access_1,edge_4,12.89955,45.93571,0.001607,1.29782,1.88142,0.5209
101,edge_0,cloud_0,48.49266,63.64032,0.003878,4.27381,7.58224,0.55842
101,edge_1,cloud_0,50.23743,64.42121,0.003159,4.07016,7.56787,0.53801
101,edge_2,cloud_0,52.48344,63.66558,0.00412,4.29468,8.19652,0.55776
101,edge_3,cloud_0,51.9659,64.22072,0.005248,4.20564,7.90452,0.54325
101,edge_4,cloud_0,49.85198,64.40442,0.004868,3.88197,7.51593,0.53845
101,edge_0,edge_1,10.65023,45.69417,0.002791,0.83691,1.58003,0.52985
101,edge_1,edge_2,13.99521,44.34332,0.00363,0.92611,2.27234,0.57988
101,edge_2,edge_3,11.79142,46.03666,0.000637,0.86294,1.70746,0.51716
101,edge_3,edge_4,15.20962,44.20904,0.002606,1.35245,2.4907,0.58485
101,edge_4,edge_0,15.27008,44.72678,0.003785,1.10461,2.41861,0.56567
102,access_0,edge_0,13.9868,43.90147,0.008864,1.35985,2.33506,0.59624
102,access_0,edge_1,15.8322,44.8025,0.00565,1.48952,2.49521,0.56287
102,access_0,edge_2,14.15032,45.43288,0.004229,1.5595,2.13764,0.53952
102,access_0,edge_3,14.1546,45.22261,0.003861,0.88436,2.16915,0.54731
102,access_0,edge_4,13.69361,47.0229,0.005488,0.96443,1.84285,0.48063
102,access_1,edge_0,13.91757,46.54175,0.006357,1.01027,1.94243,0.49845
102,access_1,edge_1,12.5582,45.27317,0.001953,1.04302,1.91792,0.54544
102,access_1,edge_2,12.4277,45.55856,0.002394,1.37591,1.86121,0.53487
102,access_1,edge_3,11.99357,44.8555,0.008303,0.92961,1.88364,0.56091
102,access_1,edge_4,14.15405,43.66232,0.005824,0.92493,2.39809,0.6051
102,edge_0,cloud_0,50.66691,63.5734,0.003492,4.06848,7.94702,0.56017
102,edge_1,cloud_0,51.31651,62.54535,0.004966,4.00076,8.43509,0.58705
102,edge_2,cloud_0,50.94838,63.18323,0.004245,4.55234,8.13669,0.57037
102,edge_3,cloud_0,51.28448,62.09163,0.000495,4.77822,8.60016,0.59891
102,edge_4,cloud_0,47.2145,65.94207,0.00025,3.87993,6.58685,0.49825
102,edge_0,edge_1,13.57395,43.69888,0.001228,1.15219,2.29466,0.60375
102,edge_1,edge_2,13.90862,43.33924,0.005636,1.32824,2.40311,0.61707
102,edge_2,edge_3,12.99931,44.27008,0.003357,1.12324,2.12051,0.58259
102,edge_3,edge_4,15.02962,44.79722,0.004012,1.40429,2.36955,0.56307
102,edge_4,edge_0,13.61398,45.28097,0.00097,1.04163,2.07806,0.54515
103,access_0,edge_0,14.73549,43.18663,0.00389,1.24148,2.56929,0.62272
103,access_0,edge_1,15.2471,44.35579,0.004109,1.26571,2.47363,0.57942
103,access_0,edge_2,14.31701,43.84187,0.005663,1.06065,2.39904,0.59845
103,access_0,edge_3,13.80527,44.02025,0.003031,1.12483,2.28775,0.59184
103,access_0,edge_4,15.30798,45.03116,0.003908,1.01773,2.37629,0.5544
103,access_1,edge_0,14.53704,44.53296,0.001814,1.27597,2.33173,0.57285
103,access_1,edge_1,13.0746,44.09459,0.005522,1.02163,2.15659,0.58909
103,access_1,edge_2,14.26676,45.18748,0.00651,1.35354,2.19154,0.54861
103,access_1,edge_3,10.39914,44.11627,0.002682,1.07094,1.71295,0.58829
103,access_1,edge_4,13.43377,44.19805,0.002476,0.95424,2.20142,0.58526
103,edge_0,cloud_0,51.12304,64.71341,0.005472,4.04367,7.59193,0.53037
103,edge_1,cloud_0,55.07376,62.57951,0.002771,4.62852,9.03892,0.58616
103,edge_2,cloud_0,51.69665,62.567,0.003983,4.39691,8.48939,0.58648
103,edge_3,cloud_0,51.973,62.76236,0.00275,4.43996,8.46044,0.58138
103,edge_4,cloud_0,51.14741,65.52007,0.003552,3.97449,7.29353,0.50928
103,edge_0,edge_1,16.24037,46.03017,0.004939,1.5134,2.35278,0.5174
103,edge_1,edge_2,12.34248,47.37193,0.008035,0.97597,1.61634,0.46771
103,edge_2,edge_3,12.72811,43.48534,0.004424,0.76891,2.17986,0.61165
103,edge_3,edge_4,14.55558,44.54665,0.005578,1.16504,2.33263,0.57235
103,edge_4,edge_0,13.29993,44.63132,0.004944,0.91174,2.11973,0.56921
104,access_0,edge_0,11.11676,46.78073,0.007401,1.1832,1.52398,0.4896
104,access_0,edge_1,12.84894,45.94346,0.007218,0.96232,1.87301,0.52061
104,access_0,edge_2,13.22526,43.92863,0.009274,1.4396,2.2042,0.59524
104,access_0,edge_3,14.92656,44.32877,0.004858,1.3378,2.42581,0.58042
104,access_0,edge_4,15.59223,44.05619,0.0,0.99674,2.57807,0.59051
104,access_1,edge_0,12.687,44.77805,0.001353,1.13701,2.00273,0.56378
104,access_1,edge_1,13.08792,45.19662,0.001293,1.2324,2.00921,0.54827
104,access_1,edge_2,14.14741,45.72078,0.002215,1.15613,2.09496,0.52886
104,access_1,edge_3,14.23874,44.52823,0.004202,1.47747,2.28458,0.57303
104,access_1,edge_4,15.11581,45.89874,0.005463,1.58193,2.21047,0.52227
104,edge_0,cloud_0,50.38394,63.33027,0.001921,4.34844,7.99231,0.56653
104,edge_1,cloud_0,51.20446,63.84648,0.0,4.57353,7.92898,0.55303
104,edge_2,cloud_0,50.9132,63.54878,0.003473,4.40459,7.99483,0.56082
104,edge_3,cloud_0,50.2921,63.79201,0.004067,4.14859,7.80775,0.55446
104,edge_4,cloud_0,53.32098,61.02224,0.007382,4.93266,9.35908,0.62687
104,edge_0,edge_1,13.09708,43.73765,0.006206,0.8842,2.20878,0.60231
104,edge_1,edge_2,11.99815,45.21347,0.001708,0.96333,1.83982,0.54765
104,edge_2,edge_3,15.46823,44.18366,0.00495,1.48292,2.53712,0.58579
104,edge_3,edge_4,12.82934,45.51849,0.004691,0.90941,1.92669,0.53635
104,edge_4,edge_0,12.30139,44.41302,0.004589,0.83695,1.98843,0.5773
105,access_0,edge_0,13.66731,45.24195,0.002219,1.27394,2.09173,0.54659
105,access_0,edge_1,13.07428,44.10433,0.004774,0.68865,2.15522,0.58873
105,access_0,edge_2,14.4053,44.62528,0.005349,1.39369,2.2968,0.56943
105,access_0,edge_3,12.62433,46.30664,0.006136,1.19089,1.79272,0.50716
105,access_0,edge_4,14.77215,43.09546,0.004891,1.17125,2.58965,0.62609
105,access_1,edge_0,12.73402,45.52821,0.002315,0.89687,1.91109,0.53599
105,access_1,edge_1,12.3228,45.29889,0.006938,0.78396,1.87868,0.54449
105,access_1,edge_2,13.3555,44.35986,0.002506,1.21222,2.16618,0.57926
105,access_1,edge_3,12.90485,45.41342,0.00263,1.00476,1.95209,0.54024
105,access_1,edge_4,14.87759,46.05815,0.002482,1.24914,2.15103,0.51636
105,edge_0,cloud_0,53.35868,62.55371,0.004254,4.74628,8.76751,0.58683
105,edge_1,cloud_0,50.45132,62.73638,0.006381,4.42675,8.22233,0.58206
105,edge_2,cloud_0,48.9281,64.20165,0.003896,4.21958,7.44927,0.54375
105,edge_3,cloud_0,53.60312,61.26459,0.001404,4.70088,9.31351,0.62053
105,edge_4,cloud_0,49.28007,65.95838,0.003376,4.09891,6.86913,0.49782
105,edge_0,edge_1,11.0468,46.17323,0.003643,0.91586,1.58399,0.5121
105,edge_1,edge_2,13.72437,43.59975,0.000773,1.31546,2.33419,0.60742
105,edge_2,edge_3,13.22058,45.98363,0.001162,1.15339,1.92168,0.51912
105,edge_3,edge_4,14.36855,46.10918,0.001941,0.92196,2.06983,0.51447
105,edge_4,edge_0,9.63018,46.14187,0.003536,0.7224,1.38399,0.51326
106,access_0,edge_0,14.48738,43.66309,0.002769,1.30277,2.45445,0.60507
106,access_0,edge_1,13.20648,44.73295,0.002333,0.94533,2.09092,0.56545
106,access_0,edge_2,13.62798,44.44991,0.00388,1.01352,2.19765,0.57593
106,access_0,edge_3,13.79996,44.09245,0.004164,1.70625,2.27654,0.58917
106,access_0,edge_4,13.95884,45.24871,0.0,1.58843,2.13537,0.54634
106,access_1,edge_0,15.89965,43.98247,0.006591,1.35223,2.64105,0.59324
106,access_1,edge_1,14.16853,44.1891,0.002139,1.21154,2.32314,0.58559
106,access_1,edge_2,13.61588,45.3701,0.005755,1.00957,2.06577,0.54185
106,access_1,edge_3,12.28905,45.961,0.001671,1.0403,1.78916,0.51996
106,access_1,edge_4,14.18178,44.25696,0.000331,0.92395,2.31533,0.58308
106,edge_0,cloud_0,51.07271,65.42623,0.004714,4.11726,7.31796,0.51173
106,edge_1,cloud_0,50.57209,64.27902,0.003039,4.34922,7.67093,0.54172
106,edge_2,cloud_0,49.19338,65.33674,0.003014,3.72111,7.0809,0.51407
106,edge_3,cloud_0,50.29613,63.81472,0.00234,4.20798,7.80001,0.55386
106,edge_4,cloud_0,49.92161,64.37051,0.005547,3.90732,7.53882,0.53933
106,edge_0,edge_1,14.30275,43.94099,0.003579,1.41008,2.38195,0.59478
106,edge_1,edge_2,15.05715,43.90734,0.005855,1.55476,2.51284,0.59602
106,edge_2,edge_3,14.67232,44.41582,0.000806,1.19527,2.37125,0.57719
106,edge_3,edge_4,14.17927,43.20328,0.003633,1.27986,2.46986,0.6221
106,edge_4,edge_0,15.36815,44.3931,0.0014,1.41167,2.48732,0.57803
107,access_0,edge_0,13.96082,45.33181,0.004288,1.008,2.12364,0.54327
107,access_0,edge_1,13.75745,45.14008,0.003492,1.10893,2.12006,0.55037
107,access_0,edge_2,14.93794,45.31371,0.005077,1.22757,2.27508,0.54394
107,access_0,edge_3,13.27079,45.4216,0.0,0.7356,2.00632,0.53994
107,access_0,edge_4,15.07519,45.58365,0.000996,1.30953,2.25379,0.53394
107,access_1,edge_0,14.93966,45.4737,0.001191,0.81019,2.25056,0.53801
107,access_1,edge_1,14.21591,43.68403,0.006449,1.15952,2.40537,0.6043
107,access_1,edge_2,12.28753,44.48459,0.006531,1.01806,1.97707,0.57464
107,access_1,edge_3,12.09288,45.54465,0.001941,1.08398,1.81281,0.53538
107,access_1,edge_4,14.98719,44.36358,0.003416,1.34369,2.43026,0.57913
107,edge_0,cloud_0,51.86112,63.60976,0.002916,4.39172,8.12053,0.55922
107,edge_1,cloud_0,53.80118,62.29894,0.001609,4.71067,8.94056,0.59349
107,edge_2,cloud_0,50.72729,64.10396,0.00327,4.1897,7.75947,0.5463
107,edge_3,cloud_0,50.4935,64.46973,0.000794,3.73596,7.58851,0.53674
107,edge_4,cloud_0,48.62073,65.97698,0.006679,3.58239,6.77061,0.49733
107,edge_0,edge_1,12.27137,44.91484,0.00355,1.06115,1.91972,0.55871
107,edge_1,edge_2,12.27543,45.48906,0.003095,1.16772,1.84725,0.53744
107,edge_2,edge_3,13.95228,44.07674,0.005203,1.50414,2.30394,0.58975
107,edge_3,edge_4,12.50469,43.22281,0.003282,1.56028,2.17564,0.62138
107,edge_4,edge_0,12.79157,44.16905,0.004975,1.40957,2.10003,0.58633
108,access_0,edge_0,13.92567,45.57411,0.002388,1.01549,2.08331,0.53429
108,access_0,edge_1,14.52973,45.78723,0.005339,1.42585,2.14156,0.5264
108,access_0,edge_2,15.87964,45.33996,0.003503,1.3529,2.41418,0.54296
108,access_0,edge_3,12.61718,43.66952,0.00266,1.10067,2.13676,0.60483
108,access_0,edge_4,13.94651,45.04078,0.003466,1.20145,2.16356,0.55405
108,access_1,edge_0,14.60526,44.17409,0.000446,1.49414,2.39702,0.58614
108,access_1,edge_1,13.70186,44.50777,0.004465,1.06112,2.20134,0.57379
108,access_1,edge_2,14.57023,44.63979,0.002099,1.16874,2.32091,0.5689
108,access_1,edge_3,12.92989,44.74507,0.003502,1.20088,2.0455,0.565
108,access_1,edge_4,15.13002,44.5325,0.001746,1.11405,2.42691,0.57287
108,edge_0,cloud_0,49.5788,63.78031,0.003445,4.13843,7.70126,0.55476
108,edge_1,cloud_0,53.31528,62.09169,0.00458,4.73261,8.9407,0.59891
108,edge_2,cloud_0,52.08982,62.27758,0.0,4.65438,8.66431,0.59405
108,edge_3,cloud_0,49.98611,62.91811,0.003873,4.4888,8.08002,0.5773
108,edge_4,cloud_0,51.63367,62.3507,0.006976,4.76655,8.5608,0.59214
108,edge_0,edge_1,11.68153,45.7707,0.005642,0.9359,1.72376,0.52701
108,edge_1,edge_2,14.32186,45.10422,0.00504,1.46805,2.21237,0.5517
108,edge_2,edge_3,12.85812,43.84806,0.003388,1.05864,2.15376,0.59822
108,edge_3,edge_4,12.91315,44.88858,0.006346,1.24676,2.02363,0.55968
108,edge_4,edge_0,13.12461,46.23715,0.002381,1.0844,1.87322,0.50974
109,access_0,edge_0,12.91626,44.54756,0.005861,0.86245,2.0698,0.57231
109,access_0,edge_1,14.00929,44.63955,0.002816,1.55299,2.23159,0.56891
109,access_0,edge_2,12.81148,45.61624,0.003871,0.83207,1.91102,0.53273
109,access_0,edge_3,13.60373,43.3103,0.003094,1.24609,2.35451,0.61814
109,access_0,edge_4,12.18895,45.46016,0.000616,0.861,1.83789,0.53851
109,access_1,edge_0,12.3882,45.6828,0.004466,0.7788,1.83933,0.53027
109,access_1,edge_1,15.50556,46.33464,0.005191,1.25601,2.19737,0.50612
109,access_1,edge_2,11.74405,45.58257,0.004186,0.97215,1.7559,0.53398
109,access_1,edge_3,14.11667,44.22303,0.005102,1.06387,2.30967,0.58433
109,access_1,edge_4,12.99583,44.75698,0.004449,0.77889,2.05433,0.56456
109,edge_0,cloud_0,52.06567,62.45981,0.000857,4.18405,8.59084,0.58929
109,edge_1,cloud_0,51.32661,63.67342,0.002653,4.64119,8.01291,0.55756
109,edge_2,cloud_0,51.35127,62.94019,0.002584,4.18364,8.29239,0.57673
109,edge_3,cloud_0,51.82885,62.56833,0.002539,4.47323,8.51059,0.58645
109,edge_4,cloud_0,50.83673,63.6728,0.005275,4.30598,7.93667,0.55757
109,edge_0,edge_1,13.82333,45.57509,0.005696,1.26379,2.06786,0.53426
109,edge_1,edge_2,14.10251,45.17221,0.004395,0.82354,2.16854,0.54918
109,edge_2,edge_3,14.12887,44.36895,0.001541,1.50584,2.29029,0.57893
109,edge_3,edge_4,12.06842,46.41307,0.000974,0.98617,1.70046,0.50322
109,edge_4,edge_0,10.87746,45.3062,0.00441,1.11939,1.65751,0.54421
110,access_0,edge_0,12.62033,44.07214,0.005706,1.1822,2.0846,0.58992
110,access_0,edge_1,13.90015,44.20526,0.0,1.18259,2.27681,0.58499
110,access_0,edge_2,13.98731,44.10913,0.001925,1.26169,2.30503,0.58855
110,access_0,edge_3,12.77758,45.08779,0.008763,1.08428,1.97599,0.5523
110,access_0,edge_4,14.46351,43.55021,0.003578,1.33456,2.46734,0.60925
110,access_1,edge_0,12.00441,45.11634,0.002308,1.33793,1.85287,0.55125
110,access_1,edge_1,15.13678,46.78341,0.007311,1.01709,2.07466,0.4895
110,access_1,edge_2,13.71745,44.39587,0.00332,1.21774,2.21977,0.57793
110,access_1,edge_3,13.94453,45.24458,0.005867,1.02188,2.13378,0.5465
110,access_1,edge_4,14.58288,45.528,0.001689,1.15885,2.1886,0.536
110,edge_0,cloud_0,54.14421,61.82711,0.006294,4.55721,9.18457,0.60583
110,edge_1,cloud_0,51.5197,64.20781,0.001996,3.98064,7.84152,0.54359
110,edge_2,cloud_0,51.76445,64.09165,0.00189,4.36422,7.92279,0.54662
110,edge_3,cloud_0,49.75451,64.73036,0.00224,3.69543,7.38253,0.52993
110,edge_4,cloud_0,52.10887,62.73199,0.00327,4.25327,8.49415,0.58217
110,edge_0,edge_1,12.07136,46.10836,0.000863,1.10373,1.73902,0.51451
110,edge_1,edge_2,10.77906,44.21916,0.0,0.99322,1.76403,0.58448
110,edge_2,edge_3,13.20227,44.84666,0.001223,0.79788,2.07468,0.56123
110,edge_3,edge_4,14.39687,45.06718,0.003173,0.94933,2.22948,0.55307
110,edge_4,edge_0,14.24484,44.46388,0.003049,1.01422,2.29506,0.57541
111,access_0,edge_0,13.13656,45.65468,0.008096,1.18533,1.95428,0.53131
111,access_0,edge_1,12.60556,45.33062,0.008205,1.31886,1.91765,0.54331
111,access_0,edge_2,12.05755,46.41286,0.006062,1.12229,1.69895,0.50323
111,access_0,edge_3,12.06038,45.4312,0.001073,0.80196,1.82213,0.53959
111,access_0,edge_4,12.57643,44.73161,0.003449,1.08202,1.99134,0.5655
111,access_1,edge_0,15.50709,44.01074,0.003758,1.30595,2.5713,0.59219
111,access_1,edge_1,12.67223,43.71524,0.003382,1.36036,2.14007,0.60314
111,access_1,edge_2,12.32705,45.95575,0.002793,0.77077,1.79536,0.52016
111,access_1,edge_3,13.58093,44.27833,0.006794,1.30065,2.21423,0.58228
111,access_1,edge_4,12.54082,45.17264,0.005923,1.50611,1.92834,0.54916
111,edge_0,cloud_0,52.65603,63.12637,0.003986,4.72329,8.43132,0.57186
111,edge_1,cloud_0,53.34253,62.97597,0.000336,4.62067,8.59997,0.57579
111,edge_2,cloud_0,53.20514,61.60859,0.001021,4.74266,9.11038,0.61154
111,edge_3,cloud_0,49.83255,64.94856,0.005141,4.03132,7.31451,0.52422
111,edge_4,cloud_0,52.94613,62.38398,0.003793,4.52633,8.76551,0.59127
111,edge_0,edge_1,13.8541,45.59839,0.004346,1.11734,2.06911,0.53339
111,edge_1,edge_2,12.41406,43.86219,0.00502,1.14286,2.07756,0.5977
111,edge_2,edge_3,11.61058,43.49198,0.005609,1.36795,1.98766,0.61141
111,edge_3,edge_4,14.88228,44.23676,0.002817,1.21356,2.43282,0.58382
111,edge_4,edge_0,13.64398,44.99473,0.002733,0.97711,2.12314,0.55575
112,access_0,edge_0,12.14076,44.21577,0.005406,1.17005,1.9873,0.5846
112,access_0,edge_1,13.96693,43.94008,0.005397,1.17832,2.32615,0.59481
112,access_0,edge_2,13.04864,45.12643,0.007519,1.20722,2.01268,0.55087
112,access_0,edge_3,11.78113,45.0618,0.004314,1.14312,1.82507,0.55327
112,access_0,edge_4,14.0926,43.92857,0.006263,1.09864,2.34877,0.59524
112,access_1,edge_0,14.92646,44.01339,0.006406,1.1176,2.47461,0.5921
112,access_1,edge_1,13.92023,44.4264,0.00415,0.99982,2.24817,0.5768
112,access_1,edge_2,14.46278,44.66887,0.003498,1.40892,2.29943,0.56782
112,access_1,edge_3,15.84987,44.35722,0.001488,1.41412,2.57119,0.57936
112,access_1,edge_4,14.98229,44.87453,0.002463,1.49087,2.35007,0.5602
112,edge_0,cloud_0,49.877,64.84768,0.003595,4.39092,7.35787,0.52686
112,edge_1,cloud_0,47.10615,65.87201,0.002239,4.05953,6.59589,0.50008
112,edge_2,cloud_0,50.64213,64.19816,0.0,4.20871,7.71152,0.54384
112,edge_3,cloud_0,53.74367,61.66318,0.00242,5.08328,9.18112,0.61011
112,edge_4,cloud_0,52.01953,64.16295,0.005089,4.67402,7.93468,0.54476
112,edge_0,edge_1,13.44512,46.40138,0.00223,0.76992,1.89607,0.50365
112,edge_1,edge_2,11.76928,44.58854,0.002556,0.93396,1.881,0.57079
112,edge_2,edge_3,13.33189,44.49837,0.006375,1.05962,2.1432,0.57413
112,edge_3,edge_4,12.06449,46.10169,0.002739,1.07285,1.73886,0.51475
112,edge_4,edge_0,13.44362,44.86045,0.002975,1.31752,2.11069,0.56072
113,access_0,edge_0,16.1957,44.40909,0.008105,1.16516,2.61858,0.57744
113,access_0,edge_1,15.10771,45.44015,0.004881,1.6217,2.28113,0.53925
113,access_0,edge_2,13.56564,45.11711,0.003457,1.18476,2.09374,0.55122
113,access_0,edge_3,11.28012,45.35061,0.004667,0.96758,1.71367,0.54257
113,access_0,edge_4,13.87045,45.99134,0.007801,1.00406,2.01503,0.51884
113,access_1,edge_0,14.20814,43.17402,0.003283,1.74755,2.4792,0.62318
113,access_1,edge_1,13.08396,44.61408,0.002882,0.79859,2.08765,0.56985
113,access_1,edge_2,14.96434,43.68888,0.006495,1.22056,2.53125,0.60412
113,access_1,edge_3,12.34122,44.98551,0.004431,1.25442,1.9216,0.55609
113,access_1,edge_4,14.85594,43.76909,0.008092,1.35743,2.50056,0.60114
113,edge_0,cloud_0,52.16534,63.31568,0.006212,4.61173,8.28046,0.56691
113,edge_1,cloud_0,48.15955,64.42851,0.00599,3.99885,7.25228,0.53782
113,edge_2,cloud_0,50.18641,63.85335,0.003509,4.49472,7.76881,0.55285
113,edge_3,cloud_0,48.29713,64.96958,0.002686,3.79267,7.08171,0.52367
113,edge_4,cloud_0,52.34367,63.54633,0.004173,4.39273,8.22039,0.56088
113,edge_0,edge_1,14.14489,45.31776,0.003478,1.18377,2.15371,0.54379
113,edge_1,edge_2,14.31229,43.58422,0.005442,1.45572,2.43649,0.60799
113,edge_2,edge_3,14.47267,44.81829,0.003106,1.17622,2.27858,0.56229
113,edge_3,edge_4,12.39599,44.93169,0.00187,1.03738,1.93705,0.55809
113,edge_4,edge_0,13.91147,42.62017,0.000648,1.48982,2.50734,0.6437
114,access_0,edge_0,13.65001,43.95858,0.005737,1.45614,2.27075,0.59413
114,access_0,edge_1,11.45556,44.36697,0.005534,1.18268,1.85718,0.579
114,access_0,edge_2,12.79761,46.3237,0.007168,1.12835,1.81506,0.50653
114,access_0,edge_3,13.97066,44.43173,0.000295,1.22044,2.25555,0.5766
114,access_0,edge_4,13.0619,44.30315,0.006888,1.0831,2.12624,0.58136
114,access_1,edge_0,14.79356,43.95591,0.006007,1.44292,2.4614,0.59423
114,access_1,edge_1,12.99547,45.18761,0.006397,1.44583,1.99623,0.54861
114,access_1,edge_2,12.63428,46.20439,0.007369,0.75446,1.80753,0.51095
114,access_1,edge_3,14.37508,43.26343,0.003418,1.19197,2.495,0.61987
114,access_1,edge_4,14.31165,45.38201,0.004703,1.25724,2.16956,0.54141
114,edge_0,cloud_0,48.10117,64.22035,0.006635,4.24492,7.31679,0.54326
114,edge_1,cloud_0,48.25107,66.71126,0.005085,3.8547,6.45977,0.47814
114,edge_2,cloud_0,55.29796,60.55239,0.005735,4.88202,9.89628,0.63915
114,edge_3,cloud_0,51.46002,63.83765,0.003916,4.56758,7.97187,0.55326
114,edge_4,cloud_0,51.94753,62.95829,0.001201,4.85424,8.38179,0.57625
114,edge_0,edge_1,14.65022,43.13553,0.002029,1.22415,2.56219,0.62461
114,edge_1,edge_2,11.93258,45.54127,0.001161,1.12656,1.7892,0.53551
114,edge_2,edge_3,16.62499,44.72934,0.000374,1.11156,2.63277,0.56558
114,edge_3,edge_4,12.12397,45.2244,0.005292,0.97976,1.85774,0.54724
114,edge_4,edge_0,12.08594,45.61588,0.004461,1.12726,1.80284,0.53275
115,access_0,edge_0,16.75341,33.27,0.051496,2.17398,4.64404,0.99
115,access_0,edge_1,17.07367,33.27,0.046304,2.16728,4.73282,0.99
115,access_0,edge_2,18.86587,33.27,0.049665,2.52756,5.22962,0.99
115,access_0,edge_3,15.95846,33.27,0.048524,1.92474,4.42369,0.99
115,access_0,edge_4,18.38295,33.27,0.044287,2.5971,5.09575,0.99
115,access_1,edge_0,17.76699,33.27,0.046358,2.2131,4.92501,0.99
115,access_1,edge_1,16.78319,33.27,0.047386,1.92777,4.6523,0.99
115,access_1,edge_2,18.29185,33.27,0.045807,2.18737,5.0705,0.99
115,access_1,edge_3,17.96554,33.27,0.046191,2.26126,4.98005,0.99
115,access_1,edge_4,18.05748,33.27,0.047529,2.06091,5.00553,0.99
115,edge_0,cloud_0,67.64578,47.1325,0.047195,8.04076,18.75141,0.99
115,edge_1,cloud_0,67.73247,47.1325,0.043802,8.07168,18.77544,0.99
115,edge_2,cloud_0,67.83168,47.1325,0.047338,7.88402,18.80294,0.99
115,edge_3,cloud_0,67.11991,47.1325,0.044157,7.96223,18.60564,0.99
115,edge_4,cloud_0,68.40287,47.1325,0.047426,7.96383,18.96128,0.99
115,edge_0,edge_1,16.07122,33.27,0.044844,2.22541,4.45494,0.99
115,edge_1,edge_2,19.19519,33.27,0.049216,2.61831,5.32091,0.99
115,edge_2,edge_3,17.23808,33.27,0.044507,1.89073,4.7784,0.99
115,edge_3,edge_4,17.4661,33.27,0.046467,2.00516,4.8416,0.99
115,edge_4,edge_0,16.25005,33.27,0.046252,1.4376,4.50451,0.99
116,access_0,edge_0,15.87263,33.27,0.044869,1.91981,4.39989,0.99
116,access_0,edge_1,17.76363,33.27,0.048745,2.13596,4.92408,0.99
116,access_0,edge_2,14.23987,33.27,0.046466,1.70467,3.94729,0.99
116,access_0,edge_3,17.73007,33.27,0.049505,1.81238,4.91477,0.99
116,access_0,edge_4,16.57694,33.27,0.050149,1.63507,4.59513,0.99
116,access_1,edge_0,19.64525,33.27,0.045462,2.14306,5.44566,0.99
116,access_1,edge_1,15.87004,33.27,0.046962,1.76635,4.39917,0.99
116,access_1,edge_2,17.44448,33.27,0.046909,2.08918,4.83561,0.99
116,access_1,edge_3,17.72658,33.27,0.046537,1.95941,4.91381,0.99
116,access_1,edge_4,18.73273,33.27,0.045784,2.13337,5.19271,0.99
116,edge_0,cloud_0,67.37712,47.1325,0.043569,8.01451,18.67694,0.99
116,edge_1,cloud_0,66.3717,47.1325,0.046982,7.8996,18.39824,0.99
116,edge_2,cloud_0,66.35934,47.1325,0.045296,7.86172,18.39481,0.99
116,edge_3,cloud_0,69.37009,47.1325,0.04596,8.16367,19.22939,0.99
116,edge_4,cloud_0,66.08317,47.1325,0.049318,7.78246,18.31825,0.99
116,edge_0,edge_1,16.53693,33.27,0.047715,2.18516,4.58404,0.99
116,edge_1,edge_2,16.69483,33.27,0.04569,2.00668,4.62781,0.99
116,edge_2,edge_3,18.49424,33.27,0.045252,2.31469,5.1266,0.99
116,edge_3,edge_4,14.75701,33.27,0.043855,1.39133,4.09064,0.99
116,edge_4,edge_0,20.79788,33.27,0.04523,2.1375,5.76517,0.99
117,access_0,edge_0,20.41018,33.27,0.046798,2.42574,5.6577,0.99
117,access_0,edge_1,18.42392,33.27,0.047637,2.18843,5.10711,0.99
117,access_0,edge_2,17.6086,33.27,0.045781,2.33961,4.8811,0.99
117,access_0,edge_3,18.46267,33.27,0.049866,2.39721,5.11785,0.99
117,access_0,edge_4,18.07458,33.27,0.043934,2.60781,5.01027,0.99
117,access_1,edge_0,18.13104,33.27,0.047379,1.9828,5.02592,0.99
117,access_1,edge_1,17.63986,33.27,0.044369,2.12809,4.88977,0.99
117,access_1,edge_2,19.95948,33.27,0.04574,2.33327,5.53277,0.99
117,access_1,edge_3,18.63197,33.27,0.0447,1.99261,5.16478,0.99
117,access_1,edge_4,17.74957,33.27,0.038988,2.36702,4.92018,0.99
117,edge_0,cloud_0,68.26668,47.1325,0.049974,8.31363,18.92352,0.99
117,edge_1,cloud_0,67.13396,47.1325,0.045305,7.71302,18.60953,0.99
117,edge_2,cloud_0,67.54313,47.1325,0.047511,7.92585,18.72295,0.99
117,edge_3,cloud_0,67.46186,47.1325,0.045642,7.80395,18.70043,0.99
117,edge_4,cloud_0,68.31774,47.1325,0.048156,7.93609,18.93768,0.99
117,edge_0,edge_1,16.88823,33.27,0.048027,2.1061,4.68142,0.99
117,edge_1,edge_2,15.63714,33.27,0.046527,1.83055,4.33461,0.99
117,edge_2,edge_3,17.69691,33.27,0.047651,2.46961,4.90558,0.99
117,edge_3,edge_4,16.88173,33.27,0.042344,2.17109,4.67962,0.99
117,edge_4,edge_0,18.60638,33.27,0.042117,2.42783,5.15769,0.99
118,access_0,edge_0,17.69976,33.27,0.046129,2.11581,4.90637,0.99
118,access_0,edge_1,17.98266,33.27,0.052132,1.99534,4.98479,0.99
118,access_0,edge_2,17.44787,33.27,0.044406,2.08535,4.83655,0.99
118,access_0,edge_3,17.44764,33.27,0.042651,2.47324,4.83649,0.99
118,access_0,edge_4,16.29373,33.27,0.042921,1.77783,4.51662,0.99
118,access_1,edge_0,16.14408,33.27,0.048208,1.85219,4.47514,0.99
118,access_1,edge_1,18.04465,33.27,0.044723,2.28413,5.00198,0.99
118,access_1,edge_2,18.20809,33.27,0.047598,2.2508,5.04728,0.99
118,access_1,edge_3,18.13586,33.27,0.046769,2.19634,5.02726,0.99
118,access_1,edge_4,19.39511,33.27,0.045025,1.89091,5.37632,0.99
118,edge_0,cloud_0,65.51949,47.1325,0.044459,7.78822,18.162,0.99
118,edge_1,cloud_0,63.95032,47.1325,0.045932,7.86683,17.72703,0.99
118,edge_2,cloud_0,65.7503,47.1325,0.047054,7.82738,18.22598,0.99
118,edge_3,cloud_0,67.00842,47.1325,0.046183,8.04959,18.57473,0.99
118,edge_4,cloud_0,66.19922,47.1325,0.049385,8.08593,18.35042,0.99
118,edge_0,edge_1,18.59472,33.27,0.043495,2.14639,5.15446,0.99
118,edge_1,edge_2,15.86762,33.27,0.043824,1.88675,4.3985,0.99
118,edge_2,edge_3,16.96955,33.27,0.046758,2.38698,4.70396,0.99
118,edge_3,edge_4,19.9526,33.27,0.047001,2.89447,5.53086,0.99
118,edge_4,edge_0,18.53238,33.27,0.045992,2.31719,5.13718,0.99
119,access_0,edge_0,16.60219,33.27,0.043614,1.95399,4.60213,0.99
119,access_0,edge_1,18.30584,33.27,0.044741,2.01468,5.07438,0.99
119,access_0,edge_2,17.49229,33.27,0.049601,1.76364,4.84886,0.99
119,access_0,edge_3,16.11891,33.27,0.044577,1.91629,4.46816,0.99
119,access_0,edge_4,16.44039,33.27,0.046481,1.78232,4.55728,0.99
119,access_1,edge_0,17.93073,33.27,0.045772,2.15183,4.9704,0.99
119,access_1,edge_1,18.23252,33.27,0.04679,2.06054,5.05405,0.99
119,access_1,edge_2,18.44551,33.27,0.04496,2.20518,5.11309,0.99
119,access_1,edge_3,19.85503,33.27,0.046516,2.47435,5.50381,0.99
119,access_1,edge_4,19.28156,33.27,0.044045,2.15259,5.34485,0.99
119,edge_0,cloud_0,66.58622,47.1325,0.051836,8.10254,18.4577,0.99
119,edge_1,cloud_0,68.45662,47.1325,0.046683,7.84475,18.97617,0.99
119,edge_2,cloud_0,69.47083,47.1325,0.04583,8.14254,19.25731,0.99
119,edge_3,cloud_0,67.43554,47.1325,0.046964,7.74643,18.69313,0.99
119,edge_4,cloud_0,66.92835,47.1325,0.051036,7.91294,18.55254,0.99
119,edge_0,edge_1,17.2618,33.27,0.047274,2.4023,4.78497,0.99
119,edge_1,edge_2,15.5315,33.27,0.046263,1.72443,4.30533,0.99
119,edge_2,edge_3,18.82836,33.27,0.049722,1.98783,5.21922,0.99
119,edge_3,edge_4,18.08165,33.27,0.042847,2.58316,5.01223,0.99
119,edge_4,edge_0,17.93729,33.27,0.051073,1.60591,4.97222,0.99
120,access_0,edge_0,19.42068,33.27,0.047096,2.40946,5.38341,0.99
120,access_0,edge_1,17.60684,33.27,0.04743,2.15789,4.88062,0.99
120,access_0,edge_2,15.94257,33.27,0.046205,2.00608,4.41928,0.99
120,access_0,edge_3,17.96766,33.27,0.047004,2.30568,4.98064,0.99
120,access_0,edge_4,18.53986,33.27,0.047355,2.02733,5.13925,0.99
120,access_1,edge_0,17.04527,33.27,0.047624,2.0365,4.72495,0.99
120,access_1,edge_1,15.58362,33.27,0.047494,2.21365,4.31978,0.99
120,access_1,edge_2,17.80611,33.27,0.043627,2.48074,4.93585,0.99
120,access_1,edge_3,17.01008,33.27,0.045799,2.14983,4.71519,0.99
120,access_1,edge_4,18.87163,33.27,0.041861,2.70153,5.23122,0.99
120,edge_0,cloud_0,67.0999,47.1325,0.049134,7.6545,18.60009,0.99
120,edge_1,cloud_0,66.43124,47.1325,0.043625,8.12601,18.41474,0.99
120,edge_2,cloud_0,67.53473,47.1325,0.047263,8.10785,18.72063,0.99
120,edge_3,cloud_0,66.85322,47.1325,0.046903,7.80331,18.53171,0.99
120,edge_4,cloud_0,67.22167,47.1325,0.047238,8.05988,18.63385,0.99
120,edge_0,edge_1,19.23946,33.27,0.046237,1.90844,5.33318,0.99
120,edge_1,edge_2,16.50781,33.27,0.04523,2.03289,4.57597,0.99
120,edge_2,edge_3,16.73565,33.27,0.046104,2.11021,4.63912,0.99
120,edge_3,edge_4,17.52177,33.27,0.049476,2.22639,4.85703,0.99
120,edge_4,edge_0,17.64485,33.27,0.044763,2.14293,4.89115,0.99
121,access_0,edge_0,19.00314,33.27,0.045598,1.85515,5.26767,0.99
121,access_0,edge_1,17.19124,33.27,0.046626,2.34396,4.76541,0.99
121,access_0,edge_2,18.38702,33.27,0.047982,2.2626,5.09688,0.99
121,access_0,edge_3,17.69391,33.27,0.048704,2.33578,4.90475,0.99
121,access_0,edge_4,17.83024,33.27,0.051348,2.04564,4.94254,0.99
121,access_1,edge_0,16.57935,33.27,0.045879,1.80039,4.5958,0.99
121,access_1,edge_1,17.35968,33.27,0.046305,1.90499,4.8121,0.99
121,access_1,edge_2,18.96082,33.27,0.046006,2.25427,5.25594,0.99
121,access_1,edge_3,17.47695,33.27,0.048273,1.76285,4.84461,0.99
121,access_1,edge_4,16.52531,33.27,0.044976,2.02147,4.58082,0.99
121,edge_0,cloud_0,66.25259,47.1325,0.045594,7.69285,18.36522,0.99
121,edge_1,cloud_0,69.24393,47.1325,0.044796,8.45291,19.19442,0.99
121,edge_2,cloud_0,67.15997,47.1325,0.045519,8.15591,18.61674,0.99
121,edge_3,cloud_0,66.70518,47.1325,0.046299,8.14477,18.49068,0.99
121,edge_4,cloud_0,66.05466,47.1325,0.048725,7.5509,18.31035,0.99
121,edge_0,edge_1,18.60492,33.27,0.046039,2.25281,5.15728,0.99
121,edge_1,edge_2,17.53758,33.27,0.046907,2.05625,4.86142,0.99
121,edge_2,edge_3,16.2772,33.27,0.048634,2.15578,4.51204,0.99
121,edge_3,edge_4,19.07639,33.27,0.044506,2.26157,5.28798,0.99
121,edge_4,edge_0,19.18499,33.27,0.045564,2.22853,5.31808,0.99
122,access_0,edge_0,19.41261,33.27,0.046503,2.25147,5.38118,0.99
122,access_0,edge_1,19.19439,33.27,0.043747,2.31227,5.32069,0.99
122,access_0,edge_2,16.87072,33.27,0.046871,2.10898,4.67656,0.99
122,access_0,edge_3,16.04647,33.27,0.044689,2.0169,4.44808,0.99
122,access_0,edge_4,20.24531,33.27,0.047272,2.1626,5.612,0.99
122,access_1,edge_0,15.26762,33.27,0.047084,1.85996,4.23218,0.99
122,access_1,edge_1,17.03939,33.27,0.045479,2.12994,4.72332,0.99
122,access_1,edge_2,19.88846,33.27,0.045647,2.49194,5.51308,0.99
122,access_1,edge_3,20.14716,33.27,0.049961,2.5512,5.58479,0.99
122,access_1,edge_4,17.98784,33.27,0.048517,2.17363,4.98623,0.99
122,edge_0,cloud_0,66.64184,47.1325,0.046177,7.93706,18.47312,0.99
122,edge_1,cloud_0,64.25173,47.1325,0.046217,7.72798,17.81058,0.99
122,edge_2,cloud_0,66.82383,47.1325,0.047667,8.38203,18.52357,0.99
122,edge_3,cloud_0,67.07657,47.1325,0.04586,8.14494,18.59363,0.99
122,edge_4,cloud_0,67.87879,47.1325,0.045819,8.53234,18.816,0.99
122,edge_0,edge_1,20.00536,33.27,0.044798,2.72923,5.54549,0.99
122,edge_1,edge_2,19.15855,33.27,0.048571,2.42873,5.31075,0.99
122,edge_2,edge_3,17.87279,33.27,0.051192,2.11391,4.95434,0.99
122,edge_3,edge_4,16.00281,33.27,0.046084,2.14924,4.43598,0.99
122,edge_4,edge_0,16.75096,33.27,0.046623,1.65511,4.64337,0.99
123,access_0,edge_0,20.86095,33.27,0.046635,2.31202,5.78266,0.99
123,access_0,edge_1,16.79782,33.27,0.045617,1.84724,4.65636,0.99
123,access_0,edge_2,19.22651,33.27,0.044902,2.40946,5.32959,0.99
123,access_0,edge_3,18.31229,33.27,0.043332,2.34314,5.07617,0.99
123,access_0,edge_4,20.63901,33.27,0.049541,2.13712,5.72113,0.99
123,access_1,edge_0,17.21115,33.27,0.042049,2.04087,4.77093,0.99
123,access_1,edge_1,17.44721,33.27,0.042748,2.23306,4.83637,0.99
123,access_1,edge_2,17.40009,33.27,0.046569,1.85792,4.8233,0.99
123,access_1,edge_3,17.59288,33.27,0.042857,2.38615,4.87675,0.99
123,access_1,edge_4,18.82655,33.27,0.04481,2.44723,5.21872,0.99
123,edge_0,cloud_0,67.03844,47.1325,0.047241,8.22903,18.58306,0.99
123,edge_1,cloud_0,66.01795,47.1325,0.048393,8.13865,18.30018,0.99
123,edge_2,cloud_0,66.43664,47.1325,0.048572,7.83787,18.41624,0.99
123,edge_3,cloud_0,69.2985,47.1325,0.048513,8.56772,19.20954,0.99
123,edge_4,cloud_0,69.54921,47.1325,0.047627,8.13667,19.27904,0.99
123,edge_0,edge_1,18.12579,33.27,0.046755,2.06781,5.02447,0.99
123,edge_1,edge_2,19.1267,33.27,0.048517,2.21279,5.30192,0.99
123,edge_2,edge_3,16.45895,33.27,0.048754,2.17785,4.56242,0.99
123,edge_3,edge_4,19.38032,33.27,0.048176,2.31469,5.37223,0.99
123,edge_4,edge_0,18.76642,33.27,0.045619,2.14512,5.20205,0.99
124,access_0,edge_0,18.18653,33.27,0.045463,1.80642,5.04131,0.99
124,access_0,edge_1,18.86231,33.27,0.04717,2.02619,5.22863,0.99
124,access_0,edge_2,18.12269,33.27,0.04763,2.27695,5.02361,0.99
124,access_0,edge_3,16.86449,33.27,0.047528,1.89381,4.67484,0.99
124,access_0,edge_4,17.39311,33.27,0.047002,2.09664,4.82137,0.99
124,access_1,edge_0,16.57709,33.27,0.044635,2.04495,4.59517,0.99
124,access_1,edge_1,18.11044,33.27,0.048343,1.8484,5.02021,0.99
124,access_1,edge_2,16.6959,33.27,0.049548,1.97375,4.6281,0.99
124,access_1,edge_3,15.75671,33.27,0.048388,2.31196,4.36776,0.99
124,access_1,edge_4,15.70462,33.27,0.04917,2.052,4.35332,0.99
124,edge_0,cloud_0,66.0195,47.1325,0.046757,7.761,18.30061,0.99
124,edge_1,cloud_0,66.81856,47.1325,0.046091,7.81248,18.5221,0.99
124,edge_2,cloud_0,66.98666,47.1325,0.04936,8.08004,18.5687,0.99
124,edge_3,cloud_0,65.33913,47.1325,0.046275,7.8726,18.11201,0.99
124,edge_4,cloud_0,65.13825,47.1325,0.049749,7.92988,18.05632,0.99
124,edge_0,edge_1,18.83839,33.27,0.05042,2.00587,5.222,0.99
124,edge_1,edge_2,15.13105,33.27,0.047354,1.88966,4.19433,0.99
124,edge_2,edge_3,18.29332,33.27,0.042983,2.13783,5.07091,0.99
124,edge_3,edge_4,18.40004,33.27,0.046976,2.32621,5.10049,0.99
124,edge_4,edge_0,18.71078,33.27,0.043841,2.27933,5.18663,0.99
125,access_0,edge_0,15.94225,33.27,0.046805,1.79469,4.41919,0.99
125,access_0,edge_1,17.18011,33.27,0.050232,2.45699,4.76233,0.99
125,access_0,edge_2,17.04691,33.27,0.04543,2.31413,4.7254,0.99
125,access_0,edge_3,18.47614,33.27,0.046546,1.83282,5.12159,0.99
125,access_0,edge_4,16.33991,33.27,0.046672,1.8753,4.52942,0.99
125,access_1,edge_0,15.97454,33.27,0.046131,1.8458,4.42814,0.99
125,access_1,edge_1,18.61204,33.27,0.04271,1.97553,5.15926,0.99
125,access_1,edge_2,16.44206,33.27,0.045733,1.7016,4.55774,0.99
125,access_1,edge_3,17.24377,33.27,0.041894,2.48696,4.77997,0.99
125,access_1,edge_4,17.62626,33.27,0.043018,1.96675,4.886,0.99
125,edge_0,cloud_0,68.93419,47.1325,0.041878,8.38269,19.10856,0.99
125,edge_1,cloud_0,67.28504,47.1325,0.047141,7.9559,18.65141,0.99
125,edge_2,cloud_0,68.61105,47.1325,0.043313,7.739,19.01898,0.99
125,edge_3,cloud_0,67.16643,47.1325,0.044395,8.02231,18.61853,0.99
125,edge_4,cloud_0,65.54932,47.1325,0.045418,7.92061,18.17027,0.99
125,edge_0,edge_1,17.81104,33.27,0.043967,1.94256,4.93722,0.99
125,edge_1,edge_2,18.08538,33.27,0.046139,2.25969,5.01327,0.99
125,edge_2,edge_3,21.22981,33.27,0.047656,2.56359,5.8849,0.99
125,edge_3,edge_4,18.07447,33.27,0.044984,1.86867,5.01024,0.99
125,edge_4,edge_0,17.15418,33.27,0.044683,2.09755,4.75514,0.99
126,access_0,edge_0,19.09437,33.27,0.045299,2.13277,5.29296,0.99
126,access_0,edge_1,17.20068,33.27,0.04902,2.22783,4.76803,0.99
126,access_0,edge_2,18.04556,33.27,0.047346,2.2529,5.00223,0.99
126,access_0,edge_3,17.84938,33.27,0.049179,2.27263,4.94785,0.99
126,access_0,edge_4,15.8755,33.27,0.045274,2.06999,4.40069,0.99
126,access_1,edge_0,16.94215,33.27,0.046901,2.10302,4.69636,0.99
126,access_1,edge_1,17.74696,33.27,0.047755,2.30866,4.91946,0.99
126,access_1,edge_2,18.03576,33.27,0.047003,2.36137,4.99951,0.99
126,access_1,edge_3,18.34156,33.27,0.047,1.99991,5.08428,0.99
126,access_1,edge_4,16.50038,33.27,0.045082,1.82821,4.57391,0.99
126,edge_0,cloud_0,68.39235,47.1325,0.046314,8.50819,18.95836,0.99
126,edge_1,cloud_0,66.22551,47.1325,0.047586,7.90131,18.35771,0.99
126,edge_2,cloud_0,67.5802,47.1325,0.048393,7.7826,18.73323,0.99
126,edge_3,cloud_0,68.30168,47.1325,0.047055,7.91183,18.93323,0.99
126,edge_4,cloud_0,66.89389,47.1325,0.047416,7.93279,18.54299,0.99
126,edge_0,edge_1,17.67353,33.27,0.046779,1.87413,4.8991,0.99
126,edge_1,edge_2,17.77495,33.27,0.047554,2.30378,4.92722,0.99
126,edge_2,edge_3,19.43218,33.27,0.045525,2.75608,5.3866,0.99
126,edge_3,edge_4,18.94926,33.27,0.050096,2.70972,5.25273,0.99
126,edge_4,edge_0,19.09749,33.27,0.045586,2.10342,5.29382,0.99
127,access_0,edge_0,20.67133,33.27,0.041768,2.80139,5.73009,0.99
127,access_0,edge_1,16.52709,33.27,0.047459,1.72445,4.58131,0.99
127,access_0,edge_2,16.60656,33.27,0.044537,1.9378,4.60334,0.99
127,access_0,edge_3,18.81938,33.27,0.046831,2.09659,5.21673,0.99
127,access_0,edge_4,20.06213,33.27,0.044202,2.06248,5.56122,0.99
127,access_1,edge_0,16.48881,33.27,0.048526,1.85817,4.5707,0.99
127,access_1,edge_1,17.39519,33.27,0.049439,1.92953,4.82195,0.99
127,access_1,edge_2,18.74779,33.27,0.046561,2.40332,5.19689,0.99
127,access_1,edge_3,18.39006,33.27,0.045282,2.1225,5.09772,0.99
127,access_1,edge_4,17.06022,33.27,0.047485,2.25475,4.72909,0.99
127,edge_0,cloud_0,66.89815,47.1325,0.046704,8.01811,18.54417,0.99
127,edge_1,cloud_0,64.43749,47.1325,0.045279,7.88481,17.86207,0.99
127,edge_2,cloud_0,65.21805,47.1325,0.048462,8.24235,18.07844,0.99
127,edge_3,cloud_0,67.1607,47.1325,0.041732,7.90468,18.61695,0.99
127,edge_4,cloud_0,66.34959,47.1325,0.044906,7.97306,18.39211,0.99
127,edge_0,edge_1,18.15855,33.27,0.045551,2.09369,5.03355,0.99
127,edge_1,edge_2,16.80374,33.27,0.045299,1.94006,4.658,0.99
127,edge_2,edge_3,18.83552,33.27,0.045494,2.36282,5.22121,0.99
127,edge_3,edge_4,18.25491,33.27,0.043628,2.08669,5.06026,0.99
127,edge_4,edge_0,18.74202,33.27,0.049805,2.28797,5.19529,0.99
128,access_0,edge_0,17.247,33.27,0.045234,2.2594,4.78087,0.99
128,access_0,edge_1,19.39187,33.27,0.047679,2.32497,5.37543,0.99
128,access_0,edge_2,17.09607,33.27,0.0453,2.06699,4.73903,0.99
128,access_0,edge_3,15.92011,33.27,0.047051,1.68593,4.41305,0.99
128,access_0,edge_4,18.15153,33.27,0.045908,1.82864,5.0316,0.99
128,access_1,edge_0,19.05047,33.27,0.045996,1.87739,5.28079,0.99
128,access_1,edge_1,18.39779,33.27,0.048257,2.1122,5.09987,0.99
128,access_1,edge_2,16.60951,33.27,0.047344,2.17889,4.60416,0.99
128,access_1,edge_3,18.68521,33.27,0.045713,2.40874,5.17954,0.99
128,access_1,edge_4,16.47084,33.27,0.047842,1.93962,4.56572,0.99
128,edge_0,cloud_0,66.05777,47.1325,0.044473,7.6761,18.31121,0.99
128,edge_1,cloud_0,69.212,47.1325,0.042397,8.61601,19.18557,0.99
128,edge_2,cloud_0,67.36977,47.1325,0.048876,7.84153,18.6749,0.99
128,edge_3,cloud_0,66.55021,47.1325,0.046692,8.35992,18.44772,0.99
128,edge_4,cloud_0,68.40516,47.1325,0.045945,8.10256,18.96191,0.99
128,edge_0,edge_1,17.88208,33.27,0.045454,2.11521,4.95691,0.99
128,edge_1,edge_2,17.6276,33.27,0.043056,1.98159,4.88637,0.99
128,edge_2,edge_3,19.15965,33.27,0.046828,2.39271,5.31105,0.99
128,edge_3,edge_4,19.80184,33.27,0.045942,2.04974,5.48907,0.99
128,edge_4,edge_0,19.52696,33.27,0.047284,2.23532,5.41287,0.99
129,access_0,edge_0,19.17882,33.27,0.047475,2.24855,5.31637,0.99
129,access_0,edge_1,16.40641,33.27,0.046727,1.82365,4.54786,0.99
129,access_0,edge_2,19.31776,33.27,0.04637,1.97411,5.35488,0.99
129,access_0,edge_3,15.84721,33.27,0.043274,1.60016,4.39285,0.99
129,access_0,edge_4,18.05063,33.27,0.047705,1.74535,5.00364,0.99
129,access_1,edge_0,19.67385,33.27,0.044582,2.08489,5.45359,0.99
129,access_1,edge_1,16.86723,33.27,0.047976,1.8636,4.6756,0.99
129,access_1,edge_2,16.92398,33.27,0.04829,1.89116,4.69133,0.99
129,access_1,edge_3,17.19735,33.27,0.044957,1.88333,4.76711,0.99
129,access_1,edge_4,18.04728,33.27,0.049419,1.67703,5.0027,0.99
129,edge_0,cloud_0,68.15767,47.1325,0.046033,8.1283,18.89331,0.99
129,edge_1,cloud_0,66.84963,47.1325,0.049313,8.12815,18.53072,0.99
129,edge_2,cloud_0,65.34406,47.1325,0.043977,7.86875,18.11337,0.99
129,edge_3,cloud_0,67.07378,47.1325,0.04694,8.33676,18.59285,0.99
129,edge_4,cloud_0,67.0583,47.1325,0.048378,7.96809,18.58856,0.99
129,edge_0,edge_1,18.04617,33.27,0.041807,2.05848,5.0024,0.99
129,edge_1,edge_2,18.96001,33.27,0.048922,1.9971,5.25572,0.99
129,edge_2,edge_3,17.20779,33.27,0.045823,1.68021,4.77,0.99
129,edge_3,edge_4,19.17667,33.27,0.048166,2.6115,5.31577,0.99
129,edge_4,edge_0,20.08018,33.27,0.045783,2.5888,5.56623,0.99
130,access_0,edge_0,18.67369,33.27,0.046923,2.19807,5.17635,0.99
130,access_0,edge_1,18.10937,33.27,0.042821,2.13432,5.01992,0.99
130,access_0,edge_2,17.5689,33.27,0.047163,2.21805,4.8701,0.99
130,access_0,edge_3,17.3497,33.27,0.048895,1.83783,4.80934,0.99
130,access_0,edge_4,17.5339,33.27,0.041384,2.0206,4.8604,0.99
130,access_1,edge_0,17.91366,33.27,0.042549,1.63605,4.96567,0.99
130,access_1,edge_1,16.02578,33.27,0.046432,1.97763,4.44234,0.99
130,access_1,edge_2,17.52474,33.27,0.049166,1.88952,4.85786,0.99
130,access_1,edge_3,17.65706,33.27,0.048214,2.12445,4.89454,0.99
130,access_1,edge_4,16.7414,33.27,0.049225,2.04109,4.64072,0.99
130,edge_0,cloud_0,65.90861,47.1325,0.044936,7.34329,18.26987,0.99
130,edge_1,cloud_0,67.57955,47.1325,0.047982,8.1322,18.73305,0.99
130,edge_2,cloud_0,67.93059,47.1325,0.042647,7.98291,18.83036,0.99
130,edge_3,cloud_0,65.87673,47.1325,0.04753,7.62619,18.26103,0.99
130,edge_4,cloud_0,65.41295,47.1325,0.045522,7.95084,18.13247,0.99
130,edge_0,edge_1,17.30256,33.27,0.047412,1.98103,4.79627,0.99
130,edge_1,edge_2,17.04816,33.27,0.044973,1.91069,4.72575,0.99
130,edge_2,edge_3,17.39651,33.27,0.044377,1.85244,4.82231,0.99
130,edge_3,edge_4,17.20754,33.27,0.044529,2.04256,4.76993,0.99
130,edge_4,edge_0,16.78231,33.27,0.045995,1.81835,4.65206,0.99
131,access_0,edge_0,16.74853,33.27,0.047227,1.93258,4.64269,0.99
131,access_0,edge_1,19.48004,33.27,0.05159,2.0923,5.39987,0.99
131,access_0,edge_2,17.64834,33.27,0.04596,1.78999,4.89212,0.99
131,access_0,edge_3,18.77874,33.27,0.042424,2.60428,5.20547,0.99
131,access_0,edge_4,17.79934,33.27,0.046837,1.9845,4.93398,0.99
131,access_1,edge_0,16.75744,33.27,0.045104,1.76449,4.64516,0.99
131,access_1,edge_1,16.96366,33.27,0.047146,2.09145,4.70233,0.99
131,access_1,edge_2,18.07259,33.27,0.047989,2.2796,5.00972,0.99
131,access_1,edge_3,17.29957,33.27,0.044169,2.13371,4.79544,0.99
131,access_1,edge_4,18.08013,33.27,0.05097,2.10452,5.01181,0.99
131,edge_0,cloud_0,67.50555,47.1325,0.04425,7.68508,18.71254,0.99
131,edge_1,cloud_0,65.10364,47.1325,0.048279,7.94285,18.04673,0.99
131,edge_2,cloud_0,65.63318,47.1325,0.05061,7.59667,18.19352,0.99
131,edge_3,cloud_0,66.61696,47.1325,0.048008,8.10327,18.46622,0.99
131,edge_4,cloud_0,66.71664,47.1325,0.050181,7.95869,18.49385,0.99
131,edge_0,edge_1,17.69173,33.27,0.048233,2.51791,4.90415,0.99
131,edge_1,edge_2,18.65359,33.27,0.05079,1.84374,5.17078,0.99
131,edge_2,edge_3,17.19745,33.27,0.044447,2.17424,4.76713,0.99
131,edge_3,edge_4,17.94873,33.27,0.045132,1.92389,4.97539,0.99
131,edge_4,edge_0,16.7178,33.27,0.046457,1.98758,4.63417,0.99
132,access_0,edge_0,17.25841,33.27,0.048816,2.00249,4.78403,0.99
132,access_0,edge_1,17.64213,33.27,0.051174,1.69053,4.8904,0.99
132,access_0,edge_2,18.43083,33.27,0.046703,1.91308,5.10903,0.99
132,access_0,edge_3,18.82862,33.27,0.047239,1.95686,5.21929,0.99
132,access_0,edge_4,17.2295,33.27,0.048543,1.8876,4.77602,0.99
132,access_1,edge_0,17.20299,33.27,0.04841,1.90025,4.76867,0.99
132,access_1,edge_1,18.59446,33.27,0.046192,2.23717,5.15438,0.99
132,access_1,edge_2,17.31032,33.27,0.045205,2.01209,4.79842,0.99
132,access_1,edge_3,15.88797,33.27,0.047446,1.87801,4.40415,0.99
132,access_1,edge_4,20.83587,33.27,0.047133,2.77254,5.7757,0.99
132,edge_0,cloud_0,66.95807,47.1325,0.045578,8.05582,18.56078,0.99
132,edge_1,cloud_0,66.95205,47.1325,0.046816,7.75006,18.55911,0.99
132,edge_2,cloud_0,68.90675,47.1325,0.04722,8.53628,19.10095,0.99
132,edge_3,cloud_0,68.08633,47.1325,0.048953,7.73457,18.87353,0.99
132,edge_4,cloud_0,67.0645,47.1325,0.043342,7.52584,18.59028,0.99
132,edge_0,edge_1,17.26917,33.27,0.046132,1.93944,4.78701,0.99
132,edge_1,edge_2,19.98964,33.27,0.047642,2.55876,5.54113,0.99
132,edge_2,edge_3,19.28623,33.27,0.04943,2.29636,5.34614,0.99
132,edge_3,edge_4,17.93366,33.27,0.04334,2.23432,4.97121,0.99
132,edge_4,edge_0,17.5643,33.27,0.046543,1.85713,4.86882,0.99
133,access_0,edge_0,16.13228,33.27,0.044729,2.12614,4.47187,0.99
133,access_0,edge_1,17.95313,33.27,0.044078,2.15066,4.97661,0.99
133,access_0,edge_2,16.79169,33.27,0.045117,1.80021,4.65466,0.99
133,access_0,edge_3,17.44669,33.27,0.043304,1.82593,4.83622,0.99
133,access_0,edge_4,17.19772,33.27,0.047554,1.87026,4.76721,0.99
133,access_1,edge_0,19.28457,33.27,0.044974,2.19534,5.34568,0.99
133,access_1,edge_1,18.90368,33.27,0.046976,2.0253,5.2401,0.99
133,access_1,edge_2,15.95541,33.27,0.045195,2.1443,4.42284,0.99
133,access_1,edge_3,17.64891,33.27,0.051594,1.82746,4.89228,0.99
133,access_1,edge_4,16.8731,33.27,0.046099,1.97497,4.67722,0.99
133,edge_0,cloud_0,67.41458,47.1325,0.045285,8.17772,18.68732,0.99
133,edge_1,cloud_0,66.5713,47.1325,0.04685,7.69011,18.45356,0.99
133,edge_2,cloud_0,67.52231,47.1325,0.045772,7.84957,18.71719,0.99
133,edge_3,cloud_0,67.22374,47.1325,0.048298,8.15078,18.63442,0.99
133,edge_4,cloud_0,66.59971,47.1325,0.04539,7.6616,18.46144,0.99
133,edge_0,edge_1,18.06731,33.27,0.044602,1.90646,5.00826,0.99
133,edge_1,edge_2,19.01337,33.27,0.047175,2.04044,5.27051,0.99
133,edge_2,edge_3,17.84414,33.27,0.045246,1.71214,4.9464,0.99
133,edge_3,edge_4,17.95752,33.27,0.043379,2.26423,4.97783,0.99
133,edge_4,edge_0,18.88485,33.27,0.049011,1.6178,5.23488,0.99
134,access_0,edge_0,19.72295,33.27,0.043665,2.22497,5.4672,0.99
134,access_0,edge_1,19.10884,33.27,0.048865,2.28893,5.29697,0.99
134,access_0,edge_2,20.41641,33.27,0.045465,2.23413,5.65943,0.99
134,access_0,edge_3,16.81295,33.27,0.045722,1.93047,4.66055,0.99
134,access_0,edge_4,17.05219,33.27,0.045618,2.08375,4.72687,0.99
134,access_1,edge_0,17.85134,33.27,0.044482,2.38022,4.94839,0.99
134,access_1,edge_1,17.32581,33.27,0.046342,2.17302,4.80271,0.99
134,access_1,edge_2,18.60219,33.27,0.048857,2.33945,5.15653,0.99
134,access_1,edge_3,16.83072,33.27,0.045466,1.99928,4.66548,0.99
134,access_1,edge_4,18.18195,33.27,0.045207,2.32333,5.04004,0.99
134,edge_0,cloud_0,66.11406,47.1325,0.05122,7.6369,18.32682,0.99
134,edge_1,cloud_0,66.57918,47.1325,0.043838,7.85293,18.45575,0.99
134,edge_2,cloud_0,66.31883,47.1325,0.048704,7.66852,18.38358,0.99
134,edge_3,cloud_0,69.52592,47.1325,0.048568,8.23351,19.27258,0.99
134,edge_4,cloud_0,66.5716,47.1325,0.046155,7.93934,18.45365,0.99
134,edge_0,edge_1,19.3812,33.27,0.049813,2.37311,5.37247,0.99
134,edge_1,edge_2,16.69602,33.27,0.046351,1.7007,4.62814,0.99
134,edge_2,edge_3,18.76673,33.27,0.043889,1.98959,5.20214,0.99
134,edge_3,edge_4,17.0218,33.27,0.047805,1.72823,4.71844,0.99
134,edge_4,edge_0,16.67614,33.27,0.047324,2.33375,4.62263,0.99
135,access_0,edge_0,16.61933,33.27,0.046132,1.80041,4.60688,0.99
135,access_0,edge_1,17.02858,33.27,0.04775,1.92265,4.72032,0.99
135,access_0,edge_2,20.24873,33.27,0.047237,2.55642,5.61295,0.99
135,access_0,edge_3,17.50207,33.27,0.046086,2.16567,4.85158,0.99
135,access_0,edge_4,18.49607,33.27,0.043487,2.30486,5.12711,0.99
135,access_1,edge_0,17.05531,33.27,0.049017,2.08304,4.72773,0.99
135,access_1,edge_1,19.26802,33.27,0.049012,2.25554,5.34109,0.99
135,access_1,edge_2,17.47683,33.27,0.047134,1.77199,4.84458,0.99
135,access_1,edge_3,16.18235,33.27,0.044381,1.86062,4.48575,0.99
135,access_1,edge_4,16.99278,33.27,0.045398,2.10525,4.7104,0.99
135,edge_0,cloud_0,66.99894,47.1325,0.048211,8.09806,18.57211,0.99
135,edge_1,cloud_0,66.81078,47.1325,0.043403,7.57343,18.51995,0.99
135,edge_2,cloud_0,65.80957,47.1325,0.047208,8.02489,18.24241,0.99
135,edge_3,cloud_0,67.80042,47.1325,0.044757,7.94877,18.79428,0.99
135,edge_4,cloud_0,68.53925,47.1325,0.051078,8.06182,18.99908,0.99
135,edge_0,edge_1,18.37861,33.27,0.048209,2.05024,5.09455,0.99
135,edge_1,edge_2,17.24006,33.27,0.04271,1.99957,4.77895,0.99
135,edge_2,edge_3,19.50697,33.27,0.047811,2.4229,5.40733,0.99
135,edge_3,edge_4,17.47323,33.27,0.045145,1.99454,4.84358,0.99
135,edge_4,edge_0,17.11499,33.27,0.045868,1.99611,4.74428,0.99
136,access_0,edge_0,17.4767,33.27,0.047304,2.42192,4.84454,0.99
136,access_0,edge_1,18.23633,33.27,0.047709,2.20401,5.05511,0.99
136,access_0,edge_2,17.83695,33.27,0.048848,2.27612,4.9444,0.99
136,access_0,edge_3,18.36901,33.27,0.041398,2.27508,5.09189,0.99
136,access_0,edge_4,17.88967,33.27,0.043776,2.02477,4.95902,0.99
136,access_1,edge_0,17.73446,33.27,0.046307,2.07544,4.91599,0.99
136,access_1,edge_1,17.2526,33.27,0.043054,2.12451,4.78242,0.99
136,access_1,edge_2,17.04089,33.27,0.04924,2.04124,4.72373,0.99
136,access_1,edge_3,16.82465,33.27,0.049804,1.62684,4.66379,0.99
136,access_1,edge_4,17.57862,33.27,0.049565,2.19466,4.87279,0.99
136,edge_0,cloud_0,66.83472,47.1325,0.044876,7.99432,18.52658,0.99
136,edge_1,cloud_0,67.11132,47.1325,0.047575,8.13221,18.60326,0.99
136,edge_2,cloud_0,67.92575,47.1325,0.048018,8.22317,18.82902,0.99
136,edge_3,cloud_0,65.01715,47.1325,0.046697,7.9122,18.02275,0.99
136,edge_4,cloud_0,67.9717,47.1325,0.046034,8.02165,18.84175,0.99
136,edge_0,edge_1,17.3359,33.27,0.047649,2.07943,4.80551,0.99
136,edge_1,edge_2,16.75701,33.27,0.046895,2.02278,4.64504,0.99
136,edge_2,edge_3,15.51754,33.27,0.046551,1.68116,4.30146,0.99
136,edge_3,edge_4,17.39489,33.27,0.047113,2.09299,4.82186,0.99
136,edge_4,edge_0,17.88078,33.27,0.045786,2.15432,4.95655,0.99
137,access_0,edge_0,18.34078,33.27,0.047678,2.12609,5.08406,0.99
137,access_0,edge_1,16.8263,33.27,0.04651,1.86364,4.66425,0.99
137,access_0,edge_2,16.76654,33.27,0.045811,1.92954,4.64768,0.99
137,access_0,edge_3,17.05583,33.27,0.044248,1.91566,4.72788,0.99
137,access_0,edge_4,15.32372,33.27,0.045658,2.01289,4.24773,0.99
137,access_1,edge_0,17.47874,33.27,0.045537,2.00316,4.84511,0.99
137,access_1,edge_1,17.68836,33.27,0.045816,2.28969,4.90321,0.99
137,access_1,edge_2,17.57797,33.27,0.043531,1.8637,4.87261,0.99
137,access_1,edge_3,16.61596,33.27,0.048011,2.09493,4.60595,0.99
137,access_1,edge_4,19.26309,33.27,0.042716,2.28447,5.33973,0.99
137,edge_0,cloud_0,69.19897,47.1325,0.043071,8.17204,19.18196,0.99
137,edge_1,cloud_0,66.98939,47.1325,0.050453,7.8013,18.56946,0.99
137,edge_2,cloud_0,68.06517,47.1325,0.044712,7.9714,18.86767,0.99
137,edge_3,cloud_0,67.19093,47.1325,0.046004,8.02547,18.62533,0.99
137,edge_4,cloud_0,67.92258,47.1325,0.046353,7.92448,18.82814,0.99
137,edge_0,edge_1,20.29628,33.27,0.046591,2.30017,5.62613,0.99
137,edge_1,edge_2,18.74258,33.27,0.051986,2.33527,5.19544,0.99
137,edge_2,edge_3,15.79955,33.27,0.04126,2.01376,4.37963,0.99
137,edge_3,edge_4,19.27688,33.27,0.044042,1.69453,5.34355,0.99
137,edge_4,edge_0,17.39071,33.27,0.046344,2.00311,4.8207,0.99
138,access_0,edge_0,18.71936,33.27,0.044082,2.3617,5.18901,0.99
138,access_0,edge_1,19.82382,33.27,0.047363,2.15332,5.49516,0.99
138,access_0,edge_2,18.29386,33.27,0.047958,2.51155,5.07106,0.99
138,access_0,edge_3,15.08438,33.27,0.045667,1.58359,4.18139,0.99
138,access_0,edge_4,17.27941,33.27,0.043602,2.17959,4.78985,0.99
138,access_1,edge_0,17.30492,33.27,0.046495,2.66671,4.79692,0.99
138,access_1,edge_1,16.66931,33.27,0.045695,1.908,4.62073,0.99
138,access_1,edge_2,16.65646,33.27,0.047309,2.00624,4.61717,0.99
138,access_1,edge_3,17.33883,33.27,0.047886,1.96022,4.80632,0.99
138,access_1,edge_4,15.93822,33.27,0.048446,2.04394,4.41808,0.99
138,edge_0,cloud_0,65.1558,47.1325,0.043732,7.57128,18.06119,0.99
138,edge_1,cloud_0,66.6198,47.1325,0.043128,8.09243,18.46701,0.99
138,edge_2,cloud_0,68.05599,47.1325,0.04875,8.18266,18.86512,0.99
138,edge_3,cloud_0,65.77203,47.1325,0.046353,8.45941,18.23201,0.99
138,edge_4,cloud_0,65.53069,47.1325,0.045088,7.78426,18.16511,0.99
138,edge_0,edge_1,18.58963,33.27,0.044136,2.31469,5.15304,0.99
138,edge_1,edge_2,17.66154,33.27,0.047405,2.11684,4.89578,0.99
138,edge_2,edge_3,15.12568,33.27,0.044476,1.33902,4.19284,0.99
138,edge_3,edge_4,17.74608,33.27,0.046757,1.85523,4.91921,0.99
138,edge_4,edge_0,18.09732,33.27,0.046252,2.2037,5.01658,0.99
139,access_0,edge_0,17.04437,33.27,0.042012,2.21558,4.7247,0.99
139,access_0,edge_1,18.80732,33.27,0.045805,2.38835,5.21339,0.99
139,access_0,edge_2,19.02994,33.27,0.042518,2.35043,5.2751,0.99
139,access_0,edge_3,17.35997,33.27,0.043088,2.14735,4.81218,0.99
139,access_0,edge_4,19.34659,33.27,0.047831,2.333,5.36287,0.99
139,access_1,edge_0,17.5864,33.27,0.045249,2.29861,4.87495,0.99
139,access_1,edge_1,16.40994,33.27,0.047858,2.01917,4.54884,0.99
139,access_1,edge_2,20.07693,33.27,0.047829,2.42951,5.56532,0.99
139,access_1,edge_3,19.4183,33.27,0.043681,2.37956,5.38275,0.99
139,access_1,edge_4,17.62839,33.27,0.048958,2.16498,4.88659,0.99
139,edge_0,cloud_0,66.34492,47.1325,0.040751,8.08579,18.39081,0.99
139,edge_1,cloud_0,66.36962,47.1325,0.044051,7.93222,18.39766,0.99
139,edge_2,cloud_0,66.6364,47.1325,0.044338,8.08663,18.47161,0.99
139,edge_3,cloud_0,65.64271,47.1325,0.047588,7.87073,18.19616,0.99
139,edge_4,cloud_0,67.32056,47.1325,0.046028,7.90687,18.66126,0.99
139,edge_0,edge_1,19.03283,33.27,0.048092,2.41681,5.2759,0.99
139,edge_1,edge_2,17.79375,33.27,0.04444,1.90046,4.93243,0.99
139,edge_2,edge_3,17.16764,33.27,0.050129,2.23011,4.75887,0.99
139,edge_3,edge_4,16.69853,33.27,0.041259,1.96439,4.62883,0.99
139,edge_4,edge_0,17.25816,33.27,0.050659,1.98018,4.78396,0.99
140,access_0,edge_0,17.78577,33.27,0.046606,2.20627,4.93021,0.99
140,access_0,edge_1,17.97798,33.27,0.051427,1.93459,4.9835,0.99
140,access_0,edge_2,19.32907,33.27,0.048552,2.46344,5.35802,0.99
140,access_0,edge_3,15.18224,33.27,0.047831,1.53835,4.20852,0.99
140,access_0,edge_4,17.1944,33.27,0.048481,2.46106,4.76629,0.99
140,access_1,edge_0,15.80959,33.27,0.044851,2.05475,4.38242,0.99
140,access_1,edge_1,16.44929,33.27,0.04985,1.99583,4.55974,0.99
140,access_1,edge_2,17.79501,33.27,0.044043,2.03524,4.93278,0.99
140,access_1,edge_3,17.20701,33.27,0.043419,2.05227,4.76978,0.99
140,access_1,edge_4,18.23061,33.27,0.047585,1.97864,5.05353,0.99
140,edge_0,cloud_0,67.37833,47.1325,0.045867,7.97159,18.67727,0.99
140,edge_1,cloud_0,65.77275,47.1325,0.045204,8.0067,18.23221,0.99
140,edge_2,cloud_0,67.8272,47.1325,0.046007,7.85898,18.8017,0.99
140,edge_3,cloud_0,68.89077,47.1325,0.047536,8.14194,19.09652,0.99
140,edge_4,cloud_0,68.22235,47.1325,0.045533,8.17242,18.91124,0.99
140,edge_0,edge_1,18.7527,33.27,0.046157,2.1267,5.19825,0.99
140,edge_1,edge_2,17.63765,33.27,0.048035,2.24401,4.88916,0.99
140,edge_2,edge_3,17.78527,33.27,0.046064,2.11419,4.93008,0.99
140,edge_3,edge_4,18.54664,33.27,0.048236,2.17845,5.14113,0.99
140,edge_4,edge_0,19.1353,33.27,0.047539,2.20308,5.3043,0.99
141,access_0,edge_0,17.28878,33.27,0.043231,2.01069,4.79245,0.99
141,access_0,edge_1,19.25841,33.27,0.047765,2.15145,5.33843,0.99
141,access_0,edge_2,18.65937,33.27,0.046355,2.63132,5.17238,0.99
141,access_0,edge_3,18.67277,33.27,0.044628,2.28062,5.17609,0.99
141,access_0,edge_4,18.72093,33.27,0.047176,2.53659,5.18944,0.99
141,access_1,edge_0,19.17213,33.27,0.048131,2.44659,5.31451,0.99
141,access_1,edge_1,17.76383,33.27,0.044163,1.69239,4.92413,0.99
141,access_1,edge_2,19.48524,33.27,0.043454,2.48021,5.40131,0.99
141,access_1,edge_3,15.9099,33.27,0.04752,1.53007,4.41022,0.99
141,access_1,edge_4,18.691,33.27,0.042265,2.52525,5.18115,0.99
141,edge_0,cloud_0,65.5554,47.1325,0.046983,7.69578,18.17196,0.99
141,edge_1,cloud_0,66.91979,47.1325,0.04849,7.77914,18.55017,0.99
141,edge_2,cloud_0,66.55822,47.1325,0.045643,7.77635,18.44994,0.99
141,edge_3,cloud_0,64.95047,47.1325,0.04679,7.7421,18.00427,0.99
141,edge_4,cloud_0,67.14888,47.1325,0.04264,8.08537,18.61367,0.99
141,edge_0,edge_1,18.23525,33.27,0.043687,2.3344,5.05481,0.99
141,edge_1,edge_2,18.02047,33.27,0.045625,1.8486,4.99527,0.99
141,edge_2,edge_3,18.52504,33.27,0.044479,2.37,5.13514,0.99
141,edge_3,edge_4,17.49361,33.27,0.045158,2.24747,4.84923,0.99
141,edge_4,edge_0,14.95064,33.27,0.048311,1.69142,4.14432,0.99
142,access_0,edge_0,19.96151,33.27,0.045761,2.40029,5.53333,0.99
142,access_0,edge_1,19.44448,33.27,0.047224,2.32192,5.39001,0.99
142,access_0,edge_2,18.78506,33.27,0.048502,2.69,5.20722,0.99
142,access_0,edge_3,18.89387,33.27,0.043387,2.48675,5.23738,0.99
142,access_0,edge_4,18.74289,33.27,0.046414,2.37556,5.19553,0.99
142,access_1,edge_0,17.85587,33.27,0.045632,1.96756,4.94965,0.99
142,access_1,edge_1,17.79872,33.27,0.044613,2.01305,4.93381,0.99
142,access_1,edge_2,18.04499,33.27,0.045554,1.90742,5.00207,0.99
142,access_1,edge_3,17.38571,33.27,0.044366,2.06576,4.81932,0.99
142,access_1,edge_4,20.14926,33.27,0.047454,2.43831,5.58538,0.99
142,edge_0,cloud_0,68.47338,47.1325,0.043777,7.98006,18.98082,0.99
142,edge_1,cloud_0,68.39203,47.1325,0.046558,8.28693,18.95827,0.99
142,edge_2,cloud_0,67.4159,47.1325,0.044986,7.7774,18.68769,0.99
142,edge_3,cloud_0,66.30347,47.1325,0.042997,8.02209,18.37932,0.99
142,edge_4,cloud_0,67.70056,47.1325,0.049479,7.70854,18.7666,0.99
142,edge_0,edge_1,15.31557,33.27,0.045336,2.0314,4.24548,0.99
142,edge_1,edge_2,17.0295,33.27,0.045967,2.30557,4.72058,0.99
142,edge_2,edge_3,16.76796,33.27,0.047508,2.0011,4.64808,0.99
142,edge_3,edge_4,17.80567,33.27,0.042823,2.08159,4.93573,0.99
142,edge_4,edge_0,15.8519,33.27,0.044166,1.5049,4.39415,0.99
143,access_0,edge_0,18.1381,33.27,0.048289,2.35175,5.02788,0.99
143,access_0,edge_1,18.72206,33.27,0.044866,2.38679,5.18976,0.99
143,access_0,edge_2,18.87559,33.27,0.047284,2.15744,5.23231,0.99
143,access_0,edge_3,19.65492,33.27,0.04862,2.66479,5.44834,0.99
143,access_0,edge_4,17.94101,33.27,0.047635,2.11611,4.97325,0.99
143,access_1,edge_0,16.8313,33.27,0.045002,1.94159,4.66564,0.99
143,access_1,edge_1,17.38906,33.27,0.046463,2.2265,4.82025,0.99
143,access_1,edge_2,18.21982,33.27,0.044126,1.78504,5.05053,0.99
143,access_1,edge_3,18.36258,33.27,0.045542,2.07625,5.09011,0.99
143,access_1,edge_4,18.91603,33.27,0.049517,1.87739,5.24352,0.99
143,edge_0,cloud_0,66.2631,47.1325,0.045617,7.64189,18.36813,0.99
143,edge_1,cloud_0,66.79898,47.1325,0.045461,7.73463,18.51668,0.99
143,edge_2,cloud_0,66.4442,47.1325,0.041208,7.72588,18.41833,0.99
143,edge_3,cloud_0,67.28649,47.1325,0.045837,8.12132,18.65182,0.99
143,edge_4,cloud_0,65.95044,47.1325,0.04439,7.6948,18.28146,0.99
143,edge_0,edge_1,17.34027,33.27,0.044647,2.14183,4.80672,0.99
143,edge_1,edge_2,16.18436,33.27,0.045097,2.07637,4.4863,0.99
143,edge_2,edge_3,15.56077,33.27,0.048805,1.70741,4.31345,0.99
143,edge_3,edge_4,18.99947,33.27,0.046613,2.28938,5.26665,0.99
143,edge_4,edge_0,17.96085,33.27,0.046425,2.0043,4.97875,0.99
144,access_0,edge_0,18.69128,33.27,0.048513,2.37821,5.18122,0.99
144,access_0,edge_1,17.50549,33.27,0.044912,2.02494,4.85252,0.99
144,access_0,edge_2,17.59414,33.27,0.047884,2.18169,4.8771,0.99
144,access_0,edge_3,16.89461,33.27,0.049503,2.1583,4.68318,0.99
144,access_0,edge_4,17.9118,33.27,0.04641,2.02402,4.96515,0.99
144,access_1,edge_0,16.28624,33.27,0.044115,2.14535,4.51455,0.99
144,access_1,edge_1,14.18801,33.27,0.04608,1.81601,3.93292,0.99
144,access_1,edge_2,18.68171,33.27,0.044581,2.28729,5.17857,0.99
144,access_1,edge_3,17.67122,33.27,0.048519,2.32953,4.89846,0.99
144,access_1,edge_4,18.40264,33.27,0.045413,1.9425,5.10121,0.99
144,edge_0,cloud_0,67.59693,47.1325,0.045563,8.2595,18.73787,0.99
144,edge_1,cloud_0,64.13938,47.1325,0.046776,7.75498,17.77944,0.99
144,edge_2,cloud_0,66.6715,47.1325,0.05095,7.83814,18.48134,0.99
144,edge_3,cloud_0,69.43232,47.1325,0.043,8.39304,19.24664,0.99
144,edge_4,cloud_0,67.88326,47.1325,0.045425,7.84033,18.81724,0.99
144,edge_0,edge_1,19.64712,33.27,0.046486,2.46663,5.44618,0.99
144,edge_1,edge_2,17.692,33.27,0.045786,2.10686,4.90422,0.99
144,edge_2,edge_3,16.71008,33.27,0.045024,2.3681,4.63203,0.99
144,edge_3,edge_4,15.75163,33.27,0.04548,1.68647,4.36635,0.99
144,edge_4,edge_0,16.68573,33.27,0.046253,1.82408,4.62528,0.99
145,access_0,edge_0,13.93523,45.8126,0.0,0.88796,2.05027,0.52546
145,access_0,edge_1,14.38164,42.83376,0.004032,1.2501,2.56022,0.63579
145,access_0,edge_2,14.04247,44.05468,0.008493,1.19012,2.32205,0.59057
145,access_0,edge_3,12.08598,46.8973,0.006675,0.78739,1.64224,0.48529
145,access_0,edge_4,13.2008,43.96347,0.002197,1.14674,2.19536,0.59395
145,access_1,edge_0,13.06761,42.82433,0.005245,1.05441,2.32758,0.63614
145,access_1,edge_1,16.87188,43.5488,0.003747,1.6792,2.87843,0.6093
145,access_1,edge_2,13.68745,46.008,0.002332,1.15492,1.98608,0.51822
145,access_1,edge_3,14.2482,44.17539,0.007914,1.48918,2.33823,0.5861
145,access_1,edge_4,12.83205,44.31919,0.004173,0.84087,2.08669,0.58077
145,edge_0,cloud_0,52.33999,63.7639,0.002449,4.74238,8.13645,0.55519
145,edge_1,cloud_0,50.50123,62.06879,0.002777,4.42969,8.47726,0.59951
145,edge_2,cloud_0,50.92442,62.9326,0.001561,4.5892,8.22629,0.57693
145,edge_3,cloud_0,50.27166,65.52822,0.0,4.02448,7.16565,0.50907
145,edge_4,cloud_0,52.00929,62.7396,0.004985,4.13981,8.47501,0.58197
145,edge_0,edge_1,15.24359,43.63198,0.004342,1.75339,2.58748,0.60622
145,edge_1,edge_2,11.63251,45.53777,0.002485,0.92938,1.74463,0.53564
145,edge_2,edge_3,11.66963,44.99972,0.004524,1.05723,1.81531,0.55557
145,edge_3,edge_4,10.90304,44.10918,0.002127,1.30455,1.79675,0.58855
145,edge_4,edge_0,13.84716,43.91199,0.00286,1.30178,2.31024,0.59585
146,access_0,edge_0,14.40101,44.14787,0.00966,1.23089,2.36742,0.58712
146,access_0,edge_1,11.5616,45.35434,0.005717,1.23279,1.75599,0.54243
146,access_0,edge_2,13.17034,45.74533,0.000588,0.90301,1.94692,0.52795
146,access_0,edge_3,14.62495,46.37145,0.002256,0.9409,2.06699,0.50476
146,access_0,edge_4,13.87033,46.06339,0.007605,1.33279,2.00465,0.51617
146,access_1,edge_0,13.80534,45.22347,0.005395,1.04106,2.1155,0.54728
146,access_1,edge_1,15.04525,43.95098,0.007791,1.28541,2.50405,0.59441
146,access_1,edge_2,13.94864,44.85306,0.000279,0.72118,2.19104,0.561
146,access_1,edge_3,16.84326,43.73974,0.004653,1.4306,2.84019,0.60223
146,access_1,edge_4,11.81125,46.40692,0.002878,0.77744,1.66498,0.50345
146,edge_0,cloud_0,52.15061,64.48402,0.0,4.28005,7.8321,0.53637
146,edge_1,cloud_0,51.5911,63.46982,0.005579,4.47421,8.1311,0.56288
146,edge_2,cloud_0,52.00072,64.06802,0.000764,4.62945,7.96794,0.54724
146,edge_3,cloud_0,50.03564,64.93808,0.004983,3.97371,7.34816,0.52449
146,edge_4,cloud_0,51.40836,64.06813,0.001309,4.31701,7.87714,0.54724
146,edge_0,edge_1,12.98484,47.0696,0.003178,0.96025,1.74118,0.4789
146,edge_1,edge_2,12.42957,44.53032,0.005283,1.11118,1.99403,0.57295
146,edge_2,edge_3,13.39638,45.11496,0.001685,1.37048,2.06791,0.5513
146,edge_3,edge_4,14.61484,43.85649,0.003659,1.34116,2.44673,0.59791
146,edge_4,edge_0,13.98617,42.54014,0.002864,1.28307,2.53241,0.64666
147,access_0,edge_0,15.64481,44.85437,0.00429,1.73089,2.45726,0.56095
147,access_0,edge_1,13.62338,45.6714,0.003273,1.10167,2.02434,0.53069
147,access_0,edge_2,13.27838,46.63654,0.003245,1.17553,1.84017,0.49494
147,access_0,edge_3,14.39826,44.82591,0.001095,1.21407,2.26572,0.562
147,access_0,edge_4,13.86349,44.26947,0.002416,1.3503,2.26157,0.58261
147,access_1,edge_0,13.36346,45.71909,0.007341,1.1747,1.97911,0.52892
147,access_1,edge_1,13.80176,43.26842,0.002894,1.23284,2.39478,0.61969
147,access_1,edge_2,13.9005,46.20942,0.006492,1.04321,1.98796,0.51076
147,access_1,edge_3,14.54398,45.70006,0.00743,0.8382,2.15681,0.52963
147,access_1,edge_4,13.68473,46.90291,0.005283,1.14433,1.85868,0.48508
147,edge_0,cloud_0,48.21042,66.82235,0.000565,3.80787,6.41513,0.47523
147,edge_1,cloud_0,53.37539,61.96068,0.005592,4.86549,9.00196,0.60234
147,edge_2,cloud_0,50.63036,64.57412,0.001143,4.24367,7.57039,0.53401
147,edge_3,cloud_0,51.82975,64.09528,0.004819,4.48992,7.9314,0.54653
147,edge_4,cloud_0,49.74979,65.3153,0.004826,3.98804,7.1688,0.51463
147,edge_0,edge_1,12.19849,44.74924,0.002533,0.68976,1.92927,0.56484
147,edge_1,edge_2,12.12482,45.08341,0.003208,0.98773,1.8756,0.55247
147,edge_2,edge_3,13.27154,45.36185,0.006163,1.11851,2.01466,0.54215
147,edge_3,edge_4,13.49433,44.59041,0.002736,1.23873,2.15644,0.57073
147,edge_4,edge_0,15.4813,43.03396,0.001527,1.39874,2.72384,0.62837
148,access_0,edge_0,13.0758,44.20608,0.003363,1.05895,2.14167,0.58496
148,access_0,edge_1,15.02563,45.11883,0.002054,1.07488,2.3188,0.55115
148,access_0,edge_2,14.18154,45.04676,0.007547,1.154,2.19914,0.55382
148,access_0,edge_3,14.41912,44.87781,0.001458,1.44832,2.26125,0.56008
148,access_0,edge_4,13.57918,45.96093,0.005035,1.00509,1.977,0.51997
148,access_1,edge_0,12.97442,44.27801,0.007938,1.01471,2.11539,0.5823
148,access_1,edge_1,13.02689,44.58158,0.004001,1.47565,2.08293,0.57105
148,access_1,edge_2,12.61233,45.42133,0.002945,1.33585,1.90681,0.53995
148,access_1,edge_3,13.36015,43.97884,0.005117,1.19944,2.21973,0.59338
148,access_1,edge_4,14.82552,44.66885,0.007549,1.33436,2.35711,0.56782
148,edge_0,cloud_0,50.52152,66.01397,0.003106,4.00933,7.02162,0.49637
148,edge_1,cloud_0,50.61577,63.31298,0.006496,3.91186,8.03549,0.56698
148,edge_2,cloud_0,51.43042,63.35172,0.005369,4.32127,8.15024,0.56597
148,edge_3,cloud_0,47.97249,66.01401,0.004431,3.55779,6.66733,0.49637
148,edge_4,cloud_0,55.30816,61.41935,0.008188,5.06136,9.5471,0.61649
148,edge_0,edge_1,13.21974,44.14451,0.002529,0.5787,2.17369,0.58724
148,edge_1,edge_2,13.23947,44.08598,0.003472,1.36258,2.18497,0.58941
148,edge_2,edge_3,10.88174,46.00628,0.002869,0.93989,1.57916,0.51829
148,edge_3,edge_4,12.02528,45.74113,0.006119,0.68891,1.77818,0.52811
148,edge_4,edge_0,13.72472,46.21472,0.006524,0.8985,1.96207,0.51057
149,access_0,edge_0,12.96024,43.78133,0.003488,0.94825,2.17983,0.60069
149,access_0,edge_1,14.31952,44.25534,0.008764,1.18841,2.33806,0.58314
149,access_0,edge_2,13.3314,46.00572,0.0,1.05,1.93473,0.51831
149,access_0,edge_3,16.52518,44.05703,0.00268,1.47669,2.73218,0.59048
149,access_0,edge_4,13.0628,45.08648,0.007743,1.17309,2.02028,0.55235
149,access_1,edge_0,13.41631,46.21407,0.003063,1.05829,1.91807,0.51059
149,access_1,edge_1,14.16369,43.43775,0.004147,1.25588,2.43271,0.61342
149,access_1,edge_2,13.51444,45.9603,0.005814,1.10168,1.96766,0.51999
149,access_1,edge_3,16.23096,43.7876,0.007454,1.35578,2.72889,0.60046
149,access_1,edge_4,14.30327,45.83418,0.005508,1.38815,2.10122,0.52466
149,edge_0,cloud_0,50.32692,64.11016,0.006415,4.02026,7.69595,0.54614
149,edge_1,cloud_0,52.14395,62.74477,0.004195,4.40094,8.49499,0.58184
149,edge_2,cloud_0,52.93898,62.91307,0.004182,4.52055,8.55929,0.57744
149,edge_3,cloud_0,52.45059,63.32191,0.000961,4.07362,8.32335,0.56675
149,edge_4,cloud_0,50.03191,63.67286,0.001575,3.8901,7.81099,0.55757
149,edge_0,edge_1,12.68599,46.04874,0.000629,0.85199,1.83541,0.51671
149,edge_1,edge_2,14.40748,43.58395,0.003714,1.3853,2.45274,0.608
149,edge_2,edge_3,13.34607,44.36131,0.003853,0.97435,2.16445,0.57921
149,edge_3,edge_4,14.50097,45.45244,0.003678,1.13837,2.18767,0.5388
149,edge_4,edge_0,13.5507,44.46149,0.00637,1.21244,2.18356,0.5755
150,access_0,edge_0,13.34368,44.34866,0.003345,1.11164,2.16582,0.57968
150,access_0,edge_1,14.26364,43.56713,0.003798,1.15003,2.43074,0.60862
150,access_0,edge_2,14.61105,45.72853,0.005521,0.92422,2.16244,0.52857
150,access_0,edge_3,13.05514,45.76461,0.002125,1.30896,1.92728,0.52724
150,access_0,edge_4,14.50654,45.05269,0.003956,0.89359,2.24865,0.5536
150,access_1,edge_0,15.60121,45.20934,0.004304,1.16544,2.39298,0.5478
150,access_1,edge_1,13.66318,45.37865,0.003484,1.347,2.07173,0.54153
150,access_1,edge_2,12.19366,46.3917,0.002954,0.56284,1.72081,0.50401
150,access_1,edge_3,14.37186,44.18229,0.002453,1.24644,2.3575,0.58584
150,access_1,edge_4,13.81754,43.54294,0.00578,1.42947,2.35818,0.60952
150,edge_0,cloud_0,52.94276,60.49614,0.00442,4.58426,9.49659,0.64062
150,edge_1,cloud_0,51.91801,63.95199,0.002178,4.09872,7.99937,0.55027
150,edge_2,cloud_0,50.06793,63.85816,0.002591,4.39056,7.7487,0.55273
150,edge_3,cloud_0,50.34122,65.48063,9.3e-05,4.19935,7.1931,0.51031
150,edge_4,cloud_0,50.77512,63.52471,0.00151,4.55633,7.98209,0.56145
150,edge_0,edge_1,13.02045,46.52806,0.004001,0.98378,1.81907,0.49896
150,edge_1,edge_2,12.76114,43.93076,0.007604,0.96652,2.12657,0.59516
150,edge_2,edge_3,10.87575,46.11024,0.004498,0.62536,1.56656,0.51444
150,edge_3,edge_4,14.4598,44.39938,0.002459,1.14664,2.33937,0.5778
150,edge_4,edge_0,14.16733,44.59741,0.004042,0.97114,2.26296,0.57047
151,access_0,edge_0,12.74221,45.86021,0.004964,1.15987,1.86845,0.5237
151,access_0,edge_1,14.29011,43.4236,0.005709,1.15589,2.45652,0.61394
151,access_0,edge_2,13.78983,45.14659,0.001684,1.36852,2.12412,0.55013
151,access_0,edge_3,13.93445,45.15735,0.00567,1.27537,2.14484,0.54973
151,access_0,edge_4,12.88334,45.82596,0.005286,0.95067,1.89372,0.52496
151,access_1,edge_0,16.35033,45.06192,0.005589,1.38725,2.53289,0.55326
151,access_1,edge_1,13.12909,44.55287,0.005618,0.71206,2.10318,0.57212
151,access_1,edge_2,13.57058,45.80605,0.00419,1.14788,1.99754,0.5257
151,access_1,edge_3,15.59912,43.7146,0.005642,1.46665,2.63447,0.60316
151,access_1,edge_4,13.08847,45.17394,0.0,1.28826,2.01238,0.54911
151,edge_0,cloud_0,54.32201,62.13096,0.002806,4.78248,9.0939,0.59788
151,edge_1,cloud_0,50.51269,64.11199,0.005523,4.47172,7.72368,0.54609
151,edge_2,cloud_0,50.01217,64.61701,0.002063,4.11576,7.46226,0.53289
151,edge_3,cloud_0,49.11127,64.16351,0.004935,4.0276,7.49087,0.54474
151,edge_4,cloud_0,50.23896,65.28458,0.003896,4.2482,7.25059,0.51544
151,edge_0,edge_1,14.8023,44.31729,0.008942,1.28952,2.40738,0.58084
151,edge_1,edge_2,14.86471,43.97886,0.006722,1.25556,2.4697,0.59338
151,edge_2,edge_3,11.31817,45.0646,0.0,1.04023,1.75302,0.55316
151,edge_3,edge_4,10.44803,43.65133,0.004088,0.86511,1.77138,0.60551
151,edge_4,edge_0,13.53317,43.6455,0.004086,1.20273,2.29526,0.60572
152,access_0,edge_0,11.40519,42.84305,0.002764,1.20634,2.02926,0.63544
152,access_0,edge_1,11.88698,44.68366,0.004324,1.08303,1.88808,0.56727
152,access_0,edge_2,12.41122,45.61943,0.006125,1.15168,1.85091,0.53261
152,access_0,edge_3,14.05229,45.86002,0.005237,1.52938,2.06058,0.5237
152,access_0,edge_4,11.91705,45.96502,0.004626,0.98784,1.7345,0.51981
152,access_1,edge_0,12.5793,44.38499,0.005306,0.92775,2.03701,0.57833
152,access_1,edge_1,14.8666,43.06227,0.003209,1.07639,2.61133,0.62732
152,access_1,edge_2,12.54639,45.75758,0.003337,0.74733,1.85309,0.5275
152,access_1,edge_3,12.75635,44.35079,0.005228,1.31784,2.0702,0.5796
152,access_1,edge_4,11.82717,45.85133,0.004567,1.02756,1.73536,0.52402
152,edge_0,cloud_0,54.72097,61.28724,0.003487,4.62411,9.49866,0.61994
152,edge_1,cloud_0,52.94222,63.59733,0.007726,4.40196,8.29462,0.55955
152,edge_2,cloud_0,49.92454,64.87161,0.001598,4.08243,7.35613,0.52623
152,edge_3,cloud_0,52.20976,62.66353,0.005811,4.37939,8.53676,0.58396
152,edge_4,cloud_0,50.45741,63.58299,0.001435,4.15068,7.91062,0.55992
152,edge_0,edge_1,13.35475,44.42838,0.005857,1.25648,2.15657,0.57673
152,edge_1,edge_2,14.93198,45.90174,0.004752,1.23406,2.18312,0.52216
152,edge_2,edge_3,12.71462,45.5706,0.00343,1.11843,1.90259,0.53442
152,edge_3,edge_4,13.05126,45.50835,0.005619,1.35026,1.96139,0.53673
152,edge_4,edge_0,11.77176,46.54978,0.003026,1.05095,1.64197,0.49816
153,access_0,edge_0,13.49295,43.40698,0.002175,1.13354,2.32181,0.61456
153,access_0,edge_1,13.86619,45.62379,0.005015,1.02944,2.06726,0.53245
153,access_0,edge_2,14.35155,46.50278,0.001589,1.2406,2.0088,0.4999
153,access_0,edge_3,12.1607,43.98153,0.006183,1.19885,2.0201,0.59328
153,access_0,edge_4,13.88585,45.56129,0.007264,1.09818,2.07919,0.53477
153,access_1,edge_0,15.43374,44.43464,0.002521,1.42547,2.49129,0.57649
153,access_1,edge_1,14.08462,44.0367,0.000691,1.1853,2.33164,0.59123
153,access_1,edge_2,11.98571,45.45037,0.003634,1.0597,1.80846,0.53888
153,access_1,edge_3,12.32598,45.1945,0.009093,1.11002,1.89251,0.54835
153,access_1,edge_4,15.04976,42.93277,0.005261,1.25984,2.66371,0.63212
153,edge_0,cloud_0,50.53146,62.82314,0.004045,4.10164,8.2033,0.57979
153,edge_1,cloud_0,51.4673,64.23822,0.005949,4.10164,7.82209,0.54279
153,edge_2,cloud_0,49.09889,64.8906,0.004102,3.97748,7.22765,0.52574
153,edge_3,cloud_0,51.32975,65.78005,0.004778,4.26335,7.22184,0.50248
153,edge_4,cloud_0,52.53987,62.23203,0.004715,4.8737,8.75669,0.59524
153,edge_0,edge_1,13.57932,45.02667,0.003204,1.31676,2.10858,0.55457
153,edge_1,edge_2,13.40352,44.59028,0.007675,1.46205,2.14194,0.57073
153,edge_2,edge_3,12.92019,45.23186,0.003593,1.36795,1.97874,0.54697
153,edge_3,edge_4,12.69172,45.81474,0.001876,0.88867,1.86703,0.52538
153,edge_4,edge_0,14.21177,45.83856,0.004194,1.05276,2.08713,0.5245
154,access_0,edge_0,14.51683,46.51302,0.005025,1.11156,2.0304,0.49952
154,access_0,edge_1,12.46674,45.77541,0.004247,1.03547,1.83902,0.52684
154,access_0,edge_2,12.81362,45.00657,0.001295,0.87519,1.99236,0.55531
154,access_0,edge_3,14.07529,45.20389,0.003696,1.18598,2.15973,0.548
154,access_0,edge_4,14.42409,45.1118,0.0,0.96567,2.22702,0.55141
154,access_1,edge_0,13.24665,44.96794,0.002636,0.95665,2.06499,0.55674
154,access_1,edge_1,15.27343,44.29745,0.003711,1.21388,2.48714,0.58158
154,access_1,edge_2,15.06882,45.08463,0.004843,1.26799,2.33081,0.55242
154,access_1,edge_3,14.17226,43.68399,0.000782,1.26167,2.39799,0.6043
154,access_1,edge_4,16.35288,44.99661,0.002988,1.12436,2.54436,0.55568
154,edge_0,cloud_0,48.2007,66.07453,0.008017,4.01214,6.67769,0.49478
154,edge_1,cloud_0,49.32461,64.71693,0.001434,3.70574,7.32359,0.53028
154,edge_2,cloud_0,53.22922,62.02946,0.006189,4.38095,8.95051,0.60054
154,edge_3,cloud_0,48.99598,64.81603,0.000773,4.39676,7.23925,0.52769
154,edge_4,cloud_0,49.35691,64.49915,0.002429,4.20205,7.40707,0.53597
154,edge_0,edge_1,15.19948,43.21242,0.002272,1.13313,2.64613,0.62176
154,edge_1,edge_2,10.68512,44.93282,0.001964,0.67792,1.66957,0.55804
154,edge_2,edge_3,13.29057,44.16074,0.003603,1.4264,2.1831,0.58664
154,edge_3,edge_4,13.38574,44.80487,0.001286,1.2062,2.10931,0.56278
154,edge_4,edge_0,13.00453,45.74351,0.004146,0.89461,1.92266,0.52802
155,access_0,edge_0,12.18682,46.00813,0.005898,0.85916,1.76832,0.51822
155,access_0,edge_1,12.3998,45.37452,0.007087,0.95629,1.8807,0.54168
155,access_0,edge_2,15.39405,44.48796,0.005349,1.56849,2.47637,0.57452
155,access_0,edge_3,11.46664,46.57525,0.005429,1.03252,1.59638,0.49721
155,access_0,edge_4,13.6841,44.87012,0.002832,1.3513,2.14707,0.56037
155,access_1,edge_0,15.12308,43.88537,0.002759,1.24797,2.52729,0.59684
155,access_1,edge_1,12.32549,44.47991,0.0,1.33111,1.98378,0.57482
155,access_1,edge_2,14.00406,46.34551,0.005129,1.26556,1.98301,0.50572
155,access_1,edge_3,15.70507,44.42397,0.005374,1.20825,2.53683,0.57689
155,access_1,edge_4,11.46436,46.66771,0.005401,0.46644,1.58507,0.49379
155,edge_0,cloud_0,50.02973,64.10994,0.005493,3.97729,7.65058,0.54615
155,edge_1,cloud_0,48.12406,65.02798,0.001935,3.93974,7.03575,0.52214
155,edge_2,cloud_0,51.71101,63.49522,0.004279,3.72198,8.14038,0.56222
155,edge_3,cloud_0,50.00558,64.35928,0.002738,4.37658,7.55562,0.53963
155,edge_4,cloud_0,48.28718,62.96322,0.003702,4.22419,7.78945,0.57612
155,edge_0,edge_1,14.67658,45.07694,0.006019,1.32511,2.27131,0.55271
155,edge_1,edge_2,13.4499,44.64584,0.001259,0.97583,2.1416,0.56867
155,edge_2,edge_3,13.49284,45.7117,0.004806,0.84145,1.9993,0.5292
155,edge_3,edge_4,14.26778,45.65109,0.003363,1.47585,2.1231,0.53144
155,edge_4,edge_0,13.15274,44.05088,0.000886,1.39845,2.17544,0.59071
156,access_0,edge_0,14.67446,46.25702,0.005684,1.24113,2.0914,0.509
156,access_0,edge_1,13.80569,42.97554,0.002236,1.39163,2.43739,0.63054
156,access_0,edge_2,12.22276,45.1721,0.004246,1.20657,1.8795,0.54918
156,access_0,edge_3,15.47288,43.26896,0.00503,1.38089,2.68465,0.61967
156,access_0,edge_4,13.70375,45.14854,0.00603,1.45323,2.11059,0.55005
156,access_1,edge_0,16.47551,42.44578,0.0,1.4633,2.99926,0.65016
156,access_1,edge_1,13.77033,45.42019,0.005902,1.0854,2.08205,0.53999
156,access_1,edge_2,13.68032,44.47037,0.002721,1.25375,2.20319,0.57517
156,access_1,edge_3,12.53502,43.89381,0.004124,1.09337,2.09369,0.59653
156,access_1,edge_4,13.81055,44.99036,0.003854,0.94945,2.14969,0.55591
156,edge_0,cloud_0,49.63192,63.61816,0.005619,4.04943,7.76842,0.559
156,edge_1,cloud_0,49.10305,67.66068,0.003548,4.02932,6.23257,0.45332
156,edge_2,cloud_0,51.50761,64.11315,0.005923,3.95054,7.87537,0.54606
156,edge_3,cloud_0,51.77608,64.94274,0.004303,4.20388,7.60199,0.52437
156,edge_4,cloud_0,48.21037,64.766,0.00204,4.22366,7.14083,0.52899
156,edge_0,edge_1,14.17854,42.30383,0.0,1.44503,2.60199,0.65541
156,edge_1,edge_2,14.11213,44.33658,0.002466,1.07805,2.29231,0.58013
156,edge_2,edge_3,10.34308,46.05609,0.004495,0.76693,1.49565,0.51644
156,edge_3,edge_4,14.36213,44.53172,0.003071,1.45853,2.30386,0.5729
156,edge_4,edge_0,13.16573,43.8653,0.002559,0.94468,2.20293,0.59758
157,access_0,edge_0,14.78233,43.1448,0.00395,1.403,2.58387,0.62427
157,access_0,edge_1,14.63919,45.98325,0.005515,1.30153,2.12794,0.51914
157,access_0,edge_2,13.31716,44.22371,0.002156,0.9445,2.17877,0.58431
157,access_0,edge_3,12.81424,45.09345,0.002766,1.50909,1.98091,0.55209
157,access_0,edge_4,14.11517,44.37375,0.00558,0.78182,2.28736,0.57875
157,access_1,edge_0,10.88452,45.88615,0.005217,1.18768,1.59312,0.52274
157,access_1,edge_1,14.30835,44.53593,0.002667,1.15281,2.2946,0.57274
157,access_1,edge_2,13.2573,44.53481,0.002228,1.40153,2.1262,0.57278
157,access_1,edge_3,14.05787,45.13605,0.005298,1.11671,2.16695,0.55052
157,access_1,edge_4,15.28566,44.05151,0.005277,1.25502,2.52812,0.59068
157,edge_0,cloud_0,52.9588,63.26513,0.005926,4.57946,8.42601,0.56823
157,edge_1,cloud_0,50.77866,61.53419,0.005122,4.31726,8.72255,0.61349
157,edge_2,cloud_0,51.85422,61.94033,0.001073,4.3445,8.75314,0.60287
157,edge_3,cloud_0,51.47494,62.26491,0.004137,4.8031,8.56681,0.59438
157,edge_4,cloud_0,51.60003,63.73704,0.003983,4.58982,8.03157,0.55589
157,edge_0,edge_1,15.10192,42.61782,0.003043,1.43214,2.72227,0.64378
157,edge_1,edge_2,13.22293,45.76643,0.006599,0.61445,1.9518,0.52717
157,edge_2,edge_3,12.80755,46.44632,0.002753,0.64637,1.80019,0.50199
157,edge_3,edge_4,13.24813,45.18235,0.002827,0.93066,2.03577,0.5488
157,edge_4,edge_0,13.77584,43.29015,0.006724,1.45622,2.38718,0.61888
158,access_0,edge_0,13.39551,43.65281,0.0032,1.16452,2.27089,0.60545
158,access_0,edge_1,13.06531,44.67645,0.003857,0.93943,2.07622,0.56754
158,access_0,edge_2,11.92999,44.88746,0.006046,1.26588,1.8697,0.55972
158,access_0,edge_3,14.6775,44.47615,0.004551,1.04821,2.3629,0.57496
158,access_0,edge_4,13.32558,45.16193,0.002942,1.34029,2.05049,0.54956
158,access_1,edge_0,13.75853,45.93891,0.007076,0.99373,2.00625,0.52078
158,access_1,edge_1,13.93144,45.36626,0.00576,1.02347,2.1142,0.54199
158,access_1,edge_2,12.83427,45.8381,0.006231,0.95937,1.88489,0.52451
158,access_1,edge_3,13.57242,46.91935,0.003738,1.40197,1.84111,0.48447
158,access_1,edge_4,12.44103,44.49289,0.004593,0.89179,2.0007,0.57434
158,edge_0,cloud_0,50.63262,62.72567,0.007864,4.43871,8.25585,0.58234
158,edge_1,cloud_0,54.9004,62.34595,0.002287,4.74384,9.10433,0.59226
158,edge_2,cloud_0,51.01562,64.14747,0.002653,4.59161,7.78733,0.54516
158,edge_3,cloud_0,48.088,64.12156,0.002356,3.7416,7.34956,0.54584
158,edge_4,cloud_0,54.85361,62.87921,0.001103,4.38861,8.88244,0.57832
158,edge_0,edge_1,13.42891,43.4471,0.004251,1.50732,2.3052,0.61307
158,edge_1,edge_2,13.17944,44.58894,0.004917,1.10703,2.10632,0.57078
158,edge_2,edge_3,14.2353,46.85756,0.002611,1.00641,1.94016,0.48676
158,edge_3,edge_4,10.80701,47.02582,0.003853,1.27134,1.45405,0.48053
158,edge_4,edge_0,12.47766,44.50342,0.001525,1.34759,2.00523,0.57395
159,access_0,edge_0,13.26323,44.36235,0.002315,1.07566,2.15087,0.57917
159,access_0,edge_1,13.57428,44.88693,0.00174,0.92894,2.12747,0.55974
159,access_0,edge_2,12.89909,44.9697,0.002786,0.91899,2.01058,0.55668
159,access_0,edge_3,15.22303,45.26608,0.004924,1.30273,2.32602,0.5457
159,access_0,edge_4,13.2559,46.38736,0.007408,1.31521,1.87131,0.50417
159,access_1,edge_0,13.04722,45.55551,0.006531,1.49757,1.9544,0.53498
159,access_1,edge_1,13.15402,44.64399,0.009644,1.38534,2.09475,0.56874
159,access_1,edge_2,12.73667,45.21909,0.004413,1.13704,1.95232,0.54744
159,access_1,edge_3,12.33427,45.7955,0.004594,0.94461,1.81691,0.52609
159,access_1,edge_4,15.80879,43.57316,0.000402,1.42639,2.69307,0.6084
159,edge_0,cloud_0,50.47208,64.24565,0.00502,4.35618,7.66808,0.5426
159,edge_1,cloud_0,51.43357,63.16565,0.003092,4.2384,8.22079,0.57083
159,edge_2,cloud_0,48.63052,65.38731,0.004084,4.2235,6.98188,0.51275
159,edge_3,cloud_0,53.96294,60.99563,0.003828,4.85399,9.48227,0.62757
159,edge_4,cloud_0,49.46029,66.48246,0.003823,4.09256,6.7045,0.48412
159,edge_0,edge_1,13.22071,44.9803,0.009039,1.0747,2.05926,0.55629
159,edge_1,edge_2,13.30127,45.64455,0.003865,1.25383,1.98018,0.53168
159,edge_2,edge_3,13.85746,43.7864,0.006222,1.26599,2.33001,0.6005
159,edge_3,edge_4,14.09871,45.73066,0.003941,1.25797,2.0863,0.52849
159,edge_4,edge_0,13.55994,44.18703,0.004196,1.38646,2.22365,0.58567
160,access_0,edge_0,14.99625,44.84785,0.005012,1.37464,2.35641,0.56119
160,access_0,edge_1,15.26526,43.21818,0.00335,1.37569,2.65667,0.62155
160,access_0,edge_2,14.45677,45.90047,0.003141,0.85265,2.11383,0.5222
160,access_0,edge_3,12.04369,47.33565,0.001513,0.63118,1.58175,0.46905
160,access_0,edge_4,12.95357,44.17166,0.003721,0.79578,2.12627,0.58623
160,access_1,edge_0,12.06177,45.91981,0.005451,1.04829,1.76122,0.52149
160,access_1,edge_1,14.39935,46.46345,0.003819,0.68807,2.02137,0.50135
160,access_1,edge_2,14.90978,44.08893,0.001719,1.23681,2.46017,0.5893
160,access_1,edge_3,12.6376,43.51867,0.004336,1.2666,2.15999,0.61042
160,access_1,edge_4,9.77352,46.27122,1.9e-05,0.51989,1.39148,0.50847
160,edge_0,cloud_0,53.34945,61.19204,0.001633,4.9215,9.29777,0.62243
160,edge_1,cloud_0,48.83206,64.80245,0.001588,3.58842,7.21989,0.52804
160,edge_2,cloud_0,53.10916,63.1004,0.003176,4.82941,8.51397,0.57254
160,edge_3,cloud_0,53.42057,60.58922,0.004732,5.03962,9.5459,0.63819
160,edge_4,cloud_0,50.94109,63.3768,0.005383,4.09952,8.06333,0.56531
160,edge_0,edge_1,13.56387,44.82964,0.004758,1.24092,2.1339,0.56187
160,edge_1,edge_2,13.89396,44.33702,0.003907,0.97463,2.25681,0.58011
160,edge_2,edge_3,15.02555,44.90949,0.007515,1.22128,2.35141,0.55891
160,edge_3,edge_4,14.57618,45.22555,0.001898,1.58726,2.23331,0.5472
160,edge_4,edge_0,15.81941,43.46157,0.000911,1.37421,2.71318,0.61253
161,access_0,edge_0,11.75459,46.11093,0.006658,0.69369,1.69307,0.51441
161,access_0,edge_1,14.64025,44.46122,0.008007,1.46111,2.35917,0.57551
161,access_0,edge_2,14.55998,44.29469,0.001943,1.09002,2.37138,0.58168
161,access_0,edge_3,14.86174,43.56964,0.003355,1.6876,2.53228,0.60853
161,access_0,edge_4,13.29814,46.09389,0.006073,0.72105,1.91774,0.51504
161,access_1,edge_0,14.82585,45.72161,0.003577,1.2911,2.1953,0.52883
161,access_1,edge_1,12.10382,45.24479,0.001601,0.85216,1.85209,0.54649
161,access_1,edge_2,14.30278,46.30776,0.007538,1.0679,2.0309,0.50712
161,access_1,edge_3,13.62385,42.95916,0.004865,1.25906,2.4076,0.63114
161,access_1,edge_4,14.99875,44.43325,0.005063,1.14616,2.42129,0.57655
161,edge_0,cloud_0,51.62108,64.60936,0.003779,4.44868,7.70521,0.53309
161,edge_1,cloud_0,52.04779,61.89334,0.006711,4.31881,8.80372,0.6041
161,edge_2,cloud_0,48.3547,63.98494,0.004798,3.60782,7.43868,0.54941
161,edge_3,cloud_0,47.48964,65.51312,0.001317,3.40884,6.77435,0.50946
161,edge_4,cloud_0,53.20925,63.38607,0.00463,4.67888,8.41875,0.56507
161,edge_0,edge_1,12.90775,45.17534,0.003901,1.30134,1.9844,0.54906
161,edge_1,edge_2,13.70273,44.6695,0.002265,1.07407,2.1785,0.5678
161,edge_2,edge_3,14.0587,44.36277,0.003306,0.97635,2.27981,0.57916
161,edge_3,edge_4,11.99258,44.19834,0.002685,0.94773,1.96521,0.58525
161,edge_4,edge_0,13.53181,43.25647,0.001419,1.52676,2.34962,0.62013
162,access_0,edge_0,12.79892,44.99312,0.002401,0.89927,1.99186,0.55581
162,access_0,edge_1,10.43336,45.30499,0.000253,1.02598,1.58997,0.54426
162,access_0,edge_2,14.24137,44.91885,0.003544,1.22698,2.22731,0.55856
162,access_0,edge_3,13.90467,44.92135,0.005568,1.30122,2.17429,0.55847
162,access_0,edge_4,15.51938,44.92979,0.003661,1.61014,2.42543,0.55816
162,access_1,edge_0,14.26782,45.21392,0.00456,1.3021,2.18779,0.54763
162,access_1,edge_1,12.77826,46.03578,0.000875,1.00086,1.85047,0.51719
162,access_1,edge_2,13.7524,45.13634,0.004413,1.23265,2.11982,0.55051
162,access_1,edge_3,14.69904,43.05132,0.002733,1.47655,2.58356,0.62773
162,access_1,edge_4,15.1286,43.48814,0.004409,1.32262,2.59053,0.61155
162,edge_0,cloud_0,52.86296,61.96822,0.007536,5.07934,8.91262,0.60214
162,edge_1,cloud_0,51.94586,63.81327,0.000392,4.3149,8.05641,0.5539
162,edge_2,cloud_0,50.67611,64.0641,0.002507,4.02874,7.76643,0.54734
162,edge_3,cloud_0,51.15327,62.91016,0.002527,4.53151,8.27166,0.57751
162,edge_4,cloud_0,48.99624,64.8563,0.002192,3.99505,7.22485,0.52663
162,edge_0,edge_1,11.36096,44.5731,0.007267,0.71211,1.81756,0.57137
162,edge_1,edge_2,15.20209,43.04632,0.005897,1.24474,2.67277,0.62791
162,edge_2,edge_3,13.08282,46.68715,0.00309,0.63507,1.8062,0.49307
162,edge_3,edge_4,13.39704,44.90292,0.006404,1.38551,2.09747,0.55915
162,edge_4,edge_0,14.66647,44.08589,0.003674,1.20828,2.42048,0.58941
163,access_0,edge_0,13.53408,46.02584,0.004238,1.54204,1.96132,0.51756
163,access_0,edge_1,10.95853,45.2576,0.004012,0.81299,1.67539,0.54601
163,access_0,edge_2,12.4755,45.93007,0.00521,0.90603,1.8203,0.52111
163,access_0,edge_3,12.90486,46.1202,0.008537,1.04531,1.85751,0.51407
163,access_0,edge_4,13.59551,45.80471,0.003718,1.39135,2.0014,0.52575
163,access_1,edge_0,13.7082,43.41587,0.005034,1.46969,2.35758,0.61423
163,access_1,edge_1,13.26685,44.91825,0.003328,1.0299,2.07498,0.55858
163,access_1,edge_2,13.65062,44.09396,0.004682,0.95841,2.25169,0.58911
163,access_1,edge_3,13.26898,44.09898,0.006013,0.98683,2.18805,0.58893
163,access_1,edge_4,15.42685,45.99667,0.001939,1.31088,2.24028,0.51864
163,edge_0,cloud_0,52.69314,62.57289,0.004403,4.58871,8.65075,0.58633
163,edge_1,cloud_0,50.09281,63.65059,0.005734,4.34656,7.82867,0.55815
163,edge_2,cloud_0,49.46745,63.99055,0.002467,4.27086,7.60783,0.54927
163,edge_3,cloud_0,50.8053,64.62349,0.003436,4.08577,7.57819,0.53272
163,edge_4,cloud_0,50.43623,63.68151,0.001677,4.19184,7.87092,0.55735
163,edge_0,edge_1,11.40868,45.62169,0.004178,1.16577,1.70113,0.53253
163,edge_1,edge_2,10.80656,45.56807,0.005566,0.79735,1.61736,0.53452
163,edge_2,edge_3,14.34994,44.30905,0.002572,1.25533,2.33504,0.58115
163,edge_3,edge_4,12.81398,44.58435,0.002491,0.938,2.04852,0.57095
163,edge_4,edge_0,12.29294,46.98835,0.004606,0.77342,1.65876,0.48191
164,access_0,edge_0,11.504,45.84345,0.006648,1.09201,1.68889,0.52432
164,access_0,edge_1,14.75936,44.67936,0.003395,1.21208,2.34498,0.56743
164,access_0,edge_2,14.22201,44.81694,0.008255,1.2752,2.23931,0.56234
164,access_0,edge_3,13.44344,43.92879,0.006205,1.16869,2.24054,0.59523
164,access_0,edge_4,12.24511,44.72947,0.002325,1.28842,1.93915,0.56558
164,access_1,edge_0,14.82237,44.09908,0.004512,1.45948,2.44419,0.58892
164,access_1,edge_1,12.24646,44.37401,0.00559,1.00795,1.98451,0.57874
164,access_1,edge_2,13.85785,46.08965,0.0,0.83701,1.99907,0.5152
164,access_1,edge_3,11.99181,46.30011,0.003,0.57668,1.70371,0.5074
164,access_1,edge_4,11.4222,46.37353,0.004106,0.86304,1.61409,0.50468
164,edge_0,cloud_0,49.14706,64.44556,0.003042,4.36305,7.39486,0.53737
164,edge_1,cloud_0,51.78383,63.48818,0.001712,4.50362,8.15451,0.5624
164,edge_2,cloud_0,50.63581,64.16025,0.001997,4.2474,7.72462,0.54483
164,edge_3,cloud_0,51.72733,63.22644,0.003024,4.24752,8.24472,0.56924
164,edge_4,cloud_0,50.24468,63.51395,0.001833,4.46142,7.90266,0.56173
164,edge_0,edge_1,11.48785,45.63603,0.001401,1.09228,1.71123,0.532
164,edge_1,edge_2,12.55734,44.18307,0.005144,1.11184,2.05975,0.58581
164,edge_2,edge_3,14.6324,44.85383,0.00561,1.17058,2.29833,0.56097
164,edge_3,edge_4,14.47252,44.16568,0.004796,1.15251,2.3765,0.58646
164,edge_4,edge_0,12.82583,44.81027,0.004532,0.97228,2.02036,0.56258
165,access_0,edge_0,18.37775,34.51179,0.037992,1.52921,4.85765,0.94401
165,access_0,edge_1,17.5481,33.27,0.033375,1.97197,4.86433,0.99
165,access_0,edge_2,20.70868,34.16976,0.036891,1.97626,5.54722,0.95668
165,access_0,edge_3,17.15973,33.27,0.036762,2.20444,4.75668,0.99
165,access_0,edge_4,17.37382,35.37301,0.033007,2.0693,4.43712,0.91211
165,access_1,edge_0,17.46715,35.22864,0.032923,1.82191,4.4871,0.91746
165,access_1,edge_1,19.28895,33.27,0.037269,2.34115,5.3469,0.99
165,access_1,edge_2,17.06287,34.37635,0.032684,2.06819,4.53406,0.94902
165,access_1,edge_3,18.03614,33.27,0.036862,2.13539,4.99962,0.99
165,access_1,edge_4,16.44654,33.66762,0.033947,1.96315,4.49116,0.97527
165,edge_0,cloud_0,67.4606,48.00568,0.035681,7.72452,18.26888,0.96717
165,edge_1,cloud_0,69.01241,47.1325,0.03931,8.06782,19.13024,0.99
165,edge_2,cloud_0,63.90362,47.75111,0.03621,8.06176,17.4247,0.97383
165,edge_3,cloud_0,67.34359,47.1325,0.037435,8.02908,18.66764,0.99
165,edge_4,cloud_0,65.90395,47.98091,0.03635,7.91615,17.85927,0.96782
165,edge_0,edge_1,17.33644,33.27,0.033403,2.49064,4.80566,0.99
165,edge_1,edge_2,19.62682,33.27,0.035856,2.33821,5.44055,0.99
165,edge_2,edge_3,16.26813,33.27,0.037568,1.79437,4.50953,0.99
165,edge_3,edge_4,18.63599,33.27,0.037776,2.29119,5.1659,0.99
165,edge_4,edge_0,17.57069,34.60787,0.035507,1.9209,4.62682,0.94045
166,access_0,edge_0,18.36235,34.63076,0.035839,1.76671,4.83092,0.9396
166,access_0,edge_1,18.53668,33.27,0.036167,2.17605,5.13837,0.99
166,access_0,edge_2,16.65326,33.27,0.034333,2.01249,4.61628,0.99
166,access_0,edge_3,17.29058,33.27,0.037626,2.35899,4.79295,0.99
166,access_0,edge_4,18.99821,33.27,0.035854,2.20009,5.2663,0.99
166,access_1,edge_0,16.89867,35.61588,0.031497,2.333,4.27321,0.90312
166,access_1,edge_1,18.4391,33.27,0.035265,2.47842,5.11132,0.99
166,access_1,edge_2,16.25467,33.27,0.035819,1.93778,4.5058,0.99
166,access_1,edge_3,18.01764,33.27,0.038609,2.12803,4.99449,0.99
166,access_1,edge_4,18.77026,34.25689,0.033318,1.62174,5.01101,0.95345
166,edge_0,cloud_0,65.19484,48.83526,0.035818,7.63605,17.25938,0.94548
166,edge_1,cloud_0,66.74306,47.1325,0.036215,7.75737,18.50117,0.99
166,edge_2,cloud_0,63.83919,49.37084,0.03629,7.26077,16.6502,0.93148
166,edge_3,cloud_0,67.5585,47.1325,0.036574,8.13404,18.72722,0.99
166,edge_4,cloud_0,67.77206,47.1325,0.037332,8.39979,18.78641,0.99
166,edge_0,edge_1,16.25457,33.27,0.038821,2.31851,4.50577,0.99
166,edge_1,edge_2,19.47416,33.27,0.038278,2.19759,5.39824,0.99
166,edge_2,edge_3,18.92054,33.27,0.034909,2.34142,5.24477,0.99
166,edge_3,edge_4,17.68298,33.27,0.036444,2.36606,4.90172,0.99
166,edge_4,edge_0,15.94896,34.61534,0.035525,1.51971,4.19854,0.94017
167,access_0,edge_0,16.90699,34.52343,0.034,1.76789,4.46685,0.94358
167,access_0,edge_1,17.45717,33.27,0.036256,1.80384,4.83913,0.99
167,access_0,edge_2,16.03656,34.75976,0.036886,2.03347,4.19758,0.93482
167,access_0,edge_3,18.34794,33.27,0.036158,2.24278,5.08605,0.99
167,access_0,edge_4,18.84979,33.27,0.039557,2.35505,5.22516,0.99
167,access_1,edge_0,16.37081,34.71743,0.031278,2.02397,4.29226,0.93639
167,access_1,edge_1,17.77516,33.27,0.037495,2.32409,4.92727,0.99
167,access_1,edge_2,16.29388,33.88642,0.036935,2.16371,4.41251,0.96717
167,access_1,edge_3,16.39221,33.27,0.038027,2.00586,4.54392,0.99
167,access_1,edge_4,16.67871,33.81985,0.033445,1.82005,4.52823,0.96964
167,edge_0,cloud_0,66.16466,47.1325,0.039153,8.11792,18.34084,0.99
167,edge_1,cloud_0,67.93805,47.1325,0.036546,8.30786,18.83243,0.99
167,edge_2,cloud_0,67.40589,49.08775,0.033997,7.85458,17.72013,0.93888
167,edge_3,cloud_0,67.84937,47.1325,0.039574,8.54929,18.80785,0.99
167,edge_4,cloud_0,66.65712,47.97631,0.034814,8.07305,18.06562,0.96794
167,edge_0,edge_1,18.62855,33.27,0.036965,2.39439,5.16383,0.99
167,edge_1,edge_2,16.5808,33.27,0.036411,1.95371,4.5962,0.99
167,edge_2,edge_3,16.32834,33.27,0.036865,1.88565,4.52622,0.99
167,edge_3,edge_4,18.67206,33.27,0.036267,2.24928,5.17589,0.99
167,edge_4,edge_0,18.34977,33.27,0.036832,2.25011,5.08656,0.99
168,access_0,edge_0,16.64001,34.4738,0.03477,1.69637,4.40488,0.94541
168,access_0,edge_1,18.94016,33.27,0.035309,2.1318,5.25021,0.99
168,access_0,edge_2,17.8829,35.01251,0.03311,2.41406,4.63399,0.92546
168,access_0,edge_3,16.59178,33.27,0.037281,1.78273,4.59924,0.99
168,access_0,edge_4,16.69395,33.27,0.036122,2.12259,4.62756,0.99
168,access_1,edge_0,17.38667,33.86197,0.038285,1.94074,4.71285,0.96808
168,access_1,edge_1,18.77089,33.27,0.034259,2.04502,5.20329,0.99
168,access_1,edge_2,17.3376,34.18837,0.037046,2.32041,4.64086,0.95599
168,access_1,edge_3,15.26962,33.27,0.035385,1.88373,4.23274,0.99
168,access_1,edge_4,16.49989,33.27,0.033447,1.64936,4.57377,0.99
168,edge_0,cloud_0,64.89832,50.04535,0.033065,7.23171,16.606,0.91385
168,edge_1,cloud_0,66.38359,47.1325,0.03501,8.04424,18.40153,0.99
168,edge_2,cloud_0,65.17341,47.72205,0.038372,7.99989,17.7848,0.97459
168,edge_3,cloud_0,67.78527,47.1325,0.034933,8.04407,18.79008,0.99
168,edge_4,cloud_0,66.97254,47.1325,0.035871,7.97918,18.56479,0.99
168,edge_0,edge_1,19.29107,33.27,0.035807,2.41099,5.34748,0.99
168,edge_1,edge_2,17.74923,33.27,0.037704,2.07465,4.92009,0.99
168,edge_2,edge_3,14.5739,33.27,0.038254,1.56904,4.03989,0.99
168,edge_3,edge_4,15.99481,33.27,0.035659,1.70141,4.43376,0.99
168,edge_4,edge_0,15.91847,34.66257,0.036101,1.94491,4.18271,0.93842
169,access_0,edge_0,17.80661,33.27,0.037946,2.18504,4.93599,0.99
169,access_0,edge_1,19.10128,33.27,0.0358,2.43661,5.29487,0.99
169,access_0,edge_2,18.24884,33.27,0.036154,2.07303,5.05858,0.99
169,access_0,edge_3,18.05967,33.27,0.035234,2.20049,5.00614,0.99
169,access_0,edge_4,18.80376,33.51741,0.03488,2.04954,5.16416,0.98084
169,access_1,edge_0,18.15158,34.11719,0.033639,2.22601,4.87214,0.95862
169,access_1,edge_1,14.61029,33.27,0.035475,2.08845,4.04997,0.99
169,access_1,edge_2,17.08051,33.27,0.037549,2.14605,4.73472,0.99
169,access_1,edge_3,16.35847,33.27,0.03547,1.6441,4.53457,0.99
169,access_1,edge_4,16.33278,33.72954,0.035393,1.91715,4.44961,0.97298
169,edge_0,cloud_0,66.06182,48.3731,0.03404,7.39941,17.71239,0.95757
169,edge_1,cloud_0,67.74449,47.1325,0.039031,7.87313,18.77877,0.99
169,edge_2,cloud_0,65.88684,47.99719,0.03592,7.75355,17.84679,0.96739
169,edge_3,cloud_0,66.24418,47.1325,0.035504,7.98868,18.36289,0.99
169,edge_4,cloud_0,65.33316,47.1325,0.038208,7.69327,18.11035,0.99
169,edge_0,edge_1,19.00832,33.27,0.043164,2.24146,5.26911,0.99
169,edge_1,edge_2,16.98651,33.27,0.032766,1.8723,4.70866,0.99
169,edge_2,edge_3,19.78726,33.27,0.037044,2.35675,5.48503,0.99
169,edge_3,edge_4,18.2509,33.27,0.036485,1.93463,5.05915,0.99
169,edge_4,edge_0,18.43228,34.77511,0.032576,2.13079,4.82172,0.93426
170,access_0,edge_0,17.57463,33.27,0.039163,2.36363,4.87169,0.99
170,access_0,edge_1,18.73676,33.27,0.038736,2.19169,5.19383,0.99
170,access_0,edge_2,16.89593,35.23802,0.032868,2.09317,4.33872,0.91711
170,access_0,edge_3,17.21831,33.27,0.039808,2.18315,4.77292,0.99
170,access_0,edge_4,19.84212,34.28896,0.035295,2.12575,5.29056,0.95226
170,access_1,edge_0,20.56083,33.27,0.033327,2.20954,5.69946,0.99
170,access_1,edge_1,18.70678,33.27,0.035775,1.94037,5.18552,0.99
170,access_1,edge_2,19.86647,33.27,0.038005,2.44095,5.50699,0.99
170,access_1,edge_3,18.95008,33.27,0.036886,2.03349,5.25296,0.99
170,access_1,edge_4,19.90994,33.27,0.03644,2.49313,5.51903,0.99
170,edge_0,cloud_0,64.7474,48.98354,0.034813,7.30732,17.07064,0.94161
170,edge_1,cloud_0,67.29657,47.1325,0.041854,8.02688,18.65461,0.99
170,edge_2,cloud_0,66.82902,47.71542,0.037617,8.02155,18.23984,0.97476
170,edge_3,cloud_0,68.15947,47.1325,0.037775,8.03632,18.89381,0.99
170,edge_4,cloud_0,64.76262,47.51778,0.037797,7.86206,17.76954,0.97993
170,edge_0,edge_1,18.95061,33.27,0.03844,2.26372,5.25311,0.99
170,edge_1,edge_2,18.68962,33.27,0.035491,2.49411,5.18076,0.99
170,edge_2,edge_3,16.71615,33.27,0.039427,2.26543,4.63372,0.99
170,edge_3,edge_4,18.63504,33.27,0.037532,1.98365,5.16563,0.99
170,edge_4,edge_0,18.89336,33.79643,0.033651,2.29327,5.13409,0.9705
171,access_0,edge_0,18.09256,36.58765,0.031751,2.17471,4.39278,0.86712
171,access_0,edge_1,17.43818,33.27,0.034311,2.07138,4.83386,0.99
171,access_0,edge_2,18.30408,33.27,0.037852,2.11346,5.07389,0.99
171,access_0,edge_3,16.69958,33.27,0.038187,2.18501,4.62912,0.99
171,access_0,edge_4,16.42071,33.69088,0.03796,1.71054,4.48015,0.97441
171,access_1,edge_0,19.29438,34.32329,0.034942,1.98881,5.13765,0.95099
171,access_1,edge_1,15.62333,33.27,0.039694,1.98906,4.33079,0.99
171,access_1,edge_2,17.21052,33.87272,0.033917,1.90531,4.66318,0.96768
171,access_1,edge_3,20.20786,33.27,0.034825,2.59845,5.60162,0.99
171,access_1,edge_4,18.44563,33.27,0.04115,2.0815,5.11313,0.99
171,edge_0,cloud_0,65.37627,47.1325,0.036135,7.85223,18.1223,0.99
171,edge_1,cloud_0,67.042,47.1325,0.036145,8.25048,18.58404,0.99
171,edge_2,cloud_0,65.75225,49.36292,0.034563,7.45527,17.15297,0.93169
171,edge_3,cloud_0,66.75183,47.1325,0.035491,7.65184,18.50361,0.99
171,edge_4,cloud_0,66.02975,47.96988,0.039488,7.17089,17.89869,0.96811
171,edge_0,edge_1,17.15092,33.27,0.035313,1.90452,4.75424,0.99
171,edge_1,edge_2,18.08648,33.27,0.03351,1.92365,5.01357,0.99
171,edge_2,edge_3,17.57975,33.27,0.036506,1.89332,4.87311,0.99
171,edge_3,edge_4,17.74627,33.27,0.033803,2.42765,4.91927,0.99
171,edge_4,edge_0,18.1456,33.27,0.03532,2.35317,5.02996,0.99
172,access_0,edge_0,16.11474,34.42248,0.036086,1.9088,4.27441,0.94732
172,access_0,edge_1,21.19083,33.27,0.040435,2.57271,5.8741,0.99
172,access_0,edge_2,16.5938,34.4423,0.03631,1.70953,4.39807,0.94658
172,access_0,edge_3,17.25879,33.27,0.039139,2.11185,4.78414,0.99
172,access_0,edge_4,17.304,35.15807,0.034696,1.89675,4.45786,0.92007
172,access_1,edge_0,17.74655,34.42323,0.032612,2.19897,4.70711,0.94729
172,access_1,edge_1,17.62054,33.27,0.034612,2.34531,4.88441,0.99
172,access_1,edge_2,17.52,34.1852,0.036918,1.67216,4.69026,0.9561
172,access_1,edge_3,18.24043,33.27,0.037089,2.24286,5.05625,0.99
172,access_1,edge_4,19.42054,35.29945,0.033471,2.2943,4.97465,0.91484
172,edge_0,cloud_0,63.82436,49.69175,0.034486,7.10725,16.4964,0.92309
172,edge_1,cloud_0,68.22852,47.81399,0.032936,8.16162,18.57257,0.97218
172,edge_2,cloud_0,66.65083,48.99729,0.034059,7.51999,17.56578,0.94125
172,edge_3,cloud_0,68.38891,47.1325,0.036504,8.41941,18.95741,0.99
172,edge_4,cloud_0,65.63054,47.39741,0.033695,7.71384,18.06551,0.98307
172,edge_0,edge_1,18.70316,33.27,0.038126,1.756,5.18452,0.99
172,edge_1,edge_2,18.6134,33.27,0.033302,2.36142,5.15963,0.99
172,edge_2,edge_3,19.32697,33.27,0.035519,2.562,5.35743,0.99
172,edge_3,edge_4,16.43126,33.27,0.034869,2.13213,4.55475,0.99
172,edge_4,edge_0,17.78743,35.10034,0.031318,2.07452,4.59305,0.92221
173,access_0,edge_0,16.14882,34.20535,0.033216,1.66928,4.31981,0.95536
173,access_0,edge_1,19.46821,33.27,0.0358,2.15887,5.39659,0.99
173,access_0,edge_2,18.86993,35.24775,0.033048,2.24294,4.84372,0.91675
173,access_0,edge_3,18.62538,33.27,0.036347,1.98789,5.16296,0.99
173,access_0,edge_4,16.81366,33.63084,0.034495,1.48937,4.59783,0.97664
173,access_1,edge_0,19.09974,33.88105,0.037322,2.24453,5.17342,0.96737
173,access_1,edge_1,17.32755,33.27,0.032551,2.14815,4.8032,0.99
173,access_1,edge_2,16.87078,33.84632,0.036612,1.89164,4.57575,0.96865
173,access_1,edge_3,14.97067,33.27,0.038807,2.15788,4.14987,0.99
173,access_1,edge_4,19.09738,33.27,0.032542,2.51662,5.29379,0.99
173,edge_0,cloud_0,62.09961,51.10303,0.030694,6.92011,15.40907,0.8862
173,edge_1,cloud_0,67.69923,47.1325,0.038004,7.73086,18.76623,0.99
173,edge_2,cloud_0,67.77763,47.80879,0.038315,8.06988,18.45242,0.97232
173,edge_3,cloud_0,66.27477,47.1325,0.03631,8.25427,18.37137,0.99
173,edge_4,cloud_0,65.59643,48.72948,0.035207,7.55971,17.41648,0.94825
173,edge_0,edge_1,16.73002,33.27,0.036491,1.98504,4.63756,0.99
173,edge_1,edge_2,17.84245,33.27,0.03322,2.31937,4.94593,0.99
173,edge_2,edge_3,19.30882,33.27,0.036932,2.17756,5.3524,0.99
173,edge_3,edge_4,18.63588,33.27,0.040073,1.83792,5.16587,0.99
173,edge_4,edge_0,17.42256,33.27,0.037975,2.3863,4.82953,0.99
174,access_0,edge_0,18.07055,34.28483,0.032129,2.22726,4.81898,0.95241
174,access_0,edge_1,17.29527,33.27,0.034891,1.90538,4.79425,0.99
174,access_0,edge_2,18.66661,33.70273,0.034355,2.03884,5.09062,0.97397
174,access_0,edge_3,19.10181,33.27,0.036363,2.66156,5.29502,0.99
174,access_0,edge_4,17.36158,34.33505,0.0324,1.8039,4.62087,0.95055
174,access_1,edge_0,19.12785,33.52983,0.036826,2.21023,5.2507,0.98038
174,access_1,edge_1,18.41035,33.27,0.038048,1.95987,5.10335,0.99
174,access_1,edge_2,16.25357,34.63514,0.032873,2.03061,4.27539,0.93944
174,access_1,edge_3,16.47046,33.27,0.033929,1.93663,4.56561,0.99
174,access_1,edge_4,17.32722,33.27,0.035197,1.83295,4.8031,0.99
174,edge_0,cloud_0,64.88571,49.12222,0.032118,7.28983,17.04124,0.93798
174,edge_1,cloud_0,68.7972,47.1325,0.036731,7.89287,19.07058,0.99
174,edge_2,cloud_0,64.75744,49.8131,0.035023,7.51634,16.68005,0.91992
174,edge_3,cloud_0,68.24485,47.1325,0.038505,7.80617,18.91747,0.99
174,edge_4,cloud_0,66.41833,47.97054,0.034594,7.95202,18.00371,0.96809
174,edge_0,edge_1,16.54841,33.27,0.038836,1.81693,4.58722,0.99
174,edge_1,edge_2,19.48442,33.27,0.035097,2.64735,5.40108,0.99
174,edge_2,edge_3,20.29394,33.27,0.036783,2.78625,5.62548,0.99
174,edge_3,edge_4,16.57451,33.27,0.035531,2.00666,4.59445,0.99
174,edge_4,edge_0,16.42176,34.50619,0.0321,2.12625,4.34159,0.94422
175,access_0,edge_0,17.91495,33.55831,0.031278,1.96356,4.91246,0.97932
175,access_0,edge_1,17.97945,33.27,0.037714,2.31213,4.9839,0.99
175,access_0,edge_2,15.56111,34.42888,0.034515,1.77417,4.12652,0.94708
175,access_0,edge_3,18.25422,33.27,0.034579,2.2984,5.06007,0.99
175,access_0,edge_4,16.44837,33.44093,0.036905,1.63486,4.53033,0.98367
175,access_1,edge_0,18.63431,33.27,0.037458,2.28152,5.16543,0.99
175,access_1,edge_1,17.05182,33.27,0.037664,2.07015,4.72676,0.99
175,access_1,edge_2,17.5775,33.27,0.039205,2.17242,4.87248,0.99
175,access_1,edge_3,18.21098,33.27,0.034978,2.40339,5.04808,0.99
175,access_1,edge_4,16.20869,35.66851,0.029427,2.04078,4.08988,0.90117
175,edge_0,cloud_0,67.71473,47.46673,0.038429,7.89418,18.60485,0.98126
175,edge_1,cloud_0,65.93811,47.1325,0.037515,7.85728,18.27804,0.99
175,edge_2,cloud_0,65.75022,47.91842,0.035305,7.61692,17.84769,0.96945
175,edge_3,cloud_0,67.24998,47.1325,0.036924,7.96879,18.64169,0.99
175,edge_4,cloud_0,66.75729,48.41242,0.035697,7.77039,17.87965,0.95654
175,edge_0,edge_1,17.49127,33.27,0.037678,1.9978,4.84858,0.99
175,edge_1,edge_2,17.74209,33.27,0.038672,1.89945,4.91811,0.99
175,edge_2,edge_3,16.75157,33.27,0.039697,1.97169,4.64354,0.99
175,edge_3,edge_4,19.66167,33.27,0.035106,2.30885,5.45021,0.99
175,edge_4,edge_0,18.90099,34.91138,0.035156,2.5931,4.91763,0.92921
176,access_0,edge_0,18.88949,33.91513,0.035756,1.86221,5.10979,0.96611
176,access_0,edge_1,19.33703,33.27,0.033655,2.56241,5.36023,0.99
176,access_0,edge_2,19.48938,34.2127,0.036765,2.4757,5.21193,0.95509
176,access_0,edge_3,19.00012,33.27,0.037092,2.23146,5.26683,0.99
176,access_0,edge_4,17.75753,34.73908,0.036117,1.48935,4.65185,0.93559
176,access_1,edge_0,16.01662,34.1787,0.037141,1.98974,4.28887,0.95634
176,access_1,edge_1,15.09881,33.27,0.035141,1.37951,4.18539,0.99
176,access_1,edge_2,18.30217,33.64881,0.038578,2.49813,5.00146,0.97597
176,access_1,edge_3,18.27017,33.27,0.037791,2.40899,5.06449,0.99
176,access_1,edge_4,16.05104,34.60291,0.035711,1.74517,4.22748,0.94063
176,edge_0,cloud_0,66.55463,49.07656,0.033455,7.70144,17.5018,0.93917
176,edge_1,cloud_0,69.57362,47.1325,0.035512,8.28529,19.28581,0.99
176,edge_2,cloud_0,64.23569,49.23825,0.031829,7.31648,16.81596,0.93495
176,edge_3,cloud_0,67.95852,47.1325,0.03809,8.4246,18.8381,0.99
176,edge_4,cloud_0,64.35084,47.27217,0.035451,7.38917,17.77226,0.98635
176,edge_0,edge_1,16.5152,33.27,0.034558,2.25633,4.57801,0.99
176,edge_1,edge_2,16.05909,33.27,0.036541,2.20458,4.45158,0.99
176,edge_2,edge_3,18.42937,33.27,0.035544,2.24349,5.10862,0.99
176,edge_3,edge_4,16.27042,33.27,0.035232,2.02737,4.51016,0.99
176,edge_4,edge_0,18.02309,34.14053,0.037568,1.91767,4.83329,0.95776
177,access_0,edge_0,17.11363,34.38409,0.033158,1.9571,4.54618,0.94874
177,access_0,edge_1,17.4443,33.27,0.03767,2.01669,4.83556,0.99
177,access_0,edge_2,18.51361,33.27,0.039625,2.32141,5.13197,0.99
177,access_0,edge_3,17.6302,33.27,0.035939,1.96014,4.88709,0.99
177,access_0,edge_4,17.2942,33.27,0.038506,1.88032,4.79395,0.99
177,access_1,edge_0,18.72375,33.70043,0.03522,1.83882,5.10665,0.97406
177,access_1,edge_1,18.87183,33.27,0.038797,2.15733,5.23127,0.99
177,access_1,edge_2,17.19088,34.79265,0.035175,1.64772,4.49386,0.93361
177,access_1,edge_3,17.88253,33.27,0.036161,1.86149,4.95704,0.99
177,access_1,edge_4,16.4389,34.63772,0.03667,1.83805,4.3237,0.93934
177,edge_0,cloud_0,65.15347,48.98021,0.036449,7.41933,17.1793,0.94169
177,edge_1,cloud_0,66.98819,47.1325,0.039821,7.94013,18.56912,0.99
177,edge_2,cloud_0,63.18892,49.31223,0.034267,7.50174,16.50772,0.93301
177,edge_3,cloud_0,68.19835,47.1325,0.035784,8.35033,18.90458,0.99
177,edge_4,cloud_0,63.53645,48.82753,0.034092,7.29429,16.82394,0.94569
177,edge_0,edge_1,18.36682,33.27,0.035603,2.67161,5.09128,0.99
177,edge_1,edge_2,19.18389,33.27,0.036489,2.25585,5.31777,0.99
177,edge_2,edge_3,18.76692,33.27,0.035789,2.60423,5.20219,0.99
177,edge_3,edge_4,18.52929,33.27,0.036655,2.49579,5.13632,0.99
177,edge_4,edge_0,20.2087,35.58486,0.033311,2.05577,5.11672,0.90426
178,access_0,edge_0,14.29021,44.6416,0.002832,1.30924,2.27604,0.56883
178,access_0,edge_1,13.40125,45.02534,0.002635,1.33763,2.08112,0.55462
178,access_0,edge_2,13.99095,44.49824,0.004074,1.0426,2.24917,0.57414
178,access_0,edge_3,14.14241,45.13635,0.003972,1.26028,2.17993,0.55051
178,access_0,edge_4,14.29279,44.64128,0.004804,1.19007,2.27649,0.56884
178,access_1,edge_0,13.22522,45.59268,0.004588,1.1233,1.97597,0.5336
178,access_1,edge_1,13.08881,44.51217,0.002328,1.17381,2.10225,0.57362
178,access_1,edge_2,14.34734,45.26562,0.005042,1.2342,2.19229,0.54572
178,access_1,edge_3,13.05616,46.99479,0.004805,0.92387,1.76087,0.48167
178,access_1,edge_4,12.83616,45.00706,0.006324,1.16793,1.9958,0.55529
178,edge_0,cloud_0,50.77028,63.72504,0.001714,4.11936,7.90688,0.55621
178,edge_1,cloud_0,51.01733,62.93852,0.005999,4.75264,8.23908,0.57677
178,edge_2,cloud_0,50.04809,63.08403,0.004687,4.29487,8.02925,0.57297
178,edge_3,cloud_0,51.20734,63.85983,0.003597,4.42138,7.92442,0.55268
178,edge_4,cloud_0,51.72678,64.52077,0.007048,4.26113,7.75453,0.5354
178,edge_0,edge_1,14.08232,44.92662,0.007183,1.2575,2.2013,0.55827
178,edge_1,edge_2,12.29852,45.67091,0.004225,1.26141,1.82754,0.53071
178,edge_2,edge_3,13.63236,44.54112,0.003194,1.37228,2.18546,0.57255
178,edge_3,edge_4,15.2231,44.63755,0.006376,1.0628,2.42526,0.56898
178,edge_4,edge_0,12.18876,44.28919,0.00076,1.15203,1.98588,0.58188
179,access_0,edge_0,13.05207,46.14513,0.0,1.0412,1.87532,0.51314
179,access_0,edge_1,13.12214,44.02729,0.003648,1.64295,2.17359,0.59158
179,access_0,edge_2,14.76181,45.46445,0.002757,1.45738,2.22518,0.53835
179,access_0,edge_3,13.1493,44.54475,0.004952,0.97737,2.10753,0.57242
179,access_0,edge_4,13.8944,43.79946,0.004158,1.37232,2.33434,0.60002
179,access_1,edge_0,16.61343,43.7481,0.002739,1.53185,2.8,0.60192
179,access_1,edge_1,11.64317,44.96488,0.006284,0.77023,1.8154,0.55686
179,access_1,edge_2,12.95462,44.61232,0.0,1.03626,2.06725,0.56991
179,access_1,edge_3,14.69943,43.7334,0.005674,1.4356,2.47966,0.60247
179,access_1,edge_4,12.16441,44.19041,0.003091,1.23917,1.99437,0.58554
179,edge_0,cloud_0,50.46674,62.63023,0.006185,4.49868,8.26406,0.58483
179,edge_1,cloud_0,47.88503,64.06981,0.00299,4.15656,7.33668,0.54719
179,edge_2,cloud_0,51.43737,64.11857,0.00302,4.51134,7.86259,0.54592
179,edge_3,cloud_0,52.50473,63.05707,0.0,4.61536,8.43373,0.57367
179,edge_4,cloud_0,49.38009,64.81574,0.004261,4.09801,7.29611,0.52769
179,edge_0,edge_1,13.58306,45.48449,0.003306,1.19831,2.04467,0.53761
179,edge_1,edge_2,14.45249,45.20517,0.002531,1.46332,2.21741,0.54796
179,edge_2,edge_3,13.90686,43.41723,0.003678,0.98631,2.39156,0.61418
179,edge_3,edge_4,14.2078,43.82204,0.002851,1.06196,2.38366,0.59918
179,edge_4,edge_0,14.30451,44.73861,0.001191,1.42987,2.26392,0.56524
180,access_0,edge_0,13.0702,45.07507,0.003672,1.07742,2.02297,0.55278
180,access_0,edge_1,14.19706,44.01923,0.0,1.29231,2.35283,0.59188
180,access_0,edge_2,15.7307,44.51639,0.002612,1.33963,2.52589,0.57347
180,access_0,edge_3,12.84408,43.8971,0.004657,0.81276,2.14487,0.5964
180,access_0,edge_4,12.20722,44.70099,0.003883,0.82918,1.93675,0.56663
180,access_1,edge_0,11.39878,44.42275,0.005046,1.08366,1.84138,0.57694
180,access_1,edge_1,14.47811,45.07001,0.001291,1.03193,2.24164,0.55296
180,access_1,edge_2,13.5995,45.21165,0.00648,1.25972,2.08563,0.54772
180,access_1,edge_3,12.80001,45.10158,0.0,0.9429,1.97763,0.55179
180,access_1,edge_4,14.13586,46.41742,0.00495,0.87536,1.99113,0.50306
180,edge_0,cloud_0,49.33394,63.95731,0.005463,4.21612,7.5993,0.55014
180,edge_1,cloud_0,51.996,63.67866,0.004277,4.231,8.11542,0.55742
180,edge_2,cloud_0,53.49861,61.70611,0.004918,4.65854,9.12244,0.60899
180,edge_3,cloud_0,51.71987,63.37901,0.0,4.39094,8.18577,0.56525
180,edge_4,cloud_0,51.55269,63.81703,0.004965,4.29685,7.99401,0.5538
180,edge_0,edge_1,14.39361,44.34327,0.00223,1.25308,2.33703,0.57988
180,edge_1,edge_2,13.9882,44.04766,0.004027,1.44225,2.31409,0.59083
180,edge_2,edge_3,14.3392,44.60412,0.0,1.71991,2.28941,0.57022
180,edge_3,edge_4,14.27879,44.93343,0.004696,0.92512,2.231,0.55802
180,edge_4,edge_0,14.81266,45.21318,0.004508,1.50619,2.27144,0.54766
181,access_0,edge_0,15.24247,43.98685,0.002145,1.45074,2.5312,0.59308
181,access_0,edge_1,11.62582,46.05434,0.005375,0.82216,1.68135,0.51651
181,access_0,edge_2,13.61031,43.65298,0.005192,1.3249,2.30728,0.60545
181,access_0,edge_3,12.67111,44.13905,0.006232,0.95916,2.08419,0.58744
181,access_0,edge_4,13.97762,45.93978,0.004519,0.97464,2.03807,0.52075
181,access_1,edge_0,13.54367,45.49382,0.008945,1.21667,2.03743,0.53727
181,access_1,edge_1,14.23933,44.23069,0.004142,1.26101,2.32861,0.58405
181,access_1,edge_2,13.65167,45.51865,0.00412,0.98735,2.05017,0.53635
181,access_1,edge_3,13.14385,43.549,0.004986,0.60779,2.24238,0.6093
181,access_1,edge_4,14.62497,44.90059,0.000958,1.39722,2.29007,0.55924
181,edge_0,cloud_0,53.80659,63.37024,0.0,4.48359,8.51949,0.56548
181,edge_1,cloud_0,49.86908,64.02887,0.001956,4.22129,7.65561,0.54826
181,edge_2,cloud_0,50.54227,63.15393,0.005411,4.59089,8.08267,0.57114
181,edge_3,cloud_0,49.13191,65.35258,0.003869,3.99195,7.06636,0.51366
181,edge_4,cloud_0,51.36821,64.04501,0.006184,4.34484,7.87968,0.54784
181,edge_0,edge_1,12.57198,45.01357,0.004363,1.10784,1.95387,0.55505
181,edge_1,edge_2,13.99479,43.49725,0.005933,1.46106,2.39506,0.61121
181,edge_2,edge_3,14.43048,45.25099,0.006349,1.43205,2.20718,0.54626
181,edge_3,edge_4,14.48286,45.40381,0.00303,1.16635,2.19224,0.5406
181,edge_4,edge_0,14.78733,44.4811,0.003479,1.52345,2.37982,0.57477
182,access_0,edge_0,13.98341,44.12474,0.004843,0.69597,2.30212,0.58797
182,access_0,edge_1,13.92487,44.64246,0.005956,1.38878,2.21772,0.5688
182,access_0,edge_2,14.47144,44.50758,0.00394,1.33876,2.32501,0.57379
182,access_0,edge_3,12.39332,44.81803,0.00554,1.05373,1.95124,0.5623
182,access_0,edge_4,15.12116,43.80114,0.004538,1.30057,2.54018,0.59996
182,access_1,edge_0,15.01765,44.16731,0.003877,1.45309,2.46576,0.5864
182,access_1,edge_1,14.23163,43.67942,0.002611,1.27262,2.40871,0.60447
182,access_1,edge_2,14.36505,45.38,0.003233,1.07728,2.17795,0.54148
182,access_1,edge_3,14.35354,43.73077,0.006291,1.30088,2.4217,0.60256
182,access_1,edge_4,12.94459,46.60553,0.003818,1.01366,1.79808,0.49609
182,edge_0,cloud_0,51.2092,65.03527,0.005672,3.8692,7.48407,0.52195
182,edge_1,cloud_0,51.46708,64.06713,0.003177,4.33327,7.88651,0.54726
182,edge_2,cloud_0,53.64769,62.67944,0.002454,4.52931,8.76562,0.58354
182,edge_3,cloud_0,50.75651,64.31233,0.0,4.55218,7.68652,0.54085
182,edge_4,cloud_0,48.07184,65.29252,0.005566,3.9536,6.93503,0.51523
182,edge_0,edge_1,11.23247,44.65546,0.0,0.77492,1.78741,0.56832
182,edge_1,edge_2,14.0705,45.73711,0.004436,0.87332,2.08119,0.52826
182,edge_2,edge_3,13.8389,43.45302,0.007988,0.99806,2.37473,0.61285
182,edge_3,edge_4,14.09411,45.79109,0.004363,1.30635,2.07679,0.52626
182,edge_4,edge_0,14.01331,44.53599,0.004734,0.98561,2.24728,0.57274
183,access_0,edge_0,13.74703,46.30223,0.00306,1.20782,1.95278,0.50732
183,access_0,edge_1,13.14232,44.19078,0.005203,1.08527,2.15465,0.58553
183,access_0,edge_2,15.1145,44.21904,0.004488,1.27441,2.47355,0.58448
183,access_0,edge_3,12.69555,43.33572,0.00648,1.22673,2.19398,0.6172
183,access_0,edge_4,13.32974,45.55924,0.002495,1.19351,1.99621,0.53484
183,access_1,edge_0,15.30249,44.47482,0.004591,1.47699,2.46373,0.57501
183,access_1,edge_1,13.5758,47.51911,0.005887,1.22431,1.75714,0.46226
183,access_1,edge_2,12.85686,44.87246,0.003112,0.99168,2.01696,0.56028
183,access_1,edge_3,12.8914,43.16499,0.003816,0.99623,2.25065,0.62352
183,access_1,edge_4,13.61859,45.28746,0.002071,1.26612,2.07785,0.54491
183,edge_0,cloud_0,49.12468,65.15672,0.002402,3.90231,7.13575,0.51878
183,edge_1,cloud_0,50.24133,64.10891,0.006114,3.9219,7.68332,0.54617
183,edge_2,cloud_0,51.21764,63.26195,0.005129,4.23077,8.15017,0.56832
183,edge_3,cloud_0,49.34821,65.01696,0.007181,4.30038,7.21871,0.52243
183,edge_4,cloud_0,51.05196,63.23822,0.002262,4.05307,8.13267,0.56894
183,edge_0,edge_1,11.73682,45.33997,0.004631,1.15097,1.78435,0.54296
183,edge_1,edge_2,14.57881,43.45252,0.00181,1.67555,2.50177,0.61287
183,edge_2,edge_3,13.64789,44.70324,0.0082,1.03577,2.16501,0.56655
183,edge_3,edge_4,14.38376,44.71012,0.009654,1.05858,2.28071,0.56629
183,edge_4,edge_0,14.7025,45.20959,0.001505,1.33191,2.2551,0.54779
184,access_0,edge_0,15.14104,44.14608,0.00809,1.03121,2.48935,0.58718
184,access_0,edge_1,12.90607,44.62477,0.00353,1.09361,2.05783,0.56945
184,access_0,edge_2,15.26025,45.49129,0.003928,1.03766,2.29607,0.53736
184,access_0,edge_3,12.74503,45.07332,0.00763,0.97536,1.97287,0.55284
184,access_0,edge_4,13.93559,45.56558,0.0,0.90947,2.08602,0.53461
184,access_1,edge_0,13.25415,46.27297,0.002105,1.03451,1.88679,0.50841
184,access_1,edge_1,14.16996,44.48386,0.003359,1.19235,2.28006,0.57467
184,access_1,edge_2,15.27268,45.10629,0.000769,1.54147,2.35892,0.55162
184,access_1,edge_3,14.83308,45.5859,0.001954,1.52802,2.21724,0.53386
184,access_1,edge_4,12.23262,44.99876,0.004691,0.9763,1.90301,0.5556
184,edge_0,cloud_0,51.7834,63.40135,0.005281,4.30975,8.18736,0.56467
184,edge_1,cloud_0,51.3097,63.90946,0.004144,4.15905,7.92162,0.55139
184,edge_2,cloud_0,53.79793,60.60152,0.002249,4.85738,9.60848,0.63787
184,edge_3,cloud_0,50.36688,64.3197,0.005059,4.13528,7.6248,0.54066
184,edge_4,cloud_0,51.07297,65.57191,0.001787,4.27107,7.26353,0.50792
184,edge_0,edge_1,12.91582,44.84495,0.003652,0.95043,2.0299,0.5613
184,edge_1,edge_2,16.29284,44.0531,0.004308,1.2965,2.69443,0.59063
184,edge_2,edge_3,12.61097,46.06326,0.002195,0.90541,1.82265,0.51618
184,edge_3,edge_4,13.71,44.79996,0.001923,1.53224,2.16111,0.56296
184,edge_4,edge_0,12.94829,45.64443,0.002448,1.26857,1.92765,0.53169
185,access_0,edge_0,13.59539,46.19851,0.004871,1.18735,1.94586,0.51117
185,access_0,edge_1,13.01671,45.19398,0.007641,1.21342,1.99864,0.54837
185,access_0,edge_2,14.36176,45.23298,0.003515,1.38605,2.19935,0.54693
185,access_0,edge_3,12.42507,44.15629,0.003191,1.32893,2.0415,0.5868
185,access_0,edge_4,12.43958,45.58757,0.005949,1.09889,1.85925,0.53379
185,access_1,edge_0,12.54505,44.83313,0.004129,1.21042,1.97316,0.56174
185,access_1,edge_1,14.78234,43.65226,0.002798,1.23328,2.50608,0.60547
185,access_1,edge_2,13.28273,44.60156,0.001469,1.30828,2.12109,0.57031
185,access_1,edge_3,12.94872,46.61185,0.004181,0.98517,1.7978,0.49586
185,access_1,edge_4,13.08542,45.0659,0.005925,1.24132,2.02657,0.55311
185,edge_0,cloud_0,51.0425,63.17973,0.00243,4.1586,8.15302,0.57046
185,edge_1,cloud_0,50.69505,64.14613,0.003921,4.43749,7.73889,0.5452
185,edge_2,cloud_0,50.7702,64.29347,0.005118,4.37643,7.6956,0.54135
185,edge_3,cloud_0,52.2485,62.80853,0.000843,4.18196,8.48763,0.58017
185,edge_4,cloud_0,51.62348,63.53497,0.002954,4.42567,8.11158,0.56118
185,edge_0,edge_1,13.45788,44.61625,0.001073,1.25136,2.147,0.56977
185,edge_1,edge_2,14.97292,44.13004,0.002044,1.51991,2.4642,0.58778
185,edge_2,edge_3,15.5115,44.5264,0.005689,1.94032,2.48908,0.5731
185,edge_3,edge_4,12.9054,45.44262,0.00069,1.03362,1.94827,0.53916
185,edge_4,edge_0,12.99344,44.42072,0.002727,0.89752,2.09926,0.57701
186,access_0,edge_0,14.25777,44.34101,0.006427,1.53138,2.31531,0.57996
186,access_0,edge_1,14.19361,44.65402,0.002534,1.36466,2.25882,0.56837
186,access_0,edge_2,14.44358,43.37731,0.008929,1.29847,2.48983,0.61566
186,access_0,edge_3,11.21691,45.86669,0.005878,1.16716,1.64404,0.52346
186,access_0,edge_4,11.34881,45.26515,0.0,0.80602,1.73416,0.54574
186,access_1,edge_0,15.33854,44.42946,0.00649,1.52536,2.47675,0.57669
186,access_1,edge_1,14.86223,45.83476,0.004475,1.3313,2.18324,0.52464
186,access_1,edge_2,13.49026,43.02165,0.002975,1.00265,2.37525,0.62883
186,access_1,edge_3,12.6886,45.29807,0.00698,0.79624,1.93456,0.54452
186,access_1,edge_4,13.37375,45.66496,0.00119,1.01508,1.98814,0.53093
186,edge_0,cloud_0,53.16096,62.57531,0.005618,4.57332,8.72661,0.58627
186,edge_1,cloud_0,48.04509,65.18858,0.0,3.90155,6.96773,0.51795
186,edge_2,cloud_0,50.7677,63.08818,0.008641,4.59738,8.14315,0.57286
186,edge_3,cloud_0,48.52893,64.56753,0.002695,4.04869,7.25852,0.53418
186,edge_4,cloud_0,51.37895,64.0923,0.003304,4.50867,7.86354,0.54661
186,edge_0,edge_1,12.9921,45.36427,0.003515,1.0614,1.97192,0.54206
186,edge_1,edge_2,12.38617,46.1194,0.006125,0.87854,1.78295,0.5141
186,edge_2,edge_3,12.42622,45.45173,0.005749,1.1223,1.87476,0.53882
186,edge_3,edge_4,12.68742,45.35794,0.000857,1.37532,1.9265,0.5423
186,edge_4,edge_0,14.3774,42.35682,0.005248,1.24832,2.63058,0.65345
187,access_0,edge_0,14.24848,45.67573,0.000345,0.99663,2.11658,0.53053
187,access_0,edge_1,15.78738,44.22372,0.003224,0.97178,2.58291,0.58431
187,access_0,edge_2,14.08708,43.2015,0.004604,1.09685,2.45406,0.62217
187,access_0,edge_3,13.55073,45.08873,0.001342,1.24954,2.09542,0.55227
187,access_0,edge_4,16.11761,43.35725,0.004197,1.14396,2.78176,0.6164
187,access_1,edge_0,13.2846,44.7692,0.004554,1.21779,2.09829,0.5641
187,access_1,edge_1,16.0518,44.73858,0.005797,0.9631,2.54046,0.56524
187,access_1,edge_2,13.50661,45.60438,0.001522,1.35853,2.01637,0.53317
187,access_1,edge_3,13.36169,44.99178,0.006051,0.63983,2.07962,0.55586
187,access_1,edge_4,13.64518,44.78548,0.006837,1.17968,2.15294,0.5635
187,edge_0,cloud_0,50.22433,63.62059,0.005989,4.07848,7.86025,0.55894
187,edge_1,cloud_0,48.0341,64.4583,0.005037,3.80221,7.22292,0.53704
187,edge_2,cloud_0,50.07231,62.34011,0.003101,4.30505,8.30581,0.59242
187,edge_3,cloud_0,52.10004,62.66476,0.001358,4.39859,8.51835,0.58393
187,edge_4,cloud_0,50.50203,63.98462,0.008159,4.19288,7.76913,0.54942
187,edge_0,edge_1,15.26827,45.4941,0.000947,1.26377,2.29683,0.53726
187,edge_1,edge_2,14.61756,44.47393,0.002339,0.91064,2.35359,0.57504
187,edge_2,edge_3,12.28641,45.90752,0.003804,0.801,1.79559,0.52194
187,edge_3,edge_4,14.30826,45.41024,0.00184,1.28774,2.16486,0.54036
187,edge_4,edge_0,14.73197,45.63915,0.006611,1.22765,2.19399,0.53188
188,access_0,edge_0,14.88362,44.43039,0.00498,1.07017,2.40315,0.57665
188,access_0,edge_1,12.69108,45.27005,0.004348,0.95463,1.93863,0.54555
188,access_0,edge_2,12.92882,44.51098,0.003765,1.13803,2.07672,0.57367
188,access_0,edge_3,12.64646,45.71844,0.00535,1.00662,1.873,0.52895
188,access_0,edge_4,16.10208,43.77057,0.00447,1.39581,2.71006,0.60109
188,access_1,edge_0,13.21963,45.30765,0.003696,0.96825,2.01421,0.54416
188,access_1,edge_1,14.74406,44.18163,0.005598,1.16015,2.41865,0.58587
188,access_1,edge_2,11.7739,44.85081,0.006013,1.05703,1.84971,0.56108
188,access_1,edge_3,15.87284,46.0489,0.003115,1.49204,2.29645,0.51671
188,access_1,edge_4,11.91026,45.26224,0.006498,0.8013,1.82032,0.54584
188,edge_0,cloud_0,49.46414,65.39954,0.005734,3.96445,7.09714,0.51243
188,edge_1,cloud_0,51.32478,62.92699,0.00202,4.37335,8.29307,0.57707
188,edge_2,cloud_0,52.71057,64.18371,0.003055,4.59935,8.03207,0.54422
188,edge_3,cloud_0,48.84793,64.33089,0.002468,3.86229,7.39085,0.54037
188,edge_4,cloud_0,51.06301,64.13309,0.006026,4.35944,7.79994,0.54554
188,edge_0,edge_1,14.05679,44.74483,0.000301,1.30151,2.22381,0.56501
188,edge_1,edge_2,14.5564,45.22678,0.002769,1.11545,2.2301,0.54716
188,edge_2,edge_3,14.29499,44.31121,0.005399,1.06229,2.32577,0.58107
188,edge_3,edge_4,14.02578,45.5433,0.00644,1.27495,2.10276,0.53543
188,edge_4,edge_0,12.2141,44.53567,0.001257,0.9375,1.95878,0.57275
189,access_0,edge_0,16.11144,42.6124,0.00423,1.62774,2.90515,0.64399
189,access_0,edge_1,13.97969,43.97731,0.004661,1.04203,2.32288,0.59343
189,access_0,edge_2,14.81802,45.25584,0.005666,1.74041,2.26571,0.54608
189,access_0,edge_3,13.78904,45.91215,0.00206,1.32726,2.01453,0.52177
189,access_0,edge_4,14.59603,43.88471,0.005608,1.1281,2.43931,0.59686
189,access_1,edge_0,13.43778,44.04754,0.007759,0.89726,2.22305,0.59083
189,access_1,edge_1,13.84095,44.5311,0.006913,1.46285,2.22034,0.57292
189,access_1,edge_2,14.15872,43.73217,0.006523,1.22789,2.38862,0.60251
189,access_1,edge_3,11.53039,44.84757,0.005517,0.51378,1.81184,0.5612
189,access_1,edge_4,13.60424,44.6146,0.0,0.91603,2.17059,0.56983
189,edge_0,cloud_0,51.28191,63.29986,0.002303,4.28347,8.14617,0.56732
189,edge_1,cloud_0,50.22732,62.79375,0.004845,4.43004,8.16473,0.58056
189,edge_2,cloud_0,51.66138,63.76346,0.004922,4.07076,8.03113,0.5552
189,edge_3,cloud_0,54.55511,62.70219,0.005014,4.82108,8.9048,0.58295
189,edge_4,cloud_0,53.18944,61.93944,0.005784,4.21335,8.97888,0.60289
189,edge_0,edge_1,12.7761,45.45729,0.0,1.05526,1.92681,0.53862
189,edge_1,edge_2,13.3978,45.21653,0.004033,1.47626,2.05402,0.54754
189,edge_2,edge_3,15.11621,43.63422,1.3e-05,1.26256,2.56551,0.60614
189,edge_3,edge_4,12.1496,45.49691,0.003258,1.23158,1.82733,0.53715
189,edge_4,edge_0,14.84525,43.46788,0.003772,0.82553,2.54513,0.6123
190,access_0,edge_0,13.8783,46.96593,0.004558,1.08793,1.8759,0.48274
190,access_0,edge_1,13.93313,45.31185,0.003466,1.15212,2.12232,0.54401
190,access_0,edge_2,13.55272,46.09384,0.001994,1.19554,1.95446,0.51504
190,access_0,edge_3,12.99414,44.6754,0.004763,0.9273,2.06505,0.56758
190,access_0,edge_4,14.42975,45.99063,0.005698,1.37093,2.09639,0.51887
190,access_1,edge_0,13.5265,44.44241,0.004062,1.22388,2.18234,0.57621
190,access_1,edge_1,13.29547,45.30955,0.002189,1.02717,2.0255,0.54409
190,access_1,edge_2,12.79554,44.98401,0.005066,1.12957,1.99254,0.55615
190,access_1,edge_3,15.76414,43.61394,0.004831,1.40831,2.67879,0.60689
190,access_1,edge_4,14.72798,43.12542,0.003089,1.16076,2.57733,0.62498
190,edge_0,cloud_0,50.31269,62.63419,0.005588,4.48093,8.23737,0.58473
190,edge_1,cloud_0,49.88664,66.29595,0.007251,3.88627,6.8304,0.48899
190,edge_2,cloud_0,50.12392,64.05426,0.004848,3.84951,7.68541,0.5476
190,edge_3,cloud_0,51.23232,63.35074,0.004526,4.76278,8.11921,0.56599
190,edge_4,cloud_0,49.74352,66.16647,0.003174,4.23028,6.85796,0.49238
190,edge_0,edge_1,15.44675,45.32169,0.005221,1.44278,2.3513,0.54364
190,edge_1,edge_2,12.28027,45.81456,0.002762,0.89286,1.80653,0.52539
190,edge_2,edge_3,12.39544,46.3823,0.003836,1.09758,1.75049,0.50436
190,edge_3,edge_4,14.90856,44.97566,0.007236,1.01174,2.32287,0.55646
190,edge_4,edge_0,14.76711,44.96344,0.002329,1.15246,2.3027,0.55691
191,access_0,edge_0,14.88127,44.00878,0.004082,1.02557,2.46783,0.59227
191,access_0,edge_1,11.23128,45.49931,0.001347,1.295,1.68893,0.53706
191,access_0,edge_2,13.02294,45.13247,0.0,0.97878,2.0079,0.55065
191,access_0,edge_3,14.48744,44.99796,0.004677,0.7324,2.25391,0.55563
191,access_0,edge_4,13.61715,43.74175,0.004177,1.02154,2.29591,0.60216
191,access_1,edge_0,14.26713,45.02264,0.005331,1.21709,2.21598,0.55472
191,access_1,edge_1,14.94939,44.07641,0.006261,1.28242,2.46865,0.58976
191,access_1,edge_2,14.93241,44.00117,0.001203,1.28348,2.47749,0.59255
191,access_1,edge_3,12.36653,44.25002,0.005384,0.59379,2.01986,0.58333
191,access_1,edge_4,13.92754,44.28668,0.002628,1.19567,2.26953,0.58197
191,edge_0,cloud_0,52.10368,62.91973,0.003667,4.8553,8.42169,0.57726
191,edge_1,cloud_0,51.29739,63.48141,0.004402,4.16749,8.08045,0.56258
191,edge_2,cloud_0,51.63201,64.7131,0.00263,4.4498,7.66763,0.53038
191,edge_3,cloud_0,52.36218,61.98777,0.001481,4.97456,8.8207,0.60163
191,edge_4,cloud_0,52.52807,61.08722,0.003934,5.1189,9.19492,0.62517
191,edge_0,edge_1,14.59128,46.37231,0.004542,0.85629,2.0621,0.50473
191,edge_1,edge_2,14.16086,43.81643,0.002714,0.88487,2.37661,0.59939
191,edge_2,edge_3,12.28927,45.32585,0.004041,0.91304,1.87014,0.54349
191,edge_3,edge_4,13.08078,45.45404,0.0,1.36359,1.9732,0.53874
191,edge_4,edge_0,13.80618,45.12336,0.004462,0.96517,2.12997,0.55099
192,access_0,edge_0,12.19558,44.41446,0.002883,1.08181,1.97115,0.57724
192,access_0,edge_1,13.6287,45.47808,0.007034,1.41839,2.05245,0.53785
192,access_0,edge_2,13.50517,45.04828,0.002491,1.08406,2.09404,0.55377
192,access_0,edge_3,14.46866,45.73901,0.006636,1.30263,2.13979,0.52818
192,access_0,edge_4,13.81112,44.91874,0.002371,1.04016,2.16003,0.55857
192,access_1,edge_0,12.51724,45.43077,0.007447,0.65072,1.89121,0.5396
192,access_1,edge_1,15.63825,45.30606,0.003665,1.35298,2.38298,0.54422
192,access_1,edge_2,14.79822,45.67001,0.002128,1.16941,2.19912,0.53074
192,access_1,edge_3,14.36435,44.49726,0.000822,1.27365,2.30935,0.57418
192,access_1,edge_4,8.77111,47.57536,0.0015,0.73454,1.13014,0.46017
192,edge_0,cloud_0,49.30052,64.65915,0.004221,4.04115,7.34086,0.53179
192,edge_1,cloud_0,48.17782,64.90088,0.004103,4.00699,7.08844,0.52547
192,edge_2,cloud_0,49.74714,62.1189,0.005177,4.45686,8.33243,0.5982
192,edge_3,cloud_0,48.83881,65.3149,0.003088,4.13586,7.03767,0.51464
192,edge_4,cloud_0,50.86633,64.13338,0.005503,4.10892,7.76979,0.54553
192,edge_0,edge_1,13.29563,45.69517,0.0,1.07525,1.97236,0.52981
192,edge_1,edge_2,12.99648,46.01913,0.00333,1.24677,1.88432,0.51781
192,edge_2,edge_3,11.35574,45.07722,0.001844,0.87138,1.75736,0.5527
192,edge_3,edge_4,12.4888,46.54296,0.004266,1.02122,1.74287,0.49841
192,edge_4,edge_0,12.00833,45.99607,0.005016,0.95435,1.74392,0.51866
193,access_0,edge_0,13.46721,45.21074,0.003849,1.23083,2.06547,0.54775
193,access_0,edge_1,13.09583,43.64938,0.004804,1.05941,2.22056,0.60558
193,access_0,edge_2,13.11856,44.98779,0.003993,1.40878,2.04233,0.55601
193,access_0,edge_3,16.62714,46.02303,0.00452,1.29423,2.41004,0.51767
193,access_0,edge_4,13.61404,44.09414,0.00423,1.47749,2.24563,0.58911
193,access_1,edge_0,13.7308,45.22258,0.004644,1.29915,2.10421,0.54731
193,access_1,edge_1,11.30522,45.10256,0.003291,0.73466,1.74657,0.55176
193,access_1,edge_2,15.05993,45.02268,0.002153,1.56377,2.33911,0.55472
193,access_1,edge_3,15.53997,44.2819,0.003577,1.3595,2.53305,0.58215
193,access_1,edge_4,15.77462,44.36697,0.004034,1.28232,2.55739,0.579
193,edge_0,cloud_0,49.66749,63.95677,0.004223,4.2257,7.65088,0.55015
193,edge_1,cloud_0,51.96701,63.99893,0.004301,4.40016,7.98906,0.54905
193,edge_2,cloud_0,50.45043,62.45221,0.0,4.4972,8.32713,0.58948
193,edge_3,cloud_0,51.54897,63.09892,0.009744,4.36003,8.26442,0.57258
193,edge_4,cloud_0,51.38942,62.76405,0.004132,4.24366,8.36481,0.58133
193,edge_0,edge_1,13.28528,44.2413,0.002807,1.31227,2.17113,0.58366
193,edge_1,edge_2,12.23347,45.64791,0.004428,1.04123,1.82079,0.53156
193,edge_2,edge_3,13.17407,46.53001,0.00078,0.94543,1.84027,0.49889
193,edge_3,edge_4,12.62926,43.91146,0.001875,1.13127,2.10712,0.59587
193,edge_4,edge_0,13.59831,44.93732,0.004626,0.86677,2.12413,0.55788
194,access_0,edge_0,13.35197,45.19875,0.006802,1.01921,2.04945,0.54819
194,access_0,edge_1,12.5089,44.19369,0.002021,1.27183,2.05042,0.58542
194,access_0,edge_2,14.57264,43.99228,0.003606,1.20952,2.41915,0.59288
194,access_0,edge_3,14.45614,46.09778,0.002603,1.14408,2.08416,0.5149
194,access_0,edge_4,12.90689,45.26428,0.005357,1.15838,1.97236,0.54577
194,access_1,edge_0,12.69428,45.34076,0.001968,0.99527,1.92981,0.54293
194,access_1,edge_1,12.57311,44.07265,0.00211,0.90599,2.07673,0.5899
194,access_1,edge_2,12.90778,44.50631,0.004523,1.20406,2.07396,0.57384
194,access_1,edge_3,13.19994,44.03131,0.001265,1.2345,2.18593,0.59143
194,access_1,edge_4,13.24287,45.09139,0.002013,0.8621,2.04745,0.55217
194,edge_0,cloud_0,51.83604,63.86512,0.00358,4.27732,8.0197,0.55255
194,edge_1,cloud_0,53.46595,61.38164,0.002328,4.59868,9.24387,0.61747
194,edge_2,cloud_0,49.03861,64.89729,0.001957,4.1809,7.21638,0.52556
194,edge_3,cloud_0,53.82766,62.00699,0.003383,4.5591,9.06,0.60112
194,edge_4,cloud_0,48.44383,64.31227,0.004898,4.00531,7.33631,0.54086
194,edge_0,edge_1,12.18125,43.58552,0.004235,1.34585,2.07354,0.60794
194,edge_1,edge_2,13.69368,45.24185,0.004195,1.32625,2.09578,0.5466
194,edge_2,edge_3,15.44939,46.25982,0.004644,1.02755,2.2014,0.5089
194,edge_3,edge_4,12.95936,44.04829,0.002757,1.24765,2.1438,0.5908
194,edge_4,edge_0,10.78645,47.47893,0.002259,0.57312,1.4006,0.46374
195,access_0,edge_0,14.08415,44.14123,0.001886,1.26479,2.3163,0.58736
195,access_0,edge_1,12.28213,46.07544,0.002519,1.19159,1.77357,0.51572
195,access_0,edge_2,12.1559,45.0444,0.002371,1.03873,1.88532,0.55391
195,access_0,edge_3,13.54824,45.04069,0.000622,0.85578,2.10179,0.55405
195,access_0,edge_4,16.4114,42.20646,0.002712,1.52236,3.02832,0.65902
195,access_1,edge_0,15.09681,43.77272,0.003071,1.10813,2.54054,0.60101
195,access_1,edge_1,13.18476,47.17518,0.007818,1.18028,1.75355,0.47499
195,access_1,edge_2,12.02143,44.98657,0.003906,0.95719,1.87168,0.55605
195,access_1,edge_3,11.64687,45.62738,0.003496,1.16179,1.73596,0.53232
195,access_1,edge_4,13.99624,44.19963,0.003442,1.32398,2.29336,0.5852
195,edge_0,cloud_0,52.67511,63.05021,0.002427,4.53739,8.46374,0.57385
195,edge_1,cloud_0,48.32712,64.5747,0.005909,3.77316,7.2258,0.53399
195,edge_2,cloud_0,50.40937,64.53445,0.004718,3.81497,7.55199,0.53505
195,edge_3,cloud_0,48.37783,64.07348,0.003316,3.79081,7.41088,0.5471
195,edge_4,cloud_0,50.10008,65.69953,0.004965,3.9979,7.07836,0.50459
195,edge_0,edge_1,12.85196,45.46477,0.003116,1.22167,1.93725,0.53834
195,edge_1,edge_2,13.62617,43.72487,0.004476,1.05259,2.29981,0.60278
195,edge_2,edge_3,14.00916,44.71306,0.007044,1.47893,2.22089,0.56618
195,edge_3,edge_4,14.99652,44.05892,0.00386,1.58654,2.47915,0.59041
195,edge_4,edge_0,14.3624,44.32847,0.002837,1.15973,2.33417,0.58043
196,access_0,edge_0,14.72359,44.50477,0.007557,1.38656,2.36595,0.5739
196,access_0,edge_1,14.96096,45.55169,0.000371,1.43163,2.24166,0.53512
196,access_0,edge_2,12.91485,44.76232,0.002277,1.05782,2.04081,0.56436
196,access_0,edge_3,12.94908,43.46463,0.00218,0.91897,2.22048,0.61242
196,access_0,edge_4,13.80565,44.78287,0.010323,1.00306,2.17863,0.5636
196,access_1,edge_0,12.05049,46.05132,0.0014,1.16301,1.74314,0.51662
196,access_1,edge_1,13.74101,45.56539,0.00262,1.08576,2.05692,0.53462
196,access_1,edge_2,13.32718,44.81121,0.003974,1.26354,2.09921,0.56255
196,access_1,edge_3,14.541,44.81464,0.001923,1.34787,2.28988,0.56242
196,access_1,edge_4,14.79236,42.79693,0.007063,1.09891,2.63899,0.63715
196,edge_0,cloud_0,50.10069,63.82958,0.002341,3.94711,7.76425,0.55347
196,edge_1,cloud_0,52.6711,63.09232,0.003587,4.51771,8.44686,0.57275
196,edge_2,cloud_0,54.47074,62.08363,0.000754,4.76275,9.13767,0.59912
196,edge_3,cloud_0,52.90246,62.15239,0.003963,4.72175,8.84796,0.59732
196,edge_4,cloud_0,54.22311,60.93529,0.006145,4.88309,9.55194,0.62914
196,edge_0,edge_1,12.43672,44.17122,0.006577,1.21442,2.04149,0.58625
196,edge_1,edge_2,13.47492,46.24255,0.007796,1.01267,1.92247,0.50954
196,edge_2,edge_3,12.66355,44.98033,0.005659,0.47728,1.97247,0.55628
196,edge_3,edge_4,14.59477,45.17102,0.005981,1.08473,2.24441,0.54922
196,edge_4,edge_0,13.64973,44.73272,0.005984,1.36605,2.16112,0.56545
197,access_0,edge_0,14.34125,45.29846,0.006269,1.23649,2.18647,0.5445
197,access_0,edge_1,14.04695,44.47173,0.003424,1.20629,2.26204,0.57512
197,access_0,edge_2,12.52677,45.20864,0.00594,0.9965,1.9215,0.54783
197,access_0,edge_3,15.172,43.77186,0.003851,1.3891,2.55332,0.60104
197,access_0,edge_4,11.99714,46.24751,0.006347,0.83027,1.71101,0.50935
197,access_1,edge_0,12.48879,45.64796,0.004453,1.13098,1.85878,0.53156
197,access_1,edge_1,12.93318,47.16188,0.003028,1.28993,1.72187,0.47549
197,access_1,edge_2,16.18715,43.65906,0.009211,1.70181,2.7431,0.60522
197,access_1,edge_3,14.62121,45.38393,0.005282,1.39924,2.2162,0.54134
197,access_1,edge_4,12.95586,43.78724,0.003015,1.16709,2.1783,0.60047
197,edge_0,cloud_0,51.5858,63.76914,0.004963,4.15272,8.01723,0.55506
197,edge_1,cloud_0,50.92216,62.4364,0.005334,4.2953,8.41089,0.5899
197,edge_2,cloud_0,51.35018,62.85538,0.004394,4.48707,8.32409,0.57894
197,edge_3,cloud_0,49.17016,64.95471,0.005738,4.0252,7.21507,0.52406
197,edge_4,cloud_0,52.5706,63.83656,0.004207,4.91532,8.14434,0.55329
197,edge_0,edge_1,14.63572,44.79687,0.003756,1.50833,2.3075,0.56308
197,edge_1,edge_2,13.42683,44.18281,0.004462,1.24374,2.2024,0.58582
197,edge_2,edge_3,13.27647,46.27938,0.0029,1.36865,1.88908,0.50817
197,edge_3,edge_4,14.8725,44.26211,0.003046,1.22555,2.42731,0.58288
197,edge_4,edge_0,14.16161,44.24457,0.004592,1.61459,2.31386,0.58353
198,access_0,edge_0,12.30796,45.35789,0.00211,1.02031,1.86889,0.5423
198,access_0,edge_1,14.78,45.14859,0.004189,1.3843,2.27634,0.55005
198,access_0,edge_2,11.9436,45.76294,0.003096,1.23459,1.7634,0.5273
198,access_0,edge_3,13.23395,44.19402,0.002622,1.02258,2.16923,0.58541
198,access_0,edge_4,16.11405,44.18219,0.002406,1.18509,2.64329,0.58584
198,access_1,edge_0,13.99153,44.62453,0.003406,1.33444,2.23094,0.56946
198,access_1,edge_1,15.28242,44.55384,0.007792,1.36904,2.44797,0.57208
198,access_1,edge_2,14.99984,46.9065,0.005588,1.13241,2.03674,0.48494
198,access_1,edge_3,15.0494,43.85733,0.003792,1.12548,2.51935,0.59788
198,access_1,edge_4,13.11282,45.91645,0.002923,0.82754,1.91515,0.52161
198,edge_0,cloud_0,48.81805,64.20819,0.004262,3.68851,7.43018,0.54358
198,edge_1,cloud_0,51.72812,63.06559,0.008495,4.60635,8.30576,0.57345
198,edge_2,cloud_0,52.00112,62.20822,0.003419,4.72214,8.67596,0.59586
198,edge_3,cloud_0,50.80336,61.31402,0.008333,4.47856,8.80867,0.61924
198,edge_4,cloud_0,50.90836,63.6392,0.004438,4.20941,7.96037,0.55845
198,edge_0,edge_1,15.22144,43.24359,0.006241,1.32788,2.64503,0.62061
198,edge_1,edge_2,14.0126,45.27142,0.002265,1.40605,2.1403,0.5455
198,edge_2,edge_3,13.22831,44.96771,0.003872,1.09552,2.06217,0.55675
198,edge_3,edge_4,14.8017,45.12503,0.004904,1.03308,2.2833,0.55092
198,edge_4,edge_0,15.14368,45.65627,0.003095,1.02595,2.25262,0.53125
199,access_0,edge_0,12.69203,45.58172,0.003664,1.14458,1.89775,0.53401
199,access_0,edge_1,14.41375,44.6851,0.004183,1.20626,2.28921,0.56722
199,access_0,edge_2,13.44318,44.14028,0.005623,1.04798,2.21102,0.5874
199,access_0,edge_3,13.08413,43.91921,0.003144,0.92377,2.18196,0.59558
199,access_0,edge_4,13.58199,44.0891,0.005144,1.22149,2.24106,0.58929
199,access_1,edge_0,13.58234,43.9314,0.00638,1.06286,2.26332,0.59513
199,access_1,edge_1,12.55694,45.9018,0.007943,1.21797,1.83587,0.52216
199,access_1,edge_2,16.84206,43.80365,0.008476,1.71702,2.82883,0.59986
199,access_1,edge_3,15.90946,43.72498,0.000217,1.16356,2.68517,0.60278
199,access_1,edge_4,16.52434,44.42712,0.006672,1.60723,2.66862,0.57677
199,edge_0,cloud_0,47.60744,63.72821,0.005844,4.2002,7.4132,0.55613
199,edge_1,cloud_0,49.53582,63.26692,0.004633,4.49845,7.88074,0.56818
199,edge_2,cloud_0,51.52109,63.62958,0.003892,3.95807,8.05981,0.5587
199,edge_3,cloud_0,48.56718,65.47063,0.004604,3.69856,6.94317,0.51057
199,edge_4,cloud_0,51.34346,63.70766,0.003324,4.12425,8.00267,0.55666
199,edge_0,edge_1,14.82197,43.25381,0.006129,1.19233,2.57405,0.62023
199,edge_1,edge_2,15.59848,44.79362,0.003786,1.17476,2.45981,0.5632
199,edge_2,edge_3,14.2813,45.07654,0.001757,1.33766,2.2102,0.55272
199,edge_3,edge_4,12.22718,43.35634,0.004033,0.99328,2.11042,0.61643
199,edge_4,edge_0,14.50713,44.99567,0.005412,1.40525,2.25732,0.55572
