time,scenario,event_id,severity,affected_node,affected_link,affected_node_position,affected_link_position,src,dst,delay_ms,bandwidth,loss,jitter_ms,queue_delay_ms,bandwidth_util
0,normal,-1,0.0,,,-1,-1,access_0,edge_0,8.80009,51.69926,0.000257,0.57727,0.6978,0.37759
0,normal,-1,0.0,,,-1,-1,access_0,edge_1,9.65991,51.84635,0.00157,0.171,0.75504,0.3722
0,normal,-1,0.0,,,-1,-1,access_1,edge_2,10.77679,51.11443,0.000389,0.46597,0.90306,0.39903
0,normal,-1,0.0,,,-1,-1,access_1,edge_3,10.03026,51.65792,0.001048,0.48495,0.79854,0.37911
0,normal,-1,0.0,,,-1,-1,edge_0,edge_1,9.87842,51.72425,0.001874,0.674,0.7814,0.37668
0,normal,-1,0.0,,,-1,-1,edge_1,edge_2,10.22473,51.9945,0.0,0.63856,0.78753,0.36677
0,normal,-1,0.0,,,-1,-1,edge_2,edge_3,11.20299,51.19377,0.001069,0.53791,0.93193,0.39612
0,normal,-1,0.0,,,-1,-1,edge_3,edge_4,11.17826,51.59348,0.0,0.94742,0.89548,0.38147
0,normal,-1,0.0,,,-1,-1,edge_4,edge_0,8.68528,51.94535,0.003125,0.77564,0.67224,0.36857
0,normal,-1,0.0,,,-1,-1,edge_0,cloud_0,38.79539,70.53472,0.002085,2.41219,2.96813,0.36432
0,normal,-1,0.0,,,-1,-1,edge_2,cloud_0,37.54799,70.27255,0.0,2.02883,2.92863,0.37141
0,normal,-1,0.0,,,-1,-1,edge_4,cloud_0,39.27292,69.75407,0.002445,2.36963,3.17886,0.38544
1,normal,-1,0.0,,,-1,-1,access_0,edge_0,8.81873,51.85515,0.000535,0.88969,0.68869,0.37188
1,normal,-1,0.0,,,-1,-1,access_0,edge_1,10.80359,51.03748,0.0,0.77626,0.9117,0.40185
1,normal,-1,0.0,,,-1,-1,access_1,edge_2,10.50758,52.32122,0.0,0.36045,0.78289,0.35479
1,normal,-1,0.0,,,-1,-1,access_1,edge_3,9.09264,52.09533,0.00247,0.63872,0.69327,0.36307
1,normal,-1,0.0,,,-1,-1,edge_0,edge_1,10.64916,51.20707,0.004368,0.55443,0.88477,0.39564
1,normal,-1,0.0,,,-1,-1,edge_1,edge_2,11.49947,51.93,0.004131,0.71147,0.89142,0.36913
1,normal,-1,0.0,,,-1,-1,edge_2,edge_3,10.08905,51.27974,0.001643,0.5746,0.83259,0.39297
1,normal,-1,0.0,,,-1,-1,edge_3,edge_4,10.35828,51.58689,0.000895,0.78399,0.83032,0.38171
1,normal,-1,0.0,,,-1,-1,edge_4,edge_0,11.22095,51.18862,0.002024,0.86781,0.93387,0.39631
1,normal,-1,0.0,,,-1,-1,edge_0,cloud_0,38.59025,68.2212,0.00248,2.37902,3.4597,0.42692
1,normal,-1,0.0,,,-1,-1,edge_2,cloud_0,38.54813,69.2881,0.004533,2.2895,3.22225,0.39805
1,normal,-1,0.0,,,-1,-1,edge_4,cloud_0,38.21296,69.1721,0.0029,2.42513,3.21942,0.40119
2,normal,-1,0.0,,,-1,-1,access_0,edge_0,11.83164,51.65301,0.002796,0.85056,0.9424,0.37929
2,normal,-1,0.0,,,-1,-1,access_0,edge_1,9.91808,51.48634,0.001836,0.61451,0.80271,0.3854
2,normal,-1,0.0,,,-1,-1,access_1,edge_2,11.33085,51.54588,0.000939,0.47135,0.91185,0.38322
2,normal,-1,0.0,,,-1,-1,access_1,edge_3,9.6942,51.38076,0.003028,0.36885,0.79246,0.38927
2,normal,-1,0.0,,,-1,-1,edge_0,edge_1,10.15846,51.0286,0.002812,0.31148,0.85796,0.40218
2,normal,-1,0.0,,,-1,-1,edge_1,edge_2,10.93357,51.56912,0.002136,0.68785,0.87793,0.38236
2,normal,-1,0.0,,,-1,-1,edge_2,edge_3,10.04956,51.4662,0.00312,0.67161,0.81491,0.38614
2,normal,-1,0.0,,,-1,-1,edge_3,edge_4,10.02072,50.88893,0.003194,0.7881,0.8571,0.4073
2,normal,-1,0.0,,,-1,-1,edge_4,edge_0,10.33195,50.94093,0.003735,0.58009,0.87958,0.40539
2,normal,-1,0.0,,,-1,-1,edge_0,cloud_0,36.9662,69.77457,0.00181,2.1214,2.98784,0.38489
2,normal,-1,0.0,,,-1,-1,edge_2,cloud_0,37.32758,69.81169,0.000662,2.19726,3.00918,0.38388
2,normal,-1,0.0,,,-1,-1,edge_4,cloud_0,38.37969,70.04195,0.002284,2.22991,3.04378,0.37765
3,normal,-1,0.0,,,-1,-1,access_0,edge_0,10.89647,51.25888,0.001737,0.74293,0.90097,0.39374
3,normal,-1,0.0,,,-1,-1,access_0,edge_1,9.54443,51.55171,0.002996,0.38655,0.76766,0.383
3,normal,-1,0.0,,,-1,-1,access_1,edge_2,10.77009,51.72957,0.004142,0.50676,0.8515,0.37648
3,normal,-1,0.0,,,-1,-1,access_1,edge_3,9.81333,50.84062,0.005128,0.47682,0.84301,0.40907
3,normal,-1,0.0,,,-1,-1,edge_0,edge_1,9.44992,50.70968,0.001178,0.5316,0.82131,0.41387
3,normal,-1,0.0,,,-1,-1,edge_1,edge_2,9.89217,51.68959,0.002573,0.68688,0.78513,0.37795
3,normal,-1,0.0,,,-1,-1,edge_2,edge_3,10.32165,51.45062,0.001274,0.52108,0.83821,0.38671
3,normal,-1,0.0,,,-1,-1,edge_3,edge_4,9.04176,50.62401,0.0,0.52675,0.7918,0.41701
3,normal,-1,0.0,,,-1,-1,edge_4,edge_0,9.50147,50.77332,0.001661,0.57149,0.82114,0.41154
3,normal,-1,0.0,,,-1,-1,edge_0,cloud_0,38.49663,69.65421,0.0,1.89511,3.13787,0.38814
3,normal,-1,0.0,,,-1,-1,edge_2,cloud_0,38.21278,68.7746,0.00137,2.22892,3.30571,0.41194
3,normal,-1,0.0,,,-1,-1,edge_4,cloud_0,36.00648,70.10849,0.00298,1.87891,2.84196,0.37585
4,normal,-1,0.0,,,-1,-1,access_0,edge_0,10.7793,51.6139,0.000521,0.7638,0.86182,0.38072
4,normal,-1,0.0,,,-1,-1,access_0,edge_1,9.59753,51.55341,0.001708,0.23136,0.77181,0.38294
4,normal,-1,0.0,,,-1,-1,access_1,edge_2,9.49003,51.98287,0.002833,0.56764,0.73179,0.3672
4,normal,-1,0.0,,,-1,-1,access_1,edge_3,11.01114,51.41392,0.002234,0.39319,0.89731,0.38805
4,normal,-1,0.0,,,-1,-1,edge_0,edge_1,10.67096,51.20273,0.001465,0.51736,0.88694,0.39579
4,normal,-1,0.0,,,-1,-1,edge_1,edge_2,9.12797,51.61178,0.003174,0.53572,0.72994,0.3808
4,normal,-1,0.0,,,-1,-1,edge_2,edge_3,9.31742,50.44069,0.006098,0.35458,0.82909,0.42373
4,normal,-1,0.0,,,-1,-1,edge_3,edge_4,10.39456,51.39669,0.001457,0.72079,0.84844,0.38868
4,normal,-1,0.0,,,-1,-1,edge_4,edge_0,9.05794,51.93011,0.002338,0.37406,0.70215,0.36913
4,normal,-1,0.0,,,-1,-1,edge_0,cloud_0,39.90906,70.51777,0.001456,1.83206,3.05718,0.36478
4,normal,-1,0.0,,,-1,-1,edge_2,cloud_0,39.55769,68.59336,0.004526,2.05103,3.46279,0.41685
4,normal,-1,0.0,,,-1,-1,edge_4,cloud_0,38.50315,70.23126,0.000716,1.99488,3.01216,0.37253
5,normal,-1,0.0,,,-1,-1,access_0,edge_0,11.39692,50.54839,0.002363,0.53245,1.00468,0.41978
5,normal,-1,0.0,,,-1,-1,access_0,edge_1,9.41388,51.15827,0.001108,0.52778,0.78567,0.39742
5,normal,-1,0.0,,,-1,-1,access_1,edge_2,9.27561,51.77686,0.002971,0.6148,0.72996,0.37475
5,normal,-1,0.0,,,-1,-1,access_1,edge_3,10.64689,51.29992,0.001322,0.83808,0.87697,0.39223
5,normal,-1,0.0,,,-1,-1,edge_0,edge_1,11.0447,51.65093,0.003605,0.73748,0.87989,0.37936
5,normal,-1,0.0,,,-1,-1,edge_1,edge_2,9.66948,50.85431,0.002572,0.75497,0.82963,0.40857
5,normal,-1,0.0,,,-1,-1,edge_2,edge_3,8.63243,50.73886,0.000393,0.40628,0.74832,0.4128
5,normal,-1,0.0,,,-1,-1,edge_3,edge_4,9.07516,51.71469,0.00324,0.21442,0.71853,0.37703
5,normal,-1,0.0,,,-1,-1,edge_4,edge_0,9.409,50.79016,0.000154,0.35456,0.81193,0.41092
5,normal,-1,0.0,,,-1,-1,edge_0,cloud_0,40.01076,68.10969,0.002142,2.65024,3.61241,0.42993
5,normal,-1,0.0,,,-1,-1,edge_2,cloud_0,39.90528,69.14038,0.001571,2.75564,3.36919,0.40205
5,normal,-1,0.0,,,-1,-1,edge_4,cloud_0,38.94192,68.87486,0.00057,2.36933,3.3466,0.40923
6,normal,-1,0.0,,,-1,-1,access_0,edge_0,10.01234,50.77009,0.002206,0.90409,0.86554,0.41165
6,normal,-1,0.0,,,-1,-1,access_0,edge_1,9.72809,51.55961,0.000228,0.54081,0.78184,0.38271
6,normal,-1,0.0,,,-1,-1,access_1,edge_2,11.20643,51.31988,0.002512,0.84164,0.92134,0.3915
6,normal,-1,0.0,,,-1,-1,access_1,edge_3,9.07466,51.59859,0.001918,0.39516,0.7266,0.38128
6,normal,-1,0.0,,,-1,-1,edge_0,edge_1,10.84131,51.02417,0.002951,0.88355,0.916,0.40234
6,normal,-1,0.0,,,-1,-1,edge_1,edge_2,11.89129,50.98356,0.001271,0.69545,1.00843,0.40383
6,normal,-1,0.0,,,-1,-1,edge_2,edge_3,9.93025,51.12536,0.00307,0.72742,0.83129,0.39863
6,normal,-1,0.0,,,-1,-1,edge_3,edge_4,10.40717,51.13467,0.002634,0.89014,0.87046,0.39829
6,normal,-1,0.0,,,-1,-1,edge_4,edge_0,10.20751,50.96578,0.005509,0.68106,0.86703,0.40448
6,normal,-1,0.0,,,-1,-1,edge_0,cloud_0,39.38769,69.44916,0.002099,2.63858,3.25639,0.39369
6,normal,-1,0.0,,,-1,-1,edge_2,cloud_0,39.87643,68.64542,0.002117,2.56667,3.4789,0.41544
6,normal,-1,0.0,,,-1,-1,edge_4,cloud_0,39.44342,69.12927,0.00434,2.30269,3.33269,0.40235
7,normal,-1,0.0,,,-1,-1,access_0,edge_0,10.01263,50.89879,0.000176,0.5331,0.85565,0.40694
7,normal,-1,0.0,,,-1,-1,access_0,edge_1,8.56769,51.43361,0.002018,0.64034,0.69689,0.38733
7,normal,-1,0.0,,,-1,-1,access_1,edge_2,10.97503,51.04825,0.001882,0.21662,0.92526,0.40146
7,normal,-1,0.0,,,-1,-1,access_1,edge_3,9.05699,51.08167,0.001255,0.4332,0.76123,0.40023
7,normal,-1,0.0,,,-1,-1,edge_0,edge_1,11.05775,50.86415,0.000204,0.6759,0.94791,0.40821
7,normal,-1,0.0,,,-1,-1,edge_1,edge_2,10.7534,51.3404,0.0032,0.67213,0.88239,0.39075
7,normal,-1,0.0,,,-1,-1,edge_2,edge_3,9.02706,51.5723,0.001915,0.35212,0.72462,0.38225
7,normal,-1,0.0,,,-1,-1,edge_3,edge_4,8.64633,51.726,0.002048,0.56007,0.68383,0.37661
7,normal,-1,0.0,,,-1,-1,edge_4,edge_0,10.33446,50.88536,0.00266,0.48231,0.88422,0.40743
7,normal,-1,0.0,,,-1,-1,edge_0,cloud_0,37.40387,69.34101,0.001124,2.58334,3.11536,0.39662
7,normal,-1,0.0,,,-1,-1,edge_2,cloud_0,37.77733,69.90285,0.002,2.07835,3.02587,0.38142
7,normal,-1,0.0,,,-1,-1,edge_4,cloud_0,38.65639,69.9782,0.003248,2.20421,3.07973,0.37938
8,normal,-1,0.0,,,-1,-1,access_0,edge_0,8.44483,51.84195,0.001511,0.39485,0.66035,0.37236
8,normal,-1,0.0,,,-1,-1,access_0,edge_1,9.80911,50.86578,0.001975,0.40266,0.84075,0.40815
8,normal,-1,0.0,,,-1,-1,access_1,edge_2,11.27497,51.40629,0.0,0.4659,0.91947,0.38833
8,normal,-1,0.0,,,-1,-1,access_1,edge_3,11.21687,50.57104,0.001521,0.70991,0.98685,0.41895
8,normal,-1,0.0,,,-1,-1,edge_0,edge_1,9.43152,51.18374,0.003357,0.5814,0.7853,0.39649
8,normal,-1,0.0,,,-1,-1,edge_1,edge_2,9.71849,50.87858,0.000747,0.41981,0.83202,0.40768
8,normal,-1,0.0,,,-1,-1,edge_2,edge_3,10.48461,50.88427,0.002729,0.73021,0.89715,0.40747
8,normal,-1,0.0,,,-1,-1,edge_3,edge_4,9.91961,51.16022,0.001369,0.6064,0.82773,0.39735
8,normal,-1,0.0,,,-1,-1,edge_4,edge_0,10.39654,51.50712,0.001144,0.4298,0.83977,0.38464
8,normal,-1,0.0,,,-1,-1,edge_0,cloud_0,38.15161,69.19594,0.003656,2.12759,3.20908,0.40054
8,normal,-1,0.0,,,-1,-1,edge_2,cloud_0,37.92951,69.50128,0.002562,2.01059,3.1246,0.39228
8,normal,-1,0.0,,,-1,-1,edge_4,cloud_0,40.25629,68.04165,0.001624,2.55903,3.65014,0.43177
9,normal,-1,0.0,,,-1,-1,access_0,edge_0,10.61734,50.83383,0.0,0.60575,0.91263,0.40932
9,normal,-1,0.0,,,-1,-1,access_0,edge_1,10.72018,50.98393,0.003283,0.82118,0.90908,0.40381
9,normal,-1,0.0,,,-1,-1,access_1,edge_2,10.66855,51.0195,0.00171,0.63291,0.90178,0.40251
9,normal,-1,0.0,,,-1,-1,access_1,edge_3,9.48397,51.0968,0.0,0.52373,0.79601,0.39968
9,normal,-1,0.0,,,-1,-1,edge_0,edge_1,10.36003,52.04897,0.003708,0.76443,0.7936,0.36477
9,normal,-1,0.0,,,-1,-1,edge_1,edge_2,11.34423,50.81887,0.001871,0.78903,0.97642,0.40987
9,normal,-1,0.0,,,-1,-1,edge_2,edge_3,9.31534,50.78778,0.003914,0.46801,0.80402,0.41101
9,normal,-1,0.0,,,-1,-1,edge_3,edge_4,9.51061,51.00305,0.003979,0.33365,0.80511,0.40311
9,normal,-1,0.0,,,-1,-1,edge_4,edge_0,9.81673,51.47304,0.0,0.50131,0.79551,0.38589
9,normal,-1,0.0,,,-1,-1,edge_0,cloud_0,39.75905,70.82503,0.003363,2.43267,2.97627,0.35647
9,normal,-1,0.0,,,-1,-1,edge_2,cloud_0,39.22125,68.91767,0.002118,2.31065,3.36107,0.40807
9,normal,-1,0.0,,,-1,-1,edge_4,cloud_0,37.95324,68.54849,0.0,2.12965,3.33202,0.41806
10,normal,-1,0.0,,,-1,-1,access_0,edge_0,10.03269,51.55877,0.002021,0.51171,0.80639,0.38274
10,normal,-1,0.0,,,-1,-1,access_0,edge_1,10.80236,51.53923,1.6e-05,0.20644,0.86988,0.38346
10,normal,-1,0.0,,,-1,-1,access_1,edge_2,9.03751,51.61717,0.000767,0.47835,0.72234,0.3806
10,normal,-1,0.0,,,-1,-1,access_1,edge_3,10.07119,50.59629,0.0,0.44086,0.8841,0.41802
10,normal,-1,0.0,,,-1,-1,edge_0,edge_1,10.25932,52.04269,0.003121,0.51477,0.78639,0.365
10,normal,-1,0.0,,,-1,-1,edge_1,edge_2,9.76211,51.02633,0.0,0.37805,0.82465,0.40226
10,normal,-1,0.0,,,-1,-1,edge_2,edge_3,9.92097,51.46736,0.003678,0.43168,0.80439,0.38609
10,normal,-1,0.0,,,-1,-1,edge_3,edge_4,9.6611,51.76474,0.002767,0.01217,0.7612,0.37519
10,normal,-1,0.0,,,-1,-1,edge_4,edge_0,10.47513,52.10225,0.001631,0.27017,0.79812,0.36282
10,normal,-1,0.0,,,-1,-1,edge_0,cloud_0,37.25519,70.73861,0.004603,2.2623,2.80713,0.3588
10,normal,-1,0.0,,,-1,-1,edge_2,cloud_0,38.35372,69.36389,0.004205,2.32964,3.18948,0.396
10,normal,-1,0.0,,,-1,-1,edge_4,cloud_0,36.68691,70.26963,0.00266,2.26709,2.86207,0.37149
11,normal,-1,0.0,,,-1,-1,access_0,edge_0,10.64054,51.29029,0.002229,0.48925,0.87724,0.39258
11,normal,-1,0.0,,,-1,-1,access_0,edge_1,9.72685,50.79856,0.00058,0.29646,0.83873,0.41061
11,normal,-1,0.0,,,-1,-1,access_1,edge_2,10.36266,50.96615,0.002323,0.6925,0.88018,0.40447
11,normal,-1,0.0,,,-1,-1,access_1,edge_3,11.2256,51.56015,0.002507,0.63674,0.90215,0.38269
11,normal,-1,0.0,,,-1,-1,edge_0,edge_1,11.31114,52.79246,0.001899,0.33162,0.80172,0.33752
11,normal,-1,0.0,,,-1,-1,edge_1,edge_2,9.99137,50.89209,0.000447,0.65681,0.85434,0.40718
11,normal,-1,0.0,,,-1,-1,edge_2,edge_3,9.06314,51.70955,0.003787,0.0,0.71794,0.37722
11,normal,-1,0.0,,,-1,-1,edge_3,edge_4,11.03188,51.52296,0.004301,0.42293,0.88974,0.38406
11,normal,-1,0.0,,,-1,-1,edge_4,edge_0,8.99884,51.48015,0.001826,0.5475,0.72874,0.38563
11,normal,-1,0.0,,,-1,-1,edge_0,cloud_0,37.90277,69.76109,0.001332,2.04765,3.06644,0.38525
11,normal,-1,0.0,,,-1,-1,edge_2,cloud_0,36.72443,69.78453,0.000603,1.9793,2.96622,0.38462
11,normal,-1,0.0,,,-1,-1,edge_4,cloud_0,38.36212,69.62989,0.00135,2.20525,3.1322,0.3888
12,normal,-1,0.0,,,-1,-1,access_0,edge_0,9.81351,51.7328,0.002975,0.84337,0.77562,0.37636
12,normal,-1,0.0,,,-1,-1,access_0,edge_1,10.06439,51.88339,0.001393,0.50312,0.78379,0.37084
12,normal,-1,0.0,,,-1,-1,access_1,edge_2,9.96676,51.82984,0.00425,0.5835,0.78029,0.37281
12,normal,-1,0.0,,,-1,-1,access_1,edge_3,9.82242,51.79626,0.002399,0.5444,0.77153,0.37404
12,normal,-1,0.0,,,-1,-1,edge_0,edge_1,10.41279,51.95887,0.00443,0.46339,0.80487,0.36808
12,link_congestion,14,0.2708,edge_2,edge_1-edge_2,2,1,edge_1,edge_2,11.45002,49.63375,0.005815,0.83389,1.71283,0.45331
12,normal,-1,0.0,,,-1,-1,edge_2,edge_3,10.23309,51.83845,2.9e-05,0.3368,0.80046,0.37249
12,normal,-1,0.0,,,-1,-1,edge_3,edge_4,8.95093,50.93916,0.001579,0.4234,0.76213,0.40546
12,normal,-1,0.0,,,-1,-1,edge_4,edge_0,9.65296,52.10448,0.0,0.5923,0.73532,0.36274
12,normal,-1,0.0,,,-1,-1,edge_0,cloud_0,36.15649,71.02244,0.0,2.11626,2.66604,0.35112
12,normal,-1,0.0,,,-1,-1,edge_2,cloud_0,38.45704,70.40895,0.002005,2.05573,2.96972,0.36772
12,normal,-1,0.0,,,-1,-1,edge_4,cloud_0,38.09287,69.56202,0.000604,2.3424,3.12491,0.39064
13,normal,-1,0.0,,,-1,-1,access_0,edge_0,11.876,51.97644,0.001697,0.97429,0.91636,0.36743
13,normal,-1,0.0,,,-1,-1,access_0,edge_1,10.4081,52.82778,0.0,0.55939,0.73489,0.33623
13,normal,-1,0.0,,,-1,-1,access_1,edge_2,8.7283,52.79291,0.003517,0.52521,0.61862,0.3375
13,normal,-1,0.0,,,-1,-1,access_1,edge_3,11.23274,52.11062,0.002236,0.54434,0.85513,0.36251
13,normal,-1,0.0,,,-1,-1,edge_0,edge_1,10.18174,52.91518,0.001151,0.88729,0.71205,0.33302
13,link_congestion,14,0.2708,edge_2,edge_1-edge_2,2,1,edge_1,edge_2,12.15041,49.68613,0.00328,0.65434,1.8099,0.45139
13,normal,-1,0.0,,,-1,-1,edge_2,edge_3,9.72456,52.30025,0.003268,0.32249,0.72611,0.35556
13,normal,-1,0.0,,,-1,-1,edge_3,edge_4,8.75992,52.21091,0.003624,0.5293,0.66011,0.35884
13,normal,-1,0.0,,,-1,-1,edge_4,edge_0,9.18525,52.34971,0.002245,0.21437,0.68235,0.35375
13,normal,-1,0.0,,,-1,-1,edge_0,cloud_0,37.77518,70.38177,0.002542,2.40035,2.9229,0.36846
13,normal,-1,0.0,,,-1,-1,edge_2,cloud_0,38.17811,69.04597,0.000596,2.18147,3.24384,0.4046
13,normal,-1,0.0,,,-1,-1,edge_4,cloud_0,38.84517,70.2679,0.004959,2.12121,3.03083,0.37154
14,normal,-1,0.0,,,-1,-1,access_0,edge_0,10.18901,51.29765,0.006118,0.94486,0.83943,0.39231
14,normal,-1,0.0,,,-1,-1,access_0,edge_1,9.02739,52.02095,0.002163,0.48222,0.69347,0.3658
14,normal,-1,0.0,,,-1,-1,access_1,edge_2,9.54803,51.61294,0.000665,0.39796,0.76345,0.38076
14,normal,-1,0.0,,,-1,-1,access_1,edge_3,8.67533,51.76198,0.001882,0.19913,0.68372,0.37529
14,normal,-1,0.0,,,-1,-1,edge_0,edge_1,8.7047,51.5369,0.002152,0.51661,0.70111,0.38354
14,link_congestion,14,0.2708,edge_2,edge_1-edge_2,2,1,edge_1,edge_2,14.06079,47.6399,0.008924,1.27301,2.44251,0.5264
14,normal,-1,0.0,,,-1,-1,edge_2,edge_3,9.67349,51.43135,0.002663,0.40809,0.78701,0.38741
14,normal,-1,0.0,,,-1,-1,edge_3,edge_4,11.25651,51.25269,0.002219,0.62175,0.93128,0.39396
14,mixed,20,0.25824,edge_4,edge_4-edge_0,2,1,edge_4,edge_0,12.05046,47.56504,0.004329,0.94741,2.10421,0.52914
14,normal,-1,0.0,,,-1,-1,edge_0,cloud_0,38.64207,70.18335,0.003105,2.45,3.03354,0.37383
14,normal,-1,0.0,,,-1,-1,edge_2,cloud_0,36.9135,70.23238,0.0,2.04232,2.88756,0.3725
14,normal,-1,0.0,,,-1,-1,edge_4,cloud_0,37.92025,70.61706,0.002232,2.12692,2.88343,0.36209
15,normal,-1,0.0,,,-1,-1,access_0,edge_0,8.98629,52.44599,0.001142,0.36504,0.66091,0.35022
15,normal,-1,0.0,,,-1,-1,access_0,edge_1,11.13425,52.09133,0.001407,0.71942,0.84928,0.36322
15,normal,-1,0.0,,,-1,-1,access_1,edge_2,9.0608,52.59534,0.0,0.19288,0.65597,0.34475
15,normal,-1,0.0,,,-1,-1,access_1,edge_3,11.43638,52.18666,0.00471,0.60808,0.86393,0.35973
15,normal,-1,0.0,,,-1,-1,edge_0,edge_1,9.68098,51.86484,0.001747,0.66554,0.75531,0.37152
15,link_congestion,14,0.2708,edge_2,edge_1-edge_2,2,1,edge_1,edge_2,13.64317,48.74172,0.008288,0.82656,2.18813,0.48601
15,normal,-1,0.0,,,-1,-1,edge_2,edge_3,11.06428,52.56254,0.0041,0.88147,0.80381,0.34595
15,normal,-1,0.0,,,-1,-1,edge_3,edge_4,10.57144,50.77739,0.002705,0.60963,0.91328,0.41139
15,mixed,20,0.25824,edge_4,edge_4-edge_0,2,1,edge_4,edge_0,12.19624,45.80886,0.006954,0.98805,2.38876,0.59352
15,normal,-1,0.0,,,-1,-1,edge_0,cloud_0,37.86952,70.01106,0.000408,2.28002,3.00997,0.37849
15,normal,-1,0.0,,,-1,-1,edge_2,cloud_0,35.35134,71.26153,0.002425,2.0424,2.55865,0.34466
15,normal,-1,0.0,,,-1,-1,edge_4,cloud_0,38.9809,69.9472,0.00215,2.22824,3.11245,0.38022
16,normal,-1,0.0,,,-1,-1,access_0,edge_0,9.31991,52.00187,0.000295,0.85657,0.71731,0.3665
16,mixed,19,0.36038,edge_1,access_0-edge_1,1,0,access_0,edge_1,11.79723,48.04776,0.00864,0.58152,1.9911,0.51145
16,normal,-1,0.0,,,-1,-1,access_1,edge_2,9.3432,51.52073,0.001278,0.77815,0.75371,0.38414
16,normal,-1,0.0,,,-1,-1,access_1,edge_3,11.42664,51.54118,0.002722,0.54186,0.91997,0.38339
16,normal,-1,0.0,,,-1,-1,edge_0,edge_1,8.38199,51.97189,0.003859,0.46913,0.64705,0.3676
16,link_congestion,14,0.2708,edge_2,edge_1-edge_2,2,1,edge_1,edge_2,13.7507,46.19373,0.01356,0.89757,2.6292,0.57941
16,normal,-1,0.0,,,-1,-1,edge_2,edge_3,9.88786,51.54902,0.002621,0.30139,0.79549,0.3831
16,mixed,26,0.39268,edge_4,edge_3-edge_4,4,3,edge_3,edge_4,13.75764,46.5363,0.008376,1.12807,2.57352,0.56685
16,mixed,20,0.25824,edge_4,edge_4-edge_0,2,1,edge_4,edge_0,14.60946,42.55496,0.00839,1.01152,3.43647,0.71279
16,normal,-1,0.0,,,-1,-1,edge_0,cloud_0,36.52922,70.95323,0.001652,2.23108,2.70789,0.353
16,normal,-1,0.0,,,-1,-1,edge_2,cloud_0,38.59828,69.74756,0.001286,1.99636,3.12568,0.38562
16,normal,-1,0.0,,,-1,-1,edge_4,cloud_0,35.97357,70.4638,0.003458,2.04,2.76674,0.36624
17,normal,-1,0.0,,,-1,-1,access_0,edge_0,9.73425,52.58745,0.004102,0.19072,0.70532,0.34503
17,mixed,19,0.36038,edge_1,access_0-edge_1,1,0,access_0,edge_1,12.94936,45.86579,0.009824,1.12323,2.52735,0.59143
17,normal,-1,0.0,,,-1,-1,access_1,edge_2,9.73507,52.08439,0.002798,0.63074,0.74308,0.36348
17,normal,-1,0.0,,,-1,-1,access_1,edge_3,8.39166,52.31289,0.001744,0.62815,0.62577,0.3551
17,burst,2,0.27767,edge_0,edge_0-edge_1,3,2,edge_0,edge_1,9.18605,49.39179,0.003298,0.3362,1.40104,0.46218
17,link_congestion,14,0.2708,edge_2,edge_1-edge_2,2,1,edge_1,edge_2,14.1583,47.3508,0.010497,0.80201,2.50897,0.53699
17,normal,-1,0.0,,,-1,-1,edge_2,edge_3,10.95726,51.30201,0.003707,0.14562,0.90236,0.39216
17,mixed,26,0.39268,edge_4,edge_3-edge_4,4,3,edge_3,edge_4,14.91277,44.07115,0.010642,0.97814,3.2343,0.65722
17,mixed,20,0.25824,edge_4,edge_4-edge_0,2,1,edge_4,edge_0,16.16082,42.13779,0.011654,1.11362,3.88294,0.72809
17,normal,-1,0.0,,,-1,-1,edge_0,cloud_0,38.40659,69.40231,0.002685,2.10332,3.1855,0.39496
17,normal,-1,0.0,,,-1,-1,edge_2,cloud_0,38.31019,70.8374,0.003128,2.43691,2.86512,0.35613
17,normal,-1,0.0,,,-1,-1,edge_4,cloud_0,35.93923,70.49763,0.0,2.0056,2.75719,0.36532
18,normal,-1,0.0,,,-1,-1,access_0,edge_0,10.36962,51.5849,0.002178,0.43876,0.83138,0.38179
18,mixed,19,0.36038,edge_1,access_0-edge_1,1,0,access_0,edge_1,14.99118,42.90992,0.011024,1.22436,3.46189,0.69978
18,normal,-1,0.0,,,-1,-1,access_1,edge_2,10.01078,52.76788,0.003699,0.80279,0.71145,0.33842
18,normal,-1,0.0,,,-1,-1,access_1,edge_3,11.22654,51.65666,0.002793,0.445,0.89388,0.37915
18,burst,2,0.27767,edge_0,edge_0-edge_1,3,2,edge_0,edge_1,11.77216,49.58418,0.003302,0.4694,1.76808,0.45513
18,link_congestion,14,0.2708,edge_2,edge_1-edge_2,2,1,edge_1,edge_2,12.12572,48.196,0.011298,0.68183,2.0248,0.50601
18,normal,-1,0.0,,,-1,-1,edge_2,edge_3,10.88099,51.44716,0.00101,0.64778,0.88392,0.38683
18,mixed,26,0.39268,edge_4,edge_3-edge_4,4,3,edge_3,edge_4,15.2372,44.27702,0.011959,1.21494,3.26672,0.64967
18,mixed,20,0.25824,edge_4,edge_4-edge_0,2,1,edge_4,edge_0,14.53878,44.56977,0.009077,0.90895,3.0655,0.63894
18,normal,-1,0.0,,,-1,-1,edge_0,cloud_0,39.37151,70.31545,0.001067,2.41087,3.06126,0.37025
18,normal,-1,0.0,,,-1,-1,edge_2,cloud_0,37.79535,70.758,0.001039,2.18796,2.84367,0.35828
18,normal,-1,0.0,,,-1,-1,edge_4,cloud_0,36.29648,71.32032,0.001209,1.85046,2.61493,0.34307
19,normal,-1,0.0,,,-1,-1,access_0,edge_0,9.02888,52.29959,0.0019,0.44859,0.67422,0.35559
19,mixed,19,0.36038,edge_1,access_0-edge_1,1,0,access_0,edge_1,16.4229,41.0303,0.018218,1.70502,4.16593,0.76868
19,normal,-1,0.0,,,-1,-1,access_1,edge_2,10.29677,51.94567,0.001231,0.5321,0.79695,0.36856
19,normal,-1,0.0,,,-1,-1,access_1,edge_3,9.96136,52.1187,0.00355,0.43497,0.75772,0.36222
19,burst,2,0.27767,edge_0,edge_0-edge_1,3,2,edge_0,edge_1,11.71188,49.19358,0.002751,0.60461,1.81436,0.46944
19,link_congestion,14,0.2708,edge_2,edge_1-edge_2,2,1,edge_1,edge_2,12.55719,48.51749,0.009129,0.89011,2.04801,0.49423
19,normal,-1,0.0,,,-1,-1,edge_2,edge_3,10.75359,51.42109,0.003417,0.56331,0.87573,0.38779
19,mixed,26,0.39268,edge_4,edge_3-edge_4,4,3,edge_3,edge_4,16.93562,42.53824,0.018441,1.1178,3.98706,0.71341
19,mixed,20,0.25824,edge_4,edge_4-edge_0,2,1,edge_4,edge_0,13.94155,41.52386,0.011909,0.99757,3.45326,0.75059
19,normal,-1,0.0,,,-1,-1,edge_0,cloud_0,36.93189,72.04442,0.00128,2.0882,2.50876,0.32347
19,normal,-1,0.0,,,-1,-1,edge_2,cloud_0,38.46468,70.9837,0.004601,2.21991,2.8447,0.35217
19,normal,-1,0.0,,,-1,-1,edge_4,cloud_0,38.41733,70.32191,0.002613,2.36792,2.98566,0.37008
20,normal,-1,0.0,,,-1,-1,access_0,edge_0,10.17526,51.90154,0.0,0.20258,0.791,0.37018
20,mixed,19,0.36038,edge_1,access_0-edge_1,1,0,access_0,edge_1,16.80594,41.7913,0.015367,1.14941,4.10838,0.74079
20,normal,-1,0.0,,,-1,-1,access_1,edge_2,9.03025,52.39398,0.0,0.45743,0.66776,0.35213
20,normal,-1,0.0,,,-1,-1,access_1,edge_3,9.17131,51.58218,0.003595,0.66858,0.7355,0.38188
20,burst,2,0.27767,edge_0,edge_0-edge_1,3,2,edge_0,edge_1,12.17529,47.55553,0.004003,0.75779,2.12741,0.52949
20,link_congestion,14,0.2708,edge_2,edge_1-edge_2,2,1,edge_1,edge_2,13.74492,48.76238,0.012941,0.80201,2.20101,0.48525
20,normal,-1,0.0,,,-1,-1,edge_2,edge_3,8.8734,52.84645,0.00301,0.71026,0.62525,0.33554
20,mixed,26,0.39268,edge_4,edge_3-edge_4,4,3,edge_3,edge_4,15.68905,41.46887,0.015188,1.16708,3.89654,0.75261
20,node_overload,6,0.30405,edge_4,edge_4-edge_0,4,3,edge_4,edge_0,10.74129,49.65251,0.004805,0.86093,1.60437,0.45262
20,normal,-1,0.0,,,-1,-1,edge_0,cloud_0,39.79605,69.74645,0.002463,2.2564,3.22293,0.38565
20,normal,-1,0.0,,,-1,-1,edge_2,cloud_0,37.21914,70.58753,0.001852,2.12551,2.83637,0.36289
20,normal,-1,0.0,,,-1,-1,edge_4,cloud_0,38.94364,70.01695,0.002864,2.1552,3.09404,0.37833
21,normal,-1,0.0,,,-1,-1,access_0,edge_0,8.81227,51.64693,0.002439,0.63866,0.70231,0.37951
21,mixed,19,0.36038,edge_1,access_0-edge_1,1,0,access_0,edge_1,17.03557,42.52078,0.010344,1.57571,4.01419,0.71405
21,normal,-1,0.0,,,-1,-1,access_1,edge_2,9.41607,51.78344,0.000817,1.00148,0.74054,0.37451
21,normal,-1,0.0,,,-1,-1,access_1,edge_3,11.46883,50.82514,0.003693,0.85733,0.98659,0.40964
21,link_congestion,11,0.28541,edge_0,edge_0-edge_1,3,2,edge_0,edge_1,12.11658,49.12785,0.00442,0.56564,1.88669,0.47185
21,link_congestion,14,0.2708,edge_2,edge_1-edge_2,2,1,edge_1,edge_2,14.29336,47.73017,0.009102,0.88668,2.4673,0.52309
21,normal,-1,0.0,,,-1,-1,edge_2,edge_3,8.88799,51.02243,0.000872,0.41316,0.75108,0.4024
21,mixed,26,0.39268,edge_4,edge_3-edge_4,4,3,edge_3,edge_4,15.81431,42.63651,0.012207,1.04534,3.70428,0.70981
21,node_overload,6,0.30405,edge_4,edge_4-edge_0,4,3,edge_4,edge_0,10.80125,49.4991,0.0,0.54868,1.63337,0.45824
21,normal,-1,0.0,,,-1,-1,edge_0,cloud_0,37.33615,69.3906,0.002747,2.433,3.0992,0.39528
21,normal,-1,0.0,,,-1,-1,edge_2,cloud_0,38.2166,71.09615,0.001659,2.44444,2.80194,0.34913
21,normal,-1,0.0,,,-1,-1,edge_4,cloud_0,39.75947,69.55513,0.003293,2.63519,3.26318,0.39082
22,normal,-1,0.0,,,-1,-1,access_0,edge_0,7.79566,52.32119,0.001554,0.67271,0.58083,0.3548
22,mixed,19,0.36038,edge_1,access_0-edge_1,1,0,access_0,edge_1,15.03893,42.52813,0.013949,1.20339,3.54237,0.71378
22,normal,-1,0.0,,,-1,-1,access_1,edge_2,10.2232,52.21657,0.001852,0.56498,0.76993,0.35863
22,normal,-1,0.0,,,-1,-1,access_1,edge_3,8.73503,51.65019,0.002573,0.34256,0.69594,0.37939
22,link_congestion,11,0.28541,edge_0,edge_0-edge_1,3,2,edge_0,edge_1,11.8381,49.14068,0.009859,0.62369,1.84149,0.47138
22,link_congestion,14,0.2708,edge_2,edge_1-edge_2,2,1,edge_1,edge_2,12.58021,49.09051,0.008231,0.69195,1.96456,0.47322
22,normal,-1,0.0,,,-1,-1,edge_2,edge_3,9.78979,51.01636,0.002063,0.46096,0.82774,0.40263
22,mixed,26,0.39268,edge_4,edge_3-edge_4,4,3,edge_3,edge_4,16.55389,41.19908,0.017773,1.02227,4.16536,0.7625
22,node_overload,6,0.30405,edge_4,edge_4-edge_0,4,3,edge_4,edge_0,10.78772,49.39767,0.003401,0.716,1.64456,0.46196
22,normal,-1,0.0,,,-1,-1,edge_0,cloud_0,36.08658,70.57221,0.002513,2.17525,2.7532,0.36331
22,normal,-1,0.0,,,-1,-1,edge_2,cloud_0,37.56652,70.4304,0.0,2.32403,2.89638,0.36714
22,normal,-1,0.0,,,-1,-1,edge_4,cloud_0,38.66508,70.25235,0.003636,2.06682,3.02019,0.37196
23,normal,-1,0.0,,,-1,-1,access_0,edge_0,10.55909,51.23939,0.0,0.39374,0.87466,0.39445
23,mixed,19,0.36038,edge_1,access_0-edge_1,1,0,access_0,edge_1,15.98731,42.10674,0.015372,1.28698,3.84725,0.72922
23,normal,-1,0.0,,,-1,-1,access_1,edge_2,9.06804,51.19932,0.002614,0.43711,0.75394,0.39592
23,normal,-1,0.0,,,-1,-1,access_1,edge_3,9.2815,51.56162,0.004432,0.6349,0.74581,0.38264
23,link_congestion,11,0.28541,edge_0,edge_0-edge_1,3,2,edge_0,edge_1,13.03614,48.32322,0.007971,0.95271,2.15676,0.50135
23,normal,-1,0.0,,,-1,-1,edge_1,edge_2,9.45176,51.82977,0.000716,0.52375,0.73998,0.37281
23,normal,-1,0.0,,,-1,-1,edge_2,edge_3,9.61793,51.56422,0.001714,0.67503,0.77265,0.38254
23,mixed,26,0.39268,edge_4,edge_3-edge_4,4,3,edge_3,edge_4,15.97768,42.17496,0.016896,1.09361,3.83175,0.72672
23,node_overload,6,0.30405,edge_4,edge_4-edge_0,4,3,edge_4,edge_0,11.36716,47.58018,0.001465,0.64714,1.98281,0.52859
23,normal,-1,0.0,,,-1,-1,edge_0,cloud_0,38.3132,70.30044,0.003615,2.45149,2.98224,0.37066
23,normal,-1,0.0,,,-1,-1,edge_2,cloud_0,38.75118,71.13559,0.000249,2.34266,2.83245,0.34806
23,normal,-1,0.0,,,-1,-1,edge_4,cloud_0,37.77947,70.15689,0.000915,2.23049,2.97151,0.37454
24,normal,-1,0.0,,,-1,-1,access_0,edge_0,9.77905,51.18036,0.001492,0.46238,0.81449,0.39661
24,mixed,19,0.36038,edge_1,access_0-edge_1,1,0,access_0,edge_1,15.9567,44.45614,0.01458,1.25809,3.3864,0.6431
24,normal,-1,0.0,,,-1,-1,access_1,edge_2,9.30994,51.28331,0.003355,0.80015,0.76804,0.39284
24,normal,-1,0.0,,,-1,-1,access_1,edge_3,10.1141,50.9319,0.00096,0.55068,0.86174,0.40572
24,link_congestion,11,0.28541,edge_0,edge_0-edge_1,3,2,edge_0,edge_1,13.56126,47.50039,0.00957,0.91413,2.37862,0.53151
24,normal,-1,0.0,,,-1,-1,edge_1,edge_2,11.0249,51.91094,0.001668,0.59898,0.85625,0.36983
24,normal,-1,0.0,,,-1,-1,edge_2,edge_3,10.7331,51.94597,0.000837,0.93682,0.83069,0.36855
24,mixed,26,0.39268,edge_4,edge_3-edge_4,4,3,edge_3,edge_4,14.96537,43.88098,0.011659,1.31674,3.28014,0.66419
24,node_overload,6,0.30405,edge_4,edge_4-edge_0,4,3,edge_4,edge_0,13.45207,48.66591,0.008583,0.90992,2.16981,0.48879
24,normal,-1,0.0,,,-1,-1,edge_0,cloud_0,37.91634,70.22716,0.001547,2.32886,2.96713,0.37264
24,normal,-1,0.0,,,-1,-1,edge_2,cloud_0,38.96128,70.10112,0.004386,2.45971,3.07681,0.37605
24,normal,-1,0.0,,,-1,-1,edge_4,cloud_0,38.88236,69.46116,0.0,2.17307,3.21196,0.39337
25,normal,-1,0.0,,,-1,-1,access_0,edge_0,10.18672,51.98623,0.001886,0.60729,0.78525,0.36707
25,mixed,19,0.36038,edge_1,access_0-edge_1,1,0,access_0,edge_1,14.88562,43.39201,0.016318,1.31764,3.3507,0.68211
25,normal,-1,0.0,,,-1,-1,access_1,edge_2,10.68769,51.36845,0.001281,0.76945,0.87469,0.38972
25,normal,-1,0.0,,,-1,-1,access_1,edge_3,8.15744,51.70761,0.002923,0.56049,0.64632,0.37729
25,link_congestion,11,0.28541,edge_0,edge_0-edge_1,3,2,edge_0,edge_1,14.35442,47.47651,0.00993,1.1035,2.52189,0.53239
25,normal,-1,0.0,,,-1,-1,edge_1,edge_2,10.03375,52.12117,0.002189,0.41204,0.76303,0.36213
25,normal,-1,0.0,,,-1,-1,edge_2,edge_3,10.90276,50.97313,0.002031,0.4156,0.92547,0.40421
25,mixed,26,0.39268,edge_4,edge_3-edge_4,4,3,edge_3,edge_4,15.92014,41.75578,0.016215,1.15166,3.89868,0.74209
25,node_overload,6,0.30405,edge_4,edge_4-edge_0,4,3,edge_4,edge_0,10.42765,49.84509,0.004516,0.76335,1.53323,0.44556
25,normal,-1,0.0,,,-1,-1,edge_0,cloud_0,37.98212,69.64688,0.002449,2.35577,3.09751,0.38834
25,normal,-1,0.0,,,-1,-1,edge_2,cloud_0,38.7224,69.28754,0.00312,2.59142,3.23694,0.39806
25,normal,-1,0.0,,,-1,-1,edge_4,cloud_0,40.36826,69.58258,0.004112,2.26655,3.30685,0.39008
26,normal,-1,0.0,,,-1,-1,access_0,edge_0,9.50019,51.38213,0.00137,0.60174,0.77651,0.38922
26,mixed,19,0.36038,edge_1,access_0-edge_1,1,0,access_0,edge_1,14.44056,42.81387,0.011616,1.33895,3.35151,0.7033
26,normal,-1,0.0,,,-1,-1,access_1,edge_2,9.89257,51.44779,0.003541,0.45578,0.80358,0.38681
26,normal,-1,0.0,,,-1,-1,access_1,edge_3,9.55871,49.93058,0.004041,0.53371,0.8881,0.44243
26,link_congestion,11,0.28541,edge_0,edge_0-edge_1,3,2,edge_0,edge_1,15.35005,46.92865,0.01229,0.90386,2.79854,0.55247
26,normal,-1,0.0,,,-1,-1,edge_1,edge_2,10.54401,51.92056,0.003144,0.30782,0.81812,0.36948
26,normal,-1,0.0,,,-1,-1,edge_2,edge_3,10.62069,51.431,0.0,0.69828,0.8641,0.38743
26,mixed,26,0.39268,edge_4,edge_3-edge_4,4,3,edge_3,edge_4,15.43208,43.43682,0.013682,0.965,3.46534,0.68047
26,node_overload,6,0.30405,edge_4,edge_4-edge_0,4,3,edge_4,edge_0,12.4652,49.65908,0.005914,0.94141,1.86087,0.45238
26,normal,-1,0.0,,,-1,-1,edge_0,cloud_0,38.4605,69.98754,0.0,2.04254,3.06208,0.37912
26,normal,-1,0.0,,,-1,-1,edge_2,cloud_0,39.5184,70.1997,0.002143,2.23964,3.09867,0.37338
26,normal,-1,0.0,,,-1,-1,edge_4,cloud_0,39.85597,69.61247,0.001925,2.33739,3.25812,0.38927
27,normal,-1,0.0,,,-1,-1,access_0,edge_0,9.24752,51.57282,0.001077,0.67491,0.74228,0.38223
27,mixed,19,0.36038,edge_1,access_0-edge_1,1,0,access_0,edge_1,15.32552,44.80613,0.008209,1.16225,3.18756,0.63027
27,normal,-1,0.0,,,-1,-1,access_1,edge_2,10.87891,51.38824,0.001614,0.89092,0.88869,0.38899
27,normal,-1,0.0,,,-1,-1,access_1,edge_3,9.601,51.31252,0.00019,0.46354,0.78989,0.39177
27,link_congestion,11,0.28541,edge_0,edge_0-edge_1,3,2,edge_0,edge_1,13.14352,47.39002,0.011319,0.5932,2.3229,0.53556
27,normal,-1,0.0,,,-1,-1,edge_1,edge_2,10.34817,50.84081,0.004055,0.87643,0.88894,0.40906
27,normal,-1,0.0,,,-1,-1,edge_2,edge_3,9.92309,51.35909,0.001428,0.89917,0.81283,0.39006
27,mixed,26,0.39268,edge_4,edge_3-edge_4,4,3,edge_3,edge_4,14.35531,44.13595,0.013703,0.90967,3.10215,0.65484
27,node_overload,6,0.30405,edge_4,edge_4-edge_0,4,3,edge_4,edge_0,10.55356,50.2665,0.003736,0.41468,1.49795,0.43011
27,normal,-1,0.0,,,-1,-1,edge_0,cloud_0,37.94541,69.44249,0.00217,1.80523,3.13858,0.39387
27,normal,-1,0.0,,,-1,-1,edge_2,cloud_0,39.68721,69.26762,0.000468,2.13925,3.32209,0.3986
27,normal,-1,0.0,,,-1,-1,edge_4,cloud_0,38.61331,70.47555,0.003543,1.53323,2.96718,0.36592
28,normal,-1,0.0,,,-1,-1,access_0,edge_0,10.48848,51.7189,0.002419,0.53386,0.83009,0.37687
28,normal,-1,0.0,,,-1,-1,access_0,edge_1,9.98047,51.77841,0.0,0.25259,0.78532,0.37469
28,normal,-1,0.0,,,-1,-1,access_1,edge_2,11.32944,50.48683,0.000793,0.57082,1.0041,0.42204
28,link_congestion,17,0.39554,edge_3,access_1-edge_3,1,0,access_1,edge_3,12.27642,49.05659,0.00774,0.52201,1.92216,0.47447
28,link_congestion,11,0.28541,edge_0,edge_0-edge_1,3,2,edge_0,edge_1,15.33406,46.35418,0.01139,0.86721,2.90218,0.57353
28,normal,-1,0.0,,,-1,-1,edge_1,edge_2,8.66227,51.40315,0.000942,0.33261,0.70662,0.38845
28,normal,-1,0.0,,,-1,-1,edge_2,edge_3,10.63504,50.65653,0.002215,0.49058,0.92867,0.41582
28,normal,-1,0.0,,,-1,-1,edge_3,edge_4,11.0965,50.97978,0.00369,0.48048,0.94135,0.40397
28,node_overload,6,0.30405,edge_4,edge_4-edge_0,4,3,edge_4,edge_0,10.42626,50.77381,0.006331,0.85165,1.41589,0.41152
28,normal,-1,0.0,,,-1,-1,edge_0,cloud_0,40.25933,69.13301,0.0,2.31124,3.40077,0.40225
28,normal,-1,0.0,,,-1,-1,edge_2,cloud_0,37.27443,69.0044,0.00637,2.03611,3.17587,0.40573
28,normal,-1,0.0,,,-1,-1,edge_4,cloud_0,39.74346,68.2828,0.0,2.64122,3.54918,0.42525
29,normal,-1,0.0,,,-1,-1,access_0,edge_0,11.06317,51.78235,0.002202,0.45996,0.87017,0.37455
29,normal,-1,0.0,,,-1,-1,access_0,edge_1,10.7373,50.7359,0.001242,0.51397,0.93104,0.41291
29,normal,-1,0.0,,,-1,-1,access_1,edge_2,9.61012,51.66082,0.001318,0.66635,0.76487,0.379
29,link_congestion,17,0.39554,edge_3,access_1-edge_3,1,0,access_1,edge_3,12.40411,47.60924,0.005578,0.74693,2.15933,0.52752
29,link_congestion,11,0.28541,edge_0,edge_0-edge_1,3,2,edge_0,edge_1,13.27203,48.1417,0.011537,0.85215,2.22493,0.508
29,normal,-1,0.0,,,-1,-1,edge_1,edge_2,11.6384,50.69555,0.001003,0.42376,1.01279,0.41439
29,normal,-1,0.0,,,-1,-1,edge_2,edge_3,10.91367,51.39115,0.002009,0.8032,0.89128,0.38889
29,normal,-1,0.0,,,-1,-1,edge_3,edge_4,9.80502,51.18936,0.000442,0.67738,0.81597,0.39628
29,node_overload,6,0.30405,edge_4,edge_4-edge_0,4,3,edge_4,edge_0,11.48051,51.18805,0.006354,0.86605,1.50153,0.39633
29,normal,-1,0.0,,,-1,-1,edge_0,cloud_0,39.66352,69.03813,0.000723,2.4777,3.37182,0.40481
29,normal,-1,0.0,,,-1,-1,edge_2,cloud_0,38.37761,68.4045,0.00081,2.39414,3.40067,0.42196
29,normal,-1,0.0,,,-1,-1,edge_4,cloud_0,39.06474,69.35639,0.002155,2.13956,3.25028,0.3962
30,normal,-1,0.0,,,-1,-1,access_0,edge_0,9.12515,50.74683,0.001722,0.53208,0.79048,0.41251
30,normal,-1,0.0,,,-1,-1,access_0,edge_1,9.33635,51.07677,0.003191,0.60495,0.78506,0.40041
30,normal,-1,0.0,,,-1,-1,access_1,edge_2,11.15443,50.888,0.002942,0.33187,0.95415,0.40733
30,mixed,27,0.43958,edge_3,access_1-edge_3,1,0,access_1,edge_3,13.24159,46.6555,0.009651,0.82687,2.45789,0.56248
30,link_congestion,11,0.28541,edge_0,edge_0-edge_1,3,2,edge_0,edge_1,12.70575,47.67203,0.009709,0.61836,2.20219,0.52522
30,normal,-1,0.0,,,-1,-1,edge_1,edge_2,10.39614,50.6589,0.003684,0.66469,0.90762,0.41573
30,normal,-1,0.0,,,-1,-1,edge_2,edge_3,10.91924,51.26741,0.001316,0.73109,0.90214,0.39342
30,normal,-1,0.0,,,-1,-1,edge_3,edge_4,10.54742,51.4142,0.002833,0.42647,0.8595,0.38804
30,node_overload,6,0.30405,edge_4,edge_4-edge_0,4,3,edge_4,edge_0,10.30811,50.01827,0.004867,0.70937,1.49406,0.43921
30,normal,-1,0.0,,,-1,-1,edge_0,cloud_0,38.27006,69.30597,0.001213,2.56254,3.19512,0.39757
30,normal,-1,0.0,,,-1,-1,edge_2,cloud_0,38.00941,68.84546,0.005922,2.30259,3.27281,0.41003
30,normal,-1,0.0,,,-1,-1,edge_4,cloud_0,37.51075,70.6972,0.0,2.28905,2.83522,0.35992
31,normal,-1,0.0,,,-1,-1,access_0,edge_0,9.95419,50.68644,0.003603,0.67304,0.86692,0.41472
31,normal,-1,0.0,,,-1,-1,access_0,edge_1,12.29025,50.75103,0.000118,1.21882,1.06426,0.41235
31,normal,-1,0.0,,,-1,-1,access_1,edge_2,10.93438,50.13245,0.001523,0.85956,0.99892,0.43503
31,mixed,27,0.43958,edge_3,access_1-edge_3,1,0,access_1,edge_3,15.414,44.82901,0.011118,1.3343,3.2017,0.62944
31,link_congestion,11,0.28541,edge_0,edge_0-edge_1,3,2,edge_0,edge_1,15.42901,47.71905,0.010685,1.2558,2.66542,0.5235
31,normal,-1,0.0,,,-1,-1,edge_1,edge_2,10.25707,50.64189,0.001945,0.89563,0.89682,0.41635
31,normal,-1,0.0,,,-1,-1,edge_2,edge_3,10.82554,51.38588,0.00336,0.86069,0.88452,0.38908
31,normal,-1,0.0,,,-1,-1,edge_3,edge_4,8.71524,51.40278,0.002833,0.12984,0.71096,0.38846
31,node_overload,6,0.30405,edge_4,edge_4-edge_0,4,3,edge_4,edge_0,10.95204,49.98978,0.004694,1.07866,1.59117,0.44026
31,normal,-1,0.0,,,-1,-1,edge_0,cloud_0,40.61201,68.2058,0.000357,2.35263,3.64451,0.42733
31,normal,-1,0.0,,,-1,-1,edge_2,cloud_0,37.06797,69.38955,0.003712,2.11206,3.07716,0.3953
31,normal,-1,0.0,,,-1,-1,edge_4,cloud_0,39.04287,69.49942,0.004209,2.03265,3.21673,0.39233
32,normal,-1,0.0,,,-1,-1,access_0,edge_0,11.83454,50.27687,0.002531,0.65691,1.068,0.42973
32,normal,-1,0.0,,,-1,-1,access_0,edge_1,9.5565,51.31278,0.000419,0.58469,0.78621,0.39176
32,normal,-1,0.0,,,-1,-1,access_1,edge_2,10.52392,51.28454,0.00099,0.49742,0.86809,0.3928
32,mixed,27,0.43958,edge_3,access_1-edge_3,1,0,access_1,edge_3,14.53138,42.3797,0.016342,1.17016,3.44891,0.71922
32,link_congestion,11,0.28541,edge_0,edge_0-edge_1,3,2,edge_0,edge_1,14.17244,48.43478,0.012493,1.19109,2.32563,0.49726
32,normal,-1,0.0,,,-1,-1,edge_1,edge_2,9.99394,52.21135,0.002645,0.81517,0.75307,0.35882
32,normal,-1,0.0,,,-1,-1,edge_2,edge_3,9.54498,51.14122,0.00255,0.66702,0.79787,0.39805
32,normal,-1,0.0,,,-1,-1,edge_3,edge_4,11.34833,51.31907,0.0,0.36192,0.93307,0.39153
32,node_overload,6,0.30405,edge_4,edge_4-edge_0,4,3,edge_4,edge_0,8.77607,48.94456,0.003046,0.56898,1.38599,0.47857
32,normal,-1,0.0,,,-1,-1,edge_0,cloud_0,39.6072,68.9489,0.002117,2.168,3.38711,0.40723
32,normal,-1,0.0,,,-1,-1,edge_2,cloud_0,38.69293,70.14844,0.003639,2.36444,3.04521,0.37477
32,normal,-1,0.0,,,-1,-1,edge_4,cloud_0,39.69521,69.57813,0.00472,2.55781,3.25272,0.3902
33,normal,-1,0.0,,,-1,-1,access_0,edge_0,9.26743,51.73618,0.002258,0.37819,0.73222,0.37624
33,normal,-1,0.0,,,-1,-1,access_0,edge_1,10.18026,51.39567,0.0,0.48952,0.83103,0.38872
33,normal,-1,0.0,,,-1,-1,access_1,edge_2,8.71534,51.18844,0.002266,0.67816,0.72535,0.39632
33,mixed,27,0.43958,edge_3,access_1-edge_3,1,0,access_1,edge_3,17.25628,40.3729,0.017987,1.61331,4.51456,0.79278
33,link_congestion,11,0.28541,edge_0,edge_0-edge_1,3,2,edge_0,edge_1,14.3777,46.60839,0.009961,1.22323,2.67697,0.56421
33,normal,-1,0.0,,,-1,-1,edge_1,edge_2,9.66023,51.80152,0.001603,0.84884,0.7584,0.37384
33,normal,-1,0.0,,,-1,-1,edge_2,edge_3,10.22845,51.65909,0.001212,0.78172,0.81422,0.37907
33,normal,-1,0.0,,,-1,-1,edge_3,edge_4,9.12437,50.85295,0.00043,0.19067,0.78296,0.40862
33,burst,1,0.29598,edge_4,edge_4-edge_0,2,1,edge_4,edge_0,12.28217,46.23621,0.003995,0.7326,2.3421,0.57785
33,normal,-1,0.0,,,-1,-1,edge_0,cloud_0,37.63659,70.69665,0.0,2.13398,2.84485,0.35994
33,normal,-1,0.0,,,-1,-1,edge_2,cloud_0,39.25699,69.54919,0.001058,2.39457,3.22327,0.39099
33,normal,-1,0.0,,,-1,-1,edge_4,cloud_0,39.34603,69.58658,0.002571,2.43419,3.22222,0.38997
34,normal,-1,0.0,,,-1,-1,access_0,edge_0,11.61136,51.04685,0.001088,0.55347,0.97903,0.40151
34,normal,-1,0.0,,,-1,-1,access_0,edge_1,10.92989,50.99789,0.003903,0.42469,0.92569,0.4033
34,normal,-1,0.0,,,-1,-1,access_1,edge_2,9.72544,51.01776,0.002617,0.82634,0.8222,0.40257
34,mixed,27,0.43958,edge_3,access_1-edge_3,1,0,access_1,edge_3,15.94096,39.98462,0.01602,1.31528,4.24532,0.80702
34,link_congestion,11,0.28541,edge_0,edge_0-edge_1,3,2,edge_0,edge_1,12.95328,47.97691,0.007953,0.64186,2.19732,0.51404
34,normal,-1,0.0,,,-1,-1,edge_1,edge_2,10.51697,53.00586,0.004277,0.85082,0.72816,0.3297
34,normal,-1,0.0,,,-1,-1,edge_2,edge_3,8.52371,50.52254,4e-06,0.49306,0.75309,0.42073
34,normal,-1,0.0,,,-1,-1,edge_3,edge_4,8.50221,51.50466,0.002662,0.64985,0.68692,0.38473
34,burst,1,0.29598,edge_4,edge_4-edge_0,2,1,edge_4,edge_0,12.03721,45.16336,0.007916,1.57789,2.45161,0.61718
34,normal,-1,0.0,,,-1,-1,edge_0,cloud_0,39.90822,70.95695,0.002227,2.24253,2.95753,0.3529
34,normal,-1,0.0,,,-1,-1,edge_2,cloud_0,35.80779,71.5971,0.000192,1.89342,2.52341,0.33558
34,normal,-1,0.0,,,-1,-1,edge_4,cloud_0,38.45759,69.18458,0.0,2.18005,3.2373,0.40085
35,normal,-1,0.0,,,-1,-1,access_0,edge_0,9.44107,51.22474,0.003895,0.69369,0.78311,0.39499
35,normal,-1,0.0,,,-1,-1,access_0,edge_1,10.86326,51.81566,0.000245,0.68821,0.85166,0.37333
35,normal,-1,0.0,,,-1,-1,access_1,edge_2,9.74229,52.10108,0.000463,0.7079,0.74238,0.36286
35,mixed,27,0.43958,edge_3,access_1-edge_3,1,0,access_1,edge_3,15.15011,42.34402,0.01505,1.05606,3.6023,0.72053
35,link_congestion,11,0.28541,edge_0,edge_0-edge_1,3,2,edge_0,edge_1,14.18274,47.35664,0.007697,0.90568,2.51229,0.53678
35,normal,-1,0.0,,,-1,-1,edge_1,edge_2,9.90545,52.5339,0.000615,0.58524,0.72181,0.347
35,normal,-1,0.0,,,-1,-1,edge_2,edge_3,10.60751,51.77809,0.004347,0.61946,0.83468,0.3747
35,normal,-1,0.0,,,-1,-1,edge_3,edge_4,10.14259,51.53999,0.000464,0.6632,0.81669,0.38343
35,burst,1,0.29598,edge_4,edge_4-edge_0,2,1,edge_4,edge_0,11.87529,48.69258,0.005033,0.95116,1.91165,0.48781
35,normal,-1,0.0,,,-1,-1,edge_0,cloud_0,38.49017,69.69579,0.003379,2.20293,3.12825,0.38702
35,normal,-1,0.0,,,-1,-1,edge_2,cloud_0,38.33322,69.19017,0.000894,2.23331,3.22562,0.4007
35,normal,-1,0.0,,,-1,-1,edge_4,cloud_0,37.53436,70.05159,0.000937,2.09226,2.97469,0.37739
36,normal,-1,0.0,,,-1,-1,access_0,edge_0,9.76172,50.09744,0.001748,0.52729,0.89442,0.43631
36,normal,-1,0.0,,,-1,-1,access_0,edge_1,9.55954,51.34663,0.003713,0.50035,0.78397,0.39052
36,normal,-1,0.0,,,-1,-1,access_1,edge_2,10.51565,51.95837,0.003259,0.57935,0.81286,0.36809
36,mixed,27,0.43958,edge_3,access_1-edge_3,1,0,access_1,edge_3,16.59567,42.57822,0.013011,1.15786,3.899,0.71194
36,link_congestion,15,0.28459,edge_0,edge_0-edge_1,3,2,edge_0,edge_1,12.79986,48.11274,0.006898,1.01518,2.15026,0.50906
36,normal,-1,0.0,,,-1,-1,edge_1,edge_2,9.25272,51.72331,0.00211,0.61542,0.73198,0.37671
36,normal,-1,0.0,,,-1,-1,edge_2,edge_3,11.43349,51.29607,0.001984,0.82673,0.9421,0.39237
36,normal,-1,0.0,,,-1,-1,edge_3,edge_4,9.94858,51.0563,0.001772,0.59942,0.83811,0.40116
36,burst,1,0.29598,edge_4,edge_4-edge_0,2,1,edge_4,edge_0,12.19174,49.64133,0.002717,0.55536,1.82267,0.45303
36,normal,-1,0.0,,,-1,-1,edge_0,cloud_0,39.50987,68.50568,0.001082,2.46122,3.47829,0.41922
36,normal,-1,0.0,,,-1,-1,edge_2,cloud_0,39.2567,69.22453,0.004407,2.54863,3.29566,0.39977
36,normal,-1,0.0,,,-1,-1,edge_4,cloud_0,39.2789,70.26517,0.002065,2.20454,3.06528,0.37161
37,normal,-1,0.0,,,-1,-1,access_0,edge_0,9.6459,51.42991,0.001503,0.52605,0.78487,0.38747
37,normal,-1,0.0,,,-1,-1,access_0,edge_1,10.51642,52.03866,0.001656,0.71761,0.80642,0.36515
37,normal,-1,0.0,,,-1,-1,access_1,edge_2,8.3241,51.0294,0.003549,0.45914,0.70298,0.40215
37,mixed,27,0.43958,edge_3,access_1-edge_3,1,0,access_1,edge_3,16.69936,41.34998,0.01705,1.18204,4.17148,0.75697
37,link_congestion,15,0.28459,edge_0,edge_0-edge_1,3,2,edge_0,edge_1,13.93624,47.70049,0.008451,0.81952,2.41066,0.52418
37,normal,-1,0.0,,,-1,-1,edge_1,edge_2,10.28321,51.6369,0.001002,0.82044,0.82034,0.37988
37,normal,-1,0.0,,,-1,-1,edge_2,edge_3,9.0483,52.18903,0.001085,0.44986,0.68337,0.35964
37,normal,-1,0.0,,,-1,-1,edge_3,edge_4,10.46566,51.71392,0.004957,0.49845,0.82869,0.37706
37,burst,1,0.29598,edge_4,edge_4-edge_0,2,1,edge_4,edge_0,10.35375,50.2427,0.002452,0.656,1.47257,0.43099
37,normal,-1,0.0,,,-1,-1,edge_0,cloud_0,37.52066,71.40573,0.001673,2.51332,2.68492,0.34075
37,normal,-1,0.0,,,-1,-1,edge_2,cloud_0,38.31052,69.84522,0.0,2.33168,3.08112,0.38298
37,normal,-1,0.0,,,-1,-1,edge_4,cloud_0,37.16479,70.81765,0.003434,2.19085,2.78363,0.35667
38,normal,-1,0.0,,,-1,-1,access_0,edge_0,11.12833,51.47766,0.002664,0.68875,0.9014,0.38572
38,normal,-1,0.0,,,-1,-1,access_0,edge_1,10.47107,51.55321,0.005663,0.41657,0.84207,0.38295
38,normal,-1,0.0,,,-1,-1,access_1,edge_2,8.7182,52.3155,0.000243,0.71564,0.64995,0.355
38,mixed,27,0.43958,edge_3,access_1-edge_3,1,0,access_1,edge_3,16.92187,42.85487,0.013871,1.21768,3.91901,0.7018
38,link_congestion,15,0.28459,edge_0,edge_0-edge_1,3,2,edge_0,edge_1,13.4215,46.43105,0.013059,0.51209,2.52772,0.57071
38,normal,-1,0.0,,,-1,-1,edge_1,edge_2,9.81867,52.3675,0.002088,0.34944,0.72806,0.3531
38,normal,-1,0.0,,,-1,-1,edge_2,edge_3,9.47375,51.35837,0.003171,0.35373,0.77608,0.39009
38,normal,-1,0.0,,,-1,-1,edge_3,edge_4,9.33391,52.0178,0.002111,0.67393,0.71724,0.36592
38,burst,1,0.29598,edge_4,edge_4-edge_0,2,1,edge_4,edge_0,11.3816,49.57759,0.005474,0.80447,1.71033,0.45537
38,normal,-1,0.0,,,-1,-1,edge_0,cloud_0,36.32113,71.31113,0.000824,1.88214,2.6186,0.34331
38,normal,-1,0.0,,,-1,-1,edge_2,cloud_0,37.08752,70.86059,0.003251,2.37882,2.7688,0.3555
38,normal,-1,0.0,,,-1,-1,edge_4,cloud_0,37.97251,70.29369,0.00114,2.27156,2.95718,0.37084
39,normal,-1,0.0,,,-1,-1,access_0,edge_0,8.66502,51.71246,0.003107,0.69571,0.68621,0.37711
39,normal,-1,0.0,,,-1,-1,access_0,edge_1,10.54918,51.09837,0.003192,0.38676,0.88529,0.39962
39,normal,-1,0.0,,,-1,-1,access_1,edge_2,9.27155,51.72679,0.000846,0.4739,0.73322,0.37658
39,mixed,27,0.43958,edge_3,access_1-edge_3,1,0,access_1,edge_3,15.24284,42.93174,0.015211,1.15669,3.51598,0.69898
39,link_congestion,15,0.28459,edge_0,edge_0-edge_1,3,2,edge_0,edge_1,13.17097,47.10052,0.010294,1.10992,2.37388,0.54617
39,normal,-1,0.0,,,-1,-1,edge_1,edge_2,11.05778,51.83134,0.0,0.74678,0.86558,0.37275
39,normal,-1,0.0,,,-1,-1,edge_2,edge_3,9.90431,52.51353,0.001293,0.29915,0.72328,0.34774
39,normal,-1,0.0,,,-1,-1,edge_3,edge_4,10.22126,52.56589,0.002,0.51854,0.7423,0.34583
39,node_overload,8,0.27734,edge_4,edge_4-edge_0,2,1,edge_4,edge_0,11.33553,50.62145,0.00459,0.43715,1.56026,0.4171
39,normal,-1,0.0,,,-1,-1,edge_0,cloud_0,37.38937,70.22325,0.002291,2.04117,2.92673,0.37275
39,normal,-1,0.0,,,-1,-1,edge_2,cloud_0,37.27465,71.29188,0.001935,2.17838,2.69142,0.34383
39,normal,-1,0.0,,,-1,-1,edge_4,cloud_0,37.4937,71.32648,0.00428,2.60744,2.69987,0.3429
40,normal,-1,0.0,,,-1,-1,access_0,edge_0,10.58364,51.02775,0.0,0.35028,0.89393,0.40221
40,node_overload,3,0.31768,edge_1,access_0-edge_1,1,0,access_0,edge_1,10.12162,49.95964,0.005657,0.32732,1.47421,0.44136
40,normal,-1,0.0,,,-1,-1,access_1,edge_2,9.97418,52.76657,0.002733,0.51529,0.70895,0.33847
40,mixed,27,0.43958,edge_3,access_1-edge_3,1,0,access_1,edge_3,17.7152,41.52047,0.012783,0.98067,4.3887,0.75072
40,link_congestion,15,0.28459,edge_0,edge_0-edge_1,3,2,edge_0,edge_1,12.77419,47.92589,0.010289,0.88015,2.17482,0.51591
40,normal,-1,0.0,,,-1,-1,edge_1,edge_2,9.45322,52.08733,0.001111,0.2756,0.72135,0.36337
40,normal,-1,0.0,,,-1,-1,edge_2,edge_3,8.52943,52.55659,0.000235,0.41615,0.62005,0.34617
40,normal,-1,0.0,,,-1,-1,edge_3,edge_4,10.26204,52.05917,0.00344,0.5208,0.78529,0.3644
40,node_overload,8,0.27734,edge_4,edge_4-edge_0,2,1,edge_4,edge_0,9.69462,50.46812,0.002523,0.52553,1.35239,0.42272
40,normal,-1,0.0,,,-1,-1,edge_0,cloud_0,38.58176,70.86796,0.004201,2.27769,2.87873,0.3553
40,normal,-1,0.0,,,-1,-1,edge_2,cloud_0,37.03087,70.98261,0.002137,1.75798,2.73889,0.3522
40,normal,-1,0.0,,,-1,-1,edge_4,cloud_0,37.42053,70.47317,0.003634,1.6902,2.87603,0.36599
41,normal,-1,0.0,,,-1,-1,access_0,edge_0,10.80964,52.9059,0.001431,0.46981,0.75674,0.33336
41,node_overload,3,0.31768,edge_1,access_0-edge_1,1,0,access_0,edge_1,10.63791,50.24504,0.003955,0.72227,1.51268,0.4309
41,normal,-1,0.0,,,-1,-1,access_1,edge_2,9.3563,52.11699,0.001929,0.44874,0.71182,0.36228
41,mixed,27,0.43958,edge_3,access_1-edge_3,1,0,access_1,edge_3,17.4509,40.49521,0.019611,1.56336,4.53965,0.7883
41,link_congestion,15,0.28459,edge_0,edge_0-edge_1,3,2,edge_0,edge_1,13.31135,47.82775,0.010421,0.76836,2.28208,0.51951
41,normal,-1,0.0,,,-1,-1,edge_1,edge_2,9.61067,51.65495,0.001197,0.61061,0.76535,0.37922
41,normal,-1,0.0,,,-1,-1,edge_2,edge_3,9.60825,51.61177,0.000557,1.06839,0.76835,0.3808
41,normal,-1,0.0,,,-1,-1,edge_3,edge_4,9.90501,51.39578,0.0,0.34306,0.80855,0.38872
41,node_overload,8,0.27734,edge_4,edge_4-edge_0,2,1,edge_4,edge_0,11.77934,49.64784,0.004182,0.89199,1.76008,0.45279
41,normal,-1,0.0,,,-1,-1,edge_0,cloud_0,37.42232,70.91228,0.001829,1.94036,2.7828,0.3541
41,normal,-1,0.0,,,-1,-1,edge_2,cloud_0,37.78128,70.45828,0.0,2.12502,2.90695,0.36639
41,normal,-1,0.0,,,-1,-1,edge_4,cloud_0,36.31393,71.29434,0.003737,1.8702,2.62155,0.34377
42,normal,-1,0.0,,,-1,-1,access_0,edge_0,8.15694,52.82394,0.0,0.1377,0.57618,0.33637
42,node_overload,3,0.31768,edge_1,access_0-edge_1,1,0,access_0,edge_1,10.05738,51.33285,0.004294,0.87356,1.29779,0.39102
42,normal,-1,0.0,,,-1,-1,access_1,edge_2,10.04744,51.86689,0.000894,0.66359,0.78374,0.37145
42,mixed,27,0.43958,edge_3,access_1-edge_3,1,0,access_1,edge_3,15.11398,44.20107,0.012792,1.16644,3.25419,0.65245
42,link_congestion,15,0.28459,edge_0,edge_0-edge_1,3,2,edge_0,edge_1,14.88282,48.18837,0.01017,1.00555,2.48656,0.50629
42,normal,-1,0.0,,,-1,-1,edge_1,edge_2,8.47487,52.34515,0.001105,0.13409,0.62987,0.35392
42,link_congestion,18,0.23559,edge_2,edge_2-edge_3,2,1,edge_2,edge_3,11.59385,50.01865,0.002754,0.99852,1.68036,0.4392
42,normal,-1,0.0,,,-1,-1,edge_3,edge_4,9.65689,52.53161,0.003307,0.43658,0.70386,0.34708
42,node_overload,8,0.27734,edge_4,edge_4-edge_0,2,1,edge_4,edge_0,11.7774,49.05812,0.003979,0.89131,1.84381,0.47441
42,normal,-1,0.0,,,-1,-1,edge_0,cloud_0,37.53021,71.18151,0.002917,2.34747,2.73341,0.34682
42,normal,-1,0.0,,,-1,-1,edge_2,cloud_0,37.76478,70.52981,0.0,1.81191,2.89033,0.36445
42,normal,-1,0.0,,,-1,-1,edge_4,cloud_0,38.62316,69.84575,0.002041,2.27287,3.10615,0.38296
43,normal,-1,0.0,,,-1,-1,access_0,edge_0,10.2688,52.6352,0.002594,0.27762,0.74027,0.34328
43,node_overload,3,0.31768,edge_1,access_0-edge_1,1,0,access_0,edge_1,12.06524,49.28251,0.005736,0.77051,1.85612,0.46618
43,normal,-1,0.0,,,-1,-1,access_1,edge_2,8.48929,51.82423,0.0,0.29098,0.66499,0.37301
43,mixed,27,0.43958,edge_3,access_1-edge_3,1,0,access_1,edge_3,14.22896,43.37759,0.011148,0.99895,3.20537,0.68264
43,link_congestion,15,0.28459,edge_0,edge_0-edge_1,3,2,edge_0,edge_1,13.86411,48.57342,0.012633,1.1257,2.25179,0.49218
43,normal,-1,0.0,,,-1,-1,edge_1,edge_2,9.08092,52.18141,0.001327,0.39172,0.68636,0.35992
43,link_congestion,18,0.23559,edge_2,edge_2-edge_3,2,1,edge_2,edge_3,12.76758,48.34629,0.007191,1.15325,2.10877,0.5005
43,normal,-1,0.0,,,-1,-1,edge_3,edge_4,9.09579,52.18166,0.002214,0.35141,0.68747,0.35991
43,normal,-1,0.0,,,-1,-1,edge_4,edge_0,10.42225,51.53936,0.0,0.81956,0.83926,0.38345
43,normal,-1,0.0,,,-1,-1,edge_0,cloud_0,36.96868,71.10716,0.000471,2.04968,2.70813,0.34883
43,normal,-1,0.0,,,-1,-1,edge_2,cloud_0,37.05873,71.57239,0.002436,2.33797,2.61677,0.33624
43,normal,-1,0.0,,,-1,-1,edge_4,cloud_0,38.52028,70.67658,0.000719,2.12603,2.91603,0.36048
44,node_overload,7,0.27438,edge_0,access_0-edge_0,1,0,access_0,edge_0,11.02961,49.64832,0.00427,0.81616,1.64799,0.45277
44,node_overload,3,0.31768,edge_1,access_0-edge_1,1,0,access_0,edge_1,11.29662,48.41427,0.003371,0.59812,1.85653,0.49801
44,normal,-1,0.0,,,-1,-1,access_1,edge_2,9.34425,52.18976,0.002906,0.30191,0.70567,0.35961
44,normal,-1,0.0,,,-1,-1,access_1,edge_3,10.20632,51.8851,0.003725,0.62846,0.7947,0.37078
44,link_congestion,15,0.28459,edge_0,edge_0-edge_1,3,2,edge_0,edge_1,14.59481,46.47766,0.010063,0.96118,2.74047,0.569
44,normal,-1,0.0,,,-1,-1,edge_1,edge_2,9.28162,52.64869,0.003128,0.70367,0.66815,0.34279
44,link_congestion,18,0.23559,edge_2,edge_2-edge_3,2,1,edge_2,edge_3,12.90526,48.48479,0.011198,0.92169,2.10989,0.49543
44,normal,-1,0.0,,,-1,-1,edge_3,edge_4,9.7698,51.92221,0.002709,0.56681,0.75792,0.36942
44,normal,-1,0.0,,,-1,-1,edge_4,edge_0,10.29164,51.29668,0.004948,0.53768,0.84796,0.39235
44,normal,-1,0.0,,,-1,-1,edge_0,cloud_0,37.51543,71.58559,0.000387,1.98885,2.6462,0.33589
44,normal,-1,0.0,,,-1,-1,edge_2,cloud_0,37.49651,69.79095,0.000436,2.16618,3.02722,0.38444
44,normal,-1,0.0,,,-1,-1,edge_4,cloud_0,36.15486,71.17364,0.004085,1.91282,2.63486,0.34703
45,node_overload,7,0.27438,edge_0,access_0-edge_0,1,0,access_0,edge_0,11.36256,49.36856,0.003552,0.76838,1.7362,0.46303
45,node_overload,3,0.31768,edge_1,access_0-edge_1,1,0,access_0,edge_1,12.15471,49.69707,0.007168,0.72911,1.80893,0.45099
45,normal,-1,0.0,,,-1,-1,access_1,edge_2,8.74754,51.83786,0.001048,0.44365,0.6843,0.37251
45,normal,-1,0.0,,,-1,-1,access_1,edge_3,9.72678,51.49994,0.001602,0.93247,0.7862,0.3849
45,link_congestion,15,0.28459,edge_0,edge_0-edge_1,3,2,edge_0,edge_1,13.82064,47.55689,0.011367,0.7745,2.41467,0.52944
45,normal,-1,0.0,,,-1,-1,edge_1,edge_2,9.41252,51.99778,0.001723,0.30367,0.72473,0.36665
45,link_congestion,18,0.23559,edge_2,edge_2-edge_3,2,1,edge_2,edge_3,13.1488,47.79672,0.00661,0.96004,2.25915,0.52065
45,normal,-1,0.0,,,-1,-1,edge_3,edge_4,10.8455,51.41545,0.001596,0.47608,0.88368,0.388
45,normal,-1,0.0,,,-1,-1,edge_4,edge_0,10.73198,51.44031,0.003443,0.9396,0.87238,0.38709
45,normal,-1,0.0,,,-1,-1,edge_0,cloud_0,38.7332,70.55862,0.002889,2.06803,2.95811,0.36367
45,normal,-1,0.0,,,-1,-1,edge_2,cloud_0,36.11148,70.60744,0.004249,2.10716,2.74787,0.36235
45,normal,-1,0.0,,,-1,-1,edge_4,cloud_0,37.91634,70.09222,0.002643,2.26644,2.99621,0.37629
46,node_overload,7,0.27438,edge_0,access_0-edge_0,1,0,access_0,edge_0,12.03004,48.066,0.004957,0.91673,2.02774,0.51078
46,node_overload,3,0.31768,edge_1,access_0-edge_1,1,0,access_0,edge_1,10.98966,49.31216,0.00441,0.84048,1.68671,0.4651
46,normal,-1,0.0,,,-1,-1,access_1,edge_2,11.3853,51.72453,0.001682,0.63784,0.90058,0.37667
46,normal,-1,0.0,,,-1,-1,access_1,edge_3,9.35766,51.24763,0.000294,0.61133,0.77454,0.39415
46,link_congestion,15,0.28459,edge_0,edge_0-edge_1,3,2,edge_0,edge_1,13.48432,48.55525,0.00821,0.72718,2.19306,0.49284
46,normal,-1,0.0,,,-1,-1,edge_1,edge_2,10.74309,51.75203,0.00443,0.60256,0.8475,0.37566
46,link_congestion,18,0.23559,edge_2,edge_2-edge_3,2,1,edge_2,edge_3,11.93852,48.50179,0.007118,0.72101,1.94938,0.4948
46,normal,-1,0.0,,,-1,-1,edge_3,edge_4,9.0455,51.36064,0.000704,0.38309,0.74084,0.39001
46,mixed,22,0.39821,edge_4,edge_4-edge_0,4,3,edge_4,edge_0,12.89823,46.74879,0.006404,0.87345,2.3796,0.55906
46,normal,-1,0.0,,,-1,-1,edge_0,cloud_0,38.84387,69.92118,0.003415,2.14923,3.10725,0.38092
46,normal,-1,0.0,,,-1,-1,edge_2,cloud_0,38.26476,69.8671,0.00171,2.44626,3.07268,0.38238
46,normal,-1,0.0,,,-1,-1,edge_4,cloud_0,37.09557,70.72723,0.0,2.16994,2.7975,0.35911
47,node_overload,7,0.27438,edge_0,access_0-edge_0,1,0,access_0,edge_0,10.68582,49.12764,0.004379,0.65651,1.66393,0.47186
47,node_overload,3,0.31768,edge_1,access_0-edge_1,1,0,access_0,edge_1,10.03791,50.97284,0.005796,0.75052,1.33899,0.40422
47,normal,-1,0.0,,,-1,-1,access_1,edge_2,10.27016,51.4515,0.0,0.72721,0.83396,0.38668
47,normal,-1,0.0,,,-1,-1,access_1,edge_3,8.88551,51.99104,0.001003,0.41872,0.68461,0.3669
47,link_congestion,15,0.28459,edge_0,edge_0-edge_1,3,2,edge_0,edge_1,12.53276,48.58813,0.004937,0.99261,2.03332,0.49164
47,normal,-1,0.0,,,-1,-1,edge_1,edge_2,9.38928,52.22635,0.001684,0.44504,0.70642,0.35827
47,link_congestion,18,0.23559,edge_2,edge_2-edge_3,2,1,edge_2,edge_3,11.85933,47.82226,0.009366,0.38015,2.03393,0.51971
47,normal,-1,0.0,,,-1,-1,edge_3,edge_4,9.93372,51.33917,0.001865,0.51654,0.81523,0.39079
47,mixed,22,0.39821,edge_4,edge_4-edge_0,4,3,edge_4,edge_0,14.57072,45.97527,0.010517,0.68211,2.8245,0.58742
47,normal,-1,0.0,,,-1,-1,edge_0,cloud_0,38.32505,70.52631,0.00138,1.99993,2.93398,0.36455
47,normal,-1,0.0,,,-1,-1,edge_2,cloud_0,37.3941,69.56915,0.000982,2.36575,3.06607,0.39045
47,normal,-1,0.0,,,-1,-1,edge_4,cloud_0,38.52921,70.35425,0.002947,2.26282,2.98727,0.3692
48,node_overload,7,0.27438,edge_0,access_0-edge_0,1,0,access_0,edge_0,10.41365,50.20448,0.002907,0.40512,1.4859,0.43239
48,node_overload,3,0.31768,edge_1,access_0-edge_1,1,0,access_0,edge_1,11.71673,50.50429,0.006295,0.67368,1.62934,0.4214
48,normal,-1,0.0,,,-1,-1,access_1,edge_2,10.61611,51.33782,0.002204,0.61084,0.87134,0.39084
48,normal,-1,0.0,,,-1,-1,access_1,edge_3,10.03715,52.57028,0.003581,0.31276,0.72859,0.34566
48,mixed,25,0.28113,edge_0,edge_0-edge_1,3,2,edge_0,edge_1,12.97937,44.05453,0.01079,1.31996,2.81759,0.65783
48,normal,-1,0.0,,,-1,-1,edge_1,edge_2,10.1063,51.42965,0.004062,0.56942,0.82235,0.38748
48,link_congestion,18,0.23559,edge_2,edge_2-edge_3,2,1,edge_2,edge_3,13.41077,48.7139,0.010031,0.79084,2.15537,0.48703
48,normal,-1,0.0,,,-1,-1,edge_3,edge_4,10.52811,52.44829,0.001581,0.70073,0.77412,0.35014
48,mixed,22,0.39821,edge_4,edge_4-edge_0,4,3,edge_4,edge_0,15.01695,44.12415,0.012957,1.26051,3.24727,0.65527
48,normal,-1,0.0,,,-1,-1,edge_0,cloud_0,38.57022,69.386,0.000378,2.30851,3.20264,0.3954
48,normal,-1,0.0,,,-1,-1,edge_2,cloud_0,39.01483,69.26311,0.0,2.13646,3.2668,0.39873
48,normal,-1,0.0,,,-1,-1,edge_4,cloud_0,39.10632,69.60549,0.004479,2.45495,3.19839,0.38946
49,node_overload,7,0.27438,edge_0,access_0-edge_0,1,0,access_0,edge_0,10.67251,51.06575,0.003511,0.71205,1.41164,0.40082
49,node_overload,3,0.31768,edge_1,access_0-edge_1,1,0,access_0,edge_1,10.80305,50.39601,0.005613,0.36275,1.51643,0.42537
49,normal,-1,0.0,,,-1,-1,access_1,edge_2,9.18664,51.68304,0.001562,0.12557,0.7296,0.37819
49,normal,-1,0.0,,,-1,-1,access_1,edge_3,9.88087,51.40918,0.002018,0.79363,0.80556,0.38823
49,mixed,25,0.28113,edge_0,edge_0-edge_1,3,2,edge_0,edge_1,15.39864,41.63235,0.012399,1.32769,3.79396,0.74661
49,normal,-1,0.0,,,-1,-1,edge_1,edge_2,9.75957,51.65332,0.0037,0.86602,0.77733,0.37928
49,normal,-1,0.0,,,-1,-1,edge_2,edge_3,9.5056,50.98445,0.002551,0.76215,0.80605,0.4038
49,normal,-1,0.0,,,-1,-1,edge_3,edge_4,11.02984,51.12835,0.003883,0.63451,0.92308,0.39852
49,mixed,22,0.39821,edge_4,edge_4-edge_0,4,3,edge_4,edge_0,18.85095,39.46304,0.016903,1.78215,5.13923,0.82613
49,normal,-1,0.0,,,-1,-1,edge_0,cloud_0,39.41406,70.03486,0.003056,2.44732,3.1274,0.37784
49,normal,-1,0.0,,,-1,-1,edge_2,cloud_0,36.81275,70.06474,0.001141,2.23739,2.91475,0.37704
49,normal,-1,0.0,,,-1,-1,edge_4,cloud_0,39.35528,69.71771,0.001672,2.4562,3.19366,0.38643
50,node_overload,7,0.27438,edge_0,access_0-edge_0,1,0,access_0,edge_0,9.98031,50.03754,0.002445,0.67534,1.44422,0.43851
50,node_overload,3,0.31768,edge_1,access_0-edge_1,1,0,access_0,edge_1,10.12946,50.26161,0.005322,0.405,1.43835,0.43029
50,normal,-1,0.0,,,-1,-1,access_1,edge_2,8.88151,51.89116,0.002154,0.73986,0.69114,0.37056
50,normal,-1,0.0,,,-1,-1,access_1,edge_3,9.86143,51.59672,0.002766,0.71859,0.78974,0.38135
50,mixed,25,0.28113,edge_0,edge_0-edge_1,3,2,edge_0,edge_1,14.29996,45.00211,0.007491,0.81093,2.94035,0.62309
50,link_congestion,10,0.37062,edge_1,edge_1-edge_2,2,1,edge_1,edge_2,12.48412,49.77672,0.008753,0.68573,1.84593,0.44807
50,normal,-1,0.0,,,-1,-1,edge_2,edge_3,10.12692,51.12349,0.003932,0.59354,0.84789,0.3987
50,normal,-1,0.0,,,-1,-1,edge_3,edge_4,10.56522,51.29777,0.002636,0.83202,0.87042,0.39231
50,mixed,22,0.39821,edge_4,edge_4-edge_0,4,3,edge_4,edge_0,16.40393,41.17591,0.015159,1.37456,4.13222,0.76335
50,normal,-1,0.0,,,-1,-1,edge_0,cloud_0,38.80863,69.11403,0.002883,2.30996,3.28241,0.40276
50,normal,-1,0.0,,,-1,-1,edge_2,cloud_0,36.549,69.62024,0.003333,2.49237,2.98617,0.38906
50,normal,-1,0.0,,,-1,-1,edge_4,cloud_0,38.77397,69.75631,0.004082,2.2989,3.13798,0.38538
51,node_overload,7,0.27438,edge_0,access_0-edge_0,1,0,access_0,edge_0,10.28397,49.95325,0.00098,0.7235,1.49865,0.4416
51,node_overload,3,0.31768,edge_1,access_0-edge_1,1,0,access_0,edge_1,10.5687,50.41737,0.005793,0.9077,1.48081,0.42458
51,normal,-1,0.0,,,-1,-1,access_1,edge_2,9.27841,50.8121,0.002028,0.19176,0.79909,0.41011
51,normal,-1,0.0,,,-1,-1,access_1,edge_3,10.81958,50.67984,0.002267,1.00028,0.94284,0.41496
51,normal,-1,0.0,,,-1,-1,edge_0,edge_1,10.86743,51.42202,0.0,0.70187,0.88492,0.38776
51,link_congestion,10,0.37062,edge_1,edge_1-edge_2,2,1,edge_1,edge_2,13.61373,48.7789,0.008655,0.73815,2.17728,0.48464
51,normal,-1,0.0,,,-1,-1,edge_2,edge_3,10.26431,51.31141,0.001587,0.85435,0.84455,0.39181
51,normal,-1,0.0,,,-1,-1,edge_3,edge_4,8.50054,51.31267,0.002466,0.54274,0.69934,0.39176
51,mixed,22,0.39821,edge_4,edge_4-edge_0,4,3,edge_4,edge_0,14.89707,42.67144,0.01505,1.15349,3.48313,0.70852
51,normal,-1,0.0,,,-1,-1,edge_0,cloud_0,38.44934,69.31352,0.003675,2.0392,3.20844,0.39736
51,normal,-1,0.0,,,-1,-1,edge_2,cloud_0,40.58016,69.20509,0.001441,2.45929,3.41125,0.4003
51,normal,-1,0.0,,,-1,-1,edge_4,cloud_0,39.50836,69.86404,0.002941,2.31567,3.17323,0.38247
52,normal,-1,0.0,,,-1,-1,access_0,edge_0,9.03134,51.37983,0.002727,0.58832,0.73834,0.3893
52,node_overload,3,0.31768,edge_1,access_0-edge_1,1,0,access_0,edge_1,9.53016,49.04897,0.006168,0.48156,1.49305,0.47474
52,normal,-1,0.0,,,-1,-1,access_1,edge_2,9.29045,50.80867,0.002599,0.67765,0.80038,0.41024
52,normal,-1,0.0,,,-1,-1,access_1,edge_3,10.44244,50.75658,0.005197,0.78456,0.90381,0.41215
52,normal,-1,0.0,,,-1,-1,edge_0,edge_1,9.43604,51.90248,1.9e-05,0.69811,0.73347,0.37014
52,link_congestion,10,0.37062,edge_1,edge_1-edge_2,2,1,edge_1,edge_2,14.89114,48.1876,0.00944,0.6609,2.48809,0.50632
52,mixed,28,0.39243,edge_2,edge_2-edge_3,2,1,edge_2,edge_3,13.43487,47.37097,0.007755,0.88848,2.37749,0.53625
52,normal,-1,0.0,,,-1,-1,edge_3,edge_4,10.31239,50.77674,0.002179,0.90698,0.89095,0.41141
52,mixed,22,0.39821,edge_4,edge_4-edge_0,4,3,edge_4,edge_0,15.18428,41.83088,0.015965,1.00455,3.70468,0.73934
52,normal,-1,0.0,,,-1,-1,edge_0,cloud_0,39.39504,68.16073,0.002213,2.32239,3.54539,0.42855
52,normal,-1,0.0,,,-1,-1,edge_2,cloud_0,36.64585,70.3606,0.0,2.01078,2.83993,0.36903
52,normal,-1,0.0,,,-1,-1,edge_4,cloud_0,37.94541,70.16877,0.0,2.16623,2.982,0.37422
53,normal,-1,0.0,,,-1,-1,access_0,edge_0,10.69734,51.46559,0.003774,0.7713,0.86748,0.38616
53,burst,0,0.30723,edge_1,access_0-edge_1,1,0,access_0,edge_1,12.31413,45.66824,0.006488,1.0477,2.4328,0.59867
53,normal,-1,0.0,,,-1,-1,access_1,edge_2,11.33228,51.17757,0.002634,0.65739,0.9441,0.39672
53,normal,-1,0.0,,,-1,-1,access_1,edge_3,8.90757,50.79962,0.002141,0.50416,0.76801,0.41057
53,mixed,21,0.28507,edge_0,edge_0-edge_1,3,2,edge_0,edge_1,11.48188,46.94248,0.00857,0.61579,2.0914,0.55196
53,link_congestion,10,0.37062,edge_1,edge_1-edge_2,2,1,edge_1,edge_2,15.84382,45.73303,0.011629,1.1077,3.11771,0.5963
53,mixed,28,0.39243,edge_2,edge_2-edge_3,2,1,edge_2,edge_3,15.54576,44.0373,0.011744,1.12219,3.37795,0.65846
53,normal,-1,0.0,,,-1,-1,edge_3,edge_4,9.91264,51.18178,0.002439,0.71331,0.82551,0.39656
53,mixed,22,0.39821,edge_4,edge_4-edge_0,4,3,edge_4,edge_0,15.69622,43.38205,0.013154,1.23817,3.53506,0.68248
53,normal,-1,0.0,,,-1,-1,edge_0,cloud_0,39.51116,68.3833,0.002728,2.13788,3.50587,0.42253
53,normal,-1,0.0,,,-1,-1,edge_2,cloud_0,38.49654,68.68875,0.002491,2.22419,3.34904,0.41427
53,normal,-1,0.0,,,-1,-1,edge_4,cloud_0,38.27901,68.96125,0.001518,2.15833,3.27084,0.40689
54,normal,-1,0.0,,,-1,-1,access_0,edge_0,9.78698,51.01756,0.002136,0.42425,0.82741,0.40258
54,burst,0,0.30723,edge_1,access_0-edge_1,1,0,access_0,edge_1,11.94248,45.07197,0.005775,0.79859,2.44552,0.62053
54,normal,-1,0.0,,,-1,-1,access_1,edge_2,8.32945,51.36067,0.001224,0.67677,0.68219,0.39
54,normal,-1,0.0,,,-1,-1,access_1,edge_3,9.62893,51.23433,0.002058,0.78721,0.79798,0.39464
54,mixed,21,0.28507,edge_0,edge_0-edge_1,3,2,edge_0,edge_1,13.6599,45.82649,0.00522,0.86583,2.67252,0.59287
54,link_congestion,10,0.37062,edge_1,edge_1-edge_2,2,1,edge_1,edge_2,14.31766,46.63502,0.013021,0.92142,2.66118,0.56323
54,mixed,28,0.39243,edge_2,edge_2-edge_3,2,1,edge_2,edge_3,14.74686,43.21735,0.013628,1.37105,3.35063,0.68851
54,normal,-1,0.0,,,-1,-1,edge_3,edge_4,10.08057,51.03893,0.00168,0.51855,0.85058,0.4018
54,mixed,22,0.39821,edge_4,edge_4-edge_0,4,3,edge_4,edge_0,17.30254,41.82053,0.012116,1.52257,4.22366,0.73972
54,normal,-1,0.0,,,-1,-1,edge_0,cloud_0,38.74843,69.44436,0.003023,2.29167,3.20459,0.39382
54,normal,-1,0.0,,,-1,-1,edge_2,cloud_0,39.4603,69.10609,0.00181,2.17511,3.33931,0.40297
54,normal,-1,0.0,,,-1,-1,edge_4,cloud_0,39.10423,69.27105,0.001396,2.46991,3.27252,0.39851
55,normal,-1,0.0,,,-1,-1,access_0,edge_0,8.6661,51.19578,0.003988,0.15353,0.72076,0.39605
55,burst,0,0.30723,edge_1,access_0-edge_1,1,0,access_0,edge_1,12.01113,43.74558,0.007219,0.9724,2.65229,0.66915
55,normal,-1,0.0,,,-1,-1,access_1,edge_2,10.53898,51.76493,0.004397,0.67501,0.83036,0.37519
55,normal,-1,0.0,,,-1,-1,access_1,edge_3,10.9881,50.88556,0.0,0.88147,0.94012,0.40742
55,node_overload,5,0.3818,edge_0,edge_0-edge_1,3,2,edge_0,edge_1,9.60159,50.19317,0.003902,0.79673,1.37134,0.4328
55,link_congestion,10,0.37062,edge_1,edge_1-edge_2,2,1,edge_1,edge_2,15.0214,48.0509,0.012293,0.94692,2.5347,0.51133
55,mixed,28,0.39243,edge_2,edge_2-edge_3,2,1,edge_2,edge_3,14.62419,42.86202,0.014898,0.70094,3.38561,0.70154
55,normal,-1,0.0,,,-1,-1,edge_3,edge_4,11.48698,51.48274,0.000901,0.79194,0.93,0.38553
55,mixed,22,0.39821,edge_4,edge_4-edge_0,4,3,edge_4,edge_0,15.68594,43.33918,0.013044,1.16535,3.54088,0.68405
55,normal,-1,0.0,,,-1,-1,edge_0,cloud_0,39.7688,67.96429,0.000806,2.48101,3.62341,0.43387
55,normal,-1,0.0,,,-1,-1,edge_2,cloud_0,38.8245,69.59785,0.002708,2.36037,3.17702,0.38967
55,normal,-1,0.0,,,-1,-1,edge_4,cloud_0,40.62155,68.6768,0.000257,2.53723,3.53666,0.41459
56,normal,-1,0.0,,,-1,-1,access_0,edge_0,8.96862,51.10156,0.002472,0.40189,0.75243,0.3995
56,burst,0,0.30723,edge_1,access_0-edge_1,1,0,access_0,edge_1,13.34999,43.48001,0.005481,0.93779,2.99083,0.67889
56,normal,-1,0.0,,,-1,-1,access_1,edge_2,9.62602,51.6596,0.0,0.47339,0.76623,0.37905
56,normal,-1,0.0,,,-1,-1,access_1,edge_3,9.0532,52.3995,0.004935,0.79493,0.66907,0.35192
56,node_overload,5,0.3818,edge_0,edge_0-edge_1,3,2,edge_0,edge_1,11.41248,48.61192,0.005093,0.70005,1.84828,0.49077
56,link_congestion,10,0.37062,edge_1,edge_1-edge_2,2,1,edge_1,edge_2,15.70005,47.10709,0.013275,0.8171,2.82846,0.54593
56,mixed,28,0.39243,edge_2,edge_2-edge_3,2,1,edge_2,edge_3,17.15021,41.44586,0.012756,1.28705,4.26421,0.75345
56,normal,-1,0.0,,,-1,-1,edge_3,edge_4,9.1846,50.8985,0.000668,0.55321,0.7849,0.40695
56,mixed,22,0.39821,edge_4,edge_4-edge_0,4,3,edge_4,edge_0,14.03843,44.43109,0.010595,0.88524,2.98355,0.64402
56,normal,-1,0.0,,,-1,-1,edge_0,cloud_0,36.50465,70.118,0.001627,1.71193,2.8793,0.3756
56,normal,-1,0.0,,,-1,-1,edge_2,cloud_0,38.85037,69.56075,0.005847,2.34718,3.18733,0.39067
56,normal,-1,0.0,,,-1,-1,edge_4,cloud_0,38.70426,69.81186,0.001438,2.1746,3.12012,0.38388
57,normal,-1,0.0,,,-1,-1,access_0,edge_0,10.89048,50.56469,0.002834,0.60238,0.95867,0.41918
57,burst,0,0.30723,edge_1,access_0-edge_1,1,0,access_0,edge_1,13.4777,44.78505,0.007237,1.04557,2.80667,0.63105
57,normal,-1,0.0,,,-1,-1,access_1,edge_2,8.83925,51.12147,0.001202,0.41917,0.74022,0.39877
57,normal,-1,0.0,,,-1,-1,access_1,edge_3,9.15708,50.56541,0.001214,0.35437,0.80603,0.41916
57,node_overload,5,0.3818,edge_0,edge_0-edge_1,3,2,edge_0,edge_1,10.0987,48.90661,0.004938,0.62862,1.59951,0.47996
57,link_congestion,10,0.37062,edge_1,edge_1-edge_2,2,1,edge_1,edge_2,14.78172,46.85806,0.014732,0.83337,2.70755,0.55506
57,mixed,28,0.39243,edge_2,edge_2-edge_3,2,1,edge_2,edge_3,13.62935,44.14117,0.014088,1.22757,2.94441,0.65465
57,normal,-1,0.0,,,-1,-1,edge_3,edge_4,10.97114,50.66575,0.00237,0.85298,0.95724,0.41548
57,link_congestion,16,0.3327,edge_4,edge_4-edge_0,4,3,edge_4,edge_0,13.68711,48.21701,0.009834,0.82199,2.28205,0.50524
57,normal,-1,0.0,,,-1,-1,edge_0,cloud_0,38.34479,71.1704,0.000711,2.1622,2.79516,0.34712
57,normal,-1,0.0,,,-1,-1,edge_2,cloud_0,38.71587,69.54673,0.00124,2.15096,3.17938,0.39105
57,normal,-1,0.0,,,-1,-1,edge_4,cloud_0,38.18083,68.93598,0.004388,1.98677,3.26793,0.40758
58,normal,-1,0.0,,,-1,-1,access_0,edge_0,11.01615,51.68519,0.005433,1.0558,0.87471,0.37811
58,burst,0,0.30723,edge_1,access_0-edge_1,1,0,access_0,edge_1,11.25482,45.74421,0.004337,0.58222,2.21318,0.59589
58,normal,-1,0.0,,,-1,-1,access_1,edge_2,10.61667,52.31384,0.0,0.71549,0.79162,0.35506
58,normal,-1,0.0,,,-1,-1,access_1,edge_3,9.61621,51.26789,0.003851,0.78954,0.79445,0.39341
58,node_overload,5,0.3818,edge_0,edge_0-edge_1,3,2,edge_0,edge_1,10.79896,48.87121,0.005916,0.56576,1.71505,0.48126
58,link_congestion,10,0.37062,edge_1,edge_1-edge_2,2,1,edge_1,edge_2,14.62983,47.41909,0.012966,0.98637,2.58044,0.53449
58,mixed,28,0.39243,edge_2,edge_2-edge_3,2,1,edge_2,edge_3,16.11765,41.96226,0.016401,1.12622,3.90679,0.73452
58,normal,-1,0.0,,,-1,-1,edge_3,edge_4,11.21564,51.08273,0.001579,0.48548,0.94257,0.40019
58,link_congestion,16,0.3327,edge_4,edge_4-edge_0,4,3,edge_4,edge_0,14.76002,47.34486,0.013052,1.3019,2.61666,0.53721
58,normal,-1,0.0,,,-1,-1,edge_0,cloud_0,40.02631,69.00737,0.0,2.48862,3.40966,0.40564
58,normal,-1,0.0,,,-1,-1,edge_2,cloud_0,37.04258,70.49818,0.003725,2.12845,2.84172,0.36531
58,normal,-1,0.0,,,-1,-1,edge_4,cloud_0,37.74553,69.72323,0.001353,2.2912,3.06184,0.38628
59,normal,-1,0.0,,,-1,-1,access_0,edge_0,9.28319,52.03747,0.002252,0.39302,0.71194,0.3652
59,burst,0,0.30723,edge_1,access_0-edge_1,1,0,access_0,edge_1,11.23367,47.80503,0.004083,0.7386,1.92897,0.52034
59,normal,-1,0.0,,,-1,-1,access_1,edge_2,9.3718,52.2595,0.001264,0.67036,0.70272,0.35706
59,normal,-1,0.0,,,-1,-1,access_1,edge_3,8.47981,51.85219,0.005055,0.34989,0.66242,0.37199
59,node_overload,5,0.3818,edge_0,edge_0-edge_1,3,2,edge_0,edge_1,12.34548,49.74322,0.005994,0.77955,1.83043,0.4493
59,link_congestion,10,0.37062,edge_1,edge_1-edge_2,2,1,edge_1,edge_2,16.31159,46.4188,0.01468,1.04698,3.07445,0.57116
59,mixed,28,0.39243,edge_2,edge_2-edge_3,2,1,edge_2,edge_3,14.19014,45.25354,0.007986,0.87519,2.87461,0.61387
59,normal,-1,0.0,,,-1,-1,edge_3,edge_4,11.43223,50.80973,0.001616,0.93449,0.9848,0.4102
59,link_congestion,16,0.3327,edge_4,edge_4-edge_0,4,3,edge_4,edge_0,15.24962,46.89114,0.01239,1.14762,2.78715,0.55384
59,normal,-1,0.0,,,-1,-1,edge_0,cloud_0,37.39362,72.0992,0.001672,2.09272,2.52849,0.32199
59,normal,-1,0.0,,,-1,-1,edge_2,cloud_0,38.79547,69.48774,0.003068,2.25917,3.19892,0.39265
59,normal,-1,0.0,,,-1,-1,edge_4,cloud_0,35.92145,70.27104,0.002318,1.92151,2.80207,0.37145
60,normal,-1,0.0,,,-1,-1,access_0,edge_0,11.00046,52.15828,0.001717,0.49954,0.83341,0.36077
60,burst,0,0.30723,edge_1,access_0-edge_1,1,0,access_0,edge_1,11.25038,48.35769,0.005269,0.72183,1.85663,0.50008
60,normal,-1,0.0,,,-1,-1,access_1,edge_2,11.68142,51.15948,0.001867,0.69394,0.97481,0.39738
60,normal,-1,0.0,,,-1,-1,access_1,edge_3,10.51964,51.29795,0.002222,0.29894,0.86665,0.3923
60,node_overload,5,0.3818,edge_0,edge_0-edge_1,3,2,edge_0,edge_1,11.82989,48.98108,0.003749,0.93367,1.86305,0.47723
60,link_congestion,10,0.37062,edge_1,edge_1-edge_2,2,1,edge_1,edge_2,15.9264,48.34103,0.013548,1.02563,2.63151,0.5007
60,normal,-1,0.0,,,-1,-1,edge_2,edge_3,8.4464,52.43866,0.0,0.62609,0.62168,0.35049
60,normal,-1,0.0,,,-1,-1,edge_3,edge_4,10.98747,51.45777,0.002466,0.38386,0.89167,0.38645
60,link_congestion,16,0.3327,edge_4,edge_4-edge_0,4,3,edge_4,edge_0,12.98003,48.4562,0.011457,1.21513,2.1266,0.49647
60,normal,-1,0.0,,,-1,-1,edge_0,cloud_0,37.8191,69.47559,0.001974,2.46523,3.12102,0.39298
60,normal,-1,0.0,,,-1,-1,edge_2,cloud_0,37.11321,71.10989,0.003638,2.19165,2.71815,0.34876
60,normal,-1,0.0,,,-1,-1,edge_4,cloud_0,37.77663,70.30143,0.003186,2.13737,2.94026,0.37063
61,normal,-1,0.0,,,-1,-1,access_0,edge_0,9.28323,51.91177,0.000652,0.57759,0.72092,0.3698
61,burst,0,0.30723,edge_1,access_0-edge_1,1,0,access_0,edge_1,11.3005,49.43143,0.006605,0.96763,1.71812,0.46072
61,normal,-1,0.0,,,-1,-1,access_1,edge_2,9.13049,51.75611,0.001588,0.41325,0.72,0.37551
61,normal,-1,0.0,,,-1,-1,access_1,edge_3,10.81824,51.89604,0.001279,0.85921,0.84144,0.37038
61,node_overload,5,0.3818,edge_0,edge_0-edge_1,3,2,edge_0,edge_1,11.09748,49.35315,0.00643,0.60535,1.69776,0.46359
61,link_congestion,10,0.37062,edge_1,edge_1-edge_2,2,1,edge_1,edge_2,14.64313,47.16753,0.011506,1.12973,2.62734,0.54371
61,normal,-1,0.0,,,-1,-1,edge_2,edge_3,9.94938,51.5795,0.00078,0.48495,0.7981,0.38198
61,normal,-1,0.0,,,-1,-1,edge_3,edge_4,9.36091,51.9706,0.001892,0.26786,0.72272,0.36765
61,link_congestion,16,0.3327,edge_4,edge_4-edge_0,4,3,edge_4,edge_0,13.33745,48.794,0.010101,1.08509,2.13066,0.48409
61,normal,-1,0.0,,,-1,-1,edge_0,cloud_0,38.56667,70.7392,0.002381,2.08824,2.90582,0.35879
61,normal,-1,0.0,,,-1,-1,edge_2,cloud_0,38.26383,69.44229,0.001805,2.61872,3.16497,0.39388
61,normal,-1,0.0,,,-1,-1,edge_4,cloud_0,35.68754,70.66172,0.000915,2.15532,2.70461,0.36088
62,normal,-1,0.0,,,-1,-1,access_0,edge_0,12.6304,51.03639,0.003246,0.63761,1.06597,0.40189
62,burst,0,0.30723,edge_1,access_0-edge_1,1,0,access_0,edge_1,9.9481,50.37288,0.004833,0.59598,1.39921,0.42621
62,normal,-1,0.0,,,-1,-1,access_1,edge_2,8.64815,52.2193,0.003017,0.91082,0.65113,0.35853
62,normal,-1,0.0,,,-1,-1,access_1,edge_3,9.79616,52.03246,0.00019,0.30388,0.75166,0.36538
62,node_overload,5,0.3818,edge_0,edge_0-edge_1,3,2,edge_0,edge_1,11.30126,50.88709,0.003906,0.79869,1.51923,0.40736
62,link_congestion,10,0.37062,edge_1,edge_1-edge_2,2,1,edge_1,edge_2,13.49871,46.74392,0.008125,0.98805,2.49118,0.55924
62,normal,-1,0.0,,,-1,-1,edge_2,edge_3,9.51517,52.6026,0.00497,0.10529,0.68833,0.34448
62,normal,-1,0.0,,,-1,-1,edge_3,edge_4,9.81189,51.59691,0.002277,0.36253,0.78576,0.38134
62,normal,-1,0.0,,,-1,-1,edge_4,edge_0,9.86936,52.11097,0.001425,0.38302,0.75131,0.3625
62,normal,-1,0.0,,,-1,-1,edge_0,cloud_0,38.93106,69.09378,0.001242,2.17361,3.29724,0.40331
62,normal,-1,0.0,,,-1,-1,edge_2,cloud_0,37.23001,70.7771,0.002659,2.12614,2.79709,0.35776
62,normal,-1,0.0,,,-1,-1,edge_4,cloud_0,37.60316,72.08085,0.001171,2.33603,2.54658,0.32249
63,normal,-1,0.0,,,-1,-1,access_0,edge_0,8.71516,51.75721,0.002076,0.49245,0.68718,0.37547
63,burst,0,0.30723,edge_1,access_0-edge_1,1,0,access_0,edge_1,10.24043,49.66392,0.004195,0.69565,1.52815,0.4522
63,normal,-1,0.0,,,-1,-1,access_1,edge_2,10.36749,52.22729,0.002072,0.61528,0.77994,0.35824
63,normal,-1,0.0,,,-1,-1,access_1,edge_3,9.88674,51.98849,0.002643,0.35905,0.76195,0.36699
63,node_overload,5,0.3818,edge_0,edge_0-edge_1,3,2,edge_0,edge_1,12.27132,49.85528,0.003542,1.09301,1.8028,0.44519
63,normal,-1,0.0,,,-1,-1,edge_1,edge_2,9.78507,51.71706,0.0,0.17946,0.77456,0.37694
63,normal,-1,0.0,,,-1,-1,edge_2,edge_3,9.72452,52.19406,0.002291,0.96421,0.73406,0.35946
63,normal,-1,0.0,,,-1,-1,edge_3,edge_4,9.91231,53.3747,0.001331,0.56464,0.65815,0.31618
63,normal,-1,0.0,,,-1,-1,edge_4,edge_0,10.37911,52.16225,0.002785,0.41188,0.78602,0.36062
63,normal,-1,0.0,,,-1,-1,edge_0,cloud_0,37.67658,69.70723,0.002628,2.01824,3.05968,0.38671
63,normal,-1,0.0,,,-1,-1,edge_2,cloud_0,38.69846,70.07102,0.001285,2.34019,3.06267,0.37687
63,normal,-1,0.0,,,-1,-1,edge_4,cloud_0,38.96779,70.87146,0.000982,2.11603,2.90676,0.35521
64,normal,-1,0.0,,,-1,-1,access_0,edge_0,8.12424,52.4688,0.000831,0.06208,0.59608,0.34938
64,normal,-1,0.0,,,-1,-1,access_0,edge_1,9.37866,51.79427,0.004299,0.2949,0.73682,0.37411
64,normal,-1,0.0,,,-1,-1,access_1,edge_2,9.94665,52.08137,0.002474,0.55663,0.75946,0.36359
64,normal,-1,0.0,,,-1,-1,access_1,edge_3,11.27463,51.82484,0.002719,0.4151,0.88312,0.37299
64,node_overload,5,0.3818,edge_0,edge_0-edge_1,3,2,edge_0,edge_1,12.94693,49.74611,0.006238,0.90204,1.91916,0.44919
64,normal,-1,0.0,,,-1,-1,edge_1,edge_2,9.88411,51.85158,0.002532,0.49703,0.77217,0.37201
64,normal,-1,0.0,,,-1,-1,edge_2,edge_3,9.48313,51.40432,0.002157,0.53287,0.77349,0.3884
64,normal,-1,0.0,,,-1,-1,edge_3,edge_4,10.00467,51.15329,0.000144,0.75419,0.83536,0.39761
64,normal,-1,0.0,,,-1,-1,edge_4,edge_0,9.95891,51.83398,0.002438,0.60239,0.77936,0.37265
64,normal,-1,0.0,,,-1,-1,edge_0,cloud_0,37.38164,70.63522,0.00297,2.04043,2.83862,0.3616
64,normal,-1,0.0,,,-1,-1,edge_2,cloud_0,38.14934,70.88592,0.00095,2.20356,2.84258,0.35482
64,normal,-1,0.0,,,-1,-1,edge_4,cloud_0,37.94226,70.31258,0.002573,2.033,2.95075,0.37033
65,normal,-1,0.0,,,-1,-1,access_0,edge_0,9.1863,52.26543,0.000945,0.70588,0.68839,0.35684
65,normal,-1,0.0,,,-1,-1,access_0,edge_1,9.9883,52.48643,0.001879,0.63316,0.73149,0.34874
65,normal,-1,0.0,,,-1,-1,access_1,edge_2,8.22072,51.98452,0.000277,0.12658,0.63381,0.36714
65,normal,-1,0.0,,,-1,-1,access_1,edge_3,8.99322,51.32469,0.000171,0.28877,0.73904,0.39132
65,node_overload,5,0.3818,edge_0,edge_0-edge_1,3,2,edge_0,edge_1,9.94314,49.78618,0.005041,0.97913,1.46908,0.44772
65,mixed,24,0.35006,edge_1,edge_1-edge_2,2,1,edge_1,edge_2,12.19668,47.52926,0.005354,0.55319,2.13502,0.53045
65,normal,-1,0.0,,,-1,-1,edge_2,edge_3,9.23807,51.74037,0.00061,0.48335,0.7296,0.37609
65,normal,-1,0.0,,,-1,-1,edge_3,edge_4,8.91762,52.51874,0.000468,0.10445,0.65086,0.34755
65,normal,-1,0.0,,,-1,-1,edge_4,edge_0,9.92288,51.73916,0.002006,0.8836,0.78378,0.37613
65,normal,-1,0.0,,,-1,-1,edge_0,cloud_0,36.40326,70.84449,0.002692,2.09909,2.72104,0.35594
65,normal,-1,0.0,,,-1,-1,edge_2,cloud_0,38.39197,70.51258,0.005242,2.39186,2.9421,0.36492
65,normal,-1,0.0,,,-1,-1,edge_4,cloud_0,39.20013,69.90375,0.000188,2.06089,3.13963,0.38139
66,normal,-1,0.0,,,-1,-1,access_0,edge_0,11.17537,52.52738,0.0,0.50075,0.8149,0.34724
66,normal,-1,0.0,,,-1,-1,access_0,edge_1,8.76704,51.73662,0.000737,0.62307,0.69266,0.37622
66,normal,-1,0.0,,,-1,-1,access_1,edge_2,9.33401,52.11982,0.0,0.54407,0.70992,0.36218
66,normal,-1,0.0,,,-1,-1,access_1,edge_3,8.57146,51.9159,0.003218,0.40975,0.66538,0.36965
66,mixed,21,0.28507,edge_0,edge_0-edge_1,3,2,edge_0,edge_1,13.1515,43.7449,0.010248,1.17194,2.90422,0.66918
66,mixed,24,0.35006,edge_1,edge_1-edge_2,2,1,edge_1,edge_2,14.82185,44.60101,0.009071,1.199,3.11958,0.63779
66,normal,-1,0.0,,,-1,-1,edge_2,edge_3,10.49472,52.13433,0.003721,0.51997,0.79703,0.36164
66,normal,-1,0.0,,,-1,-1,edge_3,edge_4,11.52526,52.10017,0.003227,0.62949,0.87832,0.3629
66,normal,-1,0.0,,,-1,-1,edge_4,edge_0,9.98158,51.10782,6.3e-05,0.90874,0.83693,0.39927
66,normal,-1,0.0,,,-1,-1,edge_0,cloud_0,37.88333,71.14654,0.0,1.90485,2.76666,0.34777
66,normal,-1,0.0,,,-1,-1,edge_2,cloud_0,39.80128,69.66049,0.002164,2.50528,3.24279,0.38797
66,normal,-1,0.0,,,-1,-1,edge_4,cloud_0,38.53003,71.27303,0.002929,1.96362,2.7862,0.34434
67,normal,-1,0.0,,,-1,-1,access_0,edge_0,9.40932,52.56986,0.002571,0.44679,0.68305,0.34568
67,link_congestion,9,0.24518,edge_1,access_0-edge_1,1,0,access_0,edge_1,9.67899,49.6966,0.006723,0.94477,1.44054,0.451
67,normal,-1,0.0,,,-1,-1,access_1,edge_2,9.80784,51.74848,0.0015,0.82425,0.77399,0.37579
67,normal,-1,0.0,,,-1,-1,access_1,edge_3,11.04632,51.07717,0.00258,0.83831,0.92881,0.4004
67,mixed,21,0.28507,edge_0,edge_0-edge_1,3,2,edge_0,edge_1,14.29428,45.03782,0.006037,1.09291,2.93301,0.62178
67,mixed,24,0.35006,edge_1,edge_1-edge_2,2,1,edge_1,edge_2,16.30103,42.8999,0.00776,1.49801,3.76635,0.70015
67,normal,-1,0.0,,,-1,-1,edge_2,edge_3,8.60403,52.64631,0.002116,0.20572,0.61953,0.34288
67,normal,-1,0.0,,,-1,-1,edge_3,edge_4,9.01982,52.24765,0.003502,0.64853,0.67715,0.35749
67,link_congestion,12,0.24813,edge_4,edge_4-edge_0,4,3,edge_4,edge_0,12.96329,49.50964,0.005592,0.99416,1.95866,0.45786
67,normal,-1,0.0,,,-1,-1,edge_0,cloud_0,38.95687,69.65343,0.001069,2.09519,3.17555,0.38816
67,normal,-1,0.0,,,-1,-1,edge_2,cloud_0,35.40985,71.28928,0.000739,2.17035,2.5573,0.3439
67,normal,-1,0.0,,,-1,-1,edge_4,cloud_0,36.54926,71.13868,0.001668,2.36148,2.67086,0.34798
68,normal,-1,0.0,,,-1,-1,access_0,edge_0,11.46564,51.95515,0.003998,0.80184,0.88658,0.36821
68,link_congestion,9,0.24518,edge_1,access_0-edge_1,1,0,access_0,edge_1,10.50156,48.82562,0.006985,0.53383,1.67361,0.48293
68,link_congestion,13,0.2917,edge_2,access_1-edge_2,1,0,access_1,edge_2,11.61508,49.32418,0.007102,0.79623,1.78102,0.46466
68,normal,-1,0.0,,,-1,-1,access_1,edge_3,10.38624,52.03176,0.000885,0.56007,0.79699,0.3654
68,normal,-1,0.0,,,-1,-1,edge_0,edge_1,9.28987,52.48025,0.002521,0.62884,0.68078,0.34896
68,mixed,24,0.35006,edge_1,edge_1-edge_2,2,1,edge_1,edge_2,15.88137,41.87042,0.014402,1.50015,3.86716,0.73789
68,normal,-1,0.0,,,-1,-1,edge_2,edge_3,12.70492,52.60739,0.001729,0.79349,0.91861,0.3443
68,normal,-1,0.0,,,-1,-1,edge_3,edge_4,11.0962,51.42521,0.00073,0.59446,0.90328,0.38764
68,link_congestion,12,0.24813,edge_4,edge_4-edge_0,4,3,edge_4,edge_0,11.3235,49.58931,0.005951,0.68407,1.69999,0.45494
68,normal,-1,0.0,,,-1,-1,edge_0,cloud_0,37.41099,70.34179,0.0,1.92695,2.90322,0.36954
68,normal,-1,0.0,,,-1,-1,edge_2,cloud_0,36.96115,71.3411,0.003413,2.28107,2.65845,0.3425
68,normal,-1,0.0,,,-1,-1,edge_4,cloud_0,38.01517,70.56196,0.003177,2.18977,2.90255,0.36358
69,normal,-1,0.0,,,-1,-1,access_0,edge_0,10.07343,51.47014,0.00201,0.28782,0.81654,0.38599
69,link_congestion,9,0.24518,edge_1,access_0-edge_1,1,0,access_0,edge_1,10.58057,46.43447,0.006332,0.72825,1.99224,0.57058
69,link_congestion,13,0.2917,edge_2,access_1-edge_2,1,0,access_1,edge_2,11.75912,48.86732,0.00466,0.72081,1.86809,0.4814
69,normal,-1,0.0,,,-1,-1,access_1,edge_3,10.79918,51.52896,0.003943,0.55092,0.87047,0.38384
69,mixed,29,0.27612,edge_0,edge_0-edge_1,3,2,edge_0,edge_1,12.18457,48.99131,0.00585,1.10255,1.9174,0.47686
69,mixed,24,0.35006,edge_1,edge_1-edge_2,2,1,edge_1,edge_2,15.45332,41.06847,0.015179,1.3152,3.91284,0.76728
69,normal,-1,0.0,,,-1,-1,edge_2,edge_3,11.21781,51.21051,0.002119,0.7741,0.93172,0.39551
69,normal,-1,0.0,,,-1,-1,edge_3,edge_4,10.86848,51.29716,0.001901,0.70366,0.89545,0.39233
69,link_congestion,12,0.24813,edge_4,edge_4-edge_0,4,3,edge_4,edge_0,12.8697,49.30839,0.009205,0.87095,1.97585,0.46523
69,normal,-1,0.0,,,-1,-1,edge_0,cloud_0,39.4608,69.55908,0.0,2.23943,3.23778,0.39072
69,normal,-1,0.0,,,-1,-1,edge_2,cloud_0,37.02896,70.48975,0.004955,2.20673,2.84245,0.36554
69,normal,-1,0.0,,,-1,-1,edge_4,cloud_0,38.84024,70.61671,0.000289,2.41622,2.95347,0.3621
70,normal,-1,0.0,,,-1,-1,access_0,edge_0,10.67516,52.0027,0.002225,0.51996,0.82155,0.36647
70,link_congestion,9,0.24518,edge_1,access_0-edge_1,1,0,access_0,edge_1,13.02739,47.63096,0.006385,0.86872,2.26441,0.52672
70,mixed,23,0.33804,edge_2,access_1-edge_2,1,0,access_1,edge_2,12.60582,46.18135,0.00782,1.02942,2.41218,0.57986
70,normal,-1,0.0,,,-1,-1,access_1,edge_3,8.92743,51.12733,0.002027,0.2802,0.7472,0.39856
70,mixed,29,0.27612,edge_0,edge_0-edge_1,3,2,edge_0,edge_1,11.15712,45.80639,0.009577,0.97672,2.18557,0.59361
70,mixed,24,0.35006,edge_1,edge_1-edge_2,2,1,edge_1,edge_2,15.6731,41.87172,0.012211,1.01136,3.8162,0.73784
70,normal,-1,0.0,,,-1,-1,edge_2,edge_3,8.15142,52.27204,0.000694,0.67151,0.61042,0.3566
70,normal,-1,0.0,,,-1,-1,edge_3,edge_4,9.11282,51.87498,0.002482,0.42822,0.71027,0.37115
70,link_congestion,12,0.24813,edge_4,edge_4-edge_0,4,3,edge_4,edge_0,13.27872,46.97937,0.009073,0.62007,2.41276,0.55061
70,normal,-1,0.0,,,-1,-1,edge_0,cloud_0,38.02536,70.2403,0.002752,2.26607,2.97283,0.37229
70,normal,-1,0.0,,,-1,-1,edge_2,cloud_0,40.07648,70.10308,0.000632,2.19333,3.16443,0.376
70,normal,-1,0.0,,,-1,-1,edge_4,cloud_0,38.06814,70.19704,0.004077,2.05851,2.98553,0.37346
71,normal,-1,0.0,,,-1,-1,access_0,edge_0,7.66531,51.96447,0.000703,0.53691,0.59217,0.36787
71,link_congestion,9,0.24518,edge_1,access_0-edge_1,1,0,access_0,edge_1,15.28313,45.92793,0.010025,1.01144,2.97135,0.58915
71,mixed,23,0.33804,edge_2,access_1-edge_2,1,0,access_1,edge_2,13.00092,44.03749,0.007506,1.08014,2.82495,0.65845
71,normal,-1,0.0,,,-1,-1,access_1,edge_3,10.44208,51.44276,0.001448,0.60967,0.84862,0.387
71,mixed,29,0.27612,edge_0,edge_0-edge_1,3,2,edge_0,edge_1,14.48937,43.44553,0.007494,1.12282,3.25213,0.68015
71,mixed,24,0.35006,edge_1,edge_1-edge_2,2,1,edge_1,edge_2,15.03585,42.87637,0.014993,1.00939,3.47831,0.70101
71,normal,-1,0.0,,,-1,-1,edge_2,edge_3,10.66679,51.49651,0.0,0.53399,0.86247,0.38503
71,normal,-1,0.0,,,-1,-1,edge_3,edge_4,10.22506,51.27449,0.003435,0.74365,0.84423,0.39316
71,link_congestion,12,0.24813,edge_4,edge_4-edge_0,4,3,edge_4,edge_0,12.55067,47.8878,0.01147,0.7523,2.14255,0.51731
71,normal,-1,0.0,,,-1,-1,edge_0,cloud_0,36.75148,70.21216,0.002026,2.05358,2.87911,0.37305
71,normal,-1,0.0,,,-1,-1,edge_2,cloud_0,37.47348,69.29641,0.001688,2.0866,3.13065,0.39782
71,normal,-1,0.0,,,-1,-1,edge_4,cloud_0,38.73116,70.13542,0.003176,2.11782,3.05109,0.37512
72,normal,-1,0.0,,,-1,-1,access_0,edge_0,9.54354,51.49429,0.002884,0.35871,0.77181,0.38511
72,link_congestion,9,0.24518,edge_1,access_0-edge_1,1,0,access_0,edge_1,14.55485,47.11143,0.009253,0.95531,2.62138,0.54577
72,mixed,23,0.33804,edge_2,access_1-edge_2,1,0,access_1,edge_2,16.54526,41.0758,0.015221,1.2887,4.18786,0.76702
72,normal,-1,0.0,,,-1,-1,access_1,edge_3,10.15109,51.30372,0.001442,0.6026,0.83583,0.39209
72,mixed,29,0.27612,edge_0,edge_0-edge_1,3,2,edge_0,edge_1,13.93367,42.38308,0.011128,0.94839,3.30648,0.7191
72,mixed,24,0.35006,edge_1,edge_1-edge_2,2,1,edge_1,edge_2,15.21815,42.88547,0.01418,1.30155,3.51881,0.70068
72,normal,-1,0.0,,,-1,-1,edge_2,edge_3,9.93143,51.50733,0.005737,0.29483,0.80218,0.38463
72,normal,-1,0.0,,,-1,-1,edge_3,edge_4,11.32376,51.31076,0.001017,0.22128,0.93178,0.39183
72,link_congestion,12,0.24813,edge_4,edge_4-edge_0,4,3,edge_4,edge_0,14.24119,47.59203,0.008166,1.35757,2.4821,0.52815
72,normal,-1,0.0,,,-1,-1,edge_0,cloud_0,39.25841,68.15154,0.00369,2.37654,3.53514,0.4288
72,normal,-1,0.0,,,-1,-1,edge_2,cloud_0,39.06251,70.16038,0.0,2.20157,3.07165,0.37445
72,normal,-1,0.0,,,-1,-1,edge_4,cloud_0,38.61044,69.23383,0.002572,2.23714,3.23937,0.39952
73,normal,-1,0.0,,,-1,-1,access_0,edge_0,9.70181,51.98603,0.0,0.12375,0.74788,0.36708
73,link_congestion,9,0.24518,edge_1,access_0-edge_1,1,0,access_0,edge_1,14.34597,45.93694,0.009459,0.79002,2.78758,0.58882
73,mixed,23,0.33804,edge_2,access_1-edge_2,1,0,access_1,edge_2,15.82425,42.46503,0.011353,1.37791,3.73943,0.71609
73,normal,-1,0.0,,,-1,-1,access_1,edge_3,9.36506,50.98029,0.002647,0.30468,0.79443,0.40395
73,mixed,29,0.27612,edge_0,edge_0-edge_1,3,2,edge_0,edge_1,15.16386,41.63144,0.013461,1.39618,3.73628,0.74665
73,mixed,24,0.35006,edge_1,edge_1-edge_2,2,1,edge_1,edge_2,14.98592,44.35823,0.011432,1.50789,3.19812,0.64669
73,normal,-1,0.0,,,-1,-1,edge_2,edge_3,10.20235,51.32865,0.002668,0.64504,0.8381,0.39118
73,normal,-1,0.0,,,-1,-1,edge_3,edge_4,11.17796,50.20482,0.0,0.72013,1.01494,0.43237
73,link_congestion,47,0.30472,edge_4,edge_4-edge_0,4,3,edge_4,edge_0,11.97724,48.43205,0.005553,0.86514,1.96581,0.49736
73,normal,-1,0.0,,,-1,-1,edge_0,cloud_0,38.3133,70.2445,0.0,2.26058,2.99442,0.37217
73,normal,-1,0.0,,,-1,-1,edge_2,cloud_0,38.05799,70.59585,0.003226,2.24522,2.89849,0.36267
73,normal,-1,0.0,,,-1,-1,edge_4,cloud_0,38.17183,69.53386,0.0,2.4746,3.13749,0.3914
74,normal,-1,0.0,,,-1,-1,access_0,edge_0,10.08787,51.42493,0.002237,0.66334,0.82122,0.38765
74,link_congestion,9,0.24518,edge_1,access_0-edge_1,1,0,access_0,edge_1,11.86229,47.72607,0.009821,0.88959,2.04824,0.52324
74,mixed,23,0.33804,edge_2,access_1-edge_2,1,0,access_1,edge_2,15.77984,41.73541,0.014167,1.27782,3.86821,0.74284
74,normal,-1,0.0,,,-1,-1,access_1,edge_3,10.49814,51.50478,0.001639,0.41395,0.84816,0.38472
74,link_congestion,46,0.37155,edge_0,edge_0-edge_1,3,2,edge_0,edge_1,13.49527,48.76836,0.008028,1.09464,2.16006,0.48503
74,mixed,24,0.35006,edge_1,edge_1-edge_2,2,1,edge_1,edge_2,14.82364,44.59828,0.013812,0.90117,3.12045,0.63789
74,normal,-1,0.0,,,-1,-1,edge_2,edge_3,8.30513,52.47376,0.002072,0.50619,0.60904,0.3492
74,normal,-1,0.0,,,-1,-1,edge_3,edge_4,9.23979,52.1623,0.001446,0.60574,0.69973,0.36062
74,link_congestion,47,0.30472,edge_4,edge_4-edge_0,4,3,edge_4,edge_0,13.22835,49.2664,0.009487,0.97636,2.03763,0.46677
74,normal,-1,0.0,,,-1,-1,edge_0,cloud_0,39.40066,69.03407,0.001265,2.10642,3.35038,0.40492
74,normal,-1,0.0,,,-1,-1,edge_2,cloud_0,36.72758,70.85806,0.001619,2.16324,2.74245,0.35557
74,normal,-1,0.0,,,-1,-1,edge_4,cloud_0,37.93249,70.13686,0.001151,2.18836,2.98786,0.37508
75,normal,-1,0.0,,,-1,-1,access_0,edge_0,11.46957,51.58863,0.001352,0.76103,0.91924,0.38165
75,link_congestion,9,0.24518,edge_1,access_0-edge_1,1,0,access_0,edge_1,13.36724,47.88039,0.008218,0.44564,2.28315,0.51758
75,mixed,23,0.33804,edge_2,access_1-edge_2,1,0,access_1,edge_2,14.70204,43.05389,0.012626,1.18415,3.36951,0.69451
75,normal,-1,0.0,,,-1,-1,access_1,edge_3,11.50367,51.41006,0.001587,0.58533,0.93779,0.38819
75,link_congestion,46,0.37155,edge_0,edge_0-edge_1,3,2,edge_0,edge_1,15.30121,45.33848,0.009919,0.93098,3.08397,0.61076
75,mixed,24,0.35006,edge_1,edge_1-edge_2,2,1,edge_1,edge_2,14.44617,43.73368,0.013957,1.05321,3.19208,0.66959
75,normal,-1,0.0,,,-1,-1,edge_2,edge_3,9.75204,50.92723,0.002829,0.62453,0.83124,0.40589
75,normal,-1,0.0,,,-1,-1,edge_3,edge_4,12.17717,51.11401,0.005474,0.54142,1.02044,0.39905
75,burst,31,0.32336,edge_4,edge_4-edge_0,4,3,edge_4,edge_0,11.64625,49.43101,0.004483,0.80606,1.77074,0.46074
75,normal,-1,0.0,,,-1,-1,edge_0,cloud_0,36.12566,70.47867,0.003668,2.45109,2.77538,0.36584
75,normal,-1,0.0,,,-1,-1,edge_2,cloud_0,39.7711,68.87703,0.00324,2.22609,3.41737,0.40917
75,normal,-1,0.0,,,-1,-1,edge_4,cloud_0,37.81317,69.50051,0.00248,2.49189,3.11518,0.3923
76,normal,-1,0.0,,,-1,-1,access_0,edge_0,9.69035,50.99668,0.005277,0.43401,0.8208,0.40335
76,link_congestion,9,0.24518,edge_1,access_0-edge_1,1,0,access_0,edge_1,13.3237,49.61335,0.007051,0.72367,1.9964,0.45406
76,mixed,23,0.33804,edge_2,access_1-edge_2,1,0,access_1,edge_2,16.08831,44.05638,0.00903,1.3453,3.49213,0.65776
76,normal,-1,0.0,,,-1,-1,access_1,edge_3,10.72233,51.09975,0.003669,0.36864,0.89971,0.39957
76,link_congestion,46,0.37155,edge_0,edge_0-edge_1,3,2,edge_0,edge_1,14.52782,46.4021,0.013391,0.89035,2.74117,0.57177
76,mixed,24,0.35006,edge_1,edge_1-edge_2,2,1,edge_1,edge_2,15.2907,42.65717,0.013846,0.98352,3.57781,0.70905
76,normal,-1,0.0,,,-1,-1,edge_2,edge_3,10.92769,51.74641,0.000571,0.8747,0.86254,0.37586
76,normal,-1,0.0,,,-1,-1,edge_3,edge_4,8.73028,50.81899,0.001783,0.39253,0.75142,0.40986
76,burst,31,0.32336,edge_4,edge_4-edge_0,4,3,edge_4,edge_0,13.52762,44.77715,0.005005,1.03956,2.81836,0.63134
76,normal,-1,0.0,,,-1,-1,edge_0,cloud_0,39.11836,69.6806,0.001324,2.09226,3.18268,0.38743
76,normal,-1,0.0,,,-1,-1,edge_2,cloud_0,39.20176,69.28007,0.004407,2.30947,3.27868,0.39827
76,normal,-1,0.0,,,-1,-1,edge_4,cloud_0,39.50401,69.05643,0.003637,2.19382,3.35415,0.40432
77,normal,-1,0.0,,,-1,-1,access_0,edge_0,10.62682,50.76863,0.001109,0.79201,0.91878,0.41171
77,link_congestion,9,0.24518,edge_1,access_0-edge_1,1,0,access_0,edge_1,14.11704,47.74418,0.007446,0.56081,2.43448,0.52257
77,mixed,23,0.33804,edge_2,access_1-edge_2,1,0,access_1,edge_2,15.98134,40.14234,0.011754,1.37771,4.22558,0.80123
77,normal,-1,0.0,,,-1,-1,access_1,edge_3,10.71834,50.7706,0.0,0.54138,0.92653,0.41163
77,link_congestion,46,0.37155,edge_0,edge_0-edge_1,3,2,edge_0,edge_1,15.11555,46.52091,0.014478,1.44409,2.83034,0.56742
77,mixed,24,0.35006,edge_1,edge_1-edge_2,2,1,edge_1,edge_2,15.49095,43.65075,0.012316,1.1505,3.43848,0.67263
77,normal,-1,0.0,,,-1,-1,edge_2,edge_3,10.14955,50.46144,0.002322,0.79275,0.90152,0.42297
77,normal,-1,0.0,,,-1,-1,edge_3,edge_4,11.94219,50.56212,0.001655,0.95766,1.05149,0.41928
77,burst,31,0.32336,edge_4,edge_4-edge_0,4,3,edge_4,edge_0,12.31059,45.68098,0.006174,0.88177,2.4302,0.5982
77,normal,-1,0.0,,,-1,-1,edge_0,cloud_0,38.81647,69.33175,0.002451,2.40764,3.23506,0.39687
77,normal,-1,0.0,,,-1,-1,edge_2,cloud_0,39.49121,68.58446,0.001671,2.47966,3.45897,0.41709
77,normal,-1,0.0,,,-1,-1,edge_4,cloud_0,37.59365,69.51145,0.001022,2.20279,3.09476,0.39201
78,normal,-1,0.0,,,-1,-1,access_0,edge_0,9.81479,50.86189,0.001656,0.6873,0.84153,0.40829
78,link_congestion,9,0.24518,edge_1,access_0-edge_1,1,0,access_0,edge_1,13.21105,48.6084,0.009832,0.86721,2.14013,0.49089
78,mixed,23,0.33804,edge_2,access_1-edge_2,1,0,access_1,edge_2,15.81984,45.4243,0.011875,1.35391,3.17208,0.60761
78,normal,-1,0.0,,,-1,-1,access_1,edge_3,10.55093,50.43068,0.001033,0.74031,0.93967,0.4241
78,link_congestion,46,0.37155,edge_0,edge_0-edge_1,3,2,edge_0,edge_1,13.49355,47.93119,0.008852,0.93553,2.29643,0.51572
78,mixed,24,0.35006,edge_1,edge_1-edge_2,2,1,edge_1,edge_2,15.8929,43.48704,0.01047,1.39252,3.55917,0.67863
78,normal,-1,0.0,,,-1,-1,edge_2,edge_3,9.77302,51.98402,0.00133,0.73913,0.75352,0.36715
78,normal,-1,0.0,,,-1,-1,edge_3,edge_4,12.36594,51.65063,0.002939,0.75874,0.98518,0.37938
78,burst,31,0.32336,edge_4,edge_4-edge_0,4,3,edge_4,edge_0,10.39276,48.8997,0.003329,0.73224,1.64696,0.48022
78,normal,-1,0.0,,,-1,-1,edge_0,cloud_0,40.40214,68.59933,0.002366,2.4552,3.53534,0.41668
78,normal,-1,0.0,,,-1,-1,edge_2,cloud_0,40.05018,68.74687,0.001997,2.39003,3.47097,0.41269
78,normal,-1,0.0,,,-1,-1,edge_4,cloud_0,38.60916,68.55079,0.000926,2.00838,3.3891,0.418
79,normal,-1,0.0,,,-1,-1,access_0,edge_0,10.03911,50.62786,0.000622,0.52959,0.87884,0.41687
79,link_congestion,9,0.24518,edge_1,access_0-edge_1,1,0,access_0,edge_1,11.26373,49.71987,0.007569,0.88111,1.67323,0.45015
79,normal,-1,0.0,,,-1,-1,access_1,edge_2,10.11084,51.11234,0.001037,0.79806,0.84742,0.39911
79,mixed,59,0.26078,edge_3,access_1-edge_3,1,0,access_1,edge_3,11.8234,47.94108,0.006938,0.63477,2.01078,0.51536
79,node_overload,37,0.35838,edge_0,edge_0-edge_1,3,2,edge_0,edge_1,11.16585,49.39124,0.005013,0.25766,1.70308,0.4622
79,mixed,52,0.3467,edge_1,edge_1-edge_2,2,1,edge_1,edge_2,15.27342,41.73538,0.012309,0.95904,3.74407,0.74284
79,normal,-1,0.0,,,-1,-1,edge_2,edge_3,8.95553,51.12423,0.002568,0.68043,0.74977,0.39867
79,normal,-1,0.0,,,-1,-1,edge_3,edge_4,9.24355,51.42341,0.001196,0.51443,0.75259,0.3877
79,normal,-1,0.0,,,-1,-1,edge_4,edge_0,10.23045,50.70412,0.003426,0.57927,0.88959,0.41407
79,normal,-1,0.0,,,-1,-1,edge_0,cloud_0,39.02459,70.17135,0.00167,2.3744,3.06623,0.37415
79,normal,-1,0.0,,,-1,-1,edge_2,cloud_0,39.16335,69.81519,0.002435,2.41757,3.15639,0.38379
79,normal,-1,0.0,,,-1,-1,edge_4,cloud_0,38.94393,68.73541,0.000346,2.38684,3.37763,0.413
80,normal,-1,0.0,,,-1,-1,access_0,edge_0,10.88148,51.07461,0.002418,0.60573,0.91517,0.40049
80,node_overload,39,0.27203,edge_1,access_0-edge_1,1,0,access_0,edge_1,11.01263,50.04708,0.005831,0.61193,1.59234,0.43816
80,burst,36,0.27819,edge_2,access_1-edge_2,1,0,access_1,edge_2,11.30778,50.44341,0.003527,0.91793,1.5808,0.42363
80,mixed,59,0.26078,edge_3,access_1-edge_3,1,0,access_1,edge_3,13.81637,43.66151,0.010781,1.20273,3.06498,0.67223
80,link_congestion,42,0.33998,edge_0,edge_0-edge_1,3,2,edge_0,edge_1,12.4907,49.87749,0.008547,0.76032,1.83168,0.44437
80,mixed,52,0.3467,edge_1,edge_1-edge_2,2,1,edge_1,edge_2,14.67838,42.20477,0.01143,1.24647,3.51486,0.72563
80,normal,-1,0.0,,,-1,-1,edge_2,edge_3,9.40051,52.16426,0.00163,0.41728,0.71176,0.36055
80,normal,-1,0.0,,,-1,-1,edge_3,edge_4,9.86773,50.99064,0.002831,0.11552,0.83628,0.40357
80,normal,-1,0.0,,,-1,-1,edge_4,edge_0,9.88354,52.43174,0.000518,0.37138,0.72798,0.35074
80,normal,-1,0.0,,,-1,-1,edge_0,cloud_0,40.74901,69.38562,0.00304,2.46786,3.38364,0.39541
80,normal,-1,0.0,,,-1,-1,edge_2,cloud_0,40.35264,68.59979,0.003547,2.60118,3.5309,0.41667
80,normal,-1,0.0,,,-1,-1,edge_4,cloud_0,38.71435,69.51655,0.000166,2.34717,3.18589,0.39187
81,normal,-1,0.0,,,-1,-1,access_0,edge_0,11.57787,51.3596,0.003021,0.46942,0.94833,0.39004
81,mixed,55,0.4343,edge_1,access_0-edge_1,1,0,access_0,edge_1,12.49143,46.96481,0.00685,0.94863,2.27191,0.55114
81,burst,36,0.27819,edge_2,access_1-edge_2,1,0,access_1,edge_2,10.78932,47.21482,0.003688,0.66142,1.9297,0.54198
81,mixed,59,0.26078,edge_3,access_1-edge_3,1,0,access_1,edge_3,12.93809,46.89754,0.010962,0.86241,2.36367,0.55361
81,link_congestion,42,0.33998,edge_0,edge_0-edge_1,3,2,edge_0,edge_1,13.35705,46.67751,0.014452,1.07366,2.47577,0.56167
81,mixed,52,0.3467,edge_1,edge_1-edge_2,2,1,edge_1,edge_2,14.83495,44.95296,0.012003,0.96848,3.05918,0.62489
81,normal,-1,0.0,,,-1,-1,edge_2,edge_3,10.84875,51.32321,0.004194,0.55426,0.89165,0.39138
81,normal,-1,0.0,,,-1,-1,edge_3,edge_4,11.26415,51.93039,0.001667,0.42681,0.87314,0.36912
81,normal,-1,0.0,,,-1,-1,edge_4,edge_0,9.2402,51.25715,0.001356,0.30636,0.76415,0.3938
81,normal,-1,0.0,,,-1,-1,edge_0,cloud_0,38.20885,70.01098,0.003399,2.21437,3.03696,0.37849
81,normal,-1,0.0,,,-1,-1,edge_2,cloud_0,38.46904,69.7672,0.001065,2.19496,3.11092,0.38509
81,normal,-1,0.0,,,-1,-1,edge_4,cloud_0,37.01004,70.47182,0.002792,2.47881,2.84476,0.36602
82,normal,-1,0.0,,,-1,-1,access_0,edge_0,8.68655,52.31148,0.0,0.30189,0.64786,0.35515
82,mixed,55,0.4343,edge_1,access_0-edge_1,1,0,access_0,edge_1,15.55809,41.42716,0.015593,1.14956,3.87186,0.75414
82,burst,36,0.27819,edge_2,access_1-edge_2,1,0,access_1,edge_2,14.4676,44.43906,0.006299,0.76718,3.07336,0.64373
82,burst,32,0.25463,edge_3,access_1-edge_3,1,0,access_1,edge_3,12.31029,42.8633,0.006836,1.11663,2.84974,0.70149
82,mixed,53,0.42058,edge_0,edge_0-edge_1,3,2,edge_0,edge_1,13.11003,47.67191,0.00803,0.86676,2.27228,0.52522
82,normal,-1,0.0,,,-1,-1,edge_1,edge_2,10.46706,51.72455,0.003581,0.70901,0.82794,0.37667
82,normal,-1,0.0,,,-1,-1,edge_2,edge_3,8.91749,51.20079,0.000809,0.28602,0.74133,0.39587
82,normal,-1,0.0,,,-1,-1,edge_3,edge_4,10.47403,51.41054,0.001211,0.59539,0.85381,0.38818
82,mixed,58,0.339,edge_4,edge_4-edge_0,4,3,edge_4,edge_0,13.29832,46.59976,0.005834,0.52332,2.47739,0.56452
82,normal,-1,0.0,,,-1,-1,edge_0,cloud_0,38.28605,69.07809,0.003587,2.28261,3.24603,0.40373
82,normal,-1,0.0,,,-1,-1,edge_2,cloud_0,39.37423,68.6627,0.003998,2.56954,3.43122,0.41497
82,normal,-1,0.0,,,-1,-1,edge_4,cloud_0,38.31182,69.28938,0.00395,2.08436,3.20222,0.39801
83,normal,-1,0.0,,,-1,-1,access_0,edge_0,9.76616,51.11725,0.003457,0.54206,0.81816,0.39893
83,mixed,55,0.4343,edge_1,access_0-edge_1,1,0,access_0,edge_1,17.11836,44.64665,0.01123,1.3487,3.59348,0.63612
83,burst,36,0.27819,edge_2,access_1-edge_2,1,0,access_1,edge_2,13.26398,48.11588,0.006014,0.87351,2.22773,0.50895
83,burst,32,0.25463,edge_3,access_1-edge_3,1,0,access_1,edge_3,10.31788,50.66784,0.004024,0.55599,1.4144,0.4154
83,mixed,53,0.42058,edge_0,edge_0-edge_1,3,2,edge_0,edge_1,16.33562,41.19461,0.01733,1.23397,4.11132,0.76266
83,normal,-1,0.0,,,-1,-1,edge_1,edge_2,10.39202,52.09515,0.0,0.65588,0.79236,0.36308
83,normal,-1,0.0,,,-1,-1,edge_2,edge_3,11.7973,50.82745,0.001628,0.78962,1.01464,0.40955
83,normal,-1,0.0,,,-1,-1,edge_3,edge_4,9.92985,51.79391,0.002167,0.63189,0.78015,0.37412
83,mixed,58,0.339,edge_4,edge_4-edge_0,4,3,edge_4,edge_0,15.39774,41.98027,0.012175,1.32543,3.72893,0.73386
83,normal,-1,0.0,,,-1,-1,edge_0,cloud_0,38.19104,69.26075,0.00052,2.01858,3.19834,0.39879
83,normal,-1,0.0,,,-1,-1,edge_2,cloud_0,35.39311,70.79344,0.001123,2.10157,2.6558,0.35732
83,normal,-1,0.0,,,-1,-1,edge_4,cloud_0,37.52307,70.27491,0.002495,2.34062,2.92618,0.37135
84,normal,-1,0.0,,,-1,-1,access_0,edge_0,10.13228,51.37113,0.002008,0.90176,0.82903,0.38962
84,normal,-1,0.0,,,-1,-1,access_0,edge_1,9.77086,51.50815,0.002993,0.98698,0.78915,0.3846
84,burst,36,0.27819,edge_2,access_1-edge_2,1,0,access_1,edge_2,10.68239,50.54269,0.00322,0.56429,1.48054,0.41999
84,normal,-1,0.0,,,-1,-1,access_1,edge_3,10.58069,51.54067,0.002474,0.71469,0.85191,0.38341
84,mixed,53,0.42058,edge_0,edge_0-edge_1,3,2,edge_0,edge_1,15.62773,44.34871,0.008815,1.00571,3.33689,0.64704
84,normal,-1,0.0,,,-1,-1,edge_1,edge_2,10.16307,51.71152,0.002127,0.30847,0.80492,0.37714
84,normal,-1,0.0,,,-1,-1,edge_2,edge_3,11.08517,50.98837,0.000505,0.68085,0.93966,0.40365
84,normal,-1,0.0,,,-1,-1,edge_3,edge_4,9.01404,51.98229,0.001237,0.55858,0.69513,0.36722
84,mixed,58,0.339,edge_4,edge_4-edge_0,4,3,edge_4,edge_0,14.5103,42.01019,0.013072,0.95403,3.50877,0.73276
84,normal,-1,0.0,,,-1,-1,edge_0,cloud_0,39.77343,70.25791,0.004502,2.44384,3.10551,0.37181
84,normal,-1,0.0,,,-1,-1,edge_2,cloud_0,37.48839,70.98219,0.000879,2.26463,2.77282,0.35221
84,normal,-1,0.0,,,-1,-1,edge_4,cloud_0,37.9972,70.1284,0.001383,2.12732,2.99478,0.37531
85,normal,-1,0.0,,,-1,-1,access_0,edge_0,9.42965,51.7866,0.001904,0.59928,0.74138,0.37439
85,normal,-1,0.0,,,-1,-1,access_0,edge_1,10.33211,51.22669,0.003292,0.50201,0.85687,0.39492
85,normal,-1,0.0,,,-1,-1,access_1,edge_2,10.25344,51.70436,0.00059,0.43646,0.81264,0.37741
85,normal,-1,0.0,,,-1,-1,access_1,edge_3,9.42303,51.67281,0.001053,0.25844,0.74911,0.37856
85,mixed,57,0.38824,edge_0,edge_0-edge_1,3,2,edge_0,edge_1,16.68489,42.61444,0.015143,1.2767,3.91265,0.71061
85,link_congestion,45,0.32345,edge_2,edge_1-edge_2,2,1,edge_1,edge_2,11.54198,48.35786,0.006102,0.69932,1.90473,0.50008
85,normal,-1,0.0,,,-1,-1,edge_2,edge_3,11.64576,52.38938,0.002299,0.91329,0.86158,0.3523
85,normal,-1,0.0,,,-1,-1,edge_3,edge_4,9.45992,51.90461,0.0,0.67175,0.73517,0.37007
85,mixed,58,0.339,edge_4,edge_4-edge_0,4,3,edge_4,edge_0,15.21838,45.10982,0.008827,0.89831,3.10937,0.61914
85,normal,-1,0.0,,,-1,-1,edge_0,cloud_0,37.00711,70.29184,0.000953,2.01681,2.88238,0.37089
85,normal,-1,0.0,,,-1,-1,edge_2,cloud_0,38.30739,69.3834,0.003312,2.12758,3.18139,0.39547
85,normal,-1,0.0,,,-1,-1,edge_4,cloud_0,37.33477,70.00817,0.005487,1.96108,2.96808,0.37857
86,normal,-1,0.0,,,-1,-1,access_0,edge_0,9.63578,52.09957,0.005979,0.40597,0.73437,0.36292
86,normal,-1,0.0,,,-1,-1,access_0,edge_1,10.36608,52.50129,0.00123,0.55834,0.75797,0.34819
86,normal,-1,0.0,,,-1,-1,access_1,edge_2,8.7739,52.15116,0.002854,0.5971,0.6652,0.36103
86,normal,-1,0.0,,,-1,-1,access_1,edge_3,10.30676,51.90187,0.0,0.50845,0.80119,0.37017
86,mixed,57,0.38824,edge_0,edge_0-edge_1,3,2,edge_0,edge_1,15.66479,44.48452,0.008589,1.18114,3.31907,0.64206
86,link_congestion,45,0.32345,edge_2,edge_1-edge_2,2,1,edge_1,edge_2,15.7806,46.23786,0.010738,0.92055,3.0089,0.57779
86,normal,-1,0.0,,,-1,-1,edge_2,edge_3,10.77015,52.02607,0.001313,0.53177,0.82692,0.36561
86,normal,-1,0.0,,,-1,-1,edge_3,edge_4,9.17295,52.11285,0.002034,0.51822,0.69816,0.36243
86,node_overload,38,0.30215,edge_4,edge_4-edge_0,4,3,edge_4,edge_0,10.77392,49.14391,0.005723,0.66651,1.67553,0.47126
86,normal,-1,0.0,,,-1,-1,edge_0,cloud_0,38.10786,69.97526,0.002877,2.16673,3.03666,0.37946
86,normal,-1,0.0,,,-1,-1,edge_2,cloud_0,36.19561,70.32211,0.00264,2.34341,2.81295,0.37007
86,normal,-1,0.0,,,-1,-1,edge_4,cloud_0,37.32658,71.22949,0.001684,2.09481,2.70841,0.34552
87,normal,-1,0.0,,,-1,-1,access_0,edge_0,9.97491,51.24446,0.002833,0.69212,0.82588,0.39426
87,mixed,51,0.29608,edge_1,access_0-edge_1,1,0,access_0,edge_1,12.99134,48.00785,0.005959,0.87614,2.19891,0.51291
87,link_congestion,48,0.24878,edge_2,access_1-edge_2,1,0,access_1,edge_2,12.15453,49.87573,0.0058,0.82549,1.78264,0.44444
87,normal,-1,0.0,,,-1,-1,access_1,edge_3,9.56458,52.07588,0.006714,0.53975,0.73069,0.36379
87,mixed,57,0.38824,edge_0,edge_0-edge_1,3,2,edge_0,edge_1,13.90743,45.30165,0.008742,0.87228,2.80925,0.61211
87,link_congestion,45,0.32345,edge_2,edge_1-edge_2,2,1,edge_1,edge_2,13.89791,47.5088,0.010757,0.91308,2.43626,0.5312
87,normal,-1,0.0,,,-1,-1,edge_2,edge_3,8.3547,51.96056,0.000737,0.55,0.64568,0.36801
87,normal,-1,0.0,,,-1,-1,edge_3,edge_4,9.287,52.90469,0.00156,0.44709,0.65023,0.33341
87,node_overload,38,0.30215,edge_4,edge_4-edge_0,4,3,edge_4,edge_0,10.94329,49.15788,0.004211,0.34332,1.70002,0.47075
87,normal,-1,0.0,,,-1,-1,edge_0,cloud_0,36.21873,70.59938,0.001664,1.97329,2.75769,0.36257
87,normal,-1,0.0,,,-1,-1,edge_2,cloud_0,36.913,70.76947,0.000862,1.97992,2.77488,0.35797
87,normal,-1,0.0,,,-1,-1,edge_4,cloud_0,36.71575,70.08408,0.003572,2.34214,2.90303,0.37651
88,normal,-1,0.0,,,-1,-1,access_0,edge_0,10.13205,51.88356,0.0,0.55022,0.78904,0.37084
88,mixed,51,0.29608,edge_1,access_0-edge_1,1,0,access_0,edge_1,13.9924,43.22798,0.010966,1.2377,3.17741,0.68812
88,link_congestion,48,0.24878,edge_2,access_1-edge_2,1,0,access_1,edge_2,10.45261,48.23857,0.008479,0.47791,1.74003,0.50445
88,normal,-1,0.0,,,-1,-1,access_1,edge_3,9.56334,52.55729,0.001979,0.20454,0.69515,0.34614
88,node_overload,41,0.28607,edge_0,edge_0-edge_1,3,2,edge_0,edge_1,10.20485,50.11728,0.006042,0.52204,1.46687,0.43558
88,mixed,56,0.2769,edge_2,edge_1-edge_2,2,1,edge_1,edge_2,13.57795,45.63453,0.008931,1.00295,2.68802,0.59991
88,normal,-1,0.0,,,-1,-1,edge_2,edge_3,8.68731,51.58503,0.001675,0.14177,0.6965,0.38178
88,normal,-1,0.0,,,-1,-1,edge_3,edge_4,10.73263,50.6637,0.00102,0.61668,0.9366,0.41555
88,node_overload,38,0.30215,edge_4,edge_4-edge_0,4,3,edge_4,edge_0,12.35477,50.28921,0.005581,0.85955,1.75021,0.42928
88,normal,-1,0.0,,,-1,-1,edge_0,cloud_0,36.34707,70.70203,0.00252,1.90326,2.74626,0.35979
88,normal,-1,0.0,,,-1,-1,edge_2,cloud_0,36.17081,71.86586,0.002447,1.81329,2.49376,0.3283
88,normal,-1,0.0,,,-1,-1,edge_4,cloud_0,37.24451,70.97166,0.000763,1.91637,2.75701,0.3525
89,normal,-1,0.0,,,-1,-1,access_0,edge_0,10.27307,51.6066,0.001333,0.51765,0.82193,0.38099
89,mixed,51,0.29608,edge_1,access_0-edge_1,1,0,access_0,edge_1,15.83547,42.93952,0.011858,1.35419,3.65119,0.6987
89,link_congestion,48,0.24878,edge_2,access_1-edge_2,1,0,access_1,edge_2,15.73624,48.28132,0.012136,1.53749,2.61146,0.50288
89,normal,-1,0.0,,,-1,-1,access_1,edge_3,8.71302,52.28706,0.002354,0.44385,0.65147,0.35605
89,mixed,61,0.29832,edge_0,edge_0-edge_1,3,2,edge_0,edge_1,12.873,47.96758,0.006472,0.92721,2.18515,0.51438
89,normal,-1,0.0,,,-1,-1,edge_1,edge_2,11.39896,52.29435,0.003323,0.60731,0.85166,0.35578
89,normal,-1,0.0,,,-1,-1,edge_2,edge_3,10.29268,51.27942,0.002671,0.4236,0.84942,0.39298
89,normal,-1,0.0,,,-1,-1,edge_3,edge_4,8.48944,52.50104,0.000165,0.48273,0.62077,0.3482
89,node_overload,38,0.30215,edge_4,edge_4-edge_0,4,3,edge_4,edge_0,9.83191,49.82508,0.003804,0.38113,1.44802,0.44629
89,normal,-1,0.0,,,-1,-1,edge_0,cloud_0,38.56338,69.74859,0.001458,2.42306,3.12263,0.38559
89,normal,-1,0.0,,,-1,-1,edge_2,cloud_0,38.2552,71.23225,0.002661,2.1078,2.77519,0.34545
89,normal,-1,0.0,,,-1,-1,edge_4,cloud_0,38.15427,70.98408,0.002323,2.29251,2.82166,0.35216
90,normal,-1,0.0,,,-1,-1,access_0,edge_0,9.55366,52.40318,0.000278,0.44907,0.70578,0.35179
90,mixed,51,0.29608,edge_1,access_0-edge_1,1,0,access_0,edge_1,14.10805,43.76188,0.011794,1.03006,3.11255,0.66855
90,link_congestion,48,0.24878,edge_2,access_1-edge_2,1,0,access_1,edge_2,12.21882,49.4972,0.008417,0.89547,1.84802,0.45831
90,normal,-1,0.0,,,-1,-1,access_1,edge_3,10.55006,52.02366,0.002889,0.5068,0.81022,0.3657
90,mixed,61,0.29832,edge_0,edge_0-edge_1,3,2,edge_0,edge_1,14.47852,42.39776,0.010371,1.17383,3.4332,0.71856
90,normal,-1,0.0,,,-1,-1,edge_1,edge_2,10.41359,51.80693,0.001921,0.63336,0.81711,0.37365
90,normal,-1,0.0,,,-1,-1,edge_2,edge_3,9.97257,52.05607,0.001054,0.38238,0.76338,0.36451
90,normal,-1,0.0,,,-1,-1,edge_3,edge_4,8.57839,52.21729,0.003506,0.75652,0.64601,0.3586
90,node_overload,38,0.30215,edge_4,edge_4-edge_0,4,3,edge_4,edge_0,11.76292,49.33904,0.002513,0.61356,1.80157,0.46411
90,normal,-1,0.0,,,-1,-1,edge_0,cloud_0,36.37427,70.86881,0.001672,2.06506,2.71385,0.35528
90,normal,-1,0.0,,,-1,-1,edge_2,cloud_0,36.93293,70.83479,0.002019,2.17466,2.76267,0.3562
90,normal,-1,0.0,,,-1,-1,edge_4,cloud_0,38.32729,70.4263,0.001142,2.23132,2.95593,0.36725
91,normal,-1,0.0,,,-1,-1,access_0,edge_0,10.0204,51.41885,0.000607,0.70345,0.81619,0.38787
91,mixed,51,0.29608,edge_1,access_0-edge_1,1,0,access_0,edge_1,13.65673,45.55833,0.009169,1.08484,2.7162,0.6027
91,link_congestion,44,0.33698,edge_2,access_1-edge_2,1,0,access_1,edge_2,13.39876,48.18341,0.00717,1.10241,2.23942,0.50647
91,normal,-1,0.0,,,-1,-1,access_1,edge_3,9.80715,51.25038,0.001719,0.63461,0.81154,0.39405
91,mixed,61,0.29832,edge_0,edge_0-edge_1,3,2,edge_0,edge_1,13.71812,44.47965,0.007841,0.63102,2.90741,0.64224
91,burst,33,0.27667,edge_1,edge_1-edge_2,2,1,edge_1,edge_2,11.74047,48.63614,0.002852,0.88175,1.89796,0.48988
91,normal,-1,0.0,,,-1,-1,edge_2,edge_3,9.45454,52.45902,0.004252,0.65916,0.6944,0.34974
91,normal,-1,0.0,,,-1,-1,edge_3,edge_4,9.92296,51.62199,0.0,0.76714,0.79274,0.38043
91,normal,-1,0.0,,,-1,-1,edge_4,edge_0,10.85635,51.98181,0.001154,0.80176,0.83724,0.36724
91,normal,-1,0.0,,,-1,-1,edge_0,cloud_0,36.95628,70.1581,0.003869,2.30748,2.90651,0.37451
91,normal,-1,0.0,,,-1,-1,edge_2,cloud_0,39.05041,69.89416,0.001386,2.31239,3.12977,0.38165
91,normal,-1,0.0,,,-1,-1,edge_4,cloud_0,38.95606,70.03539,0.002451,2.10241,3.09094,0.37783
92,normal,-1,0.0,,,-1,-1,access_0,edge_0,8.31143,52.85635,0.004003,0.29496,0.58502,0.33518
92,normal,-1,0.0,,,-1,-1,access_0,edge_1,9.12437,52.98595,0.001621,0.82051,0.63314,0.33043
92,link_congestion,44,0.33698,edge_2,access_1-edge_2,1,0,access_1,edge_2,15.37994,46.1442,0.012848,0.94389,2.94993,0.58122
92,normal,-1,0.0,,,-1,-1,access_1,edge_3,10.48108,51.27421,0.00168,0.59392,0.86539,0.39317
92,mixed,61,0.29832,edge_0,edge_0-edge_1,3,2,edge_0,edge_1,14.42839,45.56509,0.007666,1.17119,2.8685,0.60245
92,burst,33,0.27667,edge_1,edge_1-edge_2,2,1,edge_1,edge_2,11.06166,46.72166,0.006343,0.69797,2.0444,0.56006
92,normal,-1,0.0,,,-1,-1,edge_2,edge_3,9.56956,52.49819,0.00282,0.69621,0.69996,0.34831
92,normal,-1,0.0,,,-1,-1,edge_3,edge_4,10.1589,51.2301,0.0,0.68356,0.84223,0.39479
92,burst,35,0.27119,edge_4,edge_4-edge_0,4,3,edge_4,edge_0,10.74794,49.7375,0.002475,0.50684,1.59431,0.44951
92,normal,-1,0.0,,,-1,-1,edge_0,cloud_0,37.84902,69.49633,0.003451,2.52446,3.11903,0.39242
92,normal,-1,0.0,,,-1,-1,edge_2,cloud_0,36.31414,70.33442,0.0,2.24911,2.81962,0.36974
92,normal,-1,0.0,,,-1,-1,edge_4,cloud_0,36.8885,70.45365,0.00244,2.17296,2.83923,0.36651
93,normal,-1,0.0,,,-1,-1,access_0,edge_0,10.55851,51.53594,0.002459,0.83701,0.85051,0.38358
93,normal,-1,0.0,,,-1,-1,access_0,edge_1,10.44997,51.53154,0.000626,0.58248,0.84212,0.38374
93,link_congestion,44,0.33698,edge_2,access_1-edge_2,1,0,access_1,edge_2,13.35056,48.24103,0.010259,0.66933,2.22206,0.50436
93,normal,-1,0.0,,,-1,-1,access_1,edge_3,10.78749,52.0421,0.003021,0.82381,0.82692,0.36503
93,link_congestion,49,0.27164,edge_0,edge_0-edge_1,2,1,edge_0,edge_1,10.99018,49.60264,0.007531,0.33889,1.64818,0.45445
93,burst,33,0.27667,edge_1,edge_1-edge_2,2,1,edge_1,edge_2,13.912,43.46062,0.003909,0.84716,3.12,0.6796
93,normal,-1,0.0,,,-1,-1,edge_2,edge_3,8.74528,51.77774,0.001322,0.25494,0.68817,0.37472
93,normal,-1,0.0,,,-1,-1,edge_3,edge_4,9.30948,52.5843,0.001649,0.47427,0.67477,0.34515
93,burst,35,0.27119,edge_4,edge_4-edge_0,4,3,edge_4,edge_0,12.01582,47.47305,0.004011,0.46602,2.11153,0.53251
93,normal,-1,0.0,,,-1,-1,edge_0,cloud_0,37.93195,71.14695,0.000958,2.50241,2.77012,0.34776
93,normal,-1,0.0,,,-1,-1,edge_2,cloud_0,39.55631,70.10576,0.002781,2.39169,3.12276,0.37593
93,normal,-1,0.0,,,-1,-1,edge_4,cloud_0,39.44095,70.35803,0.003881,2.60135,3.05712,0.3691
94,normal,-1,0.0,,,-1,-1,access_0,edge_0,10.39522,51.06873,0.000909,0.54725,0.87474,0.40071
94,normal,-1,0.0,,,-1,-1,access_0,edge_1,9.35682,52.14678,0.001768,0.48136,0.70971,0.36119
94,link_congestion,44,0.33698,edge_2,access_1-edge_2,1,0,access_1,edge_2,13.63697,47.69916,0.009793,1.03185,2.35911,0.52422
94,normal,-1,0.0,,,-1,-1,access_1,edge_3,9.33308,51.84315,0.000896,0.53571,0.72972,0.37232
94,link_congestion,49,0.27164,edge_0,edge_0-edge_1,2,1,edge_0,edge_1,14.94486,46.93784,0.00931,1.19313,2.72301,0.55213
94,burst,33,0.27667,edge_1,edge_1-edge_2,2,1,edge_1,edge_2,11.44022,48.97182,0.004648,0.68104,1.80297,0.47757
94,normal,-1,0.0,,,-1,-1,edge_2,edge_3,8.85952,51.71074,0.0,0.74617,0.70173,0.37717
94,normal,-1,0.0,,,-1,-1,edge_3,edge_4,8.94972,51.60049,0.004457,0.60546,0.71647,0.38121
94,burst,35,0.27119,edge_4,edge_4-edge_0,4,3,edge_4,edge_0,14.1965,43.64831,0.004903,1.34727,3.15157,0.67272
94,normal,-1,0.0,,,-1,-1,edge_0,cloud_0,37.05408,70.6485,0.003243,2.12316,2.81095,0.36124
94,normal,-1,0.0,,,-1,-1,edge_2,cloud_0,38.69197,69.53098,0.002313,2.58487,3.18088,0.39148
94,normal,-1,0.0,,,-1,-1,edge_4,cloud_0,39.74301,70.07203,0.000943,2.27075,3.14511,0.37684
95,normal,-1,0.0,,,-1,-1,access_0,edge_0,10.63405,51.55889,0.000515,0.83924,0.85471,0.38274
95,normal,-1,0.0,,,-1,-1,access_0,edge_1,9.05764,52.19115,0.002708,0.27059,0.68392,0.35956
95,normal,-1,0.0,,,-1,-1,access_1,edge_2,9.7708,51.22307,0.001715,1.03142,0.81059,0.39505
95,normal,-1,0.0,,,-1,-1,access_1,edge_3,10.98739,51.63336,0.002096,0.4363,0.87681,0.38001
95,link_congestion,49,0.27164,edge_0,edge_0-edge_1,2,1,edge_0,edge_1,12.22664,48.32192,0.011691,0.52133,2.02303,0.5014
95,burst,33,0.27667,edge_1,edge_1-edge_2,2,1,edge_1,edge_2,11.49215,49.63906,0.000632,0.56128,1.71839,0.45311
95,normal,-1,0.0,,,-1,-1,edge_2,edge_3,8.89728,51.40875,0.000551,0.58668,0.7254,0.38824
95,normal,-1,0.0,,,-1,-1,edge_3,edge_4,10.88535,50.93543,0.0,0.47746,0.92715,0.40559
95,burst,35,0.27119,edge_4,edge_4-edge_0,4,3,edge_4,edge_0,11.37571,48.73959,0.002204,0.64424,1.82476,0.48609
95,normal,-1,0.0,,,-1,-1,edge_0,cloud_0,36.71522,70.50699,0.002732,2.32969,2.81477,0.36507
95,normal,-1,0.0,,,-1,-1,edge_2,cloud_0,38.39651,69.92035,0.001675,2.25479,3.07164,0.38094
95,normal,-1,0.0,,,-1,-1,edge_4,cloud_0,37.93619,68.78456,0.003099,2.33895,3.27964,0.41167
96,normal,-1,0.0,,,-1,-1,access_0,edge_0,10.58588,51.50215,0.000947,0.60987,0.85546,0.38482
96,normal,-1,0.0,,,-1,-1,access_0,edge_1,9.53696,51.60996,0.004499,0.5938,0.76279,0.38087
96,normal,-1,0.0,,,-1,-1,access_1,edge_2,10.03167,51.39391,0.002705,0.45058,0.81904,0.38879
96,normal,-1,0.0,,,-1,-1,access_1,edge_3,10.45769,51.34936,0.001965,0.92038,0.85741,0.39042
96,link_congestion,49,0.27164,edge_0,edge_0-edge_1,2,1,edge_0,edge_1,12.77043,49.00564,0.009147,0.68713,2.00738,0.47633
96,normal,-1,0.0,,,-1,-1,edge_1,edge_2,9.1021,51.55124,0.003304,0.22379,0.73212,0.38302
96,normal,-1,0.0,,,-1,-1,edge_2,edge_3,11.13112,51.57699,0.002302,0.91953,0.89311,0.38208
96,normal,-1,0.0,,,-1,-1,edge_3,edge_4,10.05603,51.5979,0.003803,0.8643,0.80523,0.38131
96,burst,35,0.27119,edge_4,edge_4-edge_0,4,3,edge_4,edge_0,12.85985,49.73618,0.003851,0.92832,1.90779,0.44955
96,normal,-1,0.0,,,-1,-1,edge_0,cloud_0,39.73352,70.04096,0.002861,2.3895,3.15137,0.37768
96,normal,-1,0.0,,,-1,-1,edge_2,cloud_0,41.99304,68.40747,0.000639,2.25378,3.72033,0.42188
96,normal,-1,0.0,,,-1,-1,edge_4,cloud_0,40.26418,68.33097,0.001693,2.26073,3.58466,0.42395
97,normal,-1,0.0,,,-1,-1,access_0,edge_0,11.223,50.48031,0.001462,0.76934,0.99523,0.42228
97,mixed,81,0.38378,edge_1,access_0-edge_1,1,0,access_0,edge_1,12.63741,46.62077,0.010321,0.59925,2.35105,0.56375
97,normal,-1,0.0,,,-1,-1,access_1,edge_2,10.34951,51.86502,0.001737,0.31751,0.80745,0.37152
97,normal,-1,0.0,,,-1,-1,access_1,edge_3,10.73289,52.09582,0.000732,0.21279,0.8183,0.36306
97,burst,63,0.25497,edge_0,edge_0-edge_1,3,2,edge_0,edge_1,9.39861,50.35506,0.00543,0.57988,1.32395,0.42687
97,normal,-1,0.0,,,-1,-1,edge_1,edge_2,9.7108,51.78882,0.00245,0.55404,0.76332,0.37431
97,normal,-1,0.0,,,-1,-1,edge_2,edge_3,9.28252,51.85519,0.001558,0.61435,0.72491,0.37188
97,normal,-1,0.0,,,-1,-1,edge_3,edge_4,6.79882,51.64003,0.001248,0.59645,0.54221,0.37976
97,node_overload,71,0.25556,edge_4,edge_4-edge_0,4,3,edge_4,edge_0,9.8418,50.16352,0.004417,0.55823,1.40918,0.43389
97,normal,-1,0.0,,,-1,-1,edge_0,cloud_0,38.44066,69.40242,0.0,2.36541,3.1883,0.39496
97,normal,-1,0.0,,,-1,-1,edge_2,cloud_0,37.84881,70.20491,0.000194,2.35265,2.96663,0.37324
97,normal,-1,0.0,,,-1,-1,edge_4,cloud_0,37.99213,69.90535,0.002516,2.28994,3.04253,0.38135
98,normal,-1,0.0,,,-1,-1,access_0,edge_0,9.79226,51.60653,0.001243,0.5828,0.78346,0.38099
98,mixed,81,0.38378,edge_1,access_0-edge_1,1,0,access_0,edge_1,15.54785,42.21252,0.016137,1.0221,3.72161,0.72535
98,link_congestion,78,0.39612,edge_2,access_1-edge_2,1,0,access_1,edge_2,12.59286,49.4424,0.005389,0.74959,1.91294,0.46032
98,normal,-1,0.0,,,-1,-1,access_1,edge_3,9.97739,50.61196,0.003338,0.50859,0.87466,0.41745
98,node_overload,70,0.23457,edge_0,edge_0-edge_1,3,2,edge_0,edge_1,11.16864,50.34892,0.00325,0.74742,1.57411,0.42709
98,normal,-1,0.0,,,-1,-1,edge_1,edge_2,9.23036,50.53675,0.00155,0.78119,0.81452,0.42021
98,normal,-1,0.0,,,-1,-1,edge_2,edge_3,10.97716,50.67676,0.003899,0.79852,0.95683,0.41507
98,normal,-1,0.0,,,-1,-1,edge_3,edge_4,10.42189,51.89112,0.003507,0.44539,0.81101,0.37056
98,node_overload,71,0.25556,edge_4,edge_4-edge_0,4,3,edge_4,edge_0,12.23213,49.84526,0.003956,0.96718,1.79853,0.44556
98,normal,-1,0.0,,,-1,-1,edge_0,cloud_0,39.52921,69.84728,0.002386,2.43595,3.17867,0.38292
98,normal,-1,0.0,,,-1,-1,edge_2,cloud_0,36.79769,69.3269,0.00254,2.11401,3.06782,0.397
98,normal,-1,0.0,,,-1,-1,edge_4,cloud_0,36.93807,69.95463,0.000204,2.17388,2.94778,0.38002
99,normal,-1,0.0,,,-1,-1,access_0,edge_0,7.90367,50.95245,0.002403,0.48568,0.67216,0.40497
99,mixed,81,0.38378,edge_1,access_0-edge_1,1,0,access_0,edge_1,16.25373,42.49942,0.01308,1.08482,3.83416,0.71483
99,link_congestion,78,0.39612,edge_2,access_1-edge_2,1,0,access_1,edge_2,13.28973,47.36189,0.013079,1.00942,2.35326,0.53659
99,normal,-1,0.0,,,-1,-1,access_1,edge_3,10.81385,51.05766,0.00393,0.77063,0.91089,0.40111
99,link_congestion,76,0.29824,edge_0,edge_0-edge_1,3,2,edge_0,edge_1,12.38892,47.76593,0.00721,0.51831,2.1332,0.52178
99,normal,-1,0.0,,,-1,-1,edge_1,edge_2,9.92135,50.76884,0.001855,0.58146,0.85777,0.4117
99,normal,-1,0.0,,,-1,-1,edge_2,edge_3,9.28085,51.34689,0.00273,0.48908,0.7611,0.39051
99,normal,-1,0.0,,,-1,-1,edge_3,edge_4,10.14192,50.77214,0.001044,0.64159,0.87658,0.41158
99,node_overload,71,0.25556,edge_4,edge_4-edge_0,4,3,edge_4,edge_0,10.51189,50.25854,0.00395,0.78481,1.49304,0.43041
99,normal,-1,0.0,,,-1,-1,edge_0,cloud_0,38.65457,69.72846,0.00048,2.25481,3.13443,0.38613
99,normal,-1,0.0,,,-1,-1,edge_2,cloud_0,38.88674,69.61785,0.0,2.28328,3.1777,0.38913
99,normal,-1,0.0,,,-1,-1,edge_4,cloud_0,39.32494,69.50302,0.0015,2.22809,3.23916,0.39223
100,normal,-1,0.0,,,-1,-1,access_0,edge_0,8.64522,51.27681,0.005027,0.53545,0.71363,0.39308
100,mixed,81,0.38378,edge_1,access_0-edge_1,1,0,access_0,edge_1,15.52462,42.08383,0.014756,1.39983,3.74021,0.73006
100,link_congestion,78,0.39612,edge_2,access_1-edge_2,1,0,access_1,edge_2,14.31686,47.93818,0.012388,0.78573,2.43534,0.51546
100,normal,-1,0.0,,,-1,-1,access_1,edge_3,10.84653,51.9187,0.001756,0.76212,0.84175,0.36955
100,link_congestion,76,0.29824,edge_0,edge_0-edge_1,3,2,edge_0,edge_1,13.86806,47.03393,0.008692,0.86295,2.51069,0.54861
100,normal,-1,0.0,,,-1,-1,edge_1,edge_2,9.15087,50.27606,0.002208,0.46877,0.82587,0.42976
100,normal,-1,0.0,,,-1,-1,edge_2,edge_3,8.77361,51.24721,0.002583,0.59769,0.72623,0.39416
100,normal,-1,0.0,,,-1,-1,edge_3,edge_4,10.71363,51.15458,0.0,0.64295,0.89445,0.39756
100,node_overload,71,0.25556,edge_4,edge_4-edge_0,4,3,edge_4,edge_0,11.70404,49.42544,0.006737,0.63044,1.78032,0.46094
100,normal,-1,0.0,,,-1,-1,edge_0,cloud_0,38.32028,69.79135,0.00361,2.3726,3.09363,0.38443
100,normal,-1,0.0,,,-1,-1,edge_2,cloud_0,38.04315,69.01883,0.0,2.15922,3.23824,0.40533
100,normal,-1,0.0,,,-1,-1,edge_4,cloud_0,39.08141,69.10026,0.00225,2.16317,3.30854,0.40313
101,normal,-1,0.0,,,-1,-1,access_0,edge_0,11.17643,51.25996,0.001628,0.5564,0.92403,0.3937
101,mixed,81,0.38378,edge_1,access_0-edge_1,1,0,access_0,edge_1,14.87429,44.93512,0.010201,0.97992,3.0705,0.62555
101,link_congestion,74,0.23104,edge_2,access_1-edge_2,1,0,access_1,edge_2,13.33946,48.80014,0.006826,0.69663,2.12999,0.48387
101,normal,-1,0.0,,,-1,-1,access_1,edge_3,10.34719,51.05258,0.0,0.48184,0.87199,0.4013
101,link_congestion,76,0.29824,edge_0,edge_0-edge_1,3,2,edge_0,edge_1,14.53755,47.90762,0.013439,0.90649,2.47825,0.51658
101,mixed,82,0.30115,edge_1,edge_1-edge_2,2,1,edge_1,edge_2,13.64888,47.70123,0.008175,0.80619,2.36083,0.52415
101,normal,-1,0.0,,,-1,-1,edge_2,edge_3,10.55961,51.39682,0.0058,0.41864,0.8619,0.38868
101,normal,-1,0.0,,,-1,-1,edge_3,edge_4,9.07972,51.22264,0.005836,0.36061,0.75329,0.39506
101,node_overload,67,0.39571,edge_4,edge_4-edge_0,4,3,edge_4,edge_0,11.75773,49.50401,0.005115,0.57885,1.77731,0.45806
101,normal,-1,0.0,,,-1,-1,edge_0,cloud_0,37.55257,69.29575,0.004671,2.55388,3.1374,0.39784
101,normal,-1,0.0,,,-1,-1,edge_2,cloud_0,39.6925,69.7553,0.000547,2.6727,3.21254,0.38541
101,normal,-1,0.0,,,-1,-1,edge_4,cloud_0,39.64963,68.83818,0.00022,2.38546,3.41569,0.41022
102,normal,-1,0.0,,,-1,-1,access_0,edge_0,9.80282,50.9202,0.002185,0.40545,0.8361,0.40615
102,normal,-1,0.0,,,-1,-1,access_0,edge_1,9.51851,51.51098,0.004519,0.66086,0.76856,0.3845
102,link_congestion,74,0.23104,edge_2,access_1-edge_2,1,0,access_1,edge_2,11.96951,48.74145,0.006597,0.66189,1.91974,0.48602
102,normal,-1,0.0,,,-1,-1,access_1,edge_3,9.49288,51.27074,0.001258,0.44149,0.78405,0.3933
102,mixed,83,0.32476,edge_0,edge_0-edge_1,3,2,edge_0,edge_1,13.1927,47.56711,0.006847,0.80534,2.30333,0.52907
102,mixed,82,0.30115,edge_1,edge_1-edge_2,2,1,edge_1,edge_2,14.76046,43.22212,0.012084,1.19627,3.35287,0.68834
102,normal,-1,0.0,,,-1,-1,edge_2,edge_3,9.15517,51.43323,0.004092,0.5604,0.7447,0.38735
102,mixed,80,0.37797,edge_4,edge_3-edge_4,4,3,edge_3,edge_4,11.46219,46.99188,0.009428,0.76256,2.08096,0.55015
102,node_overload,67,0.39571,edge_4,edge_4-edge_0,4,3,edge_4,edge_0,12.83523,48.5514,0.00371,0.80893,2.08809,0.49298
102,normal,-1,0.0,,,-1,-1,edge_0,cloud_0,38.7031,69.77871,0.00044,2.16424,3.12732,0.38478
102,normal,-1,0.0,,,-1,-1,edge_2,cloud_0,38.09962,69.35823,0.002114,2.26987,3.16958,0.39615
102,normal,-1,0.0,,,-1,-1,edge_4,cloud_0,38.82869,69.69151,0.0,2.34587,3.1567,0.38713
103,normal,-1,0.0,,,-1,-1,access_0,edge_0,8.67279,51.4106,0.00329,0.94795,0.70698,0.38817
103,normal,-1,0.0,,,-1,-1,access_0,edge_1,10.80072,51.42831,0.001002,0.67537,0.87897,0.38753
103,normal,-1,0.0,,,-1,-1,access_1,edge_2,9.35436,51.32781,0.002849,0.51016,0.7685,0.39121
103,normal,-1,0.0,,,-1,-1,access_1,edge_3,9.75708,50.93316,0.00335,0.56805,0.83122,0.40568
103,mixed,83,0.32476,edge_0,edge_0-edge_1,3,2,edge_0,edge_1,16.98583,41.66043,0.012029,1.08928,4.17925,0.74559
103,mixed,82,0.30115,edge_1,edge_1-edge_2,2,1,edge_1,edge_2,13.94561,45.11029,0.008599,0.72635,2.84924,0.61912
103,normal,-1,0.0,,,-1,-1,edge_2,edge_3,10.5483,51.66501,0.002872,0.66868,0.8392,0.37885
103,mixed,80,0.37797,edge_4,edge_3-edge_4,4,3,edge_3,edge_4,15.69987,42.82701,0.013063,1.13668,3.64129,0.70282
103,node_overload,67,0.39571,edge_4,edge_4-edge_0,4,3,edge_4,edge_0,12.00659,48.72475,0.004822,0.9753,1.92811,0.48663
103,normal,-1,0.0,,,-1,-1,edge_0,cloud_0,38.13934,70.44849,0.004151,2.13271,2.93662,0.36665
103,normal,-1,0.0,,,-1,-1,edge_2,cloud_0,39.57982,69.51963,0.001473,2.63127,3.25642,0.39178
103,normal,-1,0.0,,,-1,-1,edge_4,cloud_0,38.12773,69.71714,0.004838,2.61287,3.09416,0.38644
104,normal,-1,0.0,,,-1,-1,access_0,edge_0,10.069,51.53905,0.003022,0.15107,0.81083,0.38347
104,normal,-1,0.0,,,-1,-1,access_0,edge_1,10.57371,51.76642,0.002328,0.59791,0.83297,0.37513
104,normal,-1,0.0,,,-1,-1,access_1,edge_2,11.1281,51.67389,0.002079,0.5068,0.88457,0.37852
104,normal,-1,0.0,,,-1,-1,access_1,edge_3,10.10671,51.25421,0.001504,0.4568,0.83603,0.39391
104,mixed,83,0.32476,edge_0,edge_0-edge_1,3,2,edge_0,edge_1,15.91783,43.47791,0.011772,1.38092,3.56651,0.67896
104,normal,-1,0.0,,,-1,-1,edge_1,edge_2,10.23888,50.89846,0.003167,0.33392,0.87501,0.40695
104,normal,-1,0.0,,,-1,-1,edge_2,edge_3,10.28255,50.72829,0.001607,0.37957,0.89221,0.41319
104,mixed,80,0.37797,edge_4,edge_3-edge_4,4,3,edge_3,edge_4,15.59262,44.41231,0.009995,1.33841,3.3174,0.64471
104,node_overload,67,0.39571,edge_4,edge_4-edge_0,4,3,edge_4,edge_0,12.2187,50.82714,0.003342,0.7595,1.65143,0.40956
104,normal,-1,0.0,,,-1,-1,edge_0,cloud_0,38.85562,70.01203,0.0009,2.20252,3.08813,0.37846
104,normal,-1,0.0,,,-1,-1,edge_2,cloud_0,38.14513,70.34912,0.000567,2.00294,2.95861,0.36934
104,normal,-1,0.0,,,-1,-1,edge_4,cloud_0,40.82333,68.53243,0.003266,2.47001,3.58771,0.41849
105,normal,-1,0.0,,,-1,-1,access_0,edge_0,9.61115,51.2199,0.004355,0.53945,0.79758,0.39516
105,normal,-1,0.0,,,-1,-1,access_0,edge_1,9.86715,50.87322,0.001022,0.47305,0.84516,0.40787
105,node_overload,68,0.34184,edge_2,access_1-edge_2,1,0,access_1,edge_2,10.54432,50.33084,0.004276,0.63079,1.48843,0.42776
105,normal,-1,0.0,,,-1,-1,access_1,edge_3,10.50055,51.31918,0.001666,0.48609,0.86336,0.39153
105,mixed,83,0.32476,edge_0,edge_0-edge_1,3,2,edge_0,edge_1,14.59073,44.73789,0.011223,1.22263,3.04678,0.63278
105,normal,-1,0.0,,,-1,-1,edge_1,edge_2,10.78298,51.32196,0.0,0.56508,0.88635,0.39142
105,normal,-1,0.0,,,-1,-1,edge_2,edge_3,10.34479,51.74985,0.0,0.60909,0.81626,0.37574
105,link_congestion,73,0.28384,edge_4,edge_3-edge_4,4,3,edge_3,edge_4,14.09807,47.79257,0.010501,0.95713,2.42295,0.5208
105,node_overload,67,0.39571,edge_4,edge_4-edge_0,4,3,edge_4,edge_0,10.9146,49.46991,0.004063,0.76995,1.65437,0.45931
105,normal,-1,0.0,,,-1,-1,edge_0,cloud_0,37.56952,70.32047,0.003275,2.19812,2.92008,0.37012
105,normal,-1,0.0,,,-1,-1,edge_2,cloud_0,39.81224,69.1732,0.003173,2.30293,3.35391,0.40116
105,normal,-1,0.0,,,-1,-1,edge_4,cloud_0,39.86511,69.30657,0.003928,2.19336,3.32816,0.39755
106,normal,-1,0.0,,,-1,-1,access_0,edge_0,11.24512,51.51774,0.002929,0.71453,0.90739,0.38425
106,normal,-1,0.0,,,-1,-1,access_0,edge_1,11.67513,50.82367,0.000595,0.96049,1.00447,0.40969
106,node_overload,68,0.34184,edge_2,access_1-edge_2,1,0,access_1,edge_2,12.09492,48.06913,0.00142,0.9106,2.03822,0.51066
106,normal,-1,0.0,,,-1,-1,access_1,edge_3,9.97254,51.9762,0.00062,0.50198,0.76951,0.36744
106,link_congestion,79,0.30487,edge_0,edge_0-edge_1,2,1,edge_0,edge_1,15.20863,47.56861,0.012894,1.18382,2.65502,0.52901
106,burst,62,0.26497,edge_2,edge_1-edge_2,2,1,edge_1,edge_2,9.79314,51.09635,0.008614,0.55431,1.29171,0.39969
106,normal,-1,0.0,,,-1,-1,edge_2,edge_3,9.77674,52.19726,0.001808,0.46027,0.73776,0.35934
106,link_congestion,73,0.28384,edge_4,edge_3-edge_4,4,3,edge_3,edge_4,12.71097,47.46107,0.010172,0.63886,2.23553,0.53295
106,normal,-1,0.0,,,-1,-1,edge_4,edge_0,9.63926,50.59853,0.002912,0.457,0.84602,0.41794
106,normal,-1,0.0,,,-1,-1,edge_0,cloud_0,37.31426,70.71647,0.002654,2.4465,2.81628,0.3594
106,normal,-1,0.0,,,-1,-1,edge_2,cloud_0,38.51495,69.86895,0.003003,2.56706,3.09237,0.38233
106,normal,-1,0.0,,,-1,-1,edge_4,cloud_0,41.19308,69.61849,0.005233,2.57084,3.36601,0.38911
107,normal,-1,0.0,,,-1,-1,access_0,edge_0,9.21727,50.57152,0.004143,0.61309,0.8109,0.41893
107,normal,-1,0.0,,,-1,-1,access_0,edge_1,10.16261,51.87588,0.0,0.49217,0.79202,0.37112
107,node_overload,68,0.34184,edge_2,access_1-edge_2,1,0,access_1,edge_2,12.05521,49.91667,0.006246,0.89265,1.7621,0.44294
107,normal,-1,0.0,,,-1,-1,access_1,edge_3,11.81115,51.62986,0.001304,0.56226,0.94287,0.38014
107,link_congestion,79,0.30487,edge_0,edge_0-edge_1,2,1,edge_0,edge_1,13.45388,47.86152,0.012063,0.93001,2.30102,0.51827
107,burst,62,0.26497,edge_2,edge_1-edge_2,2,1,edge_1,edge_2,14.77267,43.23632,0.008221,1.00478,3.3531,0.68782
107,normal,-1,0.0,,,-1,-1,edge_2,edge_3,9.48569,52.30201,0.0,0.43535,0.70815,0.3555
107,link_congestion,73,0.28384,edge_4,edge_3-edge_4,4,3,edge_3,edge_4,13.82355,49.16283,0.009289,1.22433,2.14664,0.47057
107,normal,-1,0.0,,,-1,-1,edge_4,edge_0,8.59807,51.82611,0.002707,0.39583,0.67338,0.37294
107,normal,-1,0.0,,,-1,-1,edge_0,cloud_0,39.85456,68.99352,0.002634,2.24497,3.39816,0.40602
107,normal,-1,0.0,,,-1,-1,edge_2,cloud_0,39.33687,69.27479,0.0,2.4778,3.29116,0.39841
107,normal,-1,0.0,,,-1,-1,edge_4,cloud_0,38.20335,69.93367,0.002152,2.50578,3.0533,0.38058
108,normal,-1,0.0,,,-1,-1,access_0,edge_0,8.94747,52.56975,0.000696,0.89715,0.64953,0.34568
108,normal,-1,0.0,,,-1,-1,access_0,edge_1,10.74536,51.77111,0.002219,0.58092,0.84611,0.37496
108,node_overload,68,0.34184,edge_2,access_1-edge_2,1,0,access_1,edge_2,10.44986,50.28155,0.003268,0.66546,1.48133,0.42956
108,normal,-1,0.0,,,-1,-1,access_1,edge_3,9.95514,51.20794,0.004738,0.4739,0.82704,0.3956
108,normal,-1,0.0,,,-1,-1,edge_0,edge_1,10.10999,52.18174,0.002454,0.56642,0.76412,0.35991
108,burst,66,0.39854,edge_2,edge_1-edge_2,2,1,edge_1,edge_2,12.70655,50.29416,0.005075,0.68659,1.79929,0.4291
108,normal,-1,0.0,,,-1,-1,edge_2,edge_3,7.78333,51.46603,0.001949,0.4397,0.63115,0.38614
108,normal,-1,0.0,,,-1,-1,edge_3,edge_4,11.3027,50.96921,0.00134,0.80685,0.95976,0.40435
108,normal,-1,0.0,,,-1,-1,edge_4,edge_0,8.81342,52.1891,0.002065,0.29379,0.66562,0.35964
108,normal,-1,0.0,,,-1,-1,edge_0,cloud_0,37.84838,69.04204,0.001232,2.17402,3.21667,0.40471
108,normal,-1,0.0,,,-1,-1,edge_2,cloud_0,39.12091,69.07815,0.002682,2.25382,3.3168,0.40373
108,normal,-1,0.0,,,-1,-1,edge_4,cloud_0,36.97134,71.10903,0.003098,2.1811,2.70793,0.34878
109,normal,-1,0.0,,,-1,-1,access_0,edge_0,9.49908,52.03934,0.005055,0.05961,0.72836,0.36513
109,node_overload,72,0.39619,edge_1,access_0-edge_1,1,0,access_0,edge_1,12.50419,49.12786,0.00272,1.08637,1.94704,0.47185
109,burst,65,0.31847,edge_2,access_1-edge_2,1,0,access_1,edge_2,8.98216,50.28728,0.004187,0.54564,1.27265,0.42935
109,normal,-1,0.0,,,-1,-1,access_1,edge_3,9.2511,52.91694,0.005098,0.36711,0.64685,0.33296
109,normal,-1,0.0,,,-1,-1,edge_0,edge_1,12.12467,51.37433,0.004584,1.04988,0.99175,0.3895
109,burst,66,0.39854,edge_2,edge_1-edge_2,2,1,edge_1,edge_2,13.30792,45.7415,0.00613,1.0189,2.61734,0.59599
109,normal,-1,0.0,,,-1,-1,edge_2,edge_3,8.76054,51.25607,0.003005,0.33187,0.72455,0.39384
109,normal,-1,0.0,,,-1,-1,edge_3,edge_4,9.24331,52.25463,0.001587,0.31763,0.69343,0.35723
109,normal,-1,0.0,,,-1,-1,edge_4,edge_0,10.40335,51.27832,0.000421,0.55673,0.85864,0.39302
109,normal,-1,0.0,,,-1,-1,edge_0,cloud_0,36.86849,70.18225,0.0,2.15281,2.89454,0.37386
109,normal,-1,0.0,,,-1,-1,edge_2,cloud_0,36.26432,71.07723,0.004833,2.06181,2.6627,0.34964
109,normal,-1,0.0,,,-1,-1,edge_4,cloud_0,37.15798,70.3899,0.002928,1.89799,2.87343,0.36824
110,normal,-1,0.0,,,-1,-1,access_0,edge_0,11.06191,51.87546,0.00159,0.50577,0.86215,0.37113
110,node_overload,72,0.39619,edge_1,access_0-edge_1,1,0,access_0,edge_1,12.93399,47.81312,0.008892,0.64172,2.21967,0.52005
110,burst,65,0.31847,edge_2,access_1-edge_2,1,0,access_1,edge_2,14.76341,43.09511,0.007423,1.13414,3.37622,0.69299
110,normal,-1,0.0,,,-1,-1,access_1,edge_3,11.72802,51.79762,0.001545,0.55811,0.92109,0.37399
110,normal,-1,0.0,,,-1,-1,edge_0,edge_1,9.67312,51.82476,0.003089,0.482,0.75768,0.37299
110,burst,66,0.39854,edge_2,edge_1-edge_2,2,1,edge_1,edge_2,11.56219,45.85163,0.004058,0.99076,2.2586,0.59195
110,normal,-1,0.0,,,-1,-1,edge_2,edge_3,9.45744,51.67165,0.0,0.79454,0.75193,0.37861
110,normal,-1,0.0,,,-1,-1,edge_3,edge_4,9.93689,51.63382,0.002468,0.6841,0.79295,0.37999
110,normal,-1,0.0,,,-1,-1,edge_4,edge_0,10.52163,51.05113,0.003827,0.20821,0.8868,0.40135
110,normal,-1,0.0,,,-1,-1,edge_0,cloud_0,37.145,71.1767,0.002639,2.31933,2.70637,0.34695
110,normal,-1,0.0,,,-1,-1,edge_2,cloud_0,38.73849,70.7562,0.000924,2.22945,2.91503,0.35833
110,normal,-1,0.0,,,-1,-1,edge_4,cloud_0,37.21816,70.71099,0.002828,2.09519,2.81019,0.35955
111,normal,-1,0.0,,,-1,-1,access_0,edge_0,10.60412,51.51178,0.002604,0.57001,0.85615,0.38447
111,node_overload,72,0.39619,edge_1,access_0-edge_1,1,0,access_0,edge_1,11.62204,50.01337,0.006389,0.8517,1.68519,0.43939
111,burst,65,0.31847,edge_2,access_1-edge_2,1,0,access_1,edge_2,12.70226,49.20728,0.005763,0.41277,1.96568,0.46894
111,normal,-1,0.0,,,-1,-1,access_1,edge_3,10.61133,52.36708,0.001046,0.68214,0.78687,0.35311
111,normal,-1,0.0,,,-1,-1,edge_0,edge_1,8.46261,51.88496,7.5e-05,0.51051,0.65894,0.37079
111,burst,66,0.39854,edge_2,edge_1-edge_2,2,1,edge_1,edge_2,11.24378,50.32358,0.003929,0.72533,1.58815,0.42802
111,normal,-1,0.0,,,-1,-1,edge_2,edge_3,9.41862,51.7673,0.00271,0.55577,0.74191,0.3751
111,normal,-1,0.0,,,-1,-1,edge_3,edge_4,8.97488,52.28822,0.001478,0.24007,0.67097,0.356
111,normal,-1,0.0,,,-1,-1,edge_4,edge_0,10.5851,51.42003,0.00285,0.64936,0.86209,0.38783
111,normal,-1,0.0,,,-1,-1,edge_0,cloud_0,37.04227,70.68998,0.001574,2.31289,2.80133,0.36012
111,normal,-1,0.0,,,-1,-1,edge_2,cloud_0,38.77931,70.5173,0.0,2.01398,2.97074,0.36479
111,normal,-1,0.0,,,-1,-1,edge_4,cloud_0,37.45232,70.33061,0.001508,2.377,2.90881,0.36984
112,normal,-1,0.0,,,-1,-1,access_0,edge_0,9.23087,53.4326,0.00103,0.3656,0.60879,0.31405
112,node_overload,72,0.39619,edge_1,access_0-edge_1,1,0,access_0,edge_1,12.51426,51.00388,0.003357,0.62289,1.66462,0.40308
112,normal,-1,0.0,,,-1,-1,access_1,edge_2,9.0039,51.95282,0.001475,0.835,0.69639,0.3683
112,normal,-1,0.0,,,-1,-1,access_1,edge_3,10.63886,51.93333,0.00203,0.86238,0.82443,0.36901
112,normal,-1,0.0,,,-1,-1,edge_0,edge_1,8.63396,51.56149,0.002176,0.4429,0.69378,0.38264
112,node_overload,69,0.35578,edge_1,edge_1-edge_2,2,1,edge_1,edge_2,10.72965,50.7224,0.00344,0.33458,1.46377,0.4134
112,normal,-1,0.0,,,-1,-1,edge_2,edge_3,10.14823,52.55143,0.0,0.51465,0.73813,0.34636
112,link_congestion,77,0.23066,edge_4,edge_3-edge_4,4,3,edge_3,edge_4,11.60819,50.06905,0.005437,0.38212,1.67536,0.43735
112,normal,-1,0.0,,,-1,-1,edge_4,edge_0,8.68034,51.68445,0.002005,0.48445,0.68929,0.37814
112,normal,-1,0.0,,,-1,-1,edge_0,cloud_0,37.566,70.07149,0.002614,1.81225,2.97295,0.37685
112,normal,-1,0.0,,,-1,-1,edge_2,cloud_0,37.54212,70.61714,0.003261,2.16817,2.85466,0.36209
112,normal,-1,0.0,,,-1,-1,edge_4,cloud_0,37.21326,70.28687,0.004988,2.19751,2.89949,0.37103
113,normal,-1,0.0,,,-1,-1,access_0,edge_0,11.23045,52.36088,0.004392,0.49517,0.83332,0.35334
113,node_overload,72,0.39619,edge_1,access_0-edge_1,1,0,access_0,edge_1,10.01634,49.72361,0.003837,0.43084,1.48747,0.45001
113,normal,-1,0.0,,,-1,-1,access_1,edge_2,9.50304,52.14549,0.001413,0.10498,0.7209,0.36124
113,normal,-1,0.0,,,-1,-1,access_1,edge_3,11.5972,52.07011,0.002793,0.75817,0.88649,0.364
113,normal,-1,0.0,,,-1,-1,edge_0,edge_1,9.98454,51.93562,0.0,0.43884,0.77355,0.36893
113,node_overload,69,0.35578,edge_1,edge_1-edge_2,2,1,edge_1,edge_2,11.56899,48.45482,0.003911,1.08136,1.89561,0.49652
113,normal,-1,0.0,,,-1,-1,edge_2,edge_3,9.67852,52.35382,0.002678,0.41815,0.71869,0.3536
113,burst,64,0.33141,edge_4,edge_3-edge_4,4,3,edge_3,edge_4,12.41043,50.39959,0.004526,0.74288,1.74153,0.42523
113,normal,-1,0.0,,,-1,-1,edge_4,edge_0,9.4659,52.11674,0.001687,0.37269,0.72017,0.36229
113,normal,-1,0.0,,,-1,-1,edge_0,cloud_0,37.61478,71.49754,0.004718,2.32128,2.67203,0.33827
113,normal,-1,0.0,,,-1,-1,edge_2,cloud_0,38.00177,69.73961,0.000319,2.07087,3.07909,0.38583
113,normal,-1,0.0,,,-1,-1,edge_4,cloud_0,35.18511,71.45983,0.002159,2.04892,2.50697,0.33929
114,normal,-1,0.0,,,-1,-1,access_0,edge_0,9.58875,51.86346,0.001959,0.86971,0.74822,0.37157
114,normal,-1,0.0,,,-1,-1,access_0,edge_1,9.99667,51.10717,0.00398,0.75987,0.83825,0.3993
114,normal,-1,0.0,,,-1,-1,access_1,edge_2,12.02468,52.36447,0.004481,0.78971,0.89192,0.35321
114,normal,-1,0.0,,,-1,-1,access_1,edge_3,10.52073,51.34586,0.0,0.54411,0.86286,0.39055
114,normal,-1,0.0,,,-1,-1,edge_0,edge_1,8.35006,51.78004,0.004369,0.89056,0.65692,0.37463
114,node_overload,69,0.35578,edge_1,edge_1-edge_2,2,1,edge_1,edge_2,9.62036,49.61125,0.004967,0.52799,1.44174,0.45413
114,normal,-1,0.0,,,-1,-1,edge_2,edge_3,9.68223,51.88901,0.003512,0.99277,0.75361,0.37064
114,burst,64,0.33141,edge_4,edge_3-edge_4,4,3,edge_3,edge_4,14.77587,42.90288,0.010813,1.16567,3.41343,0.70004
114,normal,-1,0.0,,,-1,-1,edge_4,edge_0,8.74218,52.19273,0.0,0.09925,0.66,0.3595
114,normal,-1,0.0,,,-1,-1,edge_0,cloud_0,38.9384,70.05225,0.003993,2.37737,3.08581,0.37737
114,normal,-1,0.0,,,-1,-1,edge_2,cloud_0,37.67009,71.60268,0.00242,2.06441,2.65346,0.33543
114,normal,-1,0.0,,,-1,-1,edge_4,cloud_0,38.22455,69.86256,0.002407,2.59719,3.07044,0.38251
115,normal,-1,0.0,,,-1,-1,access_0,edge_0,9.79179,52.42697,0.002716,0.52554,0.72158,0.35092
115,normal,-1,0.0,,,-1,-1,access_0,edge_1,9.53859,51.39476,0.003714,0.53145,0.77872,0.38876
115,normal,-1,0.0,,,-1,-1,access_1,edge_2,11.2174,52.06155,0.00371,0.64892,0.85819,0.36431
115,normal,-1,0.0,,,-1,-1,access_1,edge_3,8.6933,52.51868,0.001667,0.51269,0.6345,0.34756
115,normal,-1,0.0,,,-1,-1,edge_0,edge_1,9.59065,52.17226,0.001785,0.41472,0.72557,0.36025
115,node_overload,69,0.35578,edge_1,edge_1-edge_2,2,1,edge_1,edge_2,11.76812,50.44479,0.004178,0.76906,1.64496,0.42358
115,normal,-1,0.0,,,-1,-1,edge_2,edge_3,7.89055,51.48717,0.001341,0.65816,0.63856,0.38537
115,burst,64,0.33141,edge_4,edge_3-edge_4,4,3,edge_3,edge_4,12.47041,49.28136,0.005682,0.91504,1.91863,0.46623
115,normal,-1,0.0,,,-1,-1,edge_4,edge_0,8.25607,51.98259,0.0,0.79059,0.63665,0.36721
115,normal,-1,0.0,,,-1,-1,edge_0,cloud_0,38.23969,70.5815,0.0,2.61614,2.91545,0.36305
115,normal,-1,0.0,,,-1,-1,edge_2,cloud_0,37.5889,69.77856,0.00369,2.11477,3.03732,0.38478
115,normal,-1,0.0,,,-1,-1,edge_4,cloud_0,36.45017,69.63151,0.000558,1.98569,2.97576,0.38876
116,normal,-1,0.0,,,-1,-1,access_0,edge_0,9.36807,52.71283,0.002909,0.36233,0.66974,0.34044
116,normal,-1,0.0,,,-1,-1,access_0,edge_1,8.25122,51.54587,0.002232,0.44391,0.66402,0.38322
116,normal,-1,0.0,,,-1,-1,access_1,edge_2,10.15023,51.61402,0.002022,0.33183,0.81152,0.38072
116,normal,-1,0.0,,,-1,-1,access_1,edge_3,9.36812,52.26063,0.002475,0.45942,0.70236,0.35701
116,normal,-1,0.0,,,-1,-1,edge_0,edge_1,10.26331,51.59644,0.00305,0.57564,0.82195,0.38136
116,normal,-1,0.0,,,-1,-1,edge_1,edge_2,10.46212,52.68037,0.0,0.65526,0.75057,0.34163
116,normal,-1,0.0,,,-1,-1,edge_2,edge_3,8.18432,52.14244,0.000928,0.32798,0.62105,0.36135
116,link_congestion,77,0.23066,edge_4,edge_3-edge_4,4,3,edge_3,edge_4,10.74591,47.5083,0.006712,0.44766,1.88379,0.53122
116,normal,-1,0.0,,,-1,-1,edge_4,edge_0,9.83936,51.87925,0.001618,0.70831,0.76658,0.371
116,normal,-1,0.0,,,-1,-1,edge_0,cloud_0,37.56754,70.93245,0.003613,2.38855,2.78929,0.35356
116,normal,-1,0.0,,,-1,-1,edge_2,cloud_0,39.23395,70.20182,0.001285,2.10614,3.07589,0.37333
116,normal,-1,0.0,,,-1,-1,edge_4,cloud_0,38.50157,69.36617,0.0016,2.23871,3.20128,0.39594
117,normal,-1,0.0,,,-1,-1,access_0,edge_0,9.91502,52.08725,0.00039,0.7093,0.75659,0.36337
117,normal,-1,0.0,,,-1,-1,access_0,edge_1,9.96701,51.94851,0.0,0.48924,0.77121,0.36846
117,normal,-1,0.0,,,-1,-1,access_1,edge_2,9.99802,52.77739,0.0016,0.35922,0.70981,0.33807
117,normal,-1,0.0,,,-1,-1,access_1,edge_3,9.92023,51.77732,0.002236,0.86093,0.78066,0.37473
117,normal,-1,0.0,,,-1,-1,edge_0,edge_1,8.96655,52.09547,0.00227,0.65051,0.68365,0.36307
117,normal,-1,0.0,,,-1,-1,edge_1,edge_2,10.17665,51.63124,0.0,1.08568,0.81228,0.38009
117,normal,-1,0.0,,,-1,-1,edge_2,edge_3,9.43504,51.9004,0.000606,0.68526,0.73354,0.37022
117,normal,-1,0.0,,,-1,-1,edge_3,edge_4,9.29513,53.02635,0.00199,0.29363,0.6421,0.32895
117,normal,-1,0.0,,,-1,-1,edge_4,edge_0,10.70111,52.11305,0.0,0.67492,0.81445,0.36242
117,normal,-1,0.0,,,-1,-1,edge_0,cloud_0,36.64764,71.28308,0.0,1.65488,2.64798,0.34407
117,normal,-1,0.0,,,-1,-1,edge_2,cloud_0,37.9293,71.10695,0.002686,1.87854,2.77855,0.34884
117,normal,-1,0.0,,,-1,-1,edge_4,cloud_0,38.00268,70.5324,0.001787,2.16725,2.90798,0.36438
118,normal,-1,0.0,,,-1,-1,access_0,edge_0,9.70625,51.14771,0.001067,0.69563,0.81086,0.39781
118,normal,-1,0.0,,,-1,-1,access_0,edge_1,11.79183,51.25635,0.000481,0.46622,0.97523,0.39383
118,normal,-1,0.0,,,-1,-1,access_1,edge_2,8.45137,51.65717,0.000214,0.46788,0.67289,0.37914
118,normal,-1,0.0,,,-1,-1,access_1,edge_3,8.52083,51.89065,0.003269,0.62756,0.6631,0.37058
118,normal,-1,0.0,,,-1,-1,edge_0,edge_1,9.54258,51.94759,0.002777,0.46911,0.73843,0.36849
118,normal,-1,0.0,,,-1,-1,edge_1,edge_2,10.99198,52.64913,0.001669,0.97273,0.79123,0.34277
118,normal,-1,0.0,,,-1,-1,edge_2,edge_3,11.05713,51.72647,0.002149,0.54521,0.87445,0.3766
118,normal,-1,0.0,,,-1,-1,edge_3,edge_4,10.76882,51.08132,0.002996,0.70992,0.90514,0.40024
118,normal,-1,0.0,,,-1,-1,edge_4,edge_0,8.69618,51.55925,0.0,0.19666,0.69893,0.38273
118,normal,-1,0.0,,,-1,-1,edge_0,cloud_0,38.61597,68.86819,0.003828,2.16928,3.32005,0.40941
118,normal,-1,0.0,,,-1,-1,edge_2,cloud_0,37.30774,70.93464,0.001675,1.93889,2.76954,0.3535
118,normal,-1,0.0,,,-1,-1,edge_4,cloud_0,37.99129,70.67032,0.002585,2.26742,2.87734,0.36065
119,normal,-1,0.0,,,-1,-1,access_0,edge_0,10.21734,51.21927,0.0,0.68115,0.84793,0.39519
119,normal,-1,0.0,,,-1,-1,access_0,edge_1,8.31289,51.49319,0.001049,0.58579,0.67235,0.38515
119,normal,-1,0.0,,,-1,-1,access_1,edge_2,9.52047,51.13607,0.004308,0.45403,0.7962,0.39824
119,normal,-1,0.0,,,-1,-1,access_1,edge_3,11.16872,51.36201,0.003933,0.32422,0.91461,0.38996
119,normal,-1,0.0,,,-1,-1,edge_0,edge_1,11.55927,50.95795,0.000189,0.66734,0.98255,0.40477
119,normal,-1,0.0,,,-1,-1,edge_1,edge_2,11.48353,51.80912,0.003934,0.90902,0.90087,0.37357
119,normal,-1,0.0,,,-1,-1,edge_2,edge_3,7.40673,51.49318,0.001023,0.33141,0.59906,0.38515
119,normal,-1,0.0,,,-1,-1,edge_3,edge_4,10.61972,51.38163,0.002284,0.48142,0.86805,0.38924
119,normal,-1,0.0,,,-1,-1,edge_4,edge_0,8.86748,52.11946,0.002323,0.70577,0.67446,0.36219
119,normal,-1,0.0,,,-1,-1,edge_0,cloud_0,38.69352,70.42529,0.000193,2.28511,2.98439,0.36728
119,normal,-1,0.0,,,-1,-1,edge_2,cloud_0,37.58997,70.01698,0.0,2.36443,2.98648,0.37833
119,normal,-1,0.0,,,-1,-1,edge_4,cloud_0,39.31612,70.1979,0.002876,2.09076,3.08321,0.37343
